$date
	Wed Sep 30 02:06:34 2026
$end
$version
	Icarus Verilog
$end
$timescale
	1s
$end
$scope module tb_comparador_c2_6bit $end
$var wire 1 ! LT $end
$var wire 1 " GT $end
$var wire 1 # EQ $end
$var reg 6 $ A_C2 [5:0] $end
$var reg 6 % B_C2 [5:0] $end
$var integer 32 & ai [31:0] $end
$var integer 32 ' av [31:0] $end
$var integer 32 ( bi [31:0] $end
$var integer 32 ) bv [31:0] $end
$var integer 32 * tested [31:0] $end
$scope function signed_value $end
$upscope $end
$scope module dut $end
$var wire 6 + A_C2 [5:0] $end
$var wire 6 , B_C2 [5:0] $end
$var wire 1 # EQ $end
$var wire 1 - EQBIT_0 $end
$var wire 1 . EQBIT_1 $end
$var wire 1 / EQBIT_2 $end
$var wire 1 0 EQBIT_3 $end
$var wire 1 1 EQBIT_4 $end
$var wire 1 2 EQBIT_5 $end
$var wire 1 3 EQHI_0 $end
$var wire 1 4 EQHI_1 $end
$var wire 1 5 EQHI_2 $end
$var wire 1 6 EQ_ALTERA_SYNTHESIZED $end
$var wire 1 7 EQ_OR_LT $end
$var wire 1 " GT $end
$var wire 1 ! LT $end
$var wire 1 8 LT_ALTERA_SYNTHESIZED $end
$var wire 1 9 NAS $end
$var wire 1 : NA_0 $end
$var wire 1 ; NA_1 $end
$var wire 1 < NA_2 $end
$var wire 1 = NA_3 $end
$var wire 1 > NA_4 $end
$var wire 1 ? NBS $end
$var wire 1 @ NEG_A_LT $end
$var wire 1 A NEG_BOTH $end
$var wire 1 B NEG_LT $end
$var wire 1 C POS_LT $end
$var wire 1 D ULT $end
$var wire 1 E ULT_HIGH $end
$var wire 1 F ULT_LOW $end
$var wire 1 G ULT_TERM_0 $end
$var wire 1 H ULT_TERM_1 $end
$var wire 1 I ULT_TERM_2 $end
$var wire 1 J ULT_TERM_3 $end
$var wire 1 K ULT_TERM_4 $end
$upscope $end
$upscope $end
$enddefinitions $end
$comment Show the parameter values. $end
$dumpall
$end
#0
$dumpvars
0K
0J
0I
0H
0G
0F
0E
0D
0C
0B
0A
0@
1?
1>
1=
1<
1;
1:
19
08
17
16
15
14
13
12
11
10
1/
1.
1-
b0 ,
b0 +
b0 *
bx )
b0 (
bx '
b0 &
b0 %
b0 $
1#
0"
0!
$end
#1
0#
06
1!
18
1C
1D
1E
0-
1G
b1 %
b1 ,
b1 (
b1 *
b0 )
b0 '
#2
03
1-
0.
0G
1H
b10 %
b10 ,
b10 (
b10 *
b1 )
#3
0-
b11 %
b11 ,
b11 (
b11 *
b10 )
#4
1F
04
0E
1-
1.
0/
0H
1I
b100 %
b100 ,
b100 (
b100 *
b11 )
#5
0-
b101 %
b101 ,
b101 (
b101 *
b100 )
#6
1-
0.
b110 %
b110 ,
b110 (
b110 *
b101 )
#7
0-
b111 %
b111 ,
b111 (
b111 *
b110 )
#8
05
1-
1.
1/
00
0I
1J
b1000 %
b1000 ,
b1000 (
b1000 *
b111 )
#9
0-
b1001 %
b1001 ,
b1001 (
b1001 *
b1000 )
#10
1-
0.
b1010 %
b1010 ,
b1010 (
b1010 *
b1001 )
#11
0-
b1011 %
b1011 ,
b1011 (
b1011 *
b1010 )
#12
1-
1.
0/
b1100 %
b1100 ,
b1100 (
b1100 *
b1011 )
#13
0-
b1101 %
b1101 ,
b1101 (
b1101 *
b1100 )
#14
1-
0.
b1110 %
b1110 ,
b1110 (
b1110 *
b1101 )
#15
0-
b1111 %
b1111 ,
b1111 (
b1111 *
b1110 )
#16
1-
1.
1/
10
01
0J
1K
b10000 %
b10000 ,
b10000 (
b10000 *
b1111 )
#17
0-
b10001 %
b10001 ,
b10001 (
b10001 *
b10000 )
#18
1-
0.
b10010 %
b10010 ,
b10010 (
b10010 *
b10001 )
#19
0-
b10011 %
b10011 ,
b10011 (
b10011 *
b10010 )
#20
1-
1.
0/
b10100 %
b10100 ,
b10100 (
b10100 *
b10011 )
#21
0-
b10101 %
b10101 ,
b10101 (
b10101 *
b10100 )
#22
1-
0.
b10110 %
b10110 ,
b10110 (
b10110 *
b10101 )
#23
0-
b10111 %
b10111 ,
b10111 (
b10111 *
b10110 )
#24
1-
1.
1/
00
b11000 %
b11000 ,
b11000 (
b11000 *
b10111 )
#25
0-
b11001 %
b11001 ,
b11001 (
b11001 *
b11000 )
#26
1-
0.
b11010 %
b11010 ,
b11010 (
b11010 *
b11001 )
#27
0-
b11011 %
b11011 ,
b11011 (
b11011 *
b11010 )
#28
1-
1.
0/
b11100 %
b11100 ,
b11100 (
b11100 *
b11011 )
#29
0-
b11101 %
b11101 ,
b11101 (
b11101 *
b11100 )
#30
1-
0.
b11110 %
b11110 ,
b11110 (
b11110 *
b11101 )
#31
0-
b11111 %
b11111 ,
b11111 (
b11111 *
b11110 )
#32
1"
07
0!
08
0C
0D
13
14
15
0F
1-
1.
1/
10
11
02
0?
0K
b100000 %
b100000 ,
b100000 (
b100000 *
b11111 )
#33
1D
1E
0-
1G
b100001 %
b100001 ,
b100001 (
b100001 *
b11111111111111111111111111100000 )
#34
03
1-
0.
0G
1H
b100010 %
b100010 ,
b100010 (
b100010 *
b11111111111111111111111111100001 )
#35
0-
b100011 %
b100011 ,
b100011 (
b100011 *
b11111111111111111111111111100010 )
#36
1F
04
0E
1-
1.
0/
0H
1I
b100100 %
b100100 ,
b100100 (
b100100 *
b11111111111111111111111111100011 )
#37
0-
b100101 %
b100101 ,
b100101 (
b100101 *
b11111111111111111111111111100100 )
#38
1-
0.
b100110 %
b100110 ,
b100110 (
b100110 *
b11111111111111111111111111100101 )
#39
0-
b100111 %
b100111 ,
b100111 (
b100111 *
b11111111111111111111111111100110 )
#40
05
1-
1.
1/
00
0I
1J
b101000 %
b101000 ,
b101000 (
b101000 *
b11111111111111111111111111100111 )
#41
0-
b101001 %
b101001 ,
b101001 (
b101001 *
b11111111111111111111111111101000 )
#42
1-
0.
b101010 %
b101010 ,
b101010 (
b101010 *
b11111111111111111111111111101001 )
#43
0-
b101011 %
b101011 ,
b101011 (
b101011 *
b11111111111111111111111111101010 )
#44
1-
1.
0/
b101100 %
b101100 ,
b101100 (
b101100 *
b11111111111111111111111111101011 )
#45
0-
b101101 %
b101101 ,
b101101 (
b101101 *
b11111111111111111111111111101100 )
#46
1-
0.
b101110 %
b101110 ,
b101110 (
b101110 *
b11111111111111111111111111101101 )
#47
0-
b101111 %
b101111 ,
b101111 (
b101111 *
b11111111111111111111111111101110 )
#48
1-
1.
1/
10
01
0J
1K
b110000 %
b110000 ,
b110000 (
b110000 *
b11111111111111111111111111101111 )
#49
0-
b110001 %
b110001 ,
b110001 (
b110001 *
b11111111111111111111111111110000 )
#50
1-
0.
b110010 %
b110010 ,
b110010 (
b110010 *
b11111111111111111111111111110001 )
#51
0-
b110011 %
b110011 ,
b110011 (
b110011 *
b11111111111111111111111111110010 )
#52
1-
1.
0/
b110100 %
b110100 ,
b110100 (
b110100 *
b11111111111111111111111111110011 )
#53
0-
b110101 %
b110101 ,
b110101 (
b110101 *
b11111111111111111111111111110100 )
#54
1-
0.
b110110 %
b110110 ,
b110110 (
b110110 *
b11111111111111111111111111110101 )
#55
0-
b110111 %
b110111 ,
b110111 (
b110111 *
b11111111111111111111111111110110 )
#56
1-
1.
1/
00
b111000 %
b111000 ,
b111000 (
b111000 *
b11111111111111111111111111110111 )
#57
0-
b111001 %
b111001 ,
b111001 (
b111001 *
b11111111111111111111111111111000 )
#58
1-
0.
b111010 %
b111010 ,
b111010 (
b111010 *
b11111111111111111111111111111001 )
#59
0-
b111011 %
b111011 ,
b111011 (
b111011 *
b11111111111111111111111111111010 )
#60
1-
1.
0/
b111100 %
b111100 ,
b111100 (
b111100 *
b11111111111111111111111111111011 )
#61
0-
b111101 %
b111101 ,
b111101 (
b111101 *
b11111111111111111111111111111100 )
#62
1-
0.
b111110 %
b111110 ,
b111110 (
b111110 *
b11111111111111111111111111111101 )
#63
0-
b111111 %
b111111 ,
b111111 (
b111111 *
b11111111111111111111111111111110 )
#64
0D
13
14
15
0F
1.
1/
10
11
12
1?
0K
0:
b0 %
b0 ,
b1 $
b1 +
b1 &
b0 (
b1000000 *
b11111111111111111111111111111111 )
#65
0"
17
1#
16
1-
b1 %
b1 ,
b1 (
b1000001 *
b0 )
b1 '
#66
1!
18
0#
06
1C
1D
03
1E
0-
0.
1H
b10 %
b10 ,
b10 (
b1000010 *
b1 )
#67
1-
b11 %
b11 ,
b11 (
b1000011 *
b10 )
#68
1F
04
0E
0-
1.
0/
0H
1I
b100 %
b100 ,
b100 (
b1000100 *
b11 )
#69
1-
b101 %
b101 ,
b101 (
b1000101 *
b100 )
#70
0-
0.
b110 %
b110 ,
b110 (
b1000110 *
b101 )
#71
1-
b111 %
b111 ,
b111 (
b1000111 *
b110 )
#72
05
0-
1.
1/
00
0I
1J
b1000 %
b1000 ,
b1000 (
b1001000 *
b111 )
#73
1-
b1001 %
b1001 ,
b1001 (
b1001001 *
b1000 )
#74
0-
0.
b1010 %
b1010 ,
b1010 (
b1001010 *
b1001 )
#75
1-
b1011 %
b1011 ,
b1011 (
b1001011 *
b1010 )
#76
0-
1.
0/
b1100 %
b1100 ,
b1100 (
b1001100 *
b1011 )
#77
1-
b1101 %
b1101 ,
b1101 (
b1001101 *
b1100 )
#78
0-
0.
b1110 %
b1110 ,
b1110 (
b1001110 *
b1101 )
#79
1-
b1111 %
b1111 ,
b1111 (
b1001111 *
b1110 )
#80
0-
1.
1/
10
01
0J
1K
b10000 %
b10000 ,
b10000 (
b1010000 *
b1111 )
#81
1-
b10001 %
b10001 ,
b10001 (
b1010001 *
b10000 )
#82
0-
0.
b10010 %
b10010 ,
b10010 (
b1010010 *
b10001 )
#83
1-
b10011 %
b10011 ,
b10011 (
b1010011 *
b10010 )
#84
0-
1.
0/
b10100 %
b10100 ,
b10100 (
b1010100 *
b10011 )
#85
1-
b10101 %
b10101 ,
b10101 (
b1010101 *
b10100 )
#86
0-
0.
b10110 %
b10110 ,
b10110 (
b1010110 *
b10101 )
#87
1-
b10111 %
b10111 ,
b10111 (
b1010111 *
b10110 )
#88
0-
1.
1/
00
b11000 %
b11000 ,
b11000 (
b1011000 *
b10111 )
#89
1-
b11001 %
b11001 ,
b11001 (
b1011001 *
b11000 )
#90
0-
0.
b11010 %
b11010 ,
b11010 (
b1011010 *
b11001 )
#91
1-
b11011 %
b11011 ,
b11011 (
b1011011 *
b11010 )
#92
0-
1.
0/
b11100 %
b11100 ,
b11100 (
b1011100 *
b11011 )
#93
1-
b11101 %
b11101 ,
b11101 (
b1011101 *
b11100 )
#94
0-
0.
b11110 %
b11110 ,
b11110 (
b1011110 *
b11101 )
#95
1-
b11111 %
b11111 ,
b11111 (
b1011111 *
b11110 )
#96
1"
07
0!
08
0C
0D
13
14
15
0F
0-
1.
1/
10
11
02
0?
0K
b100000 %
b100000 ,
b100000 (
b1100000 *
b11111 )
#97
1-
b100001 %
b100001 ,
b100001 (
b1100001 *
b11111111111111111111111111100000 )
#98
1D
03
1E
0-
0.
1H
b100010 %
b100010 ,
b100010 (
b1100010 *
b11111111111111111111111111100001 )
#99
1-
b100011 %
b100011 ,
b100011 (
b1100011 *
b11111111111111111111111111100010 )
#100
1F
04
0E
0-
1.
0/
0H
1I
b100100 %
b100100 ,
b100100 (
b1100100 *
b11111111111111111111111111100011 )
#101
1-
b100101 %
b100101 ,
b100101 (
b1100101 *
b11111111111111111111111111100100 )
#102
0-
0.
b100110 %
b100110 ,
b100110 (
b1100110 *
b11111111111111111111111111100101 )
#103
1-
b100111 %
b100111 ,
b100111 (
b1100111 *
b11111111111111111111111111100110 )
#104
05
0-
1.
1/
00
0I
1J
b101000 %
b101000 ,
b101000 (
b1101000 *
b11111111111111111111111111100111 )
#105
1-
b101001 %
b101001 ,
b101001 (
b1101001 *
b11111111111111111111111111101000 )
#106
0-
0.
b101010 %
b101010 ,
b101010 (
b1101010 *
b11111111111111111111111111101001 )
#107
1-
b101011 %
b101011 ,
b101011 (
b1101011 *
b11111111111111111111111111101010 )
#108
0-
1.
0/
b101100 %
b101100 ,
b101100 (
b1101100 *
b11111111111111111111111111101011 )
#109
1-
b101101 %
b101101 ,
b101101 (
b1101101 *
b11111111111111111111111111101100 )
#110
0-
0.
b101110 %
b101110 ,
b101110 (
b1101110 *
b11111111111111111111111111101101 )
#111
1-
b101111 %
b101111 ,
b101111 (
b1101111 *
b11111111111111111111111111101110 )
#112
0-
1.
1/
10
01
0J
1K
b110000 %
b110000 ,
b110000 (
b1110000 *
b11111111111111111111111111101111 )
#113
1-
b110001 %
b110001 ,
b110001 (
b1110001 *
b11111111111111111111111111110000 )
#114
0-
0.
b110010 %
b110010 ,
b110010 (
b1110010 *
b11111111111111111111111111110001 )
#115
1-
b110011 %
b110011 ,
b110011 (
b1110011 *
b11111111111111111111111111110010 )
#116
0-
1.
0/
b110100 %
b110100 ,
b110100 (
b1110100 *
b11111111111111111111111111110011 )
#117
1-
b110101 %
b110101 ,
b110101 (
b1110101 *
b11111111111111111111111111110100 )
#118
0-
0.
b110110 %
b110110 ,
b110110 (
b1110110 *
b11111111111111111111111111110101 )
#119
1-
b110111 %
b110111 ,
b110111 (
b1110111 *
b11111111111111111111111111110110 )
#120
0-
1.
1/
00
b111000 %
b111000 ,
b111000 (
b1111000 *
b11111111111111111111111111110111 )
#121
1-
b111001 %
b111001 ,
b111001 (
b1111001 *
b11111111111111111111111111111000 )
#122
0-
0.
b111010 %
b111010 ,
b111010 (
b1111010 *
b11111111111111111111111111111001 )
#123
1-
b111011 %
b111011 ,
b111011 (
b1111011 *
b11111111111111111111111111111010 )
#124
0-
1.
0/
b111100 %
b111100 ,
b111100 (
b1111100 *
b11111111111111111111111111111011 )
#125
1-
b111101 %
b111101 ,
b111101 (
b1111101 *
b11111111111111111111111111111100 )
#126
0-
0.
b111110 %
b111110 ,
b111110 (
b1111110 *
b11111111111111111111111111111101 )
#127
1-
b111111 %
b111111 ,
b111111 (
b1111111 *
b11111111111111111111111111111110 )
#128
0D
14
15
0F
1/
10
11
12
1?
0K
1:
0;
b0 %
b0 ,
b10 $
b10 +
b10 &
b0 (
b10000000 *
b11111111111111111111111111111111 )
#129
0-
b1 %
b1 ,
b1 (
b10000001 *
b0 )
b10 '
#130
0"
17
1#
16
13
1-
1.
b10 %
b10 ,
b10 (
b10000010 *
b1 )
#131
0#
06
1!
18
1C
1D
1E
0-
1G
b11 %
b11 ,
b11 (
b10000011 *
b10 )
#132
1F
03
04
0E
1-
0.
0/
0G
1I
b100 %
b100 ,
b100 (
b10000100 *
b11 )
#133
0-
b101 %
b101 ,
b101 (
b10000101 *
b100 )
#134
1-
1.
b110 %
b110 ,
b110 (
b10000110 *
b101 )
#135
0-
b111 %
b111 ,
b111 (
b10000111 *
b110 )
#136
05
1-
0.
1/
00
0I
1J
b1000 %
b1000 ,
b1000 (
b10001000 *
b111 )
#137
0-
b1001 %
b1001 ,
b1001 (
b10001001 *
b1000 )
#138
1-
1.
b1010 %
b1010 ,
b1010 (
b10001010 *
b1001 )
#139
0-
b1011 %
b1011 ,
b1011 (
b10001011 *
b1010 )
#140
1-
0.
0/
b1100 %
b1100 ,
b1100 (
b10001100 *
b1011 )
#141
0-
b1101 %
b1101 ,
b1101 (
b10001101 *
b1100 )
#142
1-
1.
b1110 %
b1110 ,
b1110 (
b10001110 *
b1101 )
#143
0-
b1111 %
b1111 ,
b1111 (
b10001111 *
b1110 )
#144
1-
0.
1/
10
01
0J
1K
b10000 %
b10000 ,
b10000 (
b10010000 *
b1111 )
#145
0-
b10001 %
b10001 ,
b10001 (
b10010001 *
b10000 )
#146
1-
1.
b10010 %
b10010 ,
b10010 (
b10010010 *
b10001 )
#147
0-
b10011 %
b10011 ,
b10011 (
b10010011 *
b10010 )
#148
1-
0.
0/
b10100 %
b10100 ,
b10100 (
b10010100 *
b10011 )
#149
0-
b10101 %
b10101 ,
b10101 (
b10010101 *
b10100 )
#150
1-
1.
b10110 %
b10110 ,
b10110 (
b10010110 *
b10101 )
#151
0-
b10111 %
b10111 ,
b10111 (
b10010111 *
b10110 )
#152
1-
0.
1/
00
b11000 %
b11000 ,
b11000 (
b10011000 *
b10111 )
#153
0-
b11001 %
b11001 ,
b11001 (
b10011001 *
b11000 )
#154
1-
1.
b11010 %
b11010 ,
b11010 (
b10011010 *
b11001 )
#155
0-
b11011 %
b11011 ,
b11011 (
b10011011 *
b11010 )
#156
1-
0.
0/
b11100 %
b11100 ,
b11100 (
b10011100 *
b11011 )
#157
0-
b11101 %
b11101 ,
b11101 (
b10011101 *
b11100 )
#158
1-
1.
b11110 %
b11110 ,
b11110 (
b10011110 *
b11101 )
#159
0-
b11111 %
b11111 ,
b11111 (
b10011111 *
b11110 )
#160
1"
07
0!
08
0C
0D
14
15
0F
1-
0.
1/
10
11
02
0?
0K
b100000 %
b100000 ,
b100000 (
b10100000 *
b11111 )
#161
0-
b100001 %
b100001 ,
b100001 (
b10100001 *
b11111111111111111111111111100000 )
#162
13
1-
1.
b100010 %
b100010 ,
b100010 (
b10100010 *
b11111111111111111111111111100001 )
#163
1D
1E
0-
1G
b100011 %
b100011 ,
b100011 (
b10100011 *
b11111111111111111111111111100010 )
#164
1F
03
04
0E
1-
0.
0/
0G
1I
b100100 %
b100100 ,
b100100 (
b10100100 *
b11111111111111111111111111100011 )
#165
0-
b100101 %
b100101 ,
b100101 (
b10100101 *
b11111111111111111111111111100100 )
#166
1-
1.
b100110 %
b100110 ,
b100110 (
b10100110 *
b11111111111111111111111111100101 )
#167
0-
b100111 %
b100111 ,
b100111 (
b10100111 *
b11111111111111111111111111100110 )
#168
05
1-
0.
1/
00
0I
1J
b101000 %
b101000 ,
b101000 (
b10101000 *
b11111111111111111111111111100111 )
#169
0-
b101001 %
b101001 ,
b101001 (
b10101001 *
b11111111111111111111111111101000 )
#170
1-
1.
b101010 %
b101010 ,
b101010 (
b10101010 *
b11111111111111111111111111101001 )
#171
0-
b101011 %
b101011 ,
b101011 (
b10101011 *
b11111111111111111111111111101010 )
#172
1-
0.
0/
b101100 %
b101100 ,
b101100 (
b10101100 *
b11111111111111111111111111101011 )
#173
0-
b101101 %
b101101 ,
b101101 (
b10101101 *
b11111111111111111111111111101100 )
#174
1-
1.
b101110 %
b101110 ,
b101110 (
b10101110 *
b11111111111111111111111111101101 )
#175
0-
b101111 %
b101111 ,
b101111 (
b10101111 *
b11111111111111111111111111101110 )
#176
1-
0.
1/
10
01
0J
1K
b110000 %
b110000 ,
b110000 (
b10110000 *
b11111111111111111111111111101111 )
#177
0-
b110001 %
b110001 ,
b110001 (
b10110001 *
b11111111111111111111111111110000 )
#178
1-
1.
b110010 %
b110010 ,
b110010 (
b10110010 *
b11111111111111111111111111110001 )
#179
0-
b110011 %
b110011 ,
b110011 (
b10110011 *
b11111111111111111111111111110010 )
#180
1-
0.
0/
b110100 %
b110100 ,
b110100 (
b10110100 *
b11111111111111111111111111110011 )
#181
0-
b110101 %
b110101 ,
b110101 (
b10110101 *
b11111111111111111111111111110100 )
#182
1-
1.
b110110 %
b110110 ,
b110110 (
b10110110 *
b11111111111111111111111111110101 )
#183
0-
b110111 %
b110111 ,
b110111 (
b10110111 *
b11111111111111111111111111110110 )
#184
1-
0.
1/
00
b111000 %
b111000 ,
b111000 (
b10111000 *
b11111111111111111111111111110111 )
#185
0-
b111001 %
b111001 ,
b111001 (
b10111001 *
b11111111111111111111111111111000 )
#186
1-
1.
b111010 %
b111010 ,
b111010 (
b10111010 *
b11111111111111111111111111111001 )
#187
0-
b111011 %
b111011 ,
b111011 (
b10111011 *
b11111111111111111111111111111010 )
#188
1-
0.
0/
b111100 %
b111100 ,
b111100 (
b10111100 *
b11111111111111111111111111111011 )
#189
0-
b111101 %
b111101 ,
b111101 (
b10111101 *
b11111111111111111111111111111100 )
#190
1-
1.
b111110 %
b111110 ,
b111110 (
b10111110 *
b11111111111111111111111111111101 )
#191
0-
b111111 %
b111111 ,
b111111 (
b10111111 *
b11111111111111111111111111111110 )
#192
0D
14
15
0F
0.
1/
10
11
12
1?
0K
0:
b0 %
b0 ,
b11 $
b11 +
b11 &
b0 (
b11000000 *
b11111111111111111111111111111111 )
#193
1-
b1 %
b1 ,
b1 (
b11000001 *
b0 )
b11 '
#194
1"
07
0#
06
13
0-
1.
b10 %
b10 ,
b10 (
b11000010 *
b1 )
#195
0"
17
1#
16
1-
b11 %
b11 ,
b11 (
b11000011 *
b10 )
#196
0"
1!
18
17
0#
06
1C
1D
1F
03
04
0-
0.
0/
1I
b100 %
b100 ,
b100 (
b11000100 *
b11 )
#197
1-
b101 %
b101 ,
b101 (
b11000101 *
b100 )
#198
0-
1.
b110 %
b110 ,
b110 (
b11000110 *
b101 )
#199
1-
b111 %
b111 ,
b111 (
b11000111 *
b110 )
#200
05
0-
0.
1/
00
0I
1J
b1000 %
b1000 ,
b1000 (
b11001000 *
b111 )
#201
1-
b1001 %
b1001 ,
b1001 (
b11001001 *
b1000 )
#202
0-
1.
b1010 %
b1010 ,
b1010 (
b11001010 *
b1001 )
#203
1-
b1011 %
b1011 ,
b1011 (
b11001011 *
b1010 )
#204
0-
0.
0/
b1100 %
b1100 ,
b1100 (
b11001100 *
b1011 )
#205
1-
b1101 %
b1101 ,
b1101 (
b11001101 *
b1100 )
#206
0-
1.
b1110 %
b1110 ,
b1110 (
b11001110 *
b1101 )
#207
1-
b1111 %
b1111 ,
b1111 (
b11001111 *
b1110 )
#208
0-
0.
1/
10
01
0J
1K
b10000 %
b10000 ,
b10000 (
b11010000 *
b1111 )
#209
1-
b10001 %
b10001 ,
b10001 (
b11010001 *
b10000 )
#210
0-
1.
b10010 %
b10010 ,
b10010 (
b11010010 *
b10001 )
#211
1-
b10011 %
b10011 ,
b10011 (
b11010011 *
b10010 )
#212
0-
0.
0/
b10100 %
b10100 ,
b10100 (
b11010100 *
b10011 )
#213
1-
b10101 %
b10101 ,
b10101 (
b11010101 *
b10100 )
#214
0-
1.
b10110 %
b10110 ,
b10110 (
b11010110 *
b10101 )
#215
1-
b10111 %
b10111 ,
b10111 (
b11010111 *
b10110 )
#216
0-
0.
1/
00
b11000 %
b11000 ,
b11000 (
b11011000 *
b10111 )
#217
1-
b11001 %
b11001 ,
b11001 (
b11011001 *
b11000 )
#218
0-
1.
b11010 %
b11010 ,
b11010 (
b11011010 *
b11001 )
#219
1-
b11011 %
b11011 ,
b11011 (
b11011011 *
b11010 )
#220
0-
0.
0/
b11100 %
b11100 ,
b11100 (
b11011100 *
b11011 )
#221
1-
b11101 %
b11101 ,
b11101 (
b11011101 *
b11100 )
#222
0-
1.
b11110 %
b11110 ,
b11110 (
b11011110 *
b11101 )
#223
1-
b11111 %
b11111 ,
b11111 (
b11011111 *
b11110 )
#224
1"
07
0!
08
0C
0D
14
15
0F
0-
0.
1/
10
11
02
0?
0K
b100000 %
b100000 ,
b100000 (
b11100000 *
b11111 )
#225
1-
b100001 %
b100001 ,
b100001 (
b11100001 *
b11111111111111111111111111100000 )
#226
13
0-
1.
b100010 %
b100010 ,
b100010 (
b11100010 *
b11111111111111111111111111100001 )
#227
1-
b100011 %
b100011 ,
b100011 (
b11100011 *
b11111111111111111111111111100010 )
#228
1D
1F
03
04
0-
0.
0/
1I
b100100 %
b100100 ,
b100100 (
b11100100 *
b11111111111111111111111111100011 )
#229
1-
b100101 %
b100101 ,
b100101 (
b11100101 *
b11111111111111111111111111100100 )
#230
0-
1.
b100110 %
b100110 ,
b100110 (
b11100110 *
b11111111111111111111111111100101 )
#231
1-
b100111 %
b100111 ,
b100111 (
b11100111 *
b11111111111111111111111111100110 )
#232
05
0-
0.
1/
00
0I
1J
b101000 %
b101000 ,
b101000 (
b11101000 *
b11111111111111111111111111100111 )
#233
1-
b101001 %
b101001 ,
b101001 (
b11101001 *
b11111111111111111111111111101000 )
#234
0-
1.
b101010 %
b101010 ,
b101010 (
b11101010 *
b11111111111111111111111111101001 )
#235
1-
b101011 %
b101011 ,
b101011 (
b11101011 *
b11111111111111111111111111101010 )
#236
0-
0.
0/
b101100 %
b101100 ,
b101100 (
b11101100 *
b11111111111111111111111111101011 )
#237
1-
b101101 %
b101101 ,
b101101 (
b11101101 *
b11111111111111111111111111101100 )
#238
0-
1.
b101110 %
b101110 ,
b101110 (
b11101110 *
b11111111111111111111111111101101 )
#239
1-
b101111 %
b101111 ,
b101111 (
b11101111 *
b11111111111111111111111111101110 )
#240
0-
0.
1/
10
01
0J
1K
b110000 %
b110000 ,
b110000 (
b11110000 *
b11111111111111111111111111101111 )
#241
1-
b110001 %
b110001 ,
b110001 (
b11110001 *
b11111111111111111111111111110000 )
#242
0-
1.
b110010 %
b110010 ,
b110010 (
b11110010 *
b11111111111111111111111111110001 )
#243
1-
b110011 %
b110011 ,
b110011 (
b11110011 *
b11111111111111111111111111110010 )
#244
0-
0.
0/
b110100 %
b110100 ,
b110100 (
b11110100 *
b11111111111111111111111111110011 )
#245
1-
b110101 %
b110101 ,
b110101 (
b11110101 *
b11111111111111111111111111110100 )
#246
0-
1.
b110110 %
b110110 ,
b110110 (
b11110110 *
b11111111111111111111111111110101 )
#247
1-
b110111 %
b110111 ,
b110111 (
b11110111 *
b11111111111111111111111111110110 )
#248
0-
0.
1/
00
b111000 %
b111000 ,
b111000 (
b11111000 *
b11111111111111111111111111110111 )
#249
1-
b111001 %
b111001 ,
b111001 (
b11111001 *
b11111111111111111111111111111000 )
#250
0-
1.
b111010 %
b111010 ,
b111010 (
b11111010 *
b11111111111111111111111111111001 )
#251
1-
b111011 %
b111011 ,
b111011 (
b11111011 *
b11111111111111111111111111111010 )
#252
0-
0.
0/
b111100 %
b111100 ,
b111100 (
b11111100 *
b11111111111111111111111111111011 )
#253
1-
b111101 %
b111101 ,
b111101 (
b11111101 *
b11111111111111111111111111111100 )
#254
0-
1.
b111110 %
b111110 ,
b111110 (
b11111110 *
b11111111111111111111111111111101 )
#255
1-
b111111 %
b111111 ,
b111111 (
b11111111 *
b11111111111111111111111111111110 )
#256
0D
15
0F
10
11
12
1?
0K
1:
1;
0<
b0 %
b0 ,
b100 $
b100 +
b100 &
b0 (
b100000000 *
b11111111111111111111111111111111 )
#257
0-
b1 %
b1 ,
b1 (
b100000001 *
b0 )
b100 '
#258
1-
0.
b10 %
b10 ,
b10 (
b100000010 *
b1 )
#259
0-
b11 %
b11 ,
b11 (
b100000011 *
b10 )
#260
0"
17
1#
16
13
14
1-
1.
1/
b100 %
b100 ,
b100 (
b100000100 *
b11 )
#261
0#
06
1!
18
1C
1D
1E
0-
1G
b101 %
b101 ,
b101 (
b100000101 *
b100 )
#262
03
1-
0.
0G
1H
b110 %
b110 ,
b110 (
b100000110 *
b101 )
#263
0-
b111 %
b111 ,
b111 (
b100000111 *
b110 )
#264
1F
04
05
0E
1-
1.
0/
00
0H
1J
b1000 %
b1000 ,
b1000 (
b100001000 *
b111 )
#265
0-
b1001 %
b1001 ,
b1001 (
b100001001 *
b1000 )
#266
1-
0.
b1010 %
b1010 ,
b1010 (
b100001010 *
b1001 )
#267
0-
b1011 %
b1011 ,
b1011 (
b100001011 *
b1010 )
#268
1-
1.
1/
b1100 %
b1100 ,
b1100 (
b100001100 *
b1011 )
#269
0-
b1101 %
b1101 ,
b1101 (
b100001101 *
b1100 )
#270
1-
0.
b1110 %
b1110 ,
b1110 (
b100001110 *
b1101 )
#271
0-
b1111 %
b1111 ,
b1111 (
b100001111 *
b1110 )
#272
1-
1.
0/
10
01
0J
1K
b10000 %
b10000 ,
b10000 (
b100010000 *
b1111 )
#273
0-
b10001 %
b10001 ,
b10001 (
b100010001 *
b10000 )
#274
1-
0.
b10010 %
b10010 ,
b10010 (
b100010010 *
b10001 )
#275
0-
b10011 %
b10011 ,
b10011 (
b100010011 *
b10010 )
#276
1-
1.
1/
b10100 %
b10100 ,
b10100 (
b100010100 *
b10011 )
#277
0-
b10101 %
b10101 ,
b10101 (
b100010101 *
b10100 )
#278
1-
0.
b10110 %
b10110 ,
b10110 (
b100010110 *
b10101 )
#279
0-
b10111 %
b10111 ,
b10111 (
b100010111 *
b10110 )
#280
1-
1.
0/
00
b11000 %
b11000 ,
b11000 (
b100011000 *
b10111 )
#281
0-
b11001 %
b11001 ,
b11001 (
b100011001 *
b11000 )
#282
1-
0.
b11010 %
b11010 ,
b11010 (
b100011010 *
b11001 )
#283
0-
b11011 %
b11011 ,
b11011 (
b100011011 *
b11010 )
#284
1-
1.
1/
b11100 %
b11100 ,
b11100 (
b100011100 *
b11011 )
#285
0-
b11101 %
b11101 ,
b11101 (
b100011101 *
b11100 )
#286
1-
0.
b11110 %
b11110 ,
b11110 (
b100011110 *
b11101 )
#287
0-
b11111 %
b11111 ,
b11111 (
b100011111 *
b11110 )
#288
1"
07
0!
08
0C
0D
15
0F
1-
1.
0/
10
11
02
0?
0K
b100000 %
b100000 ,
b100000 (
b100100000 *
b11111 )
#289
0-
b100001 %
b100001 ,
b100001 (
b100100001 *
b11111111111111111111111111100000 )
#290
1-
0.
b100010 %
b100010 ,
b100010 (
b100100010 *
b11111111111111111111111111100001 )
#291
0-
b100011 %
b100011 ,
b100011 (
b100100011 *
b11111111111111111111111111100010 )
#292
13
14
1-
1.
1/
b100100 %
b100100 ,
b100100 (
b100100100 *
b11111111111111111111111111100011 )
#293
1D
1E
0-
1G
b100101 %
b100101 ,
b100101 (
b100100101 *
b11111111111111111111111111100100 )
#294
03
1-
0.
0G
1H
b100110 %
b100110 ,
b100110 (
b100100110 *
b11111111111111111111111111100101 )
#295
0-
b100111 %
b100111 ,
b100111 (
b100100111 *
b11111111111111111111111111100110 )
#296
1F
04
05
0E
1-
1.
0/
00
0H
1J
b101000 %
b101000 ,
b101000 (
b100101000 *
b11111111111111111111111111100111 )
#297
0-
b101001 %
b101001 ,
b101001 (
b100101001 *
b11111111111111111111111111101000 )
#298
1-
0.
b101010 %
b101010 ,
b101010 (
b100101010 *
b11111111111111111111111111101001 )
#299
0-
b101011 %
b101011 ,
b101011 (
b100101011 *
b11111111111111111111111111101010 )
#300
1-
1.
1/
b101100 %
b101100 ,
b101100 (
b100101100 *
b11111111111111111111111111101011 )
#301
0-
b101101 %
b101101 ,
b101101 (
b100101101 *
b11111111111111111111111111101100 )
#302
1-
0.
b101110 %
b101110 ,
b101110 (
b100101110 *
b11111111111111111111111111101101 )
#303
0-
b101111 %
b101111 ,
b101111 (
b100101111 *
b11111111111111111111111111101110 )
#304
1-
1.
0/
10
01
0J
1K
b110000 %
b110000 ,
b110000 (
b100110000 *
b11111111111111111111111111101111 )
#305
0-
b110001 %
b110001 ,
b110001 (
b100110001 *
b11111111111111111111111111110000 )
#306
1-
0.
b110010 %
b110010 ,
b110010 (
b100110010 *
b11111111111111111111111111110001 )
#307
0-
b110011 %
b110011 ,
b110011 (
b100110011 *
b11111111111111111111111111110010 )
#308
1-
1.
1/
b110100 %
b110100 ,
b110100 (
b100110100 *
b11111111111111111111111111110011 )
#309
0-
b110101 %
b110101 ,
b110101 (
b100110101 *
b11111111111111111111111111110100 )
#310
1-
0.
b110110 %
b110110 ,
b110110 (
b100110110 *
b11111111111111111111111111110101 )
#311
0-
b110111 %
b110111 ,
b110111 (
b100110111 *
b11111111111111111111111111110110 )
#312
1-
1.
0/
00
b111000 %
b111000 ,
b111000 (
b100111000 *
b11111111111111111111111111110111 )
#313
0-
b111001 %
b111001 ,
b111001 (
b100111001 *
b11111111111111111111111111111000 )
#314
1-
0.
b111010 %
b111010 ,
b111010 (
b100111010 *
b11111111111111111111111111111001 )
#315
0-
b111011 %
b111011 ,
b111011 (
b100111011 *
b11111111111111111111111111111010 )
#316
1-
1.
1/
b111100 %
b111100 ,
b111100 (
b100111100 *
b11111111111111111111111111111011 )
#317
0-
b111101 %
b111101 ,
b111101 (
b100111101 *
b11111111111111111111111111111100 )
#318
1-
0.
b111110 %
b111110 ,
b111110 (
b100111110 *
b11111111111111111111111111111101 )
#319
0-
b111111 %
b111111 ,
b111111 (
b100111111 *
b11111111111111111111111111111110 )
#320
0D
15
0F
1.
0/
10
11
12
1?
0K
0:
b0 %
b0 ,
b101 $
b101 +
b101 &
b0 (
b101000000 *
b11111111111111111111111111111111 )
#321
1-
b1 %
b1 ,
b1 (
b101000001 *
b0 )
b101 '
#322
0-
0.
b10 %
b10 ,
b10 (
b101000010 *
b1 )
#323
1-
b11 %
b11 ,
b11 (
b101000011 *
b10 )
#324
13
14
0-
1.
1/
b100 %
b100 ,
b100 (
b101000100 *
b11 )
#325
0"
17
1#
16
1-
b101 %
b101 ,
b101 (
b101000101 *
b100 )
#326
1!
18
0#
06
1C
1D
03
1E
0-
0.
1H
b110 %
b110 ,
b110 (
b101000110 *
b101 )
#327
1-
b111 %
b111 ,
b111 (
b101000111 *
b110 )
#328
1F
04
05
0E
0-
1.
0/
00
0H
1J
b1000 %
b1000 ,
b1000 (
b101001000 *
b111 )
#329
1-
b1001 %
b1001 ,
b1001 (
b101001001 *
b1000 )
#330
0-
0.
b1010 %
b1010 ,
b1010 (
b101001010 *
b1001 )
#331
1-
b1011 %
b1011 ,
b1011 (
b101001011 *
b1010 )
#332
0-
1.
1/
b1100 %
b1100 ,
b1100 (
b101001100 *
b1011 )
#333
1-
b1101 %
b1101 ,
b1101 (
b101001101 *
b1100 )
#334
0-
0.
b1110 %
b1110 ,
b1110 (
b101001110 *
b1101 )
#335
1-
b1111 %
b1111 ,
b1111 (
b101001111 *
b1110 )
#336
0-
1.
0/
10
01
0J
1K
b10000 %
b10000 ,
b10000 (
b101010000 *
b1111 )
#337
1-
b10001 %
b10001 ,
b10001 (
b101010001 *
b10000 )
#338
0-
0.
b10010 %
b10010 ,
b10010 (
b101010010 *
b10001 )
#339
1-
b10011 %
b10011 ,
b10011 (
b101010011 *
b10010 )
#340
0-
1.
1/
b10100 %
b10100 ,
b10100 (
b101010100 *
b10011 )
#341
1-
b10101 %
b10101 ,
b10101 (
b101010101 *
b10100 )
#342
0-
0.
b10110 %
b10110 ,
b10110 (
b101010110 *
b10101 )
#343
1-
b10111 %
b10111 ,
b10111 (
b101010111 *
b10110 )
#344
0-
1.
0/
00
b11000 %
b11000 ,
b11000 (
b101011000 *
b10111 )
#345
1-
b11001 %
b11001 ,
b11001 (
b101011001 *
b11000 )
#346
0-
0.
b11010 %
b11010 ,
b11010 (
b101011010 *
b11001 )
#347
1-
b11011 %
b11011 ,
b11011 (
b101011011 *
b11010 )
#348
0-
1.
1/
b11100 %
b11100 ,
b11100 (
b101011100 *
b11011 )
#349
1-
b11101 %
b11101 ,
b11101 (
b101011101 *
b11100 )
#350
0-
0.
b11110 %
b11110 ,
b11110 (
b101011110 *
b11101 )
#351
1-
b11111 %
b11111 ,
b11111 (
b101011111 *
b11110 )
#352
1"
07
0!
08
0C
0D
15
0F
0-
1.
0/
10
11
02
0?
0K
b100000 %
b100000 ,
b100000 (
b101100000 *
b11111 )
#353
1-
b100001 %
b100001 ,
b100001 (
b101100001 *
b11111111111111111111111111100000 )
#354
0-
0.
b100010 %
b100010 ,
b100010 (
b101100010 *
b11111111111111111111111111100001 )
#355
1-
b100011 %
b100011 ,
b100011 (
b101100011 *
b11111111111111111111111111100010 )
#356
13
14
0-
1.
1/
b100100 %
b100100 ,
b100100 (
b101100100 *
b11111111111111111111111111100011 )
#357
1-
b100101 %
b100101 ,
b100101 (
b101100101 *
b11111111111111111111111111100100 )
#358
1D
03
1E
0-
0.
1H
b100110 %
b100110 ,
b100110 (
b101100110 *
b11111111111111111111111111100101 )
#359
1-
b100111 %
b100111 ,
b100111 (
b101100111 *
b11111111111111111111111111100110 )
#360
1F
04
05
0E
0-
1.
0/
00
0H
1J
b101000 %
b101000 ,
b101000 (
b101101000 *
b11111111111111111111111111100111 )
#361
1-
b101001 %
b101001 ,
b101001 (
b101101001 *
b11111111111111111111111111101000 )
#362
0-
0.
b101010 %
b101010 ,
b101010 (
b101101010 *
b11111111111111111111111111101001 )
#363
1-
b101011 %
b101011 ,
b101011 (
b101101011 *
b11111111111111111111111111101010 )
#364
0-
1.
1/
b101100 %
b101100 ,
b101100 (
b101101100 *
b11111111111111111111111111101011 )
#365
1-
b101101 %
b101101 ,
b101101 (
b101101101 *
b11111111111111111111111111101100 )
#366
0-
0.
b101110 %
b101110 ,
b101110 (
b101101110 *
b11111111111111111111111111101101 )
#367
1-
b101111 %
b101111 ,
b101111 (
b101101111 *
b11111111111111111111111111101110 )
#368
0-
1.
0/
10
01
0J
1K
b110000 %
b110000 ,
b110000 (
b101110000 *
b11111111111111111111111111101111 )
#369
1-
b110001 %
b110001 ,
b110001 (
b101110001 *
b11111111111111111111111111110000 )
#370
0-
0.
b110010 %
b110010 ,
b110010 (
b101110010 *
b11111111111111111111111111110001 )
#371
1-
b110011 %
b110011 ,
b110011 (
b101110011 *
b11111111111111111111111111110010 )
#372
0-
1.
1/
b110100 %
b110100 ,
b110100 (
b101110100 *
b11111111111111111111111111110011 )
#373
1-
b110101 %
b110101 ,
b110101 (
b101110101 *
b11111111111111111111111111110100 )
#374
0-
0.
b110110 %
b110110 ,
b110110 (
b101110110 *
b11111111111111111111111111110101 )
#375
1-
b110111 %
b110111 ,
b110111 (
b101110111 *
b11111111111111111111111111110110 )
#376
0-
1.
0/
00
b111000 %
b111000 ,
b111000 (
b101111000 *
b11111111111111111111111111110111 )
#377
1-
b111001 %
b111001 ,
b111001 (
b101111001 *
b11111111111111111111111111111000 )
#378
0-
0.
b111010 %
b111010 ,
b111010 (
b101111010 *
b11111111111111111111111111111001 )
#379
1-
b111011 %
b111011 ,
b111011 (
b101111011 *
b11111111111111111111111111111010 )
#380
0-
1.
1/
b111100 %
b111100 ,
b111100 (
b101111100 *
b11111111111111111111111111111011 )
#381
1-
b111101 %
b111101 ,
b111101 (
b101111101 *
b11111111111111111111111111111100 )
#382
0-
0.
b111110 %
b111110 ,
b111110 (
b101111110 *
b11111111111111111111111111111101 )
#383
1-
b111111 %
b111111 ,
b111111 (
b101111111 *
b11111111111111111111111111111110 )
#384
0D
15
0F
0/
10
11
12
1?
0K
1:
0;
b0 %
b0 ,
b110 $
b110 +
b110 &
b0 (
b110000000 *
b11111111111111111111111111111111 )
#385
0-
b1 %
b1 ,
b1 (
b110000001 *
b0 )
b110 '
#386
1-
1.
b10 %
b10 ,
b10 (
b110000010 *
b1 )
#387
0-
b11 %
b11 ,
b11 (
b110000011 *
b10 )
#388
14
1-
0.
1/
b100 %
b100 ,
b100 (
b110000100 *
b11 )
#389
0-
b101 %
b101 ,
b101 (
b110000101 *
b100 )
#390
0"
17
1#
16
13
1-
1.
b110 %
b110 ,
b110 (
b110000110 *
b101 )
#391
0#
06
1!
18
1C
1D
1E
0-
1G
b111 %
b111 ,
b111 (
b110000111 *
b110 )
#392
1F
03
04
05
0E
1-
0.
0/
00
0G
1J
b1000 %
b1000 ,
b1000 (
b110001000 *
b111 )
#393
0-
b1001 %
b1001 ,
b1001 (
b110001001 *
b1000 )
#394
1-
1.
b1010 %
b1010 ,
b1010 (
b110001010 *
b1001 )
#395
0-
b1011 %
b1011 ,
b1011 (
b110001011 *
b1010 )
#396
1-
0.
1/
b1100 %
b1100 ,
b1100 (
b110001100 *
b1011 )
#397
0-
b1101 %
b1101 ,
b1101 (
b110001101 *
b1100 )
#398
1-
1.
b1110 %
b1110 ,
b1110 (
b110001110 *
b1101 )
#399
0-
b1111 %
b1111 ,
b1111 (
b110001111 *
b1110 )
#400
1-
0.
0/
10
01
0J
1K
b10000 %
b10000 ,
b10000 (
b110010000 *
b1111 )
#401
0-
b10001 %
b10001 ,
b10001 (
b110010001 *
b10000 )
#402
1-
1.
b10010 %
b10010 ,
b10010 (
b110010010 *
b10001 )
#403
0-
b10011 %
b10011 ,
b10011 (
b110010011 *
b10010 )
#404
1-
0.
1/
b10100 %
b10100 ,
b10100 (
b110010100 *
b10011 )
#405
0-
b10101 %
b10101 ,
b10101 (
b110010101 *
b10100 )
#406
1-
1.
b10110 %
b10110 ,
b10110 (
b110010110 *
b10101 )
#407
0-
b10111 %
b10111 ,
b10111 (
b110010111 *
b10110 )
#408
1-
0.
0/
00
b11000 %
b11000 ,
b11000 (
b110011000 *
b10111 )
#409
0-
b11001 %
b11001 ,
b11001 (
b110011001 *
b11000 )
#410
1-
1.
b11010 %
b11010 ,
b11010 (
b110011010 *
b11001 )
#411
0-
b11011 %
b11011 ,
b11011 (
b110011011 *
b11010 )
#412
1-
0.
1/
b11100 %
b11100 ,
b11100 (
b110011100 *
b11011 )
#413
0-
b11101 %
b11101 ,
b11101 (
b110011101 *
b11100 )
#414
1-
1.
b11110 %
b11110 ,
b11110 (
b110011110 *
b11101 )
#415
0-
b11111 %
b11111 ,
b11111 (
b110011111 *
b11110 )
#416
1"
07
0!
08
0C
0D
15
0F
1-
0.
0/
10
11
02
0?
0K
b100000 %
b100000 ,
b100000 (
b110100000 *
b11111 )
#417
0-
b100001 %
b100001 ,
b100001 (
b110100001 *
b11111111111111111111111111100000 )
#418
1-
1.
b100010 %
b100010 ,
b100010 (
b110100010 *
b11111111111111111111111111100001 )
#419
0-
b100011 %
b100011 ,
b100011 (
b110100011 *
b11111111111111111111111111100010 )
#420
14
1-
0.
1/
b100100 %
b100100 ,
b100100 (
b110100100 *
b11111111111111111111111111100011 )
#421
0-
b100101 %
b100101 ,
b100101 (
b110100101 *
b11111111111111111111111111100100 )
#422
13
1-
1.
b100110 %
b100110 ,
b100110 (
b110100110 *
b11111111111111111111111111100101 )
#423
1D
1E
0-
1G
b100111 %
b100111 ,
b100111 (
b110100111 *
b11111111111111111111111111100110 )
#424
1F
03
04
05
0E
1-
0.
0/
00
0G
1J
b101000 %
b101000 ,
b101000 (
b110101000 *
b11111111111111111111111111100111 )
#425
0-
b101001 %
b101001 ,
b101001 (
b110101001 *
b11111111111111111111111111101000 )
#426
1-
1.
b101010 %
b101010 ,
b101010 (
b110101010 *
b11111111111111111111111111101001 )
#427
0-
b101011 %
b101011 ,
b101011 (
b110101011 *
b11111111111111111111111111101010 )
#428
1-
0.
1/
b101100 %
b101100 ,
b101100 (
b110101100 *
b11111111111111111111111111101011 )
#429
0-
b101101 %
b101101 ,
b101101 (
b110101101 *
b11111111111111111111111111101100 )
#430
1-
1.
b101110 %
b101110 ,
b101110 (
b110101110 *
b11111111111111111111111111101101 )
#431
0-
b101111 %
b101111 ,
b101111 (
b110101111 *
b11111111111111111111111111101110 )
#432
1-
0.
0/
10
01
0J
1K
b110000 %
b110000 ,
b110000 (
b110110000 *
b11111111111111111111111111101111 )
#433
0-
b110001 %
b110001 ,
b110001 (
b110110001 *
b11111111111111111111111111110000 )
#434
1-
1.
b110010 %
b110010 ,
b110010 (
b110110010 *
b11111111111111111111111111110001 )
#435
0-
b110011 %
b110011 ,
b110011 (
b110110011 *
b11111111111111111111111111110010 )
#436
1-
0.
1/
b110100 %
b110100 ,
b110100 (
b110110100 *
b11111111111111111111111111110011 )
#437
0-
b110101 %
b110101 ,
b110101 (
b110110101 *
b11111111111111111111111111110100 )
#438
1-
1.
b110110 %
b110110 ,
b110110 (
b110110110 *
b11111111111111111111111111110101 )
#439
0-
b110111 %
b110111 ,
b110111 (
b110110111 *
b11111111111111111111111111110110 )
#440
1-
0.
0/
00
b111000 %
b111000 ,
b111000 (
b110111000 *
b11111111111111111111111111110111 )
#441
0-
b111001 %
b111001 ,
b111001 (
b110111001 *
b11111111111111111111111111111000 )
#442
1-
1.
b111010 %
b111010 ,
b111010 (
b110111010 *
b11111111111111111111111111111001 )
#443
0-
b111011 %
b111011 ,
b111011 (
b110111011 *
b11111111111111111111111111111010 )
#444
1-
0.
1/
b111100 %
b111100 ,
b111100 (
b110111100 *
b11111111111111111111111111111011 )
#445
0-
b111101 %
b111101 ,
b111101 (
b110111101 *
b11111111111111111111111111111100 )
#446
1-
1.
b111110 %
b111110 ,
b111110 (
b110111110 *
b11111111111111111111111111111101 )
#447
0-
b111111 %
b111111 ,
b111111 (
b110111111 *
b11111111111111111111111111111110 )
#448
0D
15
0F
0.
0/
10
11
12
1?
0K
0:
b0 %
b0 ,
b111 $
b111 +
b111 &
b0 (
b111000000 *
b11111111111111111111111111111111 )
#449
1-
b1 %
b1 ,
b1 (
b111000001 *
b0 )
b111 '
#450
0-
1.
b10 %
b10 ,
b10 (
b111000010 *
b1 )
#451
1-
b11 %
b11 ,
b11 (
b111000011 *
b10 )
#452
14
0-
0.
1/
b100 %
b100 ,
b100 (
b111000100 *
b11 )
#453
1-
b101 %
b101 ,
b101 (
b111000101 *
b100 )
#454
1"
07
0#
06
13
0-
1.
b110 %
b110 ,
b110 (
b111000110 *
b101 )
#455
0"
17
1#
16
1-
b111 %
b111 ,
b111 (
b111000111 *
b110 )
#456
1!
18
0"
17
1C
0#
06
1D
1F
03
04
05
0-
0.
0/
00
1J
b1000 %
b1000 ,
b1000 (
b111001000 *
b111 )
#457
1-
b1001 %
b1001 ,
b1001 (
b111001001 *
b1000 )
#458
0-
1.
b1010 %
b1010 ,
b1010 (
b111001010 *
b1001 )
#459
1-
b1011 %
b1011 ,
b1011 (
b111001011 *
b1010 )
#460
0-
0.
1/
b1100 %
b1100 ,
b1100 (
b111001100 *
b1011 )
#461
1-
b1101 %
b1101 ,
b1101 (
b111001101 *
b1100 )
#462
0-
1.
b1110 %
b1110 ,
b1110 (
b111001110 *
b1101 )
#463
1-
b1111 %
b1111 ,
b1111 (
b111001111 *
b1110 )
#464
0-
0.
0/
10
01
0J
1K
b10000 %
b10000 ,
b10000 (
b111010000 *
b1111 )
#465
1-
b10001 %
b10001 ,
b10001 (
b111010001 *
b10000 )
#466
0-
1.
b10010 %
b10010 ,
b10010 (
b111010010 *
b10001 )
#467
1-
b10011 %
b10011 ,
b10011 (
b111010011 *
b10010 )
#468
0-
0.
1/
b10100 %
b10100 ,
b10100 (
b111010100 *
b10011 )
#469
1-
b10101 %
b10101 ,
b10101 (
b111010101 *
b10100 )
#470
0-
1.
b10110 %
b10110 ,
b10110 (
b111010110 *
b10101 )
#471
1-
b10111 %
b10111 ,
b10111 (
b111010111 *
b10110 )
#472
0-
0.
0/
00
b11000 %
b11000 ,
b11000 (
b111011000 *
b10111 )
#473
1-
b11001 %
b11001 ,
b11001 (
b111011001 *
b11000 )
#474
0-
1.
b11010 %
b11010 ,
b11010 (
b111011010 *
b11001 )
#475
1-
b11011 %
b11011 ,
b11011 (
b111011011 *
b11010 )
#476
0-
0.
1/
b11100 %
b11100 ,
b11100 (
b111011100 *
b11011 )
#477
1-
b11101 %
b11101 ,
b11101 (
b111011101 *
b11100 )
#478
0-
1.
b11110 %
b11110 ,
b11110 (
b111011110 *
b11101 )
#479
1-
b11111 %
b11111 ,
b11111 (
b111011111 *
b11110 )
#480
1"
07
0!
08
0C
0D
15
0F
0-
0.
0/
10
11
02
0?
0K
b100000 %
b100000 ,
b100000 (
b111100000 *
b11111 )
#481
1-
b100001 %
b100001 ,
b100001 (
b111100001 *
b11111111111111111111111111100000 )
#482
0-
1.
b100010 %
b100010 ,
b100010 (
b111100010 *
b11111111111111111111111111100001 )
#483
1-
b100011 %
b100011 ,
b100011 (
b111100011 *
b11111111111111111111111111100010 )
#484
14
0-
0.
1/
b100100 %
b100100 ,
b100100 (
b111100100 *
b11111111111111111111111111100011 )
#485
1-
b100101 %
b100101 ,
b100101 (
b111100101 *
b11111111111111111111111111100100 )
#486
13
0-
1.
b100110 %
b100110 ,
b100110 (
b111100110 *
b11111111111111111111111111100101 )
#487
1-
b100111 %
b100111 ,
b100111 (
b111100111 *
b11111111111111111111111111100110 )
#488
1D
1F
03
04
05
0-
0.
0/
00
1J
b101000 %
b101000 ,
b101000 (
b111101000 *
b11111111111111111111111111100111 )
#489
1-
b101001 %
b101001 ,
b101001 (
b111101001 *
b11111111111111111111111111101000 )
#490
0-
1.
b101010 %
b101010 ,
b101010 (
b111101010 *
b11111111111111111111111111101001 )
#491
1-
b101011 %
b101011 ,
b101011 (
b111101011 *
b11111111111111111111111111101010 )
#492
0-
0.
1/
b101100 %
b101100 ,
b101100 (
b111101100 *
b11111111111111111111111111101011 )
#493
1-
b101101 %
b101101 ,
b101101 (
b111101101 *
b11111111111111111111111111101100 )
#494
0-
1.
b101110 %
b101110 ,
b101110 (
b111101110 *
b11111111111111111111111111101101 )
#495
1-
b101111 %
b101111 ,
b101111 (
b111101111 *
b11111111111111111111111111101110 )
#496
0-
0.
0/
10
01
0J
1K
b110000 %
b110000 ,
b110000 (
b111110000 *
b11111111111111111111111111101111 )
#497
1-
b110001 %
b110001 ,
b110001 (
b111110001 *
b11111111111111111111111111110000 )
#498
0-
1.
b110010 %
b110010 ,
b110010 (
b111110010 *
b11111111111111111111111111110001 )
#499
1-
b110011 %
b110011 ,
b110011 (
b111110011 *
b11111111111111111111111111110010 )
#500
0-
0.
1/
b110100 %
b110100 ,
b110100 (
b111110100 *
b11111111111111111111111111110011 )
#501
1-
b110101 %
b110101 ,
b110101 (
b111110101 *
b11111111111111111111111111110100 )
#502
0-
1.
b110110 %
b110110 ,
b110110 (
b111110110 *
b11111111111111111111111111110101 )
#503
1-
b110111 %
b110111 ,
b110111 (
b111110111 *
b11111111111111111111111111110110 )
#504
0-
0.
0/
00
b111000 %
b111000 ,
b111000 (
b111111000 *
b11111111111111111111111111110111 )
#505
1-
b111001 %
b111001 ,
b111001 (
b111111001 *
b11111111111111111111111111111000 )
#506
0-
1.
b111010 %
b111010 ,
b111010 (
b111111010 *
b11111111111111111111111111111001 )
#507
1-
b111011 %
b111011 ,
b111011 (
b111111011 *
b11111111111111111111111111111010 )
#508
0-
0.
1/
b111100 %
b111100 ,
b111100 (
b111111100 *
b11111111111111111111111111111011 )
#509
1-
b111101 %
b111101 ,
b111101 (
b111111101 *
b11111111111111111111111111111100 )
#510
0-
1.
b111110 %
b111110 ,
b111110 (
b111111110 *
b11111111111111111111111111111101 )
#511
1-
b111111 %
b111111 ,
b111111 (
b111111111 *
b11111111111111111111111111111110 )
#512
0D
0F
11
12
1?
0K
1:
1;
1<
0=
b0 %
b0 ,
b1000 $
b1000 +
b1000 &
b0 (
b1000000000 *
b11111111111111111111111111111111 )
#513
0-
b1 %
b1 ,
b1 (
b1000000001 *
b0 )
b1000 '
#514
1-
0.
b10 %
b10 ,
b10 (
b1000000010 *
b1 )
#515
0-
b11 %
b11 ,
b11 (
b1000000011 *
b10 )
#516
1-
1.
0/
b100 %
b100 ,
b100 (
b1000000100 *
b11 )
#517
0-
b101 %
b101 ,
b101 (
b1000000101 *
b100 )
#518
1-
0.
b110 %
b110 ,
b110 (
b1000000110 *
b101 )
#519
0-
b111 %
b111 ,
b111 (
b1000000111 *
b110 )
#520
0"
17
1#
16
13
14
15
1-
1.
1/
10
b1000 %
b1000 ,
b1000 (
b1000001000 *
b111 )
#521
0#
06
1!
18
1C
1D
1E
0-
1G
b1001 %
b1001 ,
b1001 (
b1000001001 *
b1000 )
#522
03
1-
0.
0G
1H
b1010 %
b1010 ,
b1010 (
b1000001010 *
b1001 )
#523
0-
b1011 %
b1011 ,
b1011 (
b1000001011 *
b1010 )
#524
1F
04
0E
1-
1.
0/
0H
1I
b1100 %
b1100 ,
b1100 (
b1000001100 *
b1011 )
#525
0-
b1101 %
b1101 ,
b1101 (
b1000001101 *
b1100 )
#526
1-
0.
b1110 %
b1110 ,
b1110 (
b1000001110 *
b1101 )
#527
0-
b1111 %
b1111 ,
b1111 (
b1000001111 *
b1110 )
#528
05
1-
1.
1/
00
01
0I
1K
b10000 %
b10000 ,
b10000 (
b1000010000 *
b1111 )
#529
0-
b10001 %
b10001 ,
b10001 (
b1000010001 *
b10000 )
#530
1-
0.
b10010 %
b10010 ,
b10010 (
b1000010010 *
b10001 )
#531
0-
b10011 %
b10011 ,
b10011 (
b1000010011 *
b10010 )
#532
1-
1.
0/
b10100 %
b10100 ,
b10100 (
b1000010100 *
b10011 )
#533
0-
b10101 %
b10101 ,
b10101 (
b1000010101 *
b10100 )
#534
1-
0.
b10110 %
b10110 ,
b10110 (
b1000010110 *
b10101 )
#535
0-
b10111 %
b10111 ,
b10111 (
b1000010111 *
b10110 )
#536
1-
1.
1/
10
b11000 %
b11000 ,
b11000 (
b1000011000 *
b10111 )
#537
0-
b11001 %
b11001 ,
b11001 (
b1000011001 *
b11000 )
#538
1-
0.
b11010 %
b11010 ,
b11010 (
b1000011010 *
b11001 )
#539
0-
b11011 %
b11011 ,
b11011 (
b1000011011 *
b11010 )
#540
1-
1.
0/
b11100 %
b11100 ,
b11100 (
b1000011100 *
b11011 )
#541
0-
b11101 %
b11101 ,
b11101 (
b1000011101 *
b11100 )
#542
1-
0.
b11110 %
b11110 ,
b11110 (
b1000011110 *
b11101 )
#543
0-
b11111 %
b11111 ,
b11111 (
b1000011111 *
b11110 )
#544
1"
07
0!
08
0C
0D
0F
1-
1.
1/
00
11
02
0?
0K
b100000 %
b100000 ,
b100000 (
b1000100000 *
b11111 )
#545
0-
b100001 %
b100001 ,
b100001 (
b1000100001 *
b11111111111111111111111111100000 )
#546
1-
0.
b100010 %
b100010 ,
b100010 (
b1000100010 *
b11111111111111111111111111100001 )
#547
0-
b100011 %
b100011 ,
b100011 (
b1000100011 *
b11111111111111111111111111100010 )
#548
1-
1.
0/
b100100 %
b100100 ,
b100100 (
b1000100100 *
b11111111111111111111111111100011 )
#549
0-
b100101 %
b100101 ,
b100101 (
b1000100101 *
b11111111111111111111111111100100 )
#550
1-
0.
b100110 %
b100110 ,
b100110 (
b1000100110 *
b11111111111111111111111111100101 )
#551
0-
b100111 %
b100111 ,
b100111 (
b1000100111 *
b11111111111111111111111111100110 )
#552
13
14
15
1-
1.
1/
10
b101000 %
b101000 ,
b101000 (
b1000101000 *
b11111111111111111111111111100111 )
#553
1D
1E
0-
1G
b101001 %
b101001 ,
b101001 (
b1000101001 *
b11111111111111111111111111101000 )
#554
03
1-
0.
0G
1H
b101010 %
b101010 ,
b101010 (
b1000101010 *
b11111111111111111111111111101001 )
#555
0-
b101011 %
b101011 ,
b101011 (
b1000101011 *
b11111111111111111111111111101010 )
#556
1F
04
0E
1-
1.
0/
0H
1I
b101100 %
b101100 ,
b101100 (
b1000101100 *
b11111111111111111111111111101011 )
#557
0-
b101101 %
b101101 ,
b101101 (
b1000101101 *
b11111111111111111111111111101100 )
#558
1-
0.
b101110 %
b101110 ,
b101110 (
b1000101110 *
b11111111111111111111111111101101 )
#559
0-
b101111 %
b101111 ,
b101111 (
b1000101111 *
b11111111111111111111111111101110 )
#560
05
1-
1.
1/
00
01
0I
1K
b110000 %
b110000 ,
b110000 (
b1000110000 *
b11111111111111111111111111101111 )
#561
0-
b110001 %
b110001 ,
b110001 (
b1000110001 *
b11111111111111111111111111110000 )
#562
1-
0.
b110010 %
b110010 ,
b110010 (
b1000110010 *
b11111111111111111111111111110001 )
#563
0-
b110011 %
b110011 ,
b110011 (
b1000110011 *
b11111111111111111111111111110010 )
#564
1-
1.
0/
b110100 %
b110100 ,
b110100 (
b1000110100 *
b11111111111111111111111111110011 )
#565
0-
b110101 %
b110101 ,
b110101 (
b1000110101 *
b11111111111111111111111111110100 )
#566
1-
0.
b110110 %
b110110 ,
b110110 (
b1000110110 *
b11111111111111111111111111110101 )
#567
0-
b110111 %
b110111 ,
b110111 (
b1000110111 *
b11111111111111111111111111110110 )
#568
1-
1.
1/
10
b111000 %
b111000 ,
b111000 (
b1000111000 *
b11111111111111111111111111110111 )
#569
0-
b111001 %
b111001 ,
b111001 (
b1000111001 *
b11111111111111111111111111111000 )
#570
1-
0.
b111010 %
b111010 ,
b111010 (
b1000111010 *
b11111111111111111111111111111001 )
#571
0-
b111011 %
b111011 ,
b111011 (
b1000111011 *
b11111111111111111111111111111010 )
#572
1-
1.
0/
b111100 %
b111100 ,
b111100 (
b1000111100 *
b11111111111111111111111111111011 )
#573
0-
b111101 %
b111101 ,
b111101 (
b1000111101 *
b11111111111111111111111111111100 )
#574
1-
0.
b111110 %
b111110 ,
b111110 (
b1000111110 *
b11111111111111111111111111111101 )
#575
0-
b111111 %
b111111 ,
b111111 (
b1000111111 *
b11111111111111111111111111111110 )
#576
0D
0F
1.
1/
00
11
12
1?
0K
0:
b0 %
b0 ,
b1001 $
b1001 +
b1001 &
b0 (
b1001000000 *
b11111111111111111111111111111111 )
#577
1-
b1 %
b1 ,
b1 (
b1001000001 *
b0 )
b1001 '
#578
0-
0.
b10 %
b10 ,
b10 (
b1001000010 *
b1 )
#579
1-
b11 %
b11 ,
b11 (
b1001000011 *
b10 )
#580
0-
1.
0/
b100 %
b100 ,
b100 (
b1001000100 *
b11 )
#581
1-
b101 %
b101 ,
b101 (
b1001000101 *
b100 )
#582
0-
0.
b110 %
b110 ,
b110 (
b1001000110 *
b101 )
#583
1-
b111 %
b111 ,
b111 (
b1001000111 *
b110 )
#584
13
14
15
0-
1.
1/
10
b1000 %
b1000 ,
b1000 (
b1001001000 *
b111 )
#585
0"
17
1#
16
1-
b1001 %
b1001 ,
b1001 (
b1001001001 *
b1000 )
#586
1!
18
0#
06
1C
1D
03
1E
0-
0.
1H
b1010 %
b1010 ,
b1010 (
b1001001010 *
b1001 )
#587
1-
b1011 %
b1011 ,
b1011 (
b1001001011 *
b1010 )
#588
1F
04
0E
0-
1.
0/
0H
1I
b1100 %
b1100 ,
b1100 (
b1001001100 *
b1011 )
#589
1-
b1101 %
b1101 ,
b1101 (
b1001001101 *
b1100 )
#590
0-
0.
b1110 %
b1110 ,
b1110 (
b1001001110 *
b1101 )
#591
1-
b1111 %
b1111 ,
b1111 (
b1001001111 *
b1110 )
#592
05
0-
1.
1/
00
01
0I
1K
b10000 %
b10000 ,
b10000 (
b1001010000 *
b1111 )
#593
1-
b10001 %
b10001 ,
b10001 (
b1001010001 *
b10000 )
#594
0-
0.
b10010 %
b10010 ,
b10010 (
b1001010010 *
b10001 )
#595
1-
b10011 %
b10011 ,
b10011 (
b1001010011 *
b10010 )
#596
0-
1.
0/
b10100 %
b10100 ,
b10100 (
b1001010100 *
b10011 )
#597
1-
b10101 %
b10101 ,
b10101 (
b1001010101 *
b10100 )
#598
0-
0.
b10110 %
b10110 ,
b10110 (
b1001010110 *
b10101 )
#599
1-
b10111 %
b10111 ,
b10111 (
b1001010111 *
b10110 )
#600
0-
1.
1/
10
b11000 %
b11000 ,
b11000 (
b1001011000 *
b10111 )
#601
1-
b11001 %
b11001 ,
b11001 (
b1001011001 *
b11000 )
#602
0-
0.
b11010 %
b11010 ,
b11010 (
b1001011010 *
b11001 )
#603
1-
b11011 %
b11011 ,
b11011 (
b1001011011 *
b11010 )
#604
0-
1.
0/
b11100 %
b11100 ,
b11100 (
b1001011100 *
b11011 )
#605
1-
b11101 %
b11101 ,
b11101 (
b1001011101 *
b11100 )
#606
0-
0.
b11110 %
b11110 ,
b11110 (
b1001011110 *
b11101 )
#607
1-
b11111 %
b11111 ,
b11111 (
b1001011111 *
b11110 )
#608
1"
07
0!
08
0C
0D
0F
0-
1.
1/
00
11
02
0?
0K
b100000 %
b100000 ,
b100000 (
b1001100000 *
b11111 )
#609
1-
b100001 %
b100001 ,
b100001 (
b1001100001 *
b11111111111111111111111111100000 )
#610
0-
0.
b100010 %
b100010 ,
b100010 (
b1001100010 *
b11111111111111111111111111100001 )
#611
1-
b100011 %
b100011 ,
b100011 (
b1001100011 *
b11111111111111111111111111100010 )
#612
0-
1.
0/
b100100 %
b100100 ,
b100100 (
b1001100100 *
b11111111111111111111111111100011 )
#613
1-
b100101 %
b100101 ,
b100101 (
b1001100101 *
b11111111111111111111111111100100 )
#614
0-
0.
b100110 %
b100110 ,
b100110 (
b1001100110 *
b11111111111111111111111111100101 )
#615
1-
b100111 %
b100111 ,
b100111 (
b1001100111 *
b11111111111111111111111111100110 )
#616
13
14
15
0-
1.
1/
10
b101000 %
b101000 ,
b101000 (
b1001101000 *
b11111111111111111111111111100111 )
#617
1-
b101001 %
b101001 ,
b101001 (
b1001101001 *
b11111111111111111111111111101000 )
#618
1D
03
1E
0-
0.
1H
b101010 %
b101010 ,
b101010 (
b1001101010 *
b11111111111111111111111111101001 )
#619
1-
b101011 %
b101011 ,
b101011 (
b1001101011 *
b11111111111111111111111111101010 )
#620
1F
04
0E
0-
1.
0/
0H
1I
b101100 %
b101100 ,
b101100 (
b1001101100 *
b11111111111111111111111111101011 )
#621
1-
b101101 %
b101101 ,
b101101 (
b1001101101 *
b11111111111111111111111111101100 )
#622
0-
0.
b101110 %
b101110 ,
b101110 (
b1001101110 *
b11111111111111111111111111101101 )
#623
1-
b101111 %
b101111 ,
b101111 (
b1001101111 *
b11111111111111111111111111101110 )
#624
05
0-
1.
1/
00
01
0I
1K
b110000 %
b110000 ,
b110000 (
b1001110000 *
b11111111111111111111111111101111 )
#625
1-
b110001 %
b110001 ,
b110001 (
b1001110001 *
b11111111111111111111111111110000 )
#626
0-
0.
b110010 %
b110010 ,
b110010 (
b1001110010 *
b11111111111111111111111111110001 )
#627
1-
b110011 %
b110011 ,
b110011 (
b1001110011 *
b11111111111111111111111111110010 )
#628
0-
1.
0/
b110100 %
b110100 ,
b110100 (
b1001110100 *
b11111111111111111111111111110011 )
#629
1-
b110101 %
b110101 ,
b110101 (
b1001110101 *
b11111111111111111111111111110100 )
#630
0-
0.
b110110 %
b110110 ,
b110110 (
b1001110110 *
b11111111111111111111111111110101 )
#631
1-
b110111 %
b110111 ,
b110111 (
b1001110111 *
b11111111111111111111111111110110 )
#632
0-
1.
1/
10
b111000 %
b111000 ,
b111000 (
b1001111000 *
b11111111111111111111111111110111 )
#633
1-
b111001 %
b111001 ,
b111001 (
b1001111001 *
b11111111111111111111111111111000 )
#634
0-
0.
b111010 %
b111010 ,
b111010 (
b1001111010 *
b11111111111111111111111111111001 )
#635
1-
b111011 %
b111011 ,
b111011 (
b1001111011 *
b11111111111111111111111111111010 )
#636
0-
1.
0/
b111100 %
b111100 ,
b111100 (
b1001111100 *
b11111111111111111111111111111011 )
#637
1-
b111101 %
b111101 ,
b111101 (
b1001111101 *
b11111111111111111111111111111100 )
#638
0-
0.
b111110 %
b111110 ,
b111110 (
b1001111110 *
b11111111111111111111111111111101 )
#639
1-
b111111 %
b111111 ,
b111111 (
b1001111111 *
b11111111111111111111111111111110 )
#640
0D
0F
1/
00
11
12
1?
0K
1:
0;
b0 %
b0 ,
b1010 $
b1010 +
b1010 &
b0 (
b1010000000 *
b11111111111111111111111111111111 )
#641
0-
b1 %
b1 ,
b1 (
b1010000001 *
b0 )
b1010 '
#642
1-
1.
b10 %
b10 ,
b10 (
b1010000010 *
b1 )
#643
0-
b11 %
b11 ,
b11 (
b1010000011 *
b10 )
#644
1-
0.
0/
b100 %
b100 ,
b100 (
b1010000100 *
b11 )
#645
0-
b101 %
b101 ,
b101 (
b1010000101 *
b100 )
#646
1-
1.
b110 %
b110 ,
b110 (
b1010000110 *
b101 )
#647
0-
b111 %
b111 ,
b111 (
b1010000111 *
b110 )
#648
14
15
1-
0.
1/
10
b1000 %
b1000 ,
b1000 (
b1010001000 *
b111 )
#649
0-
b1001 %
b1001 ,
b1001 (
b1010001001 *
b1000 )
#650
0"
17
1#
16
13
1-
1.
b1010 %
b1010 ,
b1010 (
b1010001010 *
b1001 )
#651
0#
06
1!
18
1C
1D
1E
0-
1G
b1011 %
b1011 ,
b1011 (
b1010001011 *
b1010 )
#652
1F
03
04
0E
1-
0.
0/
0G
1I
b1100 %
b1100 ,
b1100 (
b1010001100 *
b1011 )
#653
0-
b1101 %
b1101 ,
b1101 (
b1010001101 *
b1100 )
#654
1-
1.
b1110 %
b1110 ,
b1110 (
b1010001110 *
b1101 )
#655
0-
b1111 %
b1111 ,
b1111 (
b1010001111 *
b1110 )
#656
05
1-
0.
1/
00
01
0I
1K
b10000 %
b10000 ,
b10000 (
b1010010000 *
b1111 )
#657
0-
b10001 %
b10001 ,
b10001 (
b1010010001 *
b10000 )
#658
1-
1.
b10010 %
b10010 ,
b10010 (
b1010010010 *
b10001 )
#659
0-
b10011 %
b10011 ,
b10011 (
b1010010011 *
b10010 )
#660
1-
0.
0/
b10100 %
b10100 ,
b10100 (
b1010010100 *
b10011 )
#661
0-
b10101 %
b10101 ,
b10101 (
b1010010101 *
b10100 )
#662
1-
1.
b10110 %
b10110 ,
b10110 (
b1010010110 *
b10101 )
#663
0-
b10111 %
b10111 ,
b10111 (
b1010010111 *
b10110 )
#664
1-
0.
1/
10
b11000 %
b11000 ,
b11000 (
b1010011000 *
b10111 )
#665
0-
b11001 %
b11001 ,
b11001 (
b1010011001 *
b11000 )
#666
1-
1.
b11010 %
b11010 ,
b11010 (
b1010011010 *
b11001 )
#667
0-
b11011 %
b11011 ,
b11011 (
b1010011011 *
b11010 )
#668
1-
0.
0/
b11100 %
b11100 ,
b11100 (
b1010011100 *
b11011 )
#669
0-
b11101 %
b11101 ,
b11101 (
b1010011101 *
b11100 )
#670
1-
1.
b11110 %
b11110 ,
b11110 (
b1010011110 *
b11101 )
#671
0-
b11111 %
b11111 ,
b11111 (
b1010011111 *
b11110 )
#672
1"
07
0!
08
0C
0D
0F
1-
0.
1/
00
11
02
0?
0K
b100000 %
b100000 ,
b100000 (
b1010100000 *
b11111 )
#673
0-
b100001 %
b100001 ,
b100001 (
b1010100001 *
b11111111111111111111111111100000 )
#674
1-
1.
b100010 %
b100010 ,
b100010 (
b1010100010 *
b11111111111111111111111111100001 )
#675
0-
b100011 %
b100011 ,
b100011 (
b1010100011 *
b11111111111111111111111111100010 )
#676
1-
0.
0/
b100100 %
b100100 ,
b100100 (
b1010100100 *
b11111111111111111111111111100011 )
#677
0-
b100101 %
b100101 ,
b100101 (
b1010100101 *
b11111111111111111111111111100100 )
#678
1-
1.
b100110 %
b100110 ,
b100110 (
b1010100110 *
b11111111111111111111111111100101 )
#679
0-
b100111 %
b100111 ,
b100111 (
b1010100111 *
b11111111111111111111111111100110 )
#680
14
15
1-
0.
1/
10
b101000 %
b101000 ,
b101000 (
b1010101000 *
b11111111111111111111111111100111 )
#681
0-
b101001 %
b101001 ,
b101001 (
b1010101001 *
b11111111111111111111111111101000 )
#682
13
1-
1.
b101010 %
b101010 ,
b101010 (
b1010101010 *
b11111111111111111111111111101001 )
#683
1D
1E
0-
1G
b101011 %
b101011 ,
b101011 (
b1010101011 *
b11111111111111111111111111101010 )
#684
1F
03
04
0E
1-
0.
0/
0G
1I
b101100 %
b101100 ,
b101100 (
b1010101100 *
b11111111111111111111111111101011 )
#685
0-
b101101 %
b101101 ,
b101101 (
b1010101101 *
b11111111111111111111111111101100 )
#686
1-
1.
b101110 %
b101110 ,
b101110 (
b1010101110 *
b11111111111111111111111111101101 )
#687
0-
b101111 %
b101111 ,
b101111 (
b1010101111 *
b11111111111111111111111111101110 )
#688
05
1-
0.
1/
00
01
0I
1K
b110000 %
b110000 ,
b110000 (
b1010110000 *
b11111111111111111111111111101111 )
#689
0-
b110001 %
b110001 ,
b110001 (
b1010110001 *
b11111111111111111111111111110000 )
#690
1-
1.
b110010 %
b110010 ,
b110010 (
b1010110010 *
b11111111111111111111111111110001 )
#691
0-
b110011 %
b110011 ,
b110011 (
b1010110011 *
b11111111111111111111111111110010 )
#692
1-
0.
0/
b110100 %
b110100 ,
b110100 (
b1010110100 *
b11111111111111111111111111110011 )
#693
0-
b110101 %
b110101 ,
b110101 (
b1010110101 *
b11111111111111111111111111110100 )
#694
1-
1.
b110110 %
b110110 ,
b110110 (
b1010110110 *
b11111111111111111111111111110101 )
#695
0-
b110111 %
b110111 ,
b110111 (
b1010110111 *
b11111111111111111111111111110110 )
#696
1-
0.
1/
10
b111000 %
b111000 ,
b111000 (
b1010111000 *
b11111111111111111111111111110111 )
#697
0-
b111001 %
b111001 ,
b111001 (
b1010111001 *
b11111111111111111111111111111000 )
#698
1-
1.
b111010 %
b111010 ,
b111010 (
b1010111010 *
b11111111111111111111111111111001 )
#699
0-
b111011 %
b111011 ,
b111011 (
b1010111011 *
b11111111111111111111111111111010 )
#700
1-
0.
0/
b111100 %
b111100 ,
b111100 (
b1010111100 *
b11111111111111111111111111111011 )
#701
0-
b111101 %
b111101 ,
b111101 (
b1010111101 *
b11111111111111111111111111111100 )
#702
1-
1.
b111110 %
b111110 ,
b111110 (
b1010111110 *
b11111111111111111111111111111101 )
#703
0-
b111111 %
b111111 ,
b111111 (
b1010111111 *
b11111111111111111111111111111110 )
#704
0D
0F
0.
1/
00
11
12
1?
0K
0:
b0 %
b0 ,
b1011 $
b1011 +
b1011 &
b0 (
b1011000000 *
b11111111111111111111111111111111 )
#705
1-
b1 %
b1 ,
b1 (
b1011000001 *
b0 )
b1011 '
#706
0-
1.
b10 %
b10 ,
b10 (
b1011000010 *
b1 )
#707
1-
b11 %
b11 ,
b11 (
b1011000011 *
b10 )
#708
0-
0.
0/
b100 %
b100 ,
b100 (
b1011000100 *
b11 )
#709
1-
b101 %
b101 ,
b101 (
b1011000101 *
b100 )
#710
0-
1.
b110 %
b110 ,
b110 (
b1011000110 *
b101 )
#711
1-
b111 %
b111 ,
b111 (
b1011000111 *
b110 )
#712
14
15
0-
0.
1/
10
b1000 %
b1000 ,
b1000 (
b1011001000 *
b111 )
#713
1-
b1001 %
b1001 ,
b1001 (
b1011001001 *
b1000 )
#714
1"
07
0#
06
13
0-
1.
b1010 %
b1010 ,
b1010 (
b1011001010 *
b1001 )
#715
0"
17
1#
16
1-
b1011 %
b1011 ,
b1011 (
b1011001011 *
b1010 )
#716
0"
1!
18
17
0#
06
1C
1D
1F
03
04
0-
0.
0/
1I
b1100 %
b1100 ,
b1100 (
b1011001100 *
b1011 )
#717
1-
b1101 %
b1101 ,
b1101 (
b1011001101 *
b1100 )
#718
0-
1.
b1110 %
b1110 ,
b1110 (
b1011001110 *
b1101 )
#719
1-
b1111 %
b1111 ,
b1111 (
b1011001111 *
b1110 )
#720
05
0-
0.
1/
00
01
0I
1K
b10000 %
b10000 ,
b10000 (
b1011010000 *
b1111 )
#721
1-
b10001 %
b10001 ,
b10001 (
b1011010001 *
b10000 )
#722
0-
1.
b10010 %
b10010 ,
b10010 (
b1011010010 *
b10001 )
#723
1-
b10011 %
b10011 ,
b10011 (
b1011010011 *
b10010 )
#724
0-
0.
0/
b10100 %
b10100 ,
b10100 (
b1011010100 *
b10011 )
#725
1-
b10101 %
b10101 ,
b10101 (
b1011010101 *
b10100 )
#726
0-
1.
b10110 %
b10110 ,
b10110 (
b1011010110 *
b10101 )
#727
1-
b10111 %
b10111 ,
b10111 (
b1011010111 *
b10110 )
#728
0-
0.
1/
10
b11000 %
b11000 ,
b11000 (
b1011011000 *
b10111 )
#729
1-
b11001 %
b11001 ,
b11001 (
b1011011001 *
b11000 )
#730
0-
1.
b11010 %
b11010 ,
b11010 (
b1011011010 *
b11001 )
#731
1-
b11011 %
b11011 ,
b11011 (
b1011011011 *
b11010 )
#732
0-
0.
0/
b11100 %
b11100 ,
b11100 (
b1011011100 *
b11011 )
#733
1-
b11101 %
b11101 ,
b11101 (
b1011011101 *
b11100 )
#734
0-
1.
b11110 %
b11110 ,
b11110 (
b1011011110 *
b11101 )
#735
1-
b11111 %
b11111 ,
b11111 (
b1011011111 *
b11110 )
#736
1"
07
0!
08
0C
0D
0F
0-
0.
1/
00
11
02
0?
0K
b100000 %
b100000 ,
b100000 (
b1011100000 *
b11111 )
#737
1-
b100001 %
b100001 ,
b100001 (
b1011100001 *
b11111111111111111111111111100000 )
#738
0-
1.
b100010 %
b100010 ,
b100010 (
b1011100010 *
b11111111111111111111111111100001 )
#739
1-
b100011 %
b100011 ,
b100011 (
b1011100011 *
b11111111111111111111111111100010 )
#740
0-
0.
0/
b100100 %
b100100 ,
b100100 (
b1011100100 *
b11111111111111111111111111100011 )
#741
1-
b100101 %
b100101 ,
b100101 (
b1011100101 *
b11111111111111111111111111100100 )
#742
0-
1.
b100110 %
b100110 ,
b100110 (
b1011100110 *
b11111111111111111111111111100101 )
#743
1-
b100111 %
b100111 ,
b100111 (
b1011100111 *
b11111111111111111111111111100110 )
#744
14
15
0-
0.
1/
10
b101000 %
b101000 ,
b101000 (
b1011101000 *
b11111111111111111111111111100111 )
#745
1-
b101001 %
b101001 ,
b101001 (
b1011101001 *
b11111111111111111111111111101000 )
#746
13
0-
1.
b101010 %
b101010 ,
b101010 (
b1011101010 *
b11111111111111111111111111101001 )
#747
1-
b101011 %
b101011 ,
b101011 (
b1011101011 *
b11111111111111111111111111101010 )
#748
1D
1F
03
04
0-
0.
0/
1I
b101100 %
b101100 ,
b101100 (
b1011101100 *
b11111111111111111111111111101011 )
#749
1-
b101101 %
b101101 ,
b101101 (
b1011101101 *
b11111111111111111111111111101100 )
#750
0-
1.
b101110 %
b101110 ,
b101110 (
b1011101110 *
b11111111111111111111111111101101 )
#751
1-
b101111 %
b101111 ,
b101111 (
b1011101111 *
b11111111111111111111111111101110 )
#752
05
0-
0.
1/
00
01
0I
1K
b110000 %
b110000 ,
b110000 (
b1011110000 *
b11111111111111111111111111101111 )
#753
1-
b110001 %
b110001 ,
b110001 (
b1011110001 *
b11111111111111111111111111110000 )
#754
0-
1.
b110010 %
b110010 ,
b110010 (
b1011110010 *
b11111111111111111111111111110001 )
#755
1-
b110011 %
b110011 ,
b110011 (
b1011110011 *
b11111111111111111111111111110010 )
#756
0-
0.
0/
b110100 %
b110100 ,
b110100 (
b1011110100 *
b11111111111111111111111111110011 )
#757
1-
b110101 %
b110101 ,
b110101 (
b1011110101 *
b11111111111111111111111111110100 )
#758
0-
1.
b110110 %
b110110 ,
b110110 (
b1011110110 *
b11111111111111111111111111110101 )
#759
1-
b110111 %
b110111 ,
b110111 (
b1011110111 *
b11111111111111111111111111110110 )
#760
0-
0.
1/
10
b111000 %
b111000 ,
b111000 (
b1011111000 *
b11111111111111111111111111110111 )
#761
1-
b111001 %
b111001 ,
b111001 (
b1011111001 *
b11111111111111111111111111111000 )
#762
0-
1.
b111010 %
b111010 ,
b111010 (
b1011111010 *
b11111111111111111111111111111001 )
#763
1-
b111011 %
b111011 ,
b111011 (
b1011111011 *
b11111111111111111111111111111010 )
#764
0-
0.
0/
b111100 %
b111100 ,
b111100 (
b1011111100 *
b11111111111111111111111111111011 )
#765
1-
b111101 %
b111101 ,
b111101 (
b1011111101 *
b11111111111111111111111111111100 )
#766
0-
1.
b111110 %
b111110 ,
b111110 (
b1011111110 *
b11111111111111111111111111111101 )
#767
1-
b111111 %
b111111 ,
b111111 (
b1011111111 *
b11111111111111111111111111111110 )
#768
0D
0F
00
11
12
1?
0K
1:
1;
0<
b0 %
b0 ,
b1100 $
b1100 +
b1100 &
b0 (
b1100000000 *
b11111111111111111111111111111111 )
#769
0-
b1 %
b1 ,
b1 (
b1100000001 *
b0 )
b1100 '
#770
1-
0.
b10 %
b10 ,
b10 (
b1100000010 *
b1 )
#771
0-
b11 %
b11 ,
b11 (
b1100000011 *
b10 )
#772
1-
1.
1/
b100 %
b100 ,
b100 (
b1100000100 *
b11 )
#773
0-
b101 %
b101 ,
b101 (
b1100000101 *
b100 )
#774
1-
0.
b110 %
b110 ,
b110 (
b1100000110 *
b101 )
#775
0-
b111 %
b111 ,
b111 (
b1100000111 *
b110 )
#776
15
1-
1.
0/
10
b1000 %
b1000 ,
b1000 (
b1100001000 *
b111 )
#777
0-
b1001 %
b1001 ,
b1001 (
b1100001001 *
b1000 )
#778
1-
0.
b1010 %
b1010 ,
b1010 (
b1100001010 *
b1001 )
#779
0-
b1011 %
b1011 ,
b1011 (
b1100001011 *
b1010 )
#780
0"
17
1#
16
13
14
1-
1.
1/
b1100 %
b1100 ,
b1100 (
b1100001100 *
b1011 )
#781
0#
06
1!
18
1C
1D
1E
0-
1G
b1101 %
b1101 ,
b1101 (
b1100001101 *
b1100 )
#782
03
1-
0.
0G
1H
b1110 %
b1110 ,
b1110 (
b1100001110 *
b1101 )
#783
0-
b1111 %
b1111 ,
b1111 (
b1100001111 *
b1110 )
#784
04
05
0E
1F
1-
1.
0/
00
01
0H
1K
b10000 %
b10000 ,
b10000 (
b1100010000 *
b1111 )
#785
0-
b10001 %
b10001 ,
b10001 (
b1100010001 *
b10000 )
#786
1-
0.
b10010 %
b10010 ,
b10010 (
b1100010010 *
b10001 )
#787
0-
b10011 %
b10011 ,
b10011 (
b1100010011 *
b10010 )
#788
1-
1.
1/
b10100 %
b10100 ,
b10100 (
b1100010100 *
b10011 )
#789
0-
b10101 %
b10101 ,
b10101 (
b1100010101 *
b10100 )
#790
1-
0.
b10110 %
b10110 ,
b10110 (
b1100010110 *
b10101 )
#791
0-
b10111 %
b10111 ,
b10111 (
b1100010111 *
b10110 )
#792
1-
1.
0/
10
b11000 %
b11000 ,
b11000 (
b1100011000 *
b10111 )
#793
0-
b11001 %
b11001 ,
b11001 (
b1100011001 *
b11000 )
#794
1-
0.
b11010 %
b11010 ,
b11010 (
b1100011010 *
b11001 )
#795
0-
b11011 %
b11011 ,
b11011 (
b1100011011 *
b11010 )
#796
1-
1.
1/
b11100 %
b11100 ,
b11100 (
b1100011100 *
b11011 )
#797
0-
b11101 %
b11101 ,
b11101 (
b1100011101 *
b11100 )
#798
1-
0.
b11110 %
b11110 ,
b11110 (
b1100011110 *
b11101 )
#799
0-
b11111 %
b11111 ,
b11111 (
b1100011111 *
b11110 )
#800
1"
07
0!
08
0C
0D
0F
1-
1.
0/
00
11
02
0?
0K
b100000 %
b100000 ,
b100000 (
b1100100000 *
b11111 )
#801
0-
b100001 %
b100001 ,
b100001 (
b1100100001 *
b11111111111111111111111111100000 )
#802
1-
0.
b100010 %
b100010 ,
b100010 (
b1100100010 *
b11111111111111111111111111100001 )
#803
0-
b100011 %
b100011 ,
b100011 (
b1100100011 *
b11111111111111111111111111100010 )
#804
1-
1.
1/
b100100 %
b100100 ,
b100100 (
b1100100100 *
b11111111111111111111111111100011 )
#805
0-
b100101 %
b100101 ,
b100101 (
b1100100101 *
b11111111111111111111111111100100 )
#806
1-
0.
b100110 %
b100110 ,
b100110 (
b1100100110 *
b11111111111111111111111111100101 )
#807
0-
b100111 %
b100111 ,
b100111 (
b1100100111 *
b11111111111111111111111111100110 )
#808
15
1-
1.
0/
10
b101000 %
b101000 ,
b101000 (
b1100101000 *
b11111111111111111111111111100111 )
#809
0-
b101001 %
b101001 ,
b101001 (
b1100101001 *
b11111111111111111111111111101000 )
#810
1-
0.
b101010 %
b101010 ,
b101010 (
b1100101010 *
b11111111111111111111111111101001 )
#811
0-
b101011 %
b101011 ,
b101011 (
b1100101011 *
b11111111111111111111111111101010 )
#812
13
14
1-
1.
1/
b101100 %
b101100 ,
b101100 (
b1100101100 *
b11111111111111111111111111101011 )
#813
1D
1E
0-
1G
b101101 %
b101101 ,
b101101 (
b1100101101 *
b11111111111111111111111111101100 )
#814
03
1-
0.
0G
1H
b101110 %
b101110 ,
b101110 (
b1100101110 *
b11111111111111111111111111101101 )
#815
0-
b101111 %
b101111 ,
b101111 (
b1100101111 *
b11111111111111111111111111101110 )
#816
04
05
0E
1F
1-
1.
0/
00
01
0H
1K
b110000 %
b110000 ,
b110000 (
b1100110000 *
b11111111111111111111111111101111 )
#817
0-
b110001 %
b110001 ,
b110001 (
b1100110001 *
b11111111111111111111111111110000 )
#818
1-
0.
b110010 %
b110010 ,
b110010 (
b1100110010 *
b11111111111111111111111111110001 )
#819
0-
b110011 %
b110011 ,
b110011 (
b1100110011 *
b11111111111111111111111111110010 )
#820
1-
1.
1/
b110100 %
b110100 ,
b110100 (
b1100110100 *
b11111111111111111111111111110011 )
#821
0-
b110101 %
b110101 ,
b110101 (
b1100110101 *
b11111111111111111111111111110100 )
#822
1-
0.
b110110 %
b110110 ,
b110110 (
b1100110110 *
b11111111111111111111111111110101 )
#823
0-
b110111 %
b110111 ,
b110111 (
b1100110111 *
b11111111111111111111111111110110 )
#824
1-
1.
0/
10
b111000 %
b111000 ,
b111000 (
b1100111000 *
b11111111111111111111111111110111 )
#825
0-
b111001 %
b111001 ,
b111001 (
b1100111001 *
b11111111111111111111111111111000 )
#826
1-
0.
b111010 %
b111010 ,
b111010 (
b1100111010 *
b11111111111111111111111111111001 )
#827
0-
b111011 %
b111011 ,
b111011 (
b1100111011 *
b11111111111111111111111111111010 )
#828
1-
1.
1/
b111100 %
b111100 ,
b111100 (
b1100111100 *
b11111111111111111111111111111011 )
#829
0-
b111101 %
b111101 ,
b111101 (
b1100111101 *
b11111111111111111111111111111100 )
#830
1-
0.
b111110 %
b111110 ,
b111110 (
b1100111110 *
b11111111111111111111111111111101 )
#831
0-
b111111 %
b111111 ,
b111111 (
b1100111111 *
b11111111111111111111111111111110 )
#832
0D
0F
1.
0/
00
11
12
1?
0K
0:
b0 %
b0 ,
b1101 $
b1101 +
b1101 &
b0 (
b1101000000 *
b11111111111111111111111111111111 )
#833
1-
b1 %
b1 ,
b1 (
b1101000001 *
b0 )
b1101 '
#834
0-
0.
b10 %
b10 ,
b10 (
b1101000010 *
b1 )
#835
1-
b11 %
b11 ,
b11 (
b1101000011 *
b10 )
#836
0-
1.
1/
b100 %
b100 ,
b100 (
b1101000100 *
b11 )
#837
1-
b101 %
b101 ,
b101 (
b1101000101 *
b100 )
#838
0-
0.
b110 %
b110 ,
b110 (
b1101000110 *
b101 )
#839
1-
b111 %
b111 ,
b111 (
b1101000111 *
b110 )
#840
15
0-
1.
0/
10
b1000 %
b1000 ,
b1000 (
b1101001000 *
b111 )
#841
1-
b1001 %
b1001 ,
b1001 (
b1101001001 *
b1000 )
#842
0-
0.
b1010 %
b1010 ,
b1010 (
b1101001010 *
b1001 )
#843
1-
b1011 %
b1011 ,
b1011 (
b1101001011 *
b1010 )
#844
13
14
0-
1.
1/
b1100 %
b1100 ,
b1100 (
b1101001100 *
b1011 )
#845
0"
17
1#
16
1-
b1101 %
b1101 ,
b1101 (
b1101001101 *
b1100 )
#846
1!
18
0#
06
1C
1D
03
1E
0-
0.
1H
b1110 %
b1110 ,
b1110 (
b1101001110 *
b1101 )
#847
1-
b1111 %
b1111 ,
b1111 (
b1101001111 *
b1110 )
#848
04
05
0E
1F
0-
1.
0/
00
01
0H
1K
b10000 %
b10000 ,
b10000 (
b1101010000 *
b1111 )
#849
1-
b10001 %
b10001 ,
b10001 (
b1101010001 *
b10000 )
#850
0-
0.
b10010 %
b10010 ,
b10010 (
b1101010010 *
b10001 )
#851
1-
b10011 %
b10011 ,
b10011 (
b1101010011 *
b10010 )
#852
0-
1.
1/
b10100 %
b10100 ,
b10100 (
b1101010100 *
b10011 )
#853
1-
b10101 %
b10101 ,
b10101 (
b1101010101 *
b10100 )
#854
0-
0.
b10110 %
b10110 ,
b10110 (
b1101010110 *
b10101 )
#855
1-
b10111 %
b10111 ,
b10111 (
b1101010111 *
b10110 )
#856
0-
1.
0/
10
b11000 %
b11000 ,
b11000 (
b1101011000 *
b10111 )
#857
1-
b11001 %
b11001 ,
b11001 (
b1101011001 *
b11000 )
#858
0-
0.
b11010 %
b11010 ,
b11010 (
b1101011010 *
b11001 )
#859
1-
b11011 %
b11011 ,
b11011 (
b1101011011 *
b11010 )
#860
0-
1.
1/
b11100 %
b11100 ,
b11100 (
b1101011100 *
b11011 )
#861
1-
b11101 %
b11101 ,
b11101 (
b1101011101 *
b11100 )
#862
0-
0.
b11110 %
b11110 ,
b11110 (
b1101011110 *
b11101 )
#863
1-
b11111 %
b11111 ,
b11111 (
b1101011111 *
b11110 )
#864
1"
07
0!
08
0C
0D
0F
0-
1.
0/
00
11
02
0?
0K
b100000 %
b100000 ,
b100000 (
b1101100000 *
b11111 )
#865
1-
b100001 %
b100001 ,
b100001 (
b1101100001 *
b11111111111111111111111111100000 )
#866
0-
0.
b100010 %
b100010 ,
b100010 (
b1101100010 *
b11111111111111111111111111100001 )
#867
1-
b100011 %
b100011 ,
b100011 (
b1101100011 *
b11111111111111111111111111100010 )
#868
0-
1.
1/
b100100 %
b100100 ,
b100100 (
b1101100100 *
b11111111111111111111111111100011 )
#869
1-
b100101 %
b100101 ,
b100101 (
b1101100101 *
b11111111111111111111111111100100 )
#870
0-
0.
b100110 %
b100110 ,
b100110 (
b1101100110 *
b11111111111111111111111111100101 )
#871
1-
b100111 %
b100111 ,
b100111 (
b1101100111 *
b11111111111111111111111111100110 )
#872
15
0-
1.
0/
10
b101000 %
b101000 ,
b101000 (
b1101101000 *
b11111111111111111111111111100111 )
#873
1-
b101001 %
b101001 ,
b101001 (
b1101101001 *
b11111111111111111111111111101000 )
#874
0-
0.
b101010 %
b101010 ,
b101010 (
b1101101010 *
b11111111111111111111111111101001 )
#875
1-
b101011 %
b101011 ,
b101011 (
b1101101011 *
b11111111111111111111111111101010 )
#876
13
14
0-
1.
1/
b101100 %
b101100 ,
b101100 (
b1101101100 *
b11111111111111111111111111101011 )
#877
1-
b101101 %
b101101 ,
b101101 (
b1101101101 *
b11111111111111111111111111101100 )
#878
1D
03
1E
0-
0.
1H
b101110 %
b101110 ,
b101110 (
b1101101110 *
b11111111111111111111111111101101 )
#879
1-
b101111 %
b101111 ,
b101111 (
b1101101111 *
b11111111111111111111111111101110 )
#880
04
05
0E
1F
0-
1.
0/
00
01
0H
1K
b110000 %
b110000 ,
b110000 (
b1101110000 *
b11111111111111111111111111101111 )
#881
1-
b110001 %
b110001 ,
b110001 (
b1101110001 *
b11111111111111111111111111110000 )
#882
0-
0.
b110010 %
b110010 ,
b110010 (
b1101110010 *
b11111111111111111111111111110001 )
#883
1-
b110011 %
b110011 ,
b110011 (
b1101110011 *
b11111111111111111111111111110010 )
#884
0-
1.
1/
b110100 %
b110100 ,
b110100 (
b1101110100 *
b11111111111111111111111111110011 )
#885
1-
b110101 %
b110101 ,
b110101 (
b1101110101 *
b11111111111111111111111111110100 )
#886
0-
0.
b110110 %
b110110 ,
b110110 (
b1101110110 *
b11111111111111111111111111110101 )
#887
1-
b110111 %
b110111 ,
b110111 (
b1101110111 *
b11111111111111111111111111110110 )
#888
0-
1.
0/
10
b111000 %
b111000 ,
b111000 (
b1101111000 *
b11111111111111111111111111110111 )
#889
1-
b111001 %
b111001 ,
b111001 (
b1101111001 *
b11111111111111111111111111111000 )
#890
0-
0.
b111010 %
b111010 ,
b111010 (
b1101111010 *
b11111111111111111111111111111001 )
#891
1-
b111011 %
b111011 ,
b111011 (
b1101111011 *
b11111111111111111111111111111010 )
#892
0-
1.
1/
b111100 %
b111100 ,
b111100 (
b1101111100 *
b11111111111111111111111111111011 )
#893
1-
b111101 %
b111101 ,
b111101 (
b1101111101 *
b11111111111111111111111111111100 )
#894
0-
0.
b111110 %
b111110 ,
b111110 (
b1101111110 *
b11111111111111111111111111111101 )
#895
1-
b111111 %
b111111 ,
b111111 (
b1101111111 *
b11111111111111111111111111111110 )
#896
0D
0F
0/
00
11
12
1?
0K
1:
0;
b0 %
b0 ,
b1110 $
b1110 +
b1110 &
b0 (
b1110000000 *
b11111111111111111111111111111111 )
#897
0-
b1 %
b1 ,
b1 (
b1110000001 *
b0 )
b1110 '
#898
1-
1.
b10 %
b10 ,
b10 (
b1110000010 *
b1 )
#899
0-
b11 %
b11 ,
b11 (
b1110000011 *
b10 )
#900
1-
0.
1/
b100 %
b100 ,
b100 (
b1110000100 *
b11 )
#901
0-
b101 %
b101 ,
b101 (
b1110000101 *
b100 )
#902
1-
1.
b110 %
b110 ,
b110 (
b1110000110 *
b101 )
#903
0-
b111 %
b111 ,
b111 (
b1110000111 *
b110 )
#904
15
1-
0.
0/
10
b1000 %
b1000 ,
b1000 (
b1110001000 *
b111 )
#905
0-
b1001 %
b1001 ,
b1001 (
b1110001001 *
b1000 )
#906
1-
1.
b1010 %
b1010 ,
b1010 (
b1110001010 *
b1001 )
#907
0-
b1011 %
b1011 ,
b1011 (
b1110001011 *
b1010 )
#908
14
1-
0.
1/
b1100 %
b1100 ,
b1100 (
b1110001100 *
b1011 )
#909
0-
b1101 %
b1101 ,
b1101 (
b1110001101 *
b1100 )
#910
0"
17
1#
16
13
1-
1.
b1110 %
b1110 ,
b1110 (
b1110001110 *
b1101 )
#911
0#
06
1!
18
1C
1D
1E
0-
1G
b1111 %
b1111 ,
b1111 (
b1110001111 *
b1110 )
#912
03
04
05
0E
1F
1-
0.
0/
00
01
0G
1K
b10000 %
b10000 ,
b10000 (
b1110010000 *
b1111 )
#913
0-
b10001 %
b10001 ,
b10001 (
b1110010001 *
b10000 )
#914
1-
1.
b10010 %
b10010 ,
b10010 (
b1110010010 *
b10001 )
#915
0-
b10011 %
b10011 ,
b10011 (
b1110010011 *
b10010 )
#916
1-
0.
1/
b10100 %
b10100 ,
b10100 (
b1110010100 *
b10011 )
#917
0-
b10101 %
b10101 ,
b10101 (
b1110010101 *
b10100 )
#918
1-
1.
b10110 %
b10110 ,
b10110 (
b1110010110 *
b10101 )
#919
0-
b10111 %
b10111 ,
b10111 (
b1110010111 *
b10110 )
#920
1-
0.
0/
10
b11000 %
b11000 ,
b11000 (
b1110011000 *
b10111 )
#921
0-
b11001 %
b11001 ,
b11001 (
b1110011001 *
b11000 )
#922
1-
1.
b11010 %
b11010 ,
b11010 (
b1110011010 *
b11001 )
#923
0-
b11011 %
b11011 ,
b11011 (
b1110011011 *
b11010 )
#924
1-
0.
1/
b11100 %
b11100 ,
b11100 (
b1110011100 *
b11011 )
#925
0-
b11101 %
b11101 ,
b11101 (
b1110011101 *
b11100 )
#926
1-
1.
b11110 %
b11110 ,
b11110 (
b1110011110 *
b11101 )
#927
0-
b11111 %
b11111 ,
b11111 (
b1110011111 *
b11110 )
#928
1"
07
0!
08
0C
0D
0F
1-
0.
0/
00
11
02
0?
0K
b100000 %
b100000 ,
b100000 (
b1110100000 *
b11111 )
#929
0-
b100001 %
b100001 ,
b100001 (
b1110100001 *
b11111111111111111111111111100000 )
#930
1-
1.
b100010 %
b100010 ,
b100010 (
b1110100010 *
b11111111111111111111111111100001 )
#931
0-
b100011 %
b100011 ,
b100011 (
b1110100011 *
b11111111111111111111111111100010 )
#932
1-
0.
1/
b100100 %
b100100 ,
b100100 (
b1110100100 *
b11111111111111111111111111100011 )
#933
0-
b100101 %
b100101 ,
b100101 (
b1110100101 *
b11111111111111111111111111100100 )
#934
1-
1.
b100110 %
b100110 ,
b100110 (
b1110100110 *
b11111111111111111111111111100101 )
#935
0-
b100111 %
b100111 ,
b100111 (
b1110100111 *
b11111111111111111111111111100110 )
#936
15
1-
0.
0/
10
b101000 %
b101000 ,
b101000 (
b1110101000 *
b11111111111111111111111111100111 )
#937
0-
b101001 %
b101001 ,
b101001 (
b1110101001 *
b11111111111111111111111111101000 )
#938
1-
1.
b101010 %
b101010 ,
b101010 (
b1110101010 *
b11111111111111111111111111101001 )
#939
0-
b101011 %
b101011 ,
b101011 (
b1110101011 *
b11111111111111111111111111101010 )
#940
14
1-
0.
1/
b101100 %
b101100 ,
b101100 (
b1110101100 *
b11111111111111111111111111101011 )
#941
0-
b101101 %
b101101 ,
b101101 (
b1110101101 *
b11111111111111111111111111101100 )
#942
13
1-
1.
b101110 %
b101110 ,
b101110 (
b1110101110 *
b11111111111111111111111111101101 )
#943
1D
1E
0-
1G
b101111 %
b101111 ,
b101111 (
b1110101111 *
b11111111111111111111111111101110 )
#944
03
04
05
0E
1F
1-
0.
0/
00
01
0G
1K
b110000 %
b110000 ,
b110000 (
b1110110000 *
b11111111111111111111111111101111 )
#945
0-
b110001 %
b110001 ,
b110001 (
b1110110001 *
b11111111111111111111111111110000 )
#946
1-
1.
b110010 %
b110010 ,
b110010 (
b1110110010 *
b11111111111111111111111111110001 )
#947
0-
b110011 %
b110011 ,
b110011 (
b1110110011 *
b11111111111111111111111111110010 )
#948
1-
0.
1/
b110100 %
b110100 ,
b110100 (
b1110110100 *
b11111111111111111111111111110011 )
#949
0-
b110101 %
b110101 ,
b110101 (
b1110110101 *
b11111111111111111111111111110100 )
#950
1-
1.
b110110 %
b110110 ,
b110110 (
b1110110110 *
b11111111111111111111111111110101 )
#951
0-
b110111 %
b110111 ,
b110111 (
b1110110111 *
b11111111111111111111111111110110 )
#952
1-
0.
0/
10
b111000 %
b111000 ,
b111000 (
b1110111000 *
b11111111111111111111111111110111 )
#953
0-
b111001 %
b111001 ,
b111001 (
b1110111001 *
b11111111111111111111111111111000 )
#954
1-
1.
b111010 %
b111010 ,
b111010 (
b1110111010 *
b11111111111111111111111111111001 )
#955
0-
b111011 %
b111011 ,
b111011 (
b1110111011 *
b11111111111111111111111111111010 )
#956
1-
0.
1/
b111100 %
b111100 ,
b111100 (
b1110111100 *
b11111111111111111111111111111011 )
#957
0-
b111101 %
b111101 ,
b111101 (
b1110111101 *
b11111111111111111111111111111100 )
#958
1-
1.
b111110 %
b111110 ,
b111110 (
b1110111110 *
b11111111111111111111111111111101 )
#959
0-
b111111 %
b111111 ,
b111111 (
b1110111111 *
b11111111111111111111111111111110 )
#960
0D
0F
0.
0/
00
11
12
1?
0K
0:
b0 %
b0 ,
b1111 $
b1111 +
b1111 &
b0 (
b1111000000 *
b11111111111111111111111111111111 )
#961
1-
b1 %
b1 ,
b1 (
b1111000001 *
b0 )
b1111 '
#962
0-
1.
b10 %
b10 ,
b10 (
b1111000010 *
b1 )
#963
1-
b11 %
b11 ,
b11 (
b1111000011 *
b10 )
#964
0-
0.
1/
b100 %
b100 ,
b100 (
b1111000100 *
b11 )
#965
1-
b101 %
b101 ,
b101 (
b1111000101 *
b100 )
#966
0-
1.
b110 %
b110 ,
b110 (
b1111000110 *
b101 )
#967
1-
b111 %
b111 ,
b111 (
b1111000111 *
b110 )
#968
1"
07
0#
06
15
0-
0.
0/
10
b1000 %
b1000 ,
b1000 (
b1111001000 *
b111 )
#969
1-
b1001 %
b1001 ,
b1001 (
b1111001001 *
b1000 )
#970
0-
1.
b1010 %
b1010 ,
b1010 (
b1111001010 *
b1001 )
#971
1-
b1011 %
b1011 ,
b1011 (
b1111001011 *
b1010 )
#972
14
0-
0.
1/
b1100 %
b1100 ,
b1100 (
b1111001100 *
b1011 )
#973
1-
b1101 %
b1101 ,
b1101 (
b1111001101 *
b1100 )
#974
1"
07
0#
06
13
0-
1.
b1110 %
b1110 ,
b1110 (
b1111001110 *
b1101 )
#975
0"
17
1#
16
1-
b1111 %
b1111 ,
b1111 (
b1111001111 *
b1110 )
#976
1!
18
0"
17
1C
0#
06
1D
03
04
05
1F
0-
0.
0/
00
01
1K
b10000 %
b10000 ,
b10000 (
b1111010000 *
b1111 )
#977
1-
b10001 %
b10001 ,
b10001 (
b1111010001 *
b10000 )
#978
0-
1.
b10010 %
b10010 ,
b10010 (
b1111010010 *
b10001 )
#979
1-
b10011 %
b10011 ,
b10011 (
b1111010011 *
b10010 )
#980
0-
0.
1/
b10100 %
b10100 ,
b10100 (
b1111010100 *
b10011 )
#981
1-
b10101 %
b10101 ,
b10101 (
b1111010101 *
b10100 )
#982
0-
1.
b10110 %
b10110 ,
b10110 (
b1111010110 *
b10101 )
#983
1-
b10111 %
b10111 ,
b10111 (
b1111010111 *
b10110 )
#984
0-
0.
0/
10
b11000 %
b11000 ,
b11000 (
b1111011000 *
b10111 )
#985
1-
b11001 %
b11001 ,
b11001 (
b1111011001 *
b11000 )
#986
0-
1.
b11010 %
b11010 ,
b11010 (
b1111011010 *
b11001 )
#987
1-
b11011 %
b11011 ,
b11011 (
b1111011011 *
b11010 )
#988
0-
0.
1/
b11100 %
b11100 ,
b11100 (
b1111011100 *
b11011 )
#989
1-
b11101 %
b11101 ,
b11101 (
b1111011101 *
b11100 )
#990
0-
1.
b11110 %
b11110 ,
b11110 (
b1111011110 *
b11101 )
#991
1-
b11111 %
b11111 ,
b11111 (
b1111011111 *
b11110 )
#992
1"
07
0!
08
0C
0D
0F
0-
0.
0/
00
11
02
0?
0K
b100000 %
b100000 ,
b100000 (
b1111100000 *
b11111 )
#993
1-
b100001 %
b100001 ,
b100001 (
b1111100001 *
b11111111111111111111111111100000 )
#994
0-
1.
b100010 %
b100010 ,
b100010 (
b1111100010 *
b11111111111111111111111111100001 )
#995
1-
b100011 %
b100011 ,
b100011 (
b1111100011 *
b11111111111111111111111111100010 )
#996
0-
0.
1/
b100100 %
b100100 ,
b100100 (
b1111100100 *
b11111111111111111111111111100011 )
#997
1-
b100101 %
b100101 ,
b100101 (
b1111100101 *
b11111111111111111111111111100100 )
#998
0-
1.
b100110 %
b100110 ,
b100110 (
b1111100110 *
b11111111111111111111111111100101 )
#999
1-
b100111 %
b100111 ,
b100111 (
b1111100111 *
b11111111111111111111111111100110 )
#1000
15
0-
0.
0/
10
b101000 %
b101000 ,
b101000 (
b1111101000 *
b11111111111111111111111111100111 )
#1001
1-
b101001 %
b101001 ,
b101001 (
b1111101001 *
b11111111111111111111111111101000 )
#1002
0-
1.
b101010 %
b101010 ,
b101010 (
b1111101010 *
b11111111111111111111111111101001 )
#1003
1-
b101011 %
b101011 ,
b101011 (
b1111101011 *
b11111111111111111111111111101010 )
#1004
14
0-
0.
1/
b101100 %
b101100 ,
b101100 (
b1111101100 *
b11111111111111111111111111101011 )
#1005
1-
b101101 %
b101101 ,
b101101 (
b1111101101 *
b11111111111111111111111111101100 )
#1006
13
0-
1.
b101110 %
b101110 ,
b101110 (
b1111101110 *
b11111111111111111111111111101101 )
#1007
1-
b101111 %
b101111 ,
b101111 (
b1111101111 *
b11111111111111111111111111101110 )
#1008
1D
03
04
05
1F
0-
0.
0/
00
01
1K
b110000 %
b110000 ,
b110000 (
b1111110000 *
b11111111111111111111111111101111 )
#1009
1-
b110001 %
b110001 ,
b110001 (
b1111110001 *
b11111111111111111111111111110000 )
#1010
0-
1.
b110010 %
b110010 ,
b110010 (
b1111110010 *
b11111111111111111111111111110001 )
#1011
1-
b110011 %
b110011 ,
b110011 (
b1111110011 *
b11111111111111111111111111110010 )
#1012
0-
0.
1/
b110100 %
b110100 ,
b110100 (
b1111110100 *
b11111111111111111111111111110011 )
#1013
1-
b110101 %
b110101 ,
b110101 (
b1111110101 *
b11111111111111111111111111110100 )
#1014
0-
1.
b110110 %
b110110 ,
b110110 (
b1111110110 *
b11111111111111111111111111110101 )
#1015
1-
b110111 %
b110111 ,
b110111 (
b1111110111 *
b11111111111111111111111111110110 )
#1016
0-
0.
0/
10
b111000 %
b111000 ,
b111000 (
b1111111000 *
b11111111111111111111111111110111 )
#1017
1-
b111001 %
b111001 ,
b111001 (
b1111111001 *
b11111111111111111111111111111000 )
#1018
0-
1.
b111010 %
b111010 ,
b111010 (
b1111111010 *
b11111111111111111111111111111001 )
#1019
1-
b111011 %
b111011 ,
b111011 (
b1111111011 *
b11111111111111111111111111111010 )
#1020
0-
0.
1/
b111100 %
b111100 ,
b111100 (
b1111111100 *
b11111111111111111111111111111011 )
#1021
1-
b111101 %
b111101 ,
b111101 (
b1111111101 *
b11111111111111111111111111111100 )
#1022
0-
1.
b111110 %
b111110 ,
b111110 (
b1111111110 *
b11111111111111111111111111111101 )
#1023
1-
b111111 %
b111111 ,
b111111 (
b1111111111 *
b11111111111111111111111111111110 )
#1024
0D
0F
12
1?
0K
1:
1;
1<
1=
0>
b0 %
b0 ,
b10000 $
b10000 +
b10000 &
b0 (
b10000000000 *
b11111111111111111111111111111111 )
#1025
0-
b1 %
b1 ,
b1 (
b10000000001 *
b0 )
b10000 '
#1026
1-
0.
b10 %
b10 ,
b10 (
b10000000010 *
b1 )
#1027
0-
b11 %
b11 ,
b11 (
b10000000011 *
b10 )
#1028
1-
1.
0/
b100 %
b100 ,
b100 (
b10000000100 *
b11 )
#1029
0-
b101 %
b101 ,
b101 (
b10000000101 *
b100 )
#1030
1-
0.
b110 %
b110 ,
b110 (
b10000000110 *
b101 )
#1031
0-
b111 %
b111 ,
b111 (
b10000000111 *
b110 )
#1032
1-
1.
1/
00
b1000 %
b1000 ,
b1000 (
b10000001000 *
b111 )
#1033
0-
b1001 %
b1001 ,
b1001 (
b10000001001 *
b1000 )
#1034
1-
0.
b1010 %
b1010 ,
b1010 (
b10000001010 *
b1001 )
#1035
0-
b1011 %
b1011 ,
b1011 (
b10000001011 *
b1010 )
#1036
1-
1.
0/
b1100 %
b1100 ,
b1100 (
b10000001100 *
b1011 )
#1037
0-
b1101 %
b1101 ,
b1101 (
b10000001101 *
b1100 )
#1038
1-
0.
b1110 %
b1110 ,
b1110 (
b10000001110 *
b1101 )
#1039
0-
b1111 %
b1111 ,
b1111 (
b10000001111 *
b1110 )
#1040
0"
17
1#
16
13
14
15
1-
1.
1/
10
11
b10000 %
b10000 ,
b10000 (
b10000010000 *
b1111 )
#1041
0#
06
1!
18
1C
1D
1E
0-
1G
b10001 %
b10001 ,
b10001 (
b10000010001 *
b10000 )
#1042
03
1-
0.
0G
1H
b10010 %
b10010 ,
b10010 (
b10000010010 *
b10001 )
#1043
0-
b10011 %
b10011 ,
b10011 (
b10000010011 *
b10010 )
#1044
1F
04
0E
1-
1.
0/
0H
1I
b10100 %
b10100 ,
b10100 (
b10000010100 *
b10011 )
#1045
0-
b10101 %
b10101 ,
b10101 (
b10000010101 *
b10100 )
#1046
1-
0.
b10110 %
b10110 ,
b10110 (
b10000010110 *
b10101 )
#1047
0-
b10111 %
b10111 ,
b10111 (
b10000010111 *
b10110 )
#1048
05
1-
1.
1/
00
0I
1J
b11000 %
b11000 ,
b11000 (
b10000011000 *
b10111 )
#1049
0-
b11001 %
b11001 ,
b11001 (
b10000011001 *
b11000 )
#1050
1-
0.
b11010 %
b11010 ,
b11010 (
b10000011010 *
b11001 )
#1051
0-
b11011 %
b11011 ,
b11011 (
b10000011011 *
b11010 )
#1052
1-
1.
0/
b11100 %
b11100 ,
b11100 (
b10000011100 *
b11011 )
#1053
0-
b11101 %
b11101 ,
b11101 (
b10000011101 *
b11100 )
#1054
1-
0.
b11110 %
b11110 ,
b11110 (
b10000011110 *
b11101 )
#1055
0-
b11111 %
b11111 ,
b11111 (
b10000011111 *
b11110 )
#1056
1"
07
0!
08
0D
0C
0F
1-
1.
1/
10
01
02
0?
0J
b100000 %
b100000 ,
b100000 (
b10000100000 *
b11111 )
#1057
0-
b100001 %
b100001 ,
b100001 (
b10000100001 *
b11111111111111111111111111100000 )
#1058
1-
0.
b100010 %
b100010 ,
b100010 (
b10000100010 *
b11111111111111111111111111100001 )
#1059
0-
b100011 %
b100011 ,
b100011 (
b10000100011 *
b11111111111111111111111111100010 )
#1060
1-
1.
0/
b100100 %
b100100 ,
b100100 (
b10000100100 *
b11111111111111111111111111100011 )
#1061
0-
b100101 %
b100101 ,
b100101 (
b10000100101 *
b11111111111111111111111111100100 )
#1062
1-
0.
b100110 %
b100110 ,
b100110 (
b10000100110 *
b11111111111111111111111111100101 )
#1063
0-
b100111 %
b100111 ,
b100111 (
b10000100111 *
b11111111111111111111111111100110 )
#1064
1-
1.
1/
00
b101000 %
b101000 ,
b101000 (
b10000101000 *
b11111111111111111111111111100111 )
#1065
0-
b101001 %
b101001 ,
b101001 (
b10000101001 *
b11111111111111111111111111101000 )
#1066
1-
0.
b101010 %
b101010 ,
b101010 (
b10000101010 *
b11111111111111111111111111101001 )
#1067
0-
b101011 %
b101011 ,
b101011 (
b10000101011 *
b11111111111111111111111111101010 )
#1068
1-
1.
0/
b101100 %
b101100 ,
b101100 (
b10000101100 *
b11111111111111111111111111101011 )
#1069
0-
b101101 %
b101101 ,
b101101 (
b10000101101 *
b11111111111111111111111111101100 )
#1070
1-
0.
b101110 %
b101110 ,
b101110 (
b10000101110 *
b11111111111111111111111111101101 )
#1071
0-
b101111 %
b101111 ,
b101111 (
b10000101111 *
b11111111111111111111111111101110 )
#1072
13
14
15
1-
1.
1/
10
11
b110000 %
b110000 ,
b110000 (
b10000110000 *
b11111111111111111111111111101111 )
#1073
1D
1E
0-
1G
b110001 %
b110001 ,
b110001 (
b10000110001 *
b11111111111111111111111111110000 )
#1074
03
1-
0.
0G
1H
b110010 %
b110010 ,
b110010 (
b10000110010 *
b11111111111111111111111111110001 )
#1075
0-
b110011 %
b110011 ,
b110011 (
b10000110011 *
b11111111111111111111111111110010 )
#1076
1F
04
0E
1-
1.
0/
0H
1I
b110100 %
b110100 ,
b110100 (
b10000110100 *
b11111111111111111111111111110011 )
#1077
0-
b110101 %
b110101 ,
b110101 (
b10000110101 *
b11111111111111111111111111110100 )
#1078
1-
0.
b110110 %
b110110 ,
b110110 (
b10000110110 *
b11111111111111111111111111110101 )
#1079
0-
b110111 %
b110111 ,
b110111 (
b10000110111 *
b11111111111111111111111111110110 )
#1080
05
1-
1.
1/
00
0I
1J
b111000 %
b111000 ,
b111000 (
b10000111000 *
b11111111111111111111111111110111 )
#1081
0-
b111001 %
b111001 ,
b111001 (
b10000111001 *
b11111111111111111111111111111000 )
#1082
1-
0.
b111010 %
b111010 ,
b111010 (
b10000111010 *
b11111111111111111111111111111001 )
#1083
0-
b111011 %
b111011 ,
b111011 (
b10000111011 *
b11111111111111111111111111111010 )
#1084
1-
1.
0/
b111100 %
b111100 ,
b111100 (
b10000111100 *
b11111111111111111111111111111011 )
#1085
0-
b111101 %
b111101 ,
b111101 (
b10000111101 *
b11111111111111111111111111111100 )
#1086
1-
0.
b111110 %
b111110 ,
b111110 (
b10000111110 *
b11111111111111111111111111111101 )
#1087
0-
b111111 %
b111111 ,
b111111 (
b10000111111 *
b11111111111111111111111111111110 )
#1088
1"
07
0!
08
0D
0C
0F
1.
1/
10
01
12
1?
0J
0:
b0 %
b0 ,
b10001 $
b10001 +
b10001 &
b0 (
b10001000000 *
b11111111111111111111111111111111 )
#1089
1-
b1 %
b1 ,
b1 (
b10001000001 *
b0 )
b10001 '
#1090
0-
0.
b10 %
b10 ,
b10 (
b10001000010 *
b1 )
#1091
1-
b11 %
b11 ,
b11 (
b10001000011 *
b10 )
#1092
0-
1.
0/
b100 %
b100 ,
b100 (
b10001000100 *
b11 )
#1093
1-
b101 %
b101 ,
b101 (
b10001000101 *
b100 )
#1094
0-
0.
b110 %
b110 ,
b110 (
b10001000110 *
b101 )
#1095
1-
b111 %
b111 ,
b111 (
b10001000111 *
b110 )
#1096
0-
1.
1/
00
b1000 %
b1000 ,
b1000 (
b10001001000 *
b111 )
#1097
1-
b1001 %
b1001 ,
b1001 (
b10001001001 *
b1000 )
#1098
0-
0.
b1010 %
b1010 ,
b1010 (
b10001001010 *
b1001 )
#1099
1-
b1011 %
b1011 ,
b1011 (
b10001001011 *
b1010 )
#1100
0-
1.
0/
b1100 %
b1100 ,
b1100 (
b10001001100 *
b1011 )
#1101
1-
b1101 %
b1101 ,
b1101 (
b10001001101 *
b1100 )
#1102
0-
0.
b1110 %
b1110 ,
b1110 (
b10001001110 *
b1101 )
#1103
1-
b1111 %
b1111 ,
b1111 (
b10001001111 *
b1110 )
#1104
13
14
15
0-
1.
1/
10
11
b10000 %
b10000 ,
b10000 (
b10001010000 *
b1111 )
#1105
0"
17
1#
16
1-
b10001 %
b10001 ,
b10001 (
b10001010001 *
b10000 )
#1106
1!
18
0#
06
1C
1D
03
1E
0-
0.
1H
b10010 %
b10010 ,
b10010 (
b10001010010 *
b10001 )
#1107
1-
b10011 %
b10011 ,
b10011 (
b10001010011 *
b10010 )
#1108
1F
04
0E
0-
1.
0/
0H
1I
b10100 %
b10100 ,
b10100 (
b10001010100 *
b10011 )
#1109
1-
b10101 %
b10101 ,
b10101 (
b10001010101 *
b10100 )
#1110
0-
0.
b10110 %
b10110 ,
b10110 (
b10001010110 *
b10101 )
#1111
1-
b10111 %
b10111 ,
b10111 (
b10001010111 *
b10110 )
#1112
05
0-
1.
1/
00
0I
1J
b11000 %
b11000 ,
b11000 (
b10001011000 *
b10111 )
#1113
1-
b11001 %
b11001 ,
b11001 (
b10001011001 *
b11000 )
#1114
0-
0.
b11010 %
b11010 ,
b11010 (
b10001011010 *
b11001 )
#1115
1-
b11011 %
b11011 ,
b11011 (
b10001011011 *
b11010 )
#1116
0-
1.
0/
b11100 %
b11100 ,
b11100 (
b10001011100 *
b11011 )
#1117
1-
b11101 %
b11101 ,
b11101 (
b10001011101 *
b11100 )
#1118
0-
0.
b11110 %
b11110 ,
b11110 (
b10001011110 *
b11101 )
#1119
1-
b11111 %
b11111 ,
b11111 (
b10001011111 *
b11110 )
#1120
1"
07
0!
08
0D
0C
0F
0-
1.
1/
10
01
02
0?
0J
b100000 %
b100000 ,
b100000 (
b10001100000 *
b11111 )
#1121
1-
b100001 %
b100001 ,
b100001 (
b10001100001 *
b11111111111111111111111111100000 )
#1122
0-
0.
b100010 %
b100010 ,
b100010 (
b10001100010 *
b11111111111111111111111111100001 )
#1123
1-
b100011 %
b100011 ,
b100011 (
b10001100011 *
b11111111111111111111111111100010 )
#1124
0-
1.
0/
b100100 %
b100100 ,
b100100 (
b10001100100 *
b11111111111111111111111111100011 )
#1125
1-
b100101 %
b100101 ,
b100101 (
b10001100101 *
b11111111111111111111111111100100 )
#1126
0-
0.
b100110 %
b100110 ,
b100110 (
b10001100110 *
b11111111111111111111111111100101 )
#1127
1-
b100111 %
b100111 ,
b100111 (
b10001100111 *
b11111111111111111111111111100110 )
#1128
0-
1.
1/
00
b101000 %
b101000 ,
b101000 (
b10001101000 *
b11111111111111111111111111100111 )
#1129
1-
b101001 %
b101001 ,
b101001 (
b10001101001 *
b11111111111111111111111111101000 )
#1130
0-
0.
b101010 %
b101010 ,
b101010 (
b10001101010 *
b11111111111111111111111111101001 )
#1131
1-
b101011 %
b101011 ,
b101011 (
b10001101011 *
b11111111111111111111111111101010 )
#1132
0-
1.
0/
b101100 %
b101100 ,
b101100 (
b10001101100 *
b11111111111111111111111111101011 )
#1133
1-
b101101 %
b101101 ,
b101101 (
b10001101101 *
b11111111111111111111111111101100 )
#1134
0-
0.
b101110 %
b101110 ,
b101110 (
b10001101110 *
b11111111111111111111111111101101 )
#1135
1-
b101111 %
b101111 ,
b101111 (
b10001101111 *
b11111111111111111111111111101110 )
#1136
13
14
15
0-
1.
1/
10
11
b110000 %
b110000 ,
b110000 (
b10001110000 *
b11111111111111111111111111101111 )
#1137
1-
b110001 %
b110001 ,
b110001 (
b10001110001 *
b11111111111111111111111111110000 )
#1138
1D
03
1E
0-
0.
1H
b110010 %
b110010 ,
b110010 (
b10001110010 *
b11111111111111111111111111110001 )
#1139
1-
b110011 %
b110011 ,
b110011 (
b10001110011 *
b11111111111111111111111111110010 )
#1140
1F
04
0E
0-
1.
0/
0H
1I
b110100 %
b110100 ,
b110100 (
b10001110100 *
b11111111111111111111111111110011 )
#1141
1-
b110101 %
b110101 ,
b110101 (
b10001110101 *
b11111111111111111111111111110100 )
#1142
0-
0.
b110110 %
b110110 ,
b110110 (
b10001110110 *
b11111111111111111111111111110101 )
#1143
1-
b110111 %
b110111 ,
b110111 (
b10001110111 *
b11111111111111111111111111110110 )
#1144
05
0-
1.
1/
00
0I
1J
b111000 %
b111000 ,
b111000 (
b10001111000 *
b11111111111111111111111111110111 )
#1145
1-
b111001 %
b111001 ,
b111001 (
b10001111001 *
b11111111111111111111111111111000 )
#1146
0-
0.
b111010 %
b111010 ,
b111010 (
b10001111010 *
b11111111111111111111111111111001 )
#1147
1-
b111011 %
b111011 ,
b111011 (
b10001111011 *
b11111111111111111111111111111010 )
#1148
0-
1.
0/
b111100 %
b111100 ,
b111100 (
b10001111100 *
b11111111111111111111111111111011 )
#1149
1-
b111101 %
b111101 ,
b111101 (
b10001111101 *
b11111111111111111111111111111100 )
#1150
0-
0.
b111110 %
b111110 ,
b111110 (
b10001111110 *
b11111111111111111111111111111101 )
#1151
1-
b111111 %
b111111 ,
b111111 (
b10001111111 *
b11111111111111111111111111111110 )
#1152
1"
07
0!
08
0D
0C
0F
1/
10
01
12
1?
0J
1:
0;
b0 %
b0 ,
b10010 $
b10010 +
b10010 &
b0 (
b10010000000 *
b11111111111111111111111111111111 )
#1153
0-
b1 %
b1 ,
b1 (
b10010000001 *
b0 )
b10010 '
#1154
1-
1.
b10 %
b10 ,
b10 (
b10010000010 *
b1 )
#1155
0-
b11 %
b11 ,
b11 (
b10010000011 *
b10 )
#1156
1-
0.
0/
b100 %
b100 ,
b100 (
b10010000100 *
b11 )
#1157
0-
b101 %
b101 ,
b101 (
b10010000101 *
b100 )
#1158
1-
1.
b110 %
b110 ,
b110 (
b10010000110 *
b101 )
#1159
0-
b111 %
b111 ,
b111 (
b10010000111 *
b110 )
#1160
1-
0.
1/
00
b1000 %
b1000 ,
b1000 (
b10010001000 *
b111 )
#1161
0-
b1001 %
b1001 ,
b1001 (
b10010001001 *
b1000 )
#1162
1-
1.
b1010 %
b1010 ,
b1010 (
b10010001010 *
b1001 )
#1163
0-
b1011 %
b1011 ,
b1011 (
b10010001011 *
b1010 )
#1164
1-
0.
0/
b1100 %
b1100 ,
b1100 (
b10010001100 *
b1011 )
#1165
0-
b1101 %
b1101 ,
b1101 (
b10010001101 *
b1100 )
#1166
1-
1.
b1110 %
b1110 ,
b1110 (
b10010001110 *
b1101 )
#1167
0-
b1111 %
b1111 ,
b1111 (
b10010001111 *
b1110 )
#1168
14
15
1-
0.
1/
10
11
b10000 %
b10000 ,
b10000 (
b10010010000 *
b1111 )
#1169
0-
b10001 %
b10001 ,
b10001 (
b10010010001 *
b10000 )
#1170
0"
17
1#
16
13
1-
1.
b10010 %
b10010 ,
b10010 (
b10010010010 *
b10001 )
#1171
0#
06
1!
18
1C
1D
1E
0-
1G
b10011 %
b10011 ,
b10011 (
b10010010011 *
b10010 )
#1172
1F
03
04
0E
1-
0.
0/
0G
1I
b10100 %
b10100 ,
b10100 (
b10010010100 *
b10011 )
#1173
0-
b10101 %
b10101 ,
b10101 (
b10010010101 *
b10100 )
#1174
1-
1.
b10110 %
b10110 ,
b10110 (
b10010010110 *
b10101 )
#1175
0-
b10111 %
b10111 ,
b10111 (
b10010010111 *
b10110 )
#1176
05
1-
0.
1/
00
0I
1J
b11000 %
b11000 ,
b11000 (
b10010011000 *
b10111 )
#1177
0-
b11001 %
b11001 ,
b11001 (
b10010011001 *
b11000 )
#1178
1-
1.
b11010 %
b11010 ,
b11010 (
b10010011010 *
b11001 )
#1179
0-
b11011 %
b11011 ,
b11011 (
b10010011011 *
b11010 )
#1180
1-
0.
0/
b11100 %
b11100 ,
b11100 (
b10010011100 *
b11011 )
#1181
0-
b11101 %
b11101 ,
b11101 (
b10010011101 *
b11100 )
#1182
1-
1.
b11110 %
b11110 ,
b11110 (
b10010011110 *
b11101 )
#1183
0-
b11111 %
b11111 ,
b11111 (
b10010011111 *
b11110 )
#1184
1"
07
0!
08
0D
0C
0F
1-
0.
1/
10
01
02
0?
0J
b100000 %
b100000 ,
b100000 (
b10010100000 *
b11111 )
#1185
0-
b100001 %
b100001 ,
b100001 (
b10010100001 *
b11111111111111111111111111100000 )
#1186
1-
1.
b100010 %
b100010 ,
b100010 (
b10010100010 *
b11111111111111111111111111100001 )
#1187
0-
b100011 %
b100011 ,
b100011 (
b10010100011 *
b11111111111111111111111111100010 )
#1188
1-
0.
0/
b100100 %
b100100 ,
b100100 (
b10010100100 *
b11111111111111111111111111100011 )
#1189
0-
b100101 %
b100101 ,
b100101 (
b10010100101 *
b11111111111111111111111111100100 )
#1190
1-
1.
b100110 %
b100110 ,
b100110 (
b10010100110 *
b11111111111111111111111111100101 )
#1191
0-
b100111 %
b100111 ,
b100111 (
b10010100111 *
b11111111111111111111111111100110 )
#1192
1-
0.
1/
00
b101000 %
b101000 ,
b101000 (
b10010101000 *
b11111111111111111111111111100111 )
#1193
0-
b101001 %
b101001 ,
b101001 (
b10010101001 *
b11111111111111111111111111101000 )
#1194
1-
1.
b101010 %
b101010 ,
b101010 (
b10010101010 *
b11111111111111111111111111101001 )
#1195
0-
b101011 %
b101011 ,
b101011 (
b10010101011 *
b11111111111111111111111111101010 )
#1196
1-
0.
0/
b101100 %
b101100 ,
b101100 (
b10010101100 *
b11111111111111111111111111101011 )
#1197
0-
b101101 %
b101101 ,
b101101 (
b10010101101 *
b11111111111111111111111111101100 )
#1198
1-
1.
b101110 %
b101110 ,
b101110 (
b10010101110 *
b11111111111111111111111111101101 )
#1199
0-
b101111 %
b101111 ,
b101111 (
b10010101111 *
b11111111111111111111111111101110 )
#1200
14
15
1-
0.
1/
10
11
b110000 %
b110000 ,
b110000 (
b10010110000 *
b11111111111111111111111111101111 )
#1201
0-
b110001 %
b110001 ,
b110001 (
b10010110001 *
b11111111111111111111111111110000 )
#1202
13
1-
1.
b110010 %
b110010 ,
b110010 (
b10010110010 *
b11111111111111111111111111110001 )
#1203
1D
1E
0-
1G
b110011 %
b110011 ,
b110011 (
b10010110011 *
b11111111111111111111111111110010 )
#1204
1F
03
04
0E
1-
0.
0/
0G
1I
b110100 %
b110100 ,
b110100 (
b10010110100 *
b11111111111111111111111111110011 )
#1205
0-
b110101 %
b110101 ,
b110101 (
b10010110101 *
b11111111111111111111111111110100 )
#1206
1-
1.
b110110 %
b110110 ,
b110110 (
b10010110110 *
b11111111111111111111111111110101 )
#1207
0-
b110111 %
b110111 ,
b110111 (
b10010110111 *
b11111111111111111111111111110110 )
#1208
05
1-
0.
1/
00
0I
1J
b111000 %
b111000 ,
b111000 (
b10010111000 *
b11111111111111111111111111110111 )
#1209
0-
b111001 %
b111001 ,
b111001 (
b10010111001 *
b11111111111111111111111111111000 )
#1210
1-
1.
b111010 %
b111010 ,
b111010 (
b10010111010 *
b11111111111111111111111111111001 )
#1211
0-
b111011 %
b111011 ,
b111011 (
b10010111011 *
b11111111111111111111111111111010 )
#1212
1-
0.
0/
b111100 %
b111100 ,
b111100 (
b10010111100 *
b11111111111111111111111111111011 )
#1213
0-
b111101 %
b111101 ,
b111101 (
b10010111101 *
b11111111111111111111111111111100 )
#1214
1-
1.
b111110 %
b111110 ,
b111110 (
b10010111110 *
b11111111111111111111111111111101 )
#1215
0-
b111111 %
b111111 ,
b111111 (
b10010111111 *
b11111111111111111111111111111110 )
#1216
1"
07
0!
08
0D
0C
0F
0.
1/
10
01
12
1?
0J
0:
b0 %
b0 ,
b10011 $
b10011 +
b10011 &
b0 (
b10011000000 *
b11111111111111111111111111111111 )
#1217
1-
b1 %
b1 ,
b1 (
b10011000001 *
b0 )
b10011 '
#1218
0-
1.
b10 %
b10 ,
b10 (
b10011000010 *
b1 )
#1219
1-
b11 %
b11 ,
b11 (
b10011000011 *
b10 )
#1220
0-
0.
0/
b100 %
b100 ,
b100 (
b10011000100 *
b11 )
#1221
1-
b101 %
b101 ,
b101 (
b10011000101 *
b100 )
#1222
0-
1.
b110 %
b110 ,
b110 (
b10011000110 *
b101 )
#1223
1-
b111 %
b111 ,
b111 (
b10011000111 *
b110 )
#1224
0-
0.
1/
00
b1000 %
b1000 ,
b1000 (
b10011001000 *
b111 )
#1225
1-
b1001 %
b1001 ,
b1001 (
b10011001001 *
b1000 )
#1226
0-
1.
b1010 %
b1010 ,
b1010 (
b10011001010 *
b1001 )
#1227
1-
b1011 %
b1011 ,
b1011 (
b10011001011 *
b1010 )
#1228
0-
0.
0/
b1100 %
b1100 ,
b1100 (
b10011001100 *
b1011 )
#1229
1-
b1101 %
b1101 ,
b1101 (
b10011001101 *
b1100 )
#1230
0-
1.
b1110 %
b1110 ,
b1110 (
b10011001110 *
b1101 )
#1231
1-
b1111 %
b1111 ,
b1111 (
b10011001111 *
b1110 )
#1232
14
15
0-
0.
1/
10
11
b10000 %
b10000 ,
b10000 (
b10011010000 *
b1111 )
#1233
1-
b10001 %
b10001 ,
b10001 (
b10011010001 *
b10000 )
#1234
1"
07
0#
06
13
0-
1.
b10010 %
b10010 ,
b10010 (
b10011010010 *
b10001 )
#1235
0"
17
1#
16
1-
b10011 %
b10011 ,
b10011 (
b10011010011 *
b10010 )
#1236
0"
1!
18
17
0#
06
1C
1D
1F
03
04
0-
0.
0/
1I
b10100 %
b10100 ,
b10100 (
b10011010100 *
b10011 )
#1237
1-
b10101 %
b10101 ,
b10101 (
b10011010101 *
b10100 )
#1238
0-
1.
b10110 %
b10110 ,
b10110 (
b10011010110 *
b10101 )
#1239
1-
b10111 %
b10111 ,
b10111 (
b10011010111 *
b10110 )
#1240
05
0-
0.
1/
00
0I
1J
b11000 %
b11000 ,
b11000 (
b10011011000 *
b10111 )
#1241
1-
b11001 %
b11001 ,
b11001 (
b10011011001 *
b11000 )
#1242
0-
1.
b11010 %
b11010 ,
b11010 (
b10011011010 *
b11001 )
#1243
1-
b11011 %
b11011 ,
b11011 (
b10011011011 *
b11010 )
#1244
0-
0.
0/
b11100 %
b11100 ,
b11100 (
b10011011100 *
b11011 )
#1245
1-
b11101 %
b11101 ,
b11101 (
b10011011101 *
b11100 )
#1246
0-
1.
b11110 %
b11110 ,
b11110 (
b10011011110 *
b11101 )
#1247
1-
b11111 %
b11111 ,
b11111 (
b10011011111 *
b11110 )
#1248
1"
07
0!
08
0D
0C
0F
0-
0.
1/
10
01
02
0?
0J
b100000 %
b100000 ,
b100000 (
b10011100000 *
b11111 )
#1249
1-
b100001 %
b100001 ,
b100001 (
b10011100001 *
b11111111111111111111111111100000 )
#1250
0-
1.
b100010 %
b100010 ,
b100010 (
b10011100010 *
b11111111111111111111111111100001 )
#1251
1-
b100011 %
b100011 ,
b100011 (
b10011100011 *
b11111111111111111111111111100010 )
#1252
0-
0.
0/
b100100 %
b100100 ,
b100100 (
b10011100100 *
b11111111111111111111111111100011 )
#1253
1-
b100101 %
b100101 ,
b100101 (
b10011100101 *
b11111111111111111111111111100100 )
#1254
0-
1.
b100110 %
b100110 ,
b100110 (
b10011100110 *
b11111111111111111111111111100101 )
#1255
1-
b100111 %
b100111 ,
b100111 (
b10011100111 *
b11111111111111111111111111100110 )
#1256
0-
0.
1/
00
b101000 %
b101000 ,
b101000 (
b10011101000 *
b11111111111111111111111111100111 )
#1257
1-
b101001 %
b101001 ,
b101001 (
b10011101001 *
b11111111111111111111111111101000 )
#1258
0-
1.
b101010 %
b101010 ,
b101010 (
b10011101010 *
b11111111111111111111111111101001 )
#1259
1-
b101011 %
b101011 ,
b101011 (
b10011101011 *
b11111111111111111111111111101010 )
#1260
0-
0.
0/
b101100 %
b101100 ,
b101100 (
b10011101100 *
b11111111111111111111111111101011 )
#1261
1-
b101101 %
b101101 ,
b101101 (
b10011101101 *
b11111111111111111111111111101100 )
#1262
0-
1.
b101110 %
b101110 ,
b101110 (
b10011101110 *
b11111111111111111111111111101101 )
#1263
1-
b101111 %
b101111 ,
b101111 (
b10011101111 *
b11111111111111111111111111101110 )
#1264
14
15
0-
0.
1/
10
11
b110000 %
b110000 ,
b110000 (
b10011110000 *
b11111111111111111111111111101111 )
#1265
1-
b110001 %
b110001 ,
b110001 (
b10011110001 *
b11111111111111111111111111110000 )
#1266
13
0-
1.
b110010 %
b110010 ,
b110010 (
b10011110010 *
b11111111111111111111111111110001 )
#1267
1-
b110011 %
b110011 ,
b110011 (
b10011110011 *
b11111111111111111111111111110010 )
#1268
1D
1F
03
04
0-
0.
0/
1I
b110100 %
b110100 ,
b110100 (
b10011110100 *
b11111111111111111111111111110011 )
#1269
1-
b110101 %
b110101 ,
b110101 (
b10011110101 *
b11111111111111111111111111110100 )
#1270
0-
1.
b110110 %
b110110 ,
b110110 (
b10011110110 *
b11111111111111111111111111110101 )
#1271
1-
b110111 %
b110111 ,
b110111 (
b10011110111 *
b11111111111111111111111111110110 )
#1272
05
0-
0.
1/
00
0I
1J
b111000 %
b111000 ,
b111000 (
b10011111000 *
b11111111111111111111111111110111 )
#1273
1-
b111001 %
b111001 ,
b111001 (
b10011111001 *
b11111111111111111111111111111000 )
#1274
0-
1.
b111010 %
b111010 ,
b111010 (
b10011111010 *
b11111111111111111111111111111001 )
#1275
1-
b111011 %
b111011 ,
b111011 (
b10011111011 *
b11111111111111111111111111111010 )
#1276
0-
0.
0/
b111100 %
b111100 ,
b111100 (
b10011111100 *
b11111111111111111111111111111011 )
#1277
1-
b111101 %
b111101 ,
b111101 (
b10011111101 *
b11111111111111111111111111111100 )
#1278
0-
1.
b111110 %
b111110 ,
b111110 (
b10011111110 *
b11111111111111111111111111111101 )
#1279
1-
b111111 %
b111111 ,
b111111 (
b10011111111 *
b11111111111111111111111111111110 )
#1280
1"
07
0!
08
0D
0C
0F
10
01
12
1?
0J
1:
1;
0<
b0 %
b0 ,
b10100 $
b10100 +
b10100 &
b0 (
b10100000000 *
b11111111111111111111111111111111 )
#1281
0-
b1 %
b1 ,
b1 (
b10100000001 *
b0 )
b10100 '
#1282
1-
0.
b10 %
b10 ,
b10 (
b10100000010 *
b1 )
#1283
0-
b11 %
b11 ,
b11 (
b10100000011 *
b10 )
#1284
1-
1.
1/
b100 %
b100 ,
b100 (
b10100000100 *
b11 )
#1285
0-
b101 %
b101 ,
b101 (
b10100000101 *
b100 )
#1286
1-
0.
b110 %
b110 ,
b110 (
b10100000110 *
b101 )
#1287
0-
b111 %
b111 ,
b111 (
b10100000111 *
b110 )
#1288
1-
1.
0/
00
b1000 %
b1000 ,
b1000 (
b10100001000 *
b111 )
#1289
0-
b1001 %
b1001 ,
b1001 (
b10100001001 *
b1000 )
#1290
1-
0.
b1010 %
b1010 ,
b1010 (
b10100001010 *
b1001 )
#1291
0-
b1011 %
b1011 ,
b1011 (
b10100001011 *
b1010 )
#1292
1-
1.
1/
b1100 %
b1100 ,
b1100 (
b10100001100 *
b1011 )
#1293
0-
b1101 %
b1101 ,
b1101 (
b10100001101 *
b1100 )
#1294
1-
0.
b1110 %
b1110 ,
b1110 (
b10100001110 *
b1101 )
#1295
0-
b1111 %
b1111 ,
b1111 (
b10100001111 *
b1110 )
#1296
15
1-
1.
0/
10
11
b10000 %
b10000 ,
b10000 (
b10100010000 *
b1111 )
#1297
0-
b10001 %
b10001 ,
b10001 (
b10100010001 *
b10000 )
#1298
1-
0.
b10010 %
b10010 ,
b10010 (
b10100010010 *
b10001 )
#1299
0-
b10011 %
b10011 ,
b10011 (
b10100010011 *
b10010 )
#1300
0"
17
1#
16
13
14
1-
1.
1/
b10100 %
b10100 ,
b10100 (
b10100010100 *
b10011 )
#1301
0#
06
1!
18
1C
1D
1E
0-
1G
b10101 %
b10101 ,
b10101 (
b10100010101 *
b10100 )
#1302
03
1-
0.
0G
1H
b10110 %
b10110 ,
b10110 (
b10100010110 *
b10101 )
#1303
0-
b10111 %
b10111 ,
b10111 (
b10100010111 *
b10110 )
#1304
1F
04
05
0E
1-
1.
0/
00
0H
1J
b11000 %
b11000 ,
b11000 (
b10100011000 *
b10111 )
#1305
0-
b11001 %
b11001 ,
b11001 (
b10100011001 *
b11000 )
#1306
1-
0.
b11010 %
b11010 ,
b11010 (
b10100011010 *
b11001 )
#1307
0-
b11011 %
b11011 ,
b11011 (
b10100011011 *
b11010 )
#1308
1-
1.
1/
b11100 %
b11100 ,
b11100 (
b10100011100 *
b11011 )
#1309
0-
b11101 %
b11101 ,
b11101 (
b10100011101 *
b11100 )
#1310
1-
0.
b11110 %
b11110 ,
b11110 (
b10100011110 *
b11101 )
#1311
0-
b11111 %
b11111 ,
b11111 (
b10100011111 *
b11110 )
#1312
1"
07
0!
08
0D
0C
0F
1-
1.
0/
10
01
02
0?
0J
b100000 %
b100000 ,
b100000 (
b10100100000 *
b11111 )
#1313
0-
b100001 %
b100001 ,
b100001 (
b10100100001 *
b11111111111111111111111111100000 )
#1314
1-
0.
b100010 %
b100010 ,
b100010 (
b10100100010 *
b11111111111111111111111111100001 )
#1315
0-
b100011 %
b100011 ,
b100011 (
b10100100011 *
b11111111111111111111111111100010 )
#1316
1-
1.
1/
b100100 %
b100100 ,
b100100 (
b10100100100 *
b11111111111111111111111111100011 )
#1317
0-
b100101 %
b100101 ,
b100101 (
b10100100101 *
b11111111111111111111111111100100 )
#1318
1-
0.
b100110 %
b100110 ,
b100110 (
b10100100110 *
b11111111111111111111111111100101 )
#1319
0-
b100111 %
b100111 ,
b100111 (
b10100100111 *
b11111111111111111111111111100110 )
#1320
1-
1.
0/
00
b101000 %
b101000 ,
b101000 (
b10100101000 *
b11111111111111111111111111100111 )
#1321
0-
b101001 %
b101001 ,
b101001 (
b10100101001 *
b11111111111111111111111111101000 )
#1322
1-
0.
b101010 %
b101010 ,
b101010 (
b10100101010 *
b11111111111111111111111111101001 )
#1323
0-
b101011 %
b101011 ,
b101011 (
b10100101011 *
b11111111111111111111111111101010 )
#1324
1-
1.
1/
b101100 %
b101100 ,
b101100 (
b10100101100 *
b11111111111111111111111111101011 )
#1325
0-
b101101 %
b101101 ,
b101101 (
b10100101101 *
b11111111111111111111111111101100 )
#1326
1-
0.
b101110 %
b101110 ,
b101110 (
b10100101110 *
b11111111111111111111111111101101 )
#1327
0-
b101111 %
b101111 ,
b101111 (
b10100101111 *
b11111111111111111111111111101110 )
#1328
15
1-
1.
0/
10
11
b110000 %
b110000 ,
b110000 (
b10100110000 *
b11111111111111111111111111101111 )
#1329
0-
b110001 %
b110001 ,
b110001 (
b10100110001 *
b11111111111111111111111111110000 )
#1330
1-
0.
b110010 %
b110010 ,
b110010 (
b10100110010 *
b11111111111111111111111111110001 )
#1331
0-
b110011 %
b110011 ,
b110011 (
b10100110011 *
b11111111111111111111111111110010 )
#1332
13
14
1-
1.
1/
b110100 %
b110100 ,
b110100 (
b10100110100 *
b11111111111111111111111111110011 )
#1333
1D
1E
0-
1G
b110101 %
b110101 ,
b110101 (
b10100110101 *
b11111111111111111111111111110100 )
#1334
03
1-
0.
0G
1H
b110110 %
b110110 ,
b110110 (
b10100110110 *
b11111111111111111111111111110101 )
#1335
0-
b110111 %
b110111 ,
b110111 (
b10100110111 *
b11111111111111111111111111110110 )
#1336
1F
04
05
0E
1-
1.
0/
00
0H
1J
b111000 %
b111000 ,
b111000 (
b10100111000 *
b11111111111111111111111111110111 )
#1337
0-
b111001 %
b111001 ,
b111001 (
b10100111001 *
b11111111111111111111111111111000 )
#1338
1-
0.
b111010 %
b111010 ,
b111010 (
b10100111010 *
b11111111111111111111111111111001 )
#1339
0-
b111011 %
b111011 ,
b111011 (
b10100111011 *
b11111111111111111111111111111010 )
#1340
1-
1.
1/
b111100 %
b111100 ,
b111100 (
b10100111100 *
b11111111111111111111111111111011 )
#1341
0-
b111101 %
b111101 ,
b111101 (
b10100111101 *
b11111111111111111111111111111100 )
#1342
1-
0.
b111110 %
b111110 ,
b111110 (
b10100111110 *
b11111111111111111111111111111101 )
#1343
0-
b111111 %
b111111 ,
b111111 (
b10100111111 *
b11111111111111111111111111111110 )
#1344
1"
07
0!
08
0D
0C
0F
1.
0/
10
01
12
1?
0J
0:
b0 %
b0 ,
b10101 $
b10101 +
b10101 &
b0 (
b10101000000 *
b11111111111111111111111111111111 )
#1345
1-
b1 %
b1 ,
b1 (
b10101000001 *
b0 )
b10101 '
#1346
0-
0.
b10 %
b10 ,
b10 (
b10101000010 *
b1 )
#1347
1-
b11 %
b11 ,
b11 (
b10101000011 *
b10 )
#1348
0-
1.
1/
b100 %
b100 ,
b100 (
b10101000100 *
b11 )
#1349
1-
b101 %
b101 ,
b101 (
b10101000101 *
b100 )
#1350
0-
0.
b110 %
b110 ,
b110 (
b10101000110 *
b101 )
#1351
1-
b111 %
b111 ,
b111 (
b10101000111 *
b110 )
#1352
0-
1.
0/
00
b1000 %
b1000 ,
b1000 (
b10101001000 *
b111 )
#1353
1-
b1001 %
b1001 ,
b1001 (
b10101001001 *
b1000 )
#1354
0-
0.
b1010 %
b1010 ,
b1010 (
b10101001010 *
b1001 )
#1355
1-
b1011 %
b1011 ,
b1011 (
b10101001011 *
b1010 )
#1356
0-
1.
1/
b1100 %
b1100 ,
b1100 (
b10101001100 *
b1011 )
#1357
1-
b1101 %
b1101 ,
b1101 (
b10101001101 *
b1100 )
#1358
0-
0.
b1110 %
b1110 ,
b1110 (
b10101001110 *
b1101 )
#1359
1-
b1111 %
b1111 ,
b1111 (
b10101001111 *
b1110 )
#1360
15
0-
1.
0/
10
11
b10000 %
b10000 ,
b10000 (
b10101010000 *
b1111 )
#1361
1-
b10001 %
b10001 ,
b10001 (
b10101010001 *
b10000 )
#1362
0-
0.
b10010 %
b10010 ,
b10010 (
b10101010010 *
b10001 )
#1363
1-
b10011 %
b10011 ,
b10011 (
b10101010011 *
b10010 )
#1364
13
14
0-
1.
1/
b10100 %
b10100 ,
b10100 (
b10101010100 *
b10011 )
#1365
0"
17
1#
16
1-
b10101 %
b10101 ,
b10101 (
b10101010101 *
b10100 )
#1366
1!
18
0#
06
1C
1D
03
1E
0-
0.
1H
b10110 %
b10110 ,
b10110 (
b10101010110 *
b10101 )
#1367
1-
b10111 %
b10111 ,
b10111 (
b10101010111 *
b10110 )
#1368
1F
04
05
0E
0-
1.
0/
00
0H
1J
b11000 %
b11000 ,
b11000 (
b10101011000 *
b10111 )
#1369
1-
b11001 %
b11001 ,
b11001 (
b10101011001 *
b11000 )
#1370
0-
0.
b11010 %
b11010 ,
b11010 (
b10101011010 *
b11001 )
#1371
1-
b11011 %
b11011 ,
b11011 (
b10101011011 *
b11010 )
#1372
0-
1.
1/
b11100 %
b11100 ,
b11100 (
b10101011100 *
b11011 )
#1373
1-
b11101 %
b11101 ,
b11101 (
b10101011101 *
b11100 )
#1374
0-
0.
b11110 %
b11110 ,
b11110 (
b10101011110 *
b11101 )
#1375
1-
b11111 %
b11111 ,
b11111 (
b10101011111 *
b11110 )
#1376
1"
07
0!
08
0D
0C
0F
0-
1.
0/
10
01
02
0?
0J
b100000 %
b100000 ,
b100000 (
b10101100000 *
b11111 )
#1377
1-
b100001 %
b100001 ,
b100001 (
b10101100001 *
b11111111111111111111111111100000 )
#1378
0-
0.
b100010 %
b100010 ,
b100010 (
b10101100010 *
b11111111111111111111111111100001 )
#1379
1-
b100011 %
b100011 ,
b100011 (
b10101100011 *
b11111111111111111111111111100010 )
#1380
0-
1.
1/
b100100 %
b100100 ,
b100100 (
b10101100100 *
b11111111111111111111111111100011 )
#1381
1-
b100101 %
b100101 ,
b100101 (
b10101100101 *
b11111111111111111111111111100100 )
#1382
0-
0.
b100110 %
b100110 ,
b100110 (
b10101100110 *
b11111111111111111111111111100101 )
#1383
1-
b100111 %
b100111 ,
b100111 (
b10101100111 *
b11111111111111111111111111100110 )
#1384
0-
1.
0/
00
b101000 %
b101000 ,
b101000 (
b10101101000 *
b11111111111111111111111111100111 )
#1385
1-
b101001 %
b101001 ,
b101001 (
b10101101001 *
b11111111111111111111111111101000 )
#1386
0-
0.
b101010 %
b101010 ,
b101010 (
b10101101010 *
b11111111111111111111111111101001 )
#1387
1-
b101011 %
b101011 ,
b101011 (
b10101101011 *
b11111111111111111111111111101010 )
#1388
0-
1.
1/
b101100 %
b101100 ,
b101100 (
b10101101100 *
b11111111111111111111111111101011 )
#1389
1-
b101101 %
b101101 ,
b101101 (
b10101101101 *
b11111111111111111111111111101100 )
#1390
0-
0.
b101110 %
b101110 ,
b101110 (
b10101101110 *
b11111111111111111111111111101101 )
#1391
1-
b101111 %
b101111 ,
b101111 (
b10101101111 *
b11111111111111111111111111101110 )
#1392
15
0-
1.
0/
10
11
b110000 %
b110000 ,
b110000 (
b10101110000 *
b11111111111111111111111111101111 )
#1393
1-
b110001 %
b110001 ,
b110001 (
b10101110001 *
b11111111111111111111111111110000 )
#1394
0-
0.
b110010 %
b110010 ,
b110010 (
b10101110010 *
b11111111111111111111111111110001 )
#1395
1-
b110011 %
b110011 ,
b110011 (
b10101110011 *
b11111111111111111111111111110010 )
#1396
13
14
0-
1.
1/
b110100 %
b110100 ,
b110100 (
b10101110100 *
b11111111111111111111111111110011 )
#1397
1-
b110101 %
b110101 ,
b110101 (
b10101110101 *
b11111111111111111111111111110100 )
#1398
1D
03
1E
0-
0.
1H
b110110 %
b110110 ,
b110110 (
b10101110110 *
b11111111111111111111111111110101 )
#1399
1-
b110111 %
b110111 ,
b110111 (
b10101110111 *
b11111111111111111111111111110110 )
#1400
1F
04
05
0E
0-
1.
0/
00
0H
1J
b111000 %
b111000 ,
b111000 (
b10101111000 *
b11111111111111111111111111110111 )
#1401
1-
b111001 %
b111001 ,
b111001 (
b10101111001 *
b11111111111111111111111111111000 )
#1402
0-
0.
b111010 %
b111010 ,
b111010 (
b10101111010 *
b11111111111111111111111111111001 )
#1403
1-
b111011 %
b111011 ,
b111011 (
b10101111011 *
b11111111111111111111111111111010 )
#1404
0-
1.
1/
b111100 %
b111100 ,
b111100 (
b10101111100 *
b11111111111111111111111111111011 )
#1405
1-
b111101 %
b111101 ,
b111101 (
b10101111101 *
b11111111111111111111111111111100 )
#1406
0-
0.
b111110 %
b111110 ,
b111110 (
b10101111110 *
b11111111111111111111111111111101 )
#1407
1-
b111111 %
b111111 ,
b111111 (
b10101111111 *
b11111111111111111111111111111110 )
#1408
1"
07
0!
08
0D
0C
0F
0/
10
01
12
1?
0J
1:
0;
b0 %
b0 ,
b10110 $
b10110 +
b10110 &
b0 (
b10110000000 *
b11111111111111111111111111111111 )
#1409
0-
b1 %
b1 ,
b1 (
b10110000001 *
b0 )
b10110 '
#1410
1-
1.
b10 %
b10 ,
b10 (
b10110000010 *
b1 )
#1411
0-
b11 %
b11 ,
b11 (
b10110000011 *
b10 )
#1412
1-
0.
1/
b100 %
b100 ,
b100 (
b10110000100 *
b11 )
#1413
0-
b101 %
b101 ,
b101 (
b10110000101 *
b100 )
#1414
1-
1.
b110 %
b110 ,
b110 (
b10110000110 *
b101 )
#1415
0-
b111 %
b111 ,
b111 (
b10110000111 *
b110 )
#1416
1-
0.
0/
00
b1000 %
b1000 ,
b1000 (
b10110001000 *
b111 )
#1417
0-
b1001 %
b1001 ,
b1001 (
b10110001001 *
b1000 )
#1418
1-
1.
b1010 %
b1010 ,
b1010 (
b10110001010 *
b1001 )
#1419
0-
b1011 %
b1011 ,
b1011 (
b10110001011 *
b1010 )
#1420
1-
0.
1/
b1100 %
b1100 ,
b1100 (
b10110001100 *
b1011 )
#1421
0-
b1101 %
b1101 ,
b1101 (
b10110001101 *
b1100 )
#1422
1-
1.
b1110 %
b1110 ,
b1110 (
b10110001110 *
b1101 )
#1423
0-
b1111 %
b1111 ,
b1111 (
b10110001111 *
b1110 )
#1424
15
1-
0.
0/
10
11
b10000 %
b10000 ,
b10000 (
b10110010000 *
b1111 )
#1425
0-
b10001 %
b10001 ,
b10001 (
b10110010001 *
b10000 )
#1426
1-
1.
b10010 %
b10010 ,
b10010 (
b10110010010 *
b10001 )
#1427
0-
b10011 %
b10011 ,
b10011 (
b10110010011 *
b10010 )
#1428
14
1-
0.
1/
b10100 %
b10100 ,
b10100 (
b10110010100 *
b10011 )
#1429
0-
b10101 %
b10101 ,
b10101 (
b10110010101 *
b10100 )
#1430
0"
17
1#
16
13
1-
1.
b10110 %
b10110 ,
b10110 (
b10110010110 *
b10101 )
#1431
0#
06
1!
18
1C
1D
1E
0-
1G
b10111 %
b10111 ,
b10111 (
b10110010111 *
b10110 )
#1432
1F
03
04
05
0E
1-
0.
0/
00
0G
1J
b11000 %
b11000 ,
b11000 (
b10110011000 *
b10111 )
#1433
0-
b11001 %
b11001 ,
b11001 (
b10110011001 *
b11000 )
#1434
1-
1.
b11010 %
b11010 ,
b11010 (
b10110011010 *
b11001 )
#1435
0-
b11011 %
b11011 ,
b11011 (
b10110011011 *
b11010 )
#1436
1-
0.
1/
b11100 %
b11100 ,
b11100 (
b10110011100 *
b11011 )
#1437
0-
b11101 %
b11101 ,
b11101 (
b10110011101 *
b11100 )
#1438
1-
1.
b11110 %
b11110 ,
b11110 (
b10110011110 *
b11101 )
#1439
0-
b11111 %
b11111 ,
b11111 (
b10110011111 *
b11110 )
#1440
1"
07
0!
08
0D
0C
0F
1-
0.
0/
10
01
02
0?
0J
b100000 %
b100000 ,
b100000 (
b10110100000 *
b11111 )
#1441
0-
b100001 %
b100001 ,
b100001 (
b10110100001 *
b11111111111111111111111111100000 )
#1442
1-
1.
b100010 %
b100010 ,
b100010 (
b10110100010 *
b11111111111111111111111111100001 )
#1443
0-
b100011 %
b100011 ,
b100011 (
b10110100011 *
b11111111111111111111111111100010 )
#1444
1-
0.
1/
b100100 %
b100100 ,
b100100 (
b10110100100 *
b11111111111111111111111111100011 )
#1445
0-
b100101 %
b100101 ,
b100101 (
b10110100101 *
b11111111111111111111111111100100 )
#1446
1-
1.
b100110 %
b100110 ,
b100110 (
b10110100110 *
b11111111111111111111111111100101 )
#1447
0-
b100111 %
b100111 ,
b100111 (
b10110100111 *
b11111111111111111111111111100110 )
#1448
1-
0.
0/
00
b101000 %
b101000 ,
b101000 (
b10110101000 *
b11111111111111111111111111100111 )
#1449
0-
b101001 %
b101001 ,
b101001 (
b10110101001 *
b11111111111111111111111111101000 )
#1450
1-
1.
b101010 %
b101010 ,
b101010 (
b10110101010 *
b11111111111111111111111111101001 )
#1451
0-
b101011 %
b101011 ,
b101011 (
b10110101011 *
b11111111111111111111111111101010 )
#1452
1-
0.
1/
b101100 %
b101100 ,
b101100 (
b10110101100 *
b11111111111111111111111111101011 )
#1453
0-
b101101 %
b101101 ,
b101101 (
b10110101101 *
b11111111111111111111111111101100 )
#1454
1-
1.
b101110 %
b101110 ,
b101110 (
b10110101110 *
b11111111111111111111111111101101 )
#1455
0-
b101111 %
b101111 ,
b101111 (
b10110101111 *
b11111111111111111111111111101110 )
#1456
15
1-
0.
0/
10
11
b110000 %
b110000 ,
b110000 (
b10110110000 *
b11111111111111111111111111101111 )
#1457
0-
b110001 %
b110001 ,
b110001 (
b10110110001 *
b11111111111111111111111111110000 )
#1458
1-
1.
b110010 %
b110010 ,
b110010 (
b10110110010 *
b11111111111111111111111111110001 )
#1459
0-
b110011 %
b110011 ,
b110011 (
b10110110011 *
b11111111111111111111111111110010 )
#1460
14
1-
0.
1/
b110100 %
b110100 ,
b110100 (
b10110110100 *
b11111111111111111111111111110011 )
#1461
0-
b110101 %
b110101 ,
b110101 (
b10110110101 *
b11111111111111111111111111110100 )
#1462
13
1-
1.
b110110 %
b110110 ,
b110110 (
b10110110110 *
b11111111111111111111111111110101 )
#1463
1D
1E
0-
1G
b110111 %
b110111 ,
b110111 (
b10110110111 *
b11111111111111111111111111110110 )
#1464
1F
03
04
05
0E
1-
0.
0/
00
0G
1J
b111000 %
b111000 ,
b111000 (
b10110111000 *
b11111111111111111111111111110111 )
#1465
0-
b111001 %
b111001 ,
b111001 (
b10110111001 *
b11111111111111111111111111111000 )
#1466
1-
1.
b111010 %
b111010 ,
b111010 (
b10110111010 *
b11111111111111111111111111111001 )
#1467
0-
b111011 %
b111011 ,
b111011 (
b10110111011 *
b11111111111111111111111111111010 )
#1468
1-
0.
1/
b111100 %
b111100 ,
b111100 (
b10110111100 *
b11111111111111111111111111111011 )
#1469
0-
b111101 %
b111101 ,
b111101 (
b10110111101 *
b11111111111111111111111111111100 )
#1470
1-
1.
b111110 %
b111110 ,
b111110 (
b10110111110 *
b11111111111111111111111111111101 )
#1471
0-
b111111 %
b111111 ,
b111111 (
b10110111111 *
b11111111111111111111111111111110 )
#1472
1"
07
0!
08
0D
0C
0F
0.
0/
10
01
12
1?
0J
0:
b0 %
b0 ,
b10111 $
b10111 +
b10111 &
b0 (
b10111000000 *
b11111111111111111111111111111111 )
#1473
1-
b1 %
b1 ,
b1 (
b10111000001 *
b0 )
b10111 '
#1474
0-
1.
b10 %
b10 ,
b10 (
b10111000010 *
b1 )
#1475
1-
b11 %
b11 ,
b11 (
b10111000011 *
b10 )
#1476
0-
0.
1/
b100 %
b100 ,
b100 (
b10111000100 *
b11 )
#1477
1-
b101 %
b101 ,
b101 (
b10111000101 *
b100 )
#1478
0-
1.
b110 %
b110 ,
b110 (
b10111000110 *
b101 )
#1479
1-
b111 %
b111 ,
b111 (
b10111000111 *
b110 )
#1480
0-
0.
0/
00
b1000 %
b1000 ,
b1000 (
b10111001000 *
b111 )
#1481
1-
b1001 %
b1001 ,
b1001 (
b10111001001 *
b1000 )
#1482
0-
1.
b1010 %
b1010 ,
b1010 (
b10111001010 *
b1001 )
#1483
1-
b1011 %
b1011 ,
b1011 (
b10111001011 *
b1010 )
#1484
0-
0.
1/
b1100 %
b1100 ,
b1100 (
b10111001100 *
b1011 )
#1485
1-
b1101 %
b1101 ,
b1101 (
b10111001101 *
b1100 )
#1486
0-
1.
b1110 %
b1110 ,
b1110 (
b10111001110 *
b1101 )
#1487
1-
b1111 %
b1111 ,
b1111 (
b10111001111 *
b1110 )
#1488
1"
07
0#
06
15
0-
0.
0/
10
11
b10000 %
b10000 ,
b10000 (
b10111010000 *
b1111 )
#1489
1-
b10001 %
b10001 ,
b10001 (
b10111010001 *
b10000 )
#1490
0-
1.
b10010 %
b10010 ,
b10010 (
b10111010010 *
b10001 )
#1491
1-
b10011 %
b10011 ,
b10011 (
b10111010011 *
b10010 )
#1492
14
0-
0.
1/
b10100 %
b10100 ,
b10100 (
b10111010100 *
b10011 )
#1493
1-
b10101 %
b10101 ,
b10101 (
b10111010101 *
b10100 )
#1494
1"
07
0#
06
13
0-
1.
b10110 %
b10110 ,
b10110 (
b10111010110 *
b10101 )
#1495
0"
17
1#
16
1-
b10111 %
b10111 ,
b10111 (
b10111010111 *
b10110 )
#1496
1!
18
0"
17
1C
0#
06
1D
1F
03
04
05
0-
0.
0/
00
1J
b11000 %
b11000 ,
b11000 (
b10111011000 *
b10111 )
#1497
1-
b11001 %
b11001 ,
b11001 (
b10111011001 *
b11000 )
#1498
0-
1.
b11010 %
b11010 ,
b11010 (
b10111011010 *
b11001 )
#1499
1-
b11011 %
b11011 ,
b11011 (
b10111011011 *
b11010 )
#1500
0-
0.
1/
b11100 %
b11100 ,
b11100 (
b10111011100 *
b11011 )
#1501
1-
b11101 %
b11101 ,
b11101 (
b10111011101 *
b11100 )
#1502
0-
1.
b11110 %
b11110 ,
b11110 (
b10111011110 *
b11101 )
#1503
1-
b11111 %
b11111 ,
b11111 (
b10111011111 *
b11110 )
#1504
1"
07
0!
08
0D
0C
0F
0-
0.
0/
10
01
02
0?
0J
b100000 %
b100000 ,
b100000 (
b10111100000 *
b11111 )
#1505
1-
b100001 %
b100001 ,
b100001 (
b10111100001 *
b11111111111111111111111111100000 )
#1506
0-
1.
b100010 %
b100010 ,
b100010 (
b10111100010 *
b11111111111111111111111111100001 )
#1507
1-
b100011 %
b100011 ,
b100011 (
b10111100011 *
b11111111111111111111111111100010 )
#1508
0-
0.
1/
b100100 %
b100100 ,
b100100 (
b10111100100 *
b11111111111111111111111111100011 )
#1509
1-
b100101 %
b100101 ,
b100101 (
b10111100101 *
b11111111111111111111111111100100 )
#1510
0-
1.
b100110 %
b100110 ,
b100110 (
b10111100110 *
b11111111111111111111111111100101 )
#1511
1-
b100111 %
b100111 ,
b100111 (
b10111100111 *
b11111111111111111111111111100110 )
#1512
0-
0.
0/
00
b101000 %
b101000 ,
b101000 (
b10111101000 *
b11111111111111111111111111100111 )
#1513
1-
b101001 %
b101001 ,
b101001 (
b10111101001 *
b11111111111111111111111111101000 )
#1514
0-
1.
b101010 %
b101010 ,
b101010 (
b10111101010 *
b11111111111111111111111111101001 )
#1515
1-
b101011 %
b101011 ,
b101011 (
b10111101011 *
b11111111111111111111111111101010 )
#1516
0-
0.
1/
b101100 %
b101100 ,
b101100 (
b10111101100 *
b11111111111111111111111111101011 )
#1517
1-
b101101 %
b101101 ,
b101101 (
b10111101101 *
b11111111111111111111111111101100 )
#1518
0-
1.
b101110 %
b101110 ,
b101110 (
b10111101110 *
b11111111111111111111111111101101 )
#1519
1-
b101111 %
b101111 ,
b101111 (
b10111101111 *
b11111111111111111111111111101110 )
#1520
15
0-
0.
0/
10
11
b110000 %
b110000 ,
b110000 (
b10111110000 *
b11111111111111111111111111101111 )
#1521
1-
b110001 %
b110001 ,
b110001 (
b10111110001 *
b11111111111111111111111111110000 )
#1522
0-
1.
b110010 %
b110010 ,
b110010 (
b10111110010 *
b11111111111111111111111111110001 )
#1523
1-
b110011 %
b110011 ,
b110011 (
b10111110011 *
b11111111111111111111111111110010 )
#1524
14
0-
0.
1/
b110100 %
b110100 ,
b110100 (
b10111110100 *
b11111111111111111111111111110011 )
#1525
1-
b110101 %
b110101 ,
b110101 (
b10111110101 *
b11111111111111111111111111110100 )
#1526
13
0-
1.
b110110 %
b110110 ,
b110110 (
b10111110110 *
b11111111111111111111111111110101 )
#1527
1-
b110111 %
b110111 ,
b110111 (
b10111110111 *
b11111111111111111111111111110110 )
#1528
1D
1F
03
04
05
0-
0.
0/
00
1J
b111000 %
b111000 ,
b111000 (
b10111111000 *
b11111111111111111111111111110111 )
#1529
1-
b111001 %
b111001 ,
b111001 (
b10111111001 *
b11111111111111111111111111111000 )
#1530
0-
1.
b111010 %
b111010 ,
b111010 (
b10111111010 *
b11111111111111111111111111111001 )
#1531
1-
b111011 %
b111011 ,
b111011 (
b10111111011 *
b11111111111111111111111111111010 )
#1532
0-
0.
1/
b111100 %
b111100 ,
b111100 (
b10111111100 *
b11111111111111111111111111111011 )
#1533
1-
b111101 %
b111101 ,
b111101 (
b10111111101 *
b11111111111111111111111111111100 )
#1534
0-
1.
b111110 %
b111110 ,
b111110 (
b10111111110 *
b11111111111111111111111111111101 )
#1535
1-
b111111 %
b111111 ,
b111111 (
b10111111111 *
b11111111111111111111111111111110 )
#1536
1"
07
0!
08
0D
0C
0F
01
12
1?
0J
1:
1;
1<
0=
b0 %
b0 ,
b11000 $
b11000 +
b11000 &
b0 (
b11000000000 *
b11111111111111111111111111111111 )
#1537
0-
b1 %
b1 ,
b1 (
b11000000001 *
b0 )
b11000 '
#1538
1-
0.
b10 %
b10 ,
b10 (
b11000000010 *
b1 )
#1539
0-
b11 %
b11 ,
b11 (
b11000000011 *
b10 )
#1540
1-
1.
0/
b100 %
b100 ,
b100 (
b11000000100 *
b11 )
#1541
0-
b101 %
b101 ,
b101 (
b11000000101 *
b100 )
#1542
1-
0.
b110 %
b110 ,
b110 (
b11000000110 *
b101 )
#1543
0-
b111 %
b111 ,
b111 (
b11000000111 *
b110 )
#1544
1-
1.
1/
10
b1000 %
b1000 ,
b1000 (
b11000001000 *
b111 )
#1545
0-
b1001 %
b1001 ,
b1001 (
b11000001001 *
b1000 )
#1546
1-
0.
b1010 %
b1010 ,
b1010 (
b11000001010 *
b1001 )
#1547
0-
b1011 %
b1011 ,
b1011 (
b11000001011 *
b1010 )
#1548
1-
1.
0/
b1100 %
b1100 ,
b1100 (
b11000001100 *
b1011 )
#1549
0-
b1101 %
b1101 ,
b1101 (
b11000001101 *
b1100 )
#1550
1-
0.
b1110 %
b1110 ,
b1110 (
b11000001110 *
b1101 )
#1551
0-
b1111 %
b1111 ,
b1111 (
b11000001111 *
b1110 )
#1552
1-
1.
1/
00
11
b10000 %
b10000 ,
b10000 (
b11000010000 *
b1111 )
#1553
0-
b10001 %
b10001 ,
b10001 (
b11000010001 *
b10000 )
#1554
1-
0.
b10010 %
b10010 ,
b10010 (
b11000010010 *
b10001 )
#1555
0-
b10011 %
b10011 ,
b10011 (
b11000010011 *
b10010 )
#1556
1-
1.
0/
b10100 %
b10100 ,
b10100 (
b11000010100 *
b10011 )
#1557
0-
b10101 %
b10101 ,
b10101 (
b11000010101 *
b10100 )
#1558
1-
0.
b10110 %
b10110 ,
b10110 (
b11000010110 *
b10101 )
#1559
0-
b10111 %
b10111 ,
b10111 (
b11000010111 *
b10110 )
#1560
0"
17
1#
16
13
14
15
1-
1.
1/
10
b11000 %
b11000 ,
b11000 (
b11000011000 *
b10111 )
#1561
0#
06
1!
18
1C
1D
1E
0-
1G
b11001 %
b11001 ,
b11001 (
b11000011001 *
b11000 )
#1562
03
1-
0.
0G
1H
b11010 %
b11010 ,
b11010 (
b11000011010 *
b11001 )
#1563
0-
b11011 %
b11011 ,
b11011 (
b11000011011 *
b11010 )
#1564
1F
04
0E
1-
1.
0/
0H
1I
b11100 %
b11100 ,
b11100 (
b11000011100 *
b11011 )
#1565
0-
b11101 %
b11101 ,
b11101 (
b11000011101 *
b11100 )
#1566
1-
0.
b11110 %
b11110 ,
b11110 (
b11000011110 *
b11101 )
#1567
0-
b11111 %
b11111 ,
b11111 (
b11000011111 *
b11110 )
#1568
1"
07
0!
08
0D
0C
0F
05
1-
1.
1/
00
01
02
0?
0I
b100000 %
b100000 ,
b100000 (
b11000100000 *
b11111 )
#1569
0-
b100001 %
b100001 ,
b100001 (
b11000100001 *
b11111111111111111111111111100000 )
#1570
1-
0.
b100010 %
b100010 ,
b100010 (
b11000100010 *
b11111111111111111111111111100001 )
#1571
0-
b100011 %
b100011 ,
b100011 (
b11000100011 *
b11111111111111111111111111100010 )
#1572
1-
1.
0/
b100100 %
b100100 ,
b100100 (
b11000100100 *
b11111111111111111111111111100011 )
#1573
0-
b100101 %
b100101 ,
b100101 (
b11000100101 *
b11111111111111111111111111100100 )
#1574
1-
0.
b100110 %
b100110 ,
b100110 (
b11000100110 *
b11111111111111111111111111100101 )
#1575
0-
b100111 %
b100111 ,
b100111 (
b11000100111 *
b11111111111111111111111111100110 )
#1576
1-
1.
1/
10
b101000 %
b101000 ,
b101000 (
b11000101000 *
b11111111111111111111111111100111 )
#1577
0-
b101001 %
b101001 ,
b101001 (
b11000101001 *
b11111111111111111111111111101000 )
#1578
1-
0.
b101010 %
b101010 ,
b101010 (
b11000101010 *
b11111111111111111111111111101001 )
#1579
0-
b101011 %
b101011 ,
b101011 (
b11000101011 *
b11111111111111111111111111101010 )
#1580
1-
1.
0/
b101100 %
b101100 ,
b101100 (
b11000101100 *
b11111111111111111111111111101011 )
#1581
0-
b101101 %
b101101 ,
b101101 (
b11000101101 *
b11111111111111111111111111101100 )
#1582
1-
0.
b101110 %
b101110 ,
b101110 (
b11000101110 *
b11111111111111111111111111101101 )
#1583
0-
b101111 %
b101111 ,
b101111 (
b11000101111 *
b11111111111111111111111111101110 )
#1584
1-
1.
1/
00
11
b110000 %
b110000 ,
b110000 (
b11000110000 *
b11111111111111111111111111101111 )
#1585
0-
b110001 %
b110001 ,
b110001 (
b11000110001 *
b11111111111111111111111111110000 )
#1586
1-
0.
b110010 %
b110010 ,
b110010 (
b11000110010 *
b11111111111111111111111111110001 )
#1587
0-
b110011 %
b110011 ,
b110011 (
b11000110011 *
b11111111111111111111111111110010 )
#1588
1-
1.
0/
b110100 %
b110100 ,
b110100 (
b11000110100 *
b11111111111111111111111111110011 )
#1589
0-
b110101 %
b110101 ,
b110101 (
b11000110101 *
b11111111111111111111111111110100 )
#1590
1-
0.
b110110 %
b110110 ,
b110110 (
b11000110110 *
b11111111111111111111111111110101 )
#1591
0-
b110111 %
b110111 ,
b110111 (
b11000110111 *
b11111111111111111111111111110110 )
#1592
13
14
15
1-
1.
1/
10
b111000 %
b111000 ,
b111000 (
b11000111000 *
b11111111111111111111111111110111 )
#1593
1D
1E
0-
1G
b111001 %
b111001 ,
b111001 (
b11000111001 *
b11111111111111111111111111111000 )
#1594
03
1-
0.
0G
1H
b111010 %
b111010 ,
b111010 (
b11000111010 *
b11111111111111111111111111111001 )
#1595
0-
b111011 %
b111011 ,
b111011 (
b11000111011 *
b11111111111111111111111111111010 )
#1596
1F
04
0E
1-
1.
0/
0H
1I
b111100 %
b111100 ,
b111100 (
b11000111100 *
b11111111111111111111111111111011 )
#1597
0-
b111101 %
b111101 ,
b111101 (
b11000111101 *
b11111111111111111111111111111100 )
#1598
1-
0.
b111110 %
b111110 ,
b111110 (
b11000111110 *
b11111111111111111111111111111101 )
#1599
0-
b111111 %
b111111 ,
b111111 (
b11000111111 *
b11111111111111111111111111111110 )
#1600
1"
07
0!
08
0D
0C
0F
05
1.
1/
00
01
12
1?
0I
0:
b0 %
b0 ,
b11001 $
b11001 +
b11001 &
b0 (
b11001000000 *
b11111111111111111111111111111111 )
#1601
1-
b1 %
b1 ,
b1 (
b11001000001 *
b0 )
b11001 '
#1602
0-
0.
b10 %
b10 ,
b10 (
b11001000010 *
b1 )
#1603
1-
b11 %
b11 ,
b11 (
b11001000011 *
b10 )
#1604
0-
1.
0/
b100 %
b100 ,
b100 (
b11001000100 *
b11 )
#1605
1-
b101 %
b101 ,
b101 (
b11001000101 *
b100 )
#1606
0-
0.
b110 %
b110 ,
b110 (
b11001000110 *
b101 )
#1607
1-
b111 %
b111 ,
b111 (
b11001000111 *
b110 )
#1608
0-
1.
1/
10
b1000 %
b1000 ,
b1000 (
b11001001000 *
b111 )
#1609
1-
b1001 %
b1001 ,
b1001 (
b11001001001 *
b1000 )
#1610
0-
0.
b1010 %
b1010 ,
b1010 (
b11001001010 *
b1001 )
#1611
1-
b1011 %
b1011 ,
b1011 (
b11001001011 *
b1010 )
#1612
0-
1.
0/
b1100 %
b1100 ,
b1100 (
b11001001100 *
b1011 )
#1613
1-
b1101 %
b1101 ,
b1101 (
b11001001101 *
b1100 )
#1614
0-
0.
b1110 %
b1110 ,
b1110 (
b11001001110 *
b1101 )
#1615
1-
b1111 %
b1111 ,
b1111 (
b11001001111 *
b1110 )
#1616
0-
1.
1/
00
11
b10000 %
b10000 ,
b10000 (
b11001010000 *
b1111 )
#1617
1-
b10001 %
b10001 ,
b10001 (
b11001010001 *
b10000 )
#1618
0-
0.
b10010 %
b10010 ,
b10010 (
b11001010010 *
b10001 )
#1619
1-
b10011 %
b10011 ,
b10011 (
b11001010011 *
b10010 )
#1620
0-
1.
0/
b10100 %
b10100 ,
b10100 (
b11001010100 *
b10011 )
#1621
1-
b10101 %
b10101 ,
b10101 (
b11001010101 *
b10100 )
#1622
0-
0.
b10110 %
b10110 ,
b10110 (
b11001010110 *
b10101 )
#1623
1-
b10111 %
b10111 ,
b10111 (
b11001010111 *
b10110 )
#1624
13
14
15
0-
1.
1/
10
b11000 %
b11000 ,
b11000 (
b11001011000 *
b10111 )
#1625
0"
17
1#
16
1-
b11001 %
b11001 ,
b11001 (
b11001011001 *
b11000 )
#1626
1!
18
0#
06
1C
1D
03
1E
0-
0.
1H
b11010 %
b11010 ,
b11010 (
b11001011010 *
b11001 )
#1627
1-
b11011 %
b11011 ,
b11011 (
b11001011011 *
b11010 )
#1628
1F
04
0E
0-
1.
0/
0H
1I
b11100 %
b11100 ,
b11100 (
b11001011100 *
b11011 )
#1629
1-
b11101 %
b11101 ,
b11101 (
b11001011101 *
b11100 )
#1630
0-
0.
b11110 %
b11110 ,
b11110 (
b11001011110 *
b11101 )
#1631
1-
b11111 %
b11111 ,
b11111 (
b11001011111 *
b11110 )
#1632
1"
07
0!
08
0D
0C
0F
05
0-
1.
1/
00
01
02
0?
0I
b100000 %
b100000 ,
b100000 (
b11001100000 *
b11111 )
#1633
1-
b100001 %
b100001 ,
b100001 (
b11001100001 *
b11111111111111111111111111100000 )
#1634
0-
0.
b100010 %
b100010 ,
b100010 (
b11001100010 *
b11111111111111111111111111100001 )
#1635
1-
b100011 %
b100011 ,
b100011 (
b11001100011 *
b11111111111111111111111111100010 )
#1636
0-
1.
0/
b100100 %
b100100 ,
b100100 (
b11001100100 *
b11111111111111111111111111100011 )
#1637
1-
b100101 %
b100101 ,
b100101 (
b11001100101 *
b11111111111111111111111111100100 )
#1638
0-
0.
b100110 %
b100110 ,
b100110 (
b11001100110 *
b11111111111111111111111111100101 )
#1639
1-
b100111 %
b100111 ,
b100111 (
b11001100111 *
b11111111111111111111111111100110 )
#1640
0-
1.
1/
10
b101000 %
b101000 ,
b101000 (
b11001101000 *
b11111111111111111111111111100111 )
#1641
1-
b101001 %
b101001 ,
b101001 (
b11001101001 *
b11111111111111111111111111101000 )
#1642
0-
0.
b101010 %
b101010 ,
b101010 (
b11001101010 *
b11111111111111111111111111101001 )
#1643
1-
b101011 %
b101011 ,
b101011 (
b11001101011 *
b11111111111111111111111111101010 )
#1644
0-
1.
0/
b101100 %
b101100 ,
b101100 (
b11001101100 *
b11111111111111111111111111101011 )
#1645
1-
b101101 %
b101101 ,
b101101 (
b11001101101 *
b11111111111111111111111111101100 )
#1646
0-
0.
b101110 %
b101110 ,
b101110 (
b11001101110 *
b11111111111111111111111111101101 )
#1647
1-
b101111 %
b101111 ,
b101111 (
b11001101111 *
b11111111111111111111111111101110 )
#1648
0-
1.
1/
00
11
b110000 %
b110000 ,
b110000 (
b11001110000 *
b11111111111111111111111111101111 )
#1649
1-
b110001 %
b110001 ,
b110001 (
b11001110001 *
b11111111111111111111111111110000 )
#1650
0-
0.
b110010 %
b110010 ,
b110010 (
b11001110010 *
b11111111111111111111111111110001 )
#1651
1-
b110011 %
b110011 ,
b110011 (
b11001110011 *
b11111111111111111111111111110010 )
#1652
0-
1.
0/
b110100 %
b110100 ,
b110100 (
b11001110100 *
b11111111111111111111111111110011 )
#1653
1-
b110101 %
b110101 ,
b110101 (
b11001110101 *
b11111111111111111111111111110100 )
#1654
0-
0.
b110110 %
b110110 ,
b110110 (
b11001110110 *
b11111111111111111111111111110101 )
#1655
1-
b110111 %
b110111 ,
b110111 (
b11001110111 *
b11111111111111111111111111110110 )
#1656
13
14
15
0-
1.
1/
10
b111000 %
b111000 ,
b111000 (
b11001111000 *
b11111111111111111111111111110111 )
#1657
1-
b111001 %
b111001 ,
b111001 (
b11001111001 *
b11111111111111111111111111111000 )
#1658
1D
03
1E
0-
0.
1H
b111010 %
b111010 ,
b111010 (
b11001111010 *
b11111111111111111111111111111001 )
#1659
1-
b111011 %
b111011 ,
b111011 (
b11001111011 *
b11111111111111111111111111111010 )
#1660
1F
04
0E
0-
1.
0/
0H
1I
b111100 %
b111100 ,
b111100 (
b11001111100 *
b11111111111111111111111111111011 )
#1661
1-
b111101 %
b111101 ,
b111101 (
b11001111101 *
b11111111111111111111111111111100 )
#1662
0-
0.
b111110 %
b111110 ,
b111110 (
b11001111110 *
b11111111111111111111111111111101 )
#1663
1-
b111111 %
b111111 ,
b111111 (
b11001111111 *
b11111111111111111111111111111110 )
#1664
1"
07
0!
08
0D
0C
0F
05
1/
00
01
12
1?
0I
1:
0;
b0 %
b0 ,
b11010 $
b11010 +
b11010 &
b0 (
b11010000000 *
b11111111111111111111111111111111 )
#1665
0-
b1 %
b1 ,
b1 (
b11010000001 *
b0 )
b11010 '
#1666
1-
1.
b10 %
b10 ,
b10 (
b11010000010 *
b1 )
#1667
0-
b11 %
b11 ,
b11 (
b11010000011 *
b10 )
#1668
1-
0.
0/
b100 %
b100 ,
b100 (
b11010000100 *
b11 )
#1669
0-
b101 %
b101 ,
b101 (
b11010000101 *
b100 )
#1670
1-
1.
b110 %
b110 ,
b110 (
b11010000110 *
b101 )
#1671
0-
b111 %
b111 ,
b111 (
b11010000111 *
b110 )
#1672
1-
0.
1/
10
b1000 %
b1000 ,
b1000 (
b11010001000 *
b111 )
#1673
0-
b1001 %
b1001 ,
b1001 (
b11010001001 *
b1000 )
#1674
1-
1.
b1010 %
b1010 ,
b1010 (
b11010001010 *
b1001 )
#1675
0-
b1011 %
b1011 ,
b1011 (
b11010001011 *
b1010 )
#1676
1-
0.
0/
b1100 %
b1100 ,
b1100 (
b11010001100 *
b1011 )
#1677
0-
b1101 %
b1101 ,
b1101 (
b11010001101 *
b1100 )
#1678
1-
1.
b1110 %
b1110 ,
b1110 (
b11010001110 *
b1101 )
#1679
0-
b1111 %
b1111 ,
b1111 (
b11010001111 *
b1110 )
#1680
1-
0.
1/
00
11
b10000 %
b10000 ,
b10000 (
b11010010000 *
b1111 )
#1681
0-
b10001 %
b10001 ,
b10001 (
b11010010001 *
b10000 )
#1682
1-
1.
b10010 %
b10010 ,
b10010 (
b11010010010 *
b10001 )
#1683
0-
b10011 %
b10011 ,
b10011 (
b11010010011 *
b10010 )
#1684
1-
0.
0/
b10100 %
b10100 ,
b10100 (
b11010010100 *
b10011 )
#1685
0-
b10101 %
b10101 ,
b10101 (
b11010010101 *
b10100 )
#1686
1-
1.
b10110 %
b10110 ,
b10110 (
b11010010110 *
b10101 )
#1687
0-
b10111 %
b10111 ,
b10111 (
b11010010111 *
b10110 )
#1688
14
15
1-
0.
1/
10
b11000 %
b11000 ,
b11000 (
b11010011000 *
b10111 )
#1689
0-
b11001 %
b11001 ,
b11001 (
b11010011001 *
b11000 )
#1690
0"
17
1#
16
13
1-
1.
b11010 %
b11010 ,
b11010 (
b11010011010 *
b11001 )
#1691
0#
06
1!
18
1C
1D
1E
0-
1G
b11011 %
b11011 ,
b11011 (
b11010011011 *
b11010 )
#1692
1F
03
04
0E
1-
0.
0/
0G
1I
b11100 %
b11100 ,
b11100 (
b11010011100 *
b11011 )
#1693
0-
b11101 %
b11101 ,
b11101 (
b11010011101 *
b11100 )
#1694
1-
1.
b11110 %
b11110 ,
b11110 (
b11010011110 *
b11101 )
#1695
0-
b11111 %
b11111 ,
b11111 (
b11010011111 *
b11110 )
#1696
1"
07
0!
08
0D
0C
0F
05
1-
0.
1/
00
01
02
0?
0I
b100000 %
b100000 ,
b100000 (
b11010100000 *
b11111 )
#1697
0-
b100001 %
b100001 ,
b100001 (
b11010100001 *
b11111111111111111111111111100000 )
#1698
1-
1.
b100010 %
b100010 ,
b100010 (
b11010100010 *
b11111111111111111111111111100001 )
#1699
0-
b100011 %
b100011 ,
b100011 (
b11010100011 *
b11111111111111111111111111100010 )
#1700
1-
0.
0/
b100100 %
b100100 ,
b100100 (
b11010100100 *
b11111111111111111111111111100011 )
#1701
0-
b100101 %
b100101 ,
b100101 (
b11010100101 *
b11111111111111111111111111100100 )
#1702
1-
1.
b100110 %
b100110 ,
b100110 (
b11010100110 *
b11111111111111111111111111100101 )
#1703
0-
b100111 %
b100111 ,
b100111 (
b11010100111 *
b11111111111111111111111111100110 )
#1704
1-
0.
1/
10
b101000 %
b101000 ,
b101000 (
b11010101000 *
b11111111111111111111111111100111 )
#1705
0-
b101001 %
b101001 ,
b101001 (
b11010101001 *
b11111111111111111111111111101000 )
#1706
1-
1.
b101010 %
b101010 ,
b101010 (
b11010101010 *
b11111111111111111111111111101001 )
#1707
0-
b101011 %
b101011 ,
b101011 (
b11010101011 *
b11111111111111111111111111101010 )
#1708
1-
0.
0/
b101100 %
b101100 ,
b101100 (
b11010101100 *
b11111111111111111111111111101011 )
#1709
0-
b101101 %
b101101 ,
b101101 (
b11010101101 *
b11111111111111111111111111101100 )
#1710
1-
1.
b101110 %
b101110 ,
b101110 (
b11010101110 *
b11111111111111111111111111101101 )
#1711
0-
b101111 %
b101111 ,
b101111 (
b11010101111 *
b11111111111111111111111111101110 )
#1712
1-
0.
1/
00
11
b110000 %
b110000 ,
b110000 (
b11010110000 *
b11111111111111111111111111101111 )
#1713
0-
b110001 %
b110001 ,
b110001 (
b11010110001 *
b11111111111111111111111111110000 )
#1714
1-
1.
b110010 %
b110010 ,
b110010 (
b11010110010 *
b11111111111111111111111111110001 )
#1715
0-
b110011 %
b110011 ,
b110011 (
b11010110011 *
b11111111111111111111111111110010 )
#1716
1-
0.
0/
b110100 %
b110100 ,
b110100 (
b11010110100 *
b11111111111111111111111111110011 )
#1717
0-
b110101 %
b110101 ,
b110101 (
b11010110101 *
b11111111111111111111111111110100 )
#1718
1-
1.
b110110 %
b110110 ,
b110110 (
b11010110110 *
b11111111111111111111111111110101 )
#1719
0-
b110111 %
b110111 ,
b110111 (
b11010110111 *
b11111111111111111111111111110110 )
#1720
14
15
1-
0.
1/
10
b111000 %
b111000 ,
b111000 (
b11010111000 *
b11111111111111111111111111110111 )
#1721
0-
b111001 %
b111001 ,
b111001 (
b11010111001 *
b11111111111111111111111111111000 )
#1722
13
1-
1.
b111010 %
b111010 ,
b111010 (
b11010111010 *
b11111111111111111111111111111001 )
#1723
1D
1E
0-
1G
b111011 %
b111011 ,
b111011 (
b11010111011 *
b11111111111111111111111111111010 )
#1724
1F
03
04
0E
1-
0.
0/
0G
1I
b111100 %
b111100 ,
b111100 (
b11010111100 *
b11111111111111111111111111111011 )
#1725
0-
b111101 %
b111101 ,
b111101 (
b11010111101 *
b11111111111111111111111111111100 )
#1726
1-
1.
b111110 %
b111110 ,
b111110 (
b11010111110 *
b11111111111111111111111111111101 )
#1727
0-
b111111 %
b111111 ,
b111111 (
b11010111111 *
b11111111111111111111111111111110 )
#1728
1"
07
0!
08
0D
0C
0F
05
0.
1/
00
01
12
1?
0I
0:
b0 %
b0 ,
b11011 $
b11011 +
b11011 &
b0 (
b11011000000 *
b11111111111111111111111111111111 )
#1729
1-
b1 %
b1 ,
b1 (
b11011000001 *
b0 )
b11011 '
#1730
0-
1.
b10 %
b10 ,
b10 (
b11011000010 *
b1 )
#1731
1-
b11 %
b11 ,
b11 (
b11011000011 *
b10 )
#1732
0-
0.
0/
b100 %
b100 ,
b100 (
b11011000100 *
b11 )
#1733
1-
b101 %
b101 ,
b101 (
b11011000101 *
b100 )
#1734
0-
1.
b110 %
b110 ,
b110 (
b11011000110 *
b101 )
#1735
1-
b111 %
b111 ,
b111 (
b11011000111 *
b110 )
#1736
0-
0.
1/
10
b1000 %
b1000 ,
b1000 (
b11011001000 *
b111 )
#1737
1-
b1001 %
b1001 ,
b1001 (
b11011001001 *
b1000 )
#1738
0-
1.
b1010 %
b1010 ,
b1010 (
b11011001010 *
b1001 )
#1739
1-
b1011 %
b1011 ,
b1011 (
b11011001011 *
b1010 )
#1740
0-
0.
0/
b1100 %
b1100 ,
b1100 (
b11011001100 *
b1011 )
#1741
1-
b1101 %
b1101 ,
b1101 (
b11011001101 *
b1100 )
#1742
0-
1.
b1110 %
b1110 ,
b1110 (
b11011001110 *
b1101 )
#1743
1-
b1111 %
b1111 ,
b1111 (
b11011001111 *
b1110 )
#1744
0-
0.
1/
00
11
b10000 %
b10000 ,
b10000 (
b11011010000 *
b1111 )
#1745
1-
b10001 %
b10001 ,
b10001 (
b11011010001 *
b10000 )
#1746
0-
1.
b10010 %
b10010 ,
b10010 (
b11011010010 *
b10001 )
#1747
1-
b10011 %
b10011 ,
b10011 (
b11011010011 *
b10010 )
#1748
0-
0.
0/
b10100 %
b10100 ,
b10100 (
b11011010100 *
b10011 )
#1749
1-
b10101 %
b10101 ,
b10101 (
b11011010101 *
b10100 )
#1750
0-
1.
b10110 %
b10110 ,
b10110 (
b11011010110 *
b10101 )
#1751
1-
b10111 %
b10111 ,
b10111 (
b11011010111 *
b10110 )
#1752
14
15
0-
0.
1/
10
b11000 %
b11000 ,
b11000 (
b11011011000 *
b10111 )
#1753
1-
b11001 %
b11001 ,
b11001 (
b11011011001 *
b11000 )
#1754
1"
07
0#
06
13
0-
1.
b11010 %
b11010 ,
b11010 (
b11011011010 *
b11001 )
#1755
0"
17
1#
16
1-
b11011 %
b11011 ,
b11011 (
b11011011011 *
b11010 )
#1756
0"
1!
18
17
0#
06
1C
1D
1F
03
04
0-
0.
0/
1I
b11100 %
b11100 ,
b11100 (
b11011011100 *
b11011 )
#1757
1-
b11101 %
b11101 ,
b11101 (
b11011011101 *
b11100 )
#1758
0-
1.
b11110 %
b11110 ,
b11110 (
b11011011110 *
b11101 )
#1759
1-
b11111 %
b11111 ,
b11111 (
b11011011111 *
b11110 )
#1760
1"
07
0!
08
0D
0C
0F
05
0-
0.
1/
00
01
02
0?
0I
b100000 %
b100000 ,
b100000 (
b11011100000 *
b11111 )
#1761
1-
b100001 %
b100001 ,
b100001 (
b11011100001 *
b11111111111111111111111111100000 )
#1762
0-
1.
b100010 %
b100010 ,
b100010 (
b11011100010 *
b11111111111111111111111111100001 )
#1763
1-
b100011 %
b100011 ,
b100011 (
b11011100011 *
b11111111111111111111111111100010 )
#1764
0-
0.
0/
b100100 %
b100100 ,
b100100 (
b11011100100 *
b11111111111111111111111111100011 )
#1765
1-
b100101 %
b100101 ,
b100101 (
b11011100101 *
b11111111111111111111111111100100 )
#1766
0-
1.
b100110 %
b100110 ,
b100110 (
b11011100110 *
b11111111111111111111111111100101 )
#1767
1-
b100111 %
b100111 ,
b100111 (
b11011100111 *
b11111111111111111111111111100110 )
#1768
0-
0.
1/
10
b101000 %
b101000 ,
b101000 (
b11011101000 *
b11111111111111111111111111100111 )
#1769
1-
b101001 %
b101001 ,
b101001 (
b11011101001 *
b11111111111111111111111111101000 )
#1770
0-
1.
b101010 %
b101010 ,
b101010 (
b11011101010 *
b11111111111111111111111111101001 )
#1771
1-
b101011 %
b101011 ,
b101011 (
b11011101011 *
b11111111111111111111111111101010 )
#1772
0-
0.
0/
b101100 %
b101100 ,
b101100 (
b11011101100 *
b11111111111111111111111111101011 )
#1773
1-
b101101 %
b101101 ,
b101101 (
b11011101101 *
b11111111111111111111111111101100 )
#1774
0-
1.
b101110 %
b101110 ,
b101110 (
b11011101110 *
b11111111111111111111111111101101 )
#1775
1-
b101111 %
b101111 ,
b101111 (
b11011101111 *
b11111111111111111111111111101110 )
#1776
0-
0.
1/
00
11
b110000 %
b110000 ,
b110000 (
b11011110000 *
b11111111111111111111111111101111 )
#1777
1-
b110001 %
b110001 ,
b110001 (
b11011110001 *
b11111111111111111111111111110000 )
#1778
0-
1.
b110010 %
b110010 ,
b110010 (
b11011110010 *
b11111111111111111111111111110001 )
#1779
1-
b110011 %
b110011 ,
b110011 (
b11011110011 *
b11111111111111111111111111110010 )
#1780
0-
0.
0/
b110100 %
b110100 ,
b110100 (
b11011110100 *
b11111111111111111111111111110011 )
#1781
1-
b110101 %
b110101 ,
b110101 (
b11011110101 *
b11111111111111111111111111110100 )
#1782
0-
1.
b110110 %
b110110 ,
b110110 (
b11011110110 *
b11111111111111111111111111110101 )
#1783
1-
b110111 %
b110111 ,
b110111 (
b11011110111 *
b11111111111111111111111111110110 )
#1784
14
15
0-
0.
1/
10
b111000 %
b111000 ,
b111000 (
b11011111000 *
b11111111111111111111111111110111 )
#1785
1-
b111001 %
b111001 ,
b111001 (
b11011111001 *
b11111111111111111111111111111000 )
#1786
13
0-
1.
b111010 %
b111010 ,
b111010 (
b11011111010 *
b11111111111111111111111111111001 )
#1787
1-
b111011 %
b111011 ,
b111011 (
b11011111011 *
b11111111111111111111111111111010 )
#1788
1D
1F
03
04
0-
0.
0/
1I
b111100 %
b111100 ,
b111100 (
b11011111100 *
b11111111111111111111111111111011 )
#1789
1-
b111101 %
b111101 ,
b111101 (
b11011111101 *
b11111111111111111111111111111100 )
#1790
0-
1.
b111110 %
b111110 ,
b111110 (
b11011111110 *
b11111111111111111111111111111101 )
#1791
1-
b111111 %
b111111 ,
b111111 (
b11011111111 *
b11111111111111111111111111111110 )
#1792
1"
07
0!
08
0D
0C
0F
05
00
01
12
1?
0I
1:
1;
0<
b0 %
b0 ,
b11100 $
b11100 +
b11100 &
b0 (
b11100000000 *
b11111111111111111111111111111111 )
#1793
0-
b1 %
b1 ,
b1 (
b11100000001 *
b0 )
b11100 '
#1794
1-
0.
b10 %
b10 ,
b10 (
b11100000010 *
b1 )
#1795
0-
b11 %
b11 ,
b11 (
b11100000011 *
b10 )
#1796
1-
1.
1/
b100 %
b100 ,
b100 (
b11100000100 *
b11 )
#1797
0-
b101 %
b101 ,
b101 (
b11100000101 *
b100 )
#1798
1-
0.
b110 %
b110 ,
b110 (
b11100000110 *
b101 )
#1799
0-
b111 %
b111 ,
b111 (
b11100000111 *
b110 )
#1800
1-
1.
0/
10
b1000 %
b1000 ,
b1000 (
b11100001000 *
b111 )
#1801
0-
b1001 %
b1001 ,
b1001 (
b11100001001 *
b1000 )
#1802
1-
0.
b1010 %
b1010 ,
b1010 (
b11100001010 *
b1001 )
#1803
0-
b1011 %
b1011 ,
b1011 (
b11100001011 *
b1010 )
#1804
1-
1.
1/
b1100 %
b1100 ,
b1100 (
b11100001100 *
b1011 )
#1805
0-
b1101 %
b1101 ,
b1101 (
b11100001101 *
b1100 )
#1806
1-
0.
b1110 %
b1110 ,
b1110 (
b11100001110 *
b1101 )
#1807
0-
b1111 %
b1111 ,
b1111 (
b11100001111 *
b1110 )
#1808
1-
1.
0/
00
11
b10000 %
b10000 ,
b10000 (
b11100010000 *
b1111 )
#1809
0-
b10001 %
b10001 ,
b10001 (
b11100010001 *
b10000 )
#1810
1-
0.
b10010 %
b10010 ,
b10010 (
b11100010010 *
b10001 )
#1811
0-
b10011 %
b10011 ,
b10011 (
b11100010011 *
b10010 )
#1812
1-
1.
1/
b10100 %
b10100 ,
b10100 (
b11100010100 *
b10011 )
#1813
0-
b10101 %
b10101 ,
b10101 (
b11100010101 *
b10100 )
#1814
1-
0.
b10110 %
b10110 ,
b10110 (
b11100010110 *
b10101 )
#1815
0-
b10111 %
b10111 ,
b10111 (
b11100010111 *
b10110 )
#1816
15
1-
1.
0/
10
b11000 %
b11000 ,
b11000 (
b11100011000 *
b10111 )
#1817
0-
b11001 %
b11001 ,
b11001 (
b11100011001 *
b11000 )
#1818
1-
0.
b11010 %
b11010 ,
b11010 (
b11100011010 *
b11001 )
#1819
0-
b11011 %
b11011 ,
b11011 (
b11100011011 *
b11010 )
#1820
0"
17
1#
16
13
14
1-
1.
1/
b11100 %
b11100 ,
b11100 (
b11100011100 *
b11011 )
#1821
0#
06
1!
18
1C
1D
1E
0-
1G
b11101 %
b11101 ,
b11101 (
b11100011101 *
b11100 )
#1822
03
1-
0.
0G
1H
b11110 %
b11110 ,
b11110 (
b11100011110 *
b11101 )
#1823
0-
b11111 %
b11111 ,
b11111 (
b11100011111 *
b11110 )
#1824
1"
07
0!
08
0C
0D
04
05
0E
1-
1.
0/
00
01
02
0?
0H
b100000 %
b100000 ,
b100000 (
b11100100000 *
b11111 )
#1825
0-
b100001 %
b100001 ,
b100001 (
b11100100001 *
b11111111111111111111111111100000 )
#1826
1-
0.
b100010 %
b100010 ,
b100010 (
b11100100010 *
b11111111111111111111111111100001 )
#1827
0-
b100011 %
b100011 ,
b100011 (
b11100100011 *
b11111111111111111111111111100010 )
#1828
1-
1.
1/
b100100 %
b100100 ,
b100100 (
b11100100100 *
b11111111111111111111111111100011 )
#1829
0-
b100101 %
b100101 ,
b100101 (
b11100100101 *
b11111111111111111111111111100100 )
#1830
1-
0.
b100110 %
b100110 ,
b100110 (
b11100100110 *
b11111111111111111111111111100101 )
#1831
0-
b100111 %
b100111 ,
b100111 (
b11100100111 *
b11111111111111111111111111100110 )
#1832
1-
1.
0/
10
b101000 %
b101000 ,
b101000 (
b11100101000 *
b11111111111111111111111111100111 )
#1833
0-
b101001 %
b101001 ,
b101001 (
b11100101001 *
b11111111111111111111111111101000 )
#1834
1-
0.
b101010 %
b101010 ,
b101010 (
b11100101010 *
b11111111111111111111111111101001 )
#1835
0-
b101011 %
b101011 ,
b101011 (
b11100101011 *
b11111111111111111111111111101010 )
#1836
1-
1.
1/
b101100 %
b101100 ,
b101100 (
b11100101100 *
b11111111111111111111111111101011 )
#1837
0-
b101101 %
b101101 ,
b101101 (
b11100101101 *
b11111111111111111111111111101100 )
#1838
1-
0.
b101110 %
b101110 ,
b101110 (
b11100101110 *
b11111111111111111111111111101101 )
#1839
0-
b101111 %
b101111 ,
b101111 (
b11100101111 *
b11111111111111111111111111101110 )
#1840
1-
1.
0/
00
11
b110000 %
b110000 ,
b110000 (
b11100110000 *
b11111111111111111111111111101111 )
#1841
0-
b110001 %
b110001 ,
b110001 (
b11100110001 *
b11111111111111111111111111110000 )
#1842
1-
0.
b110010 %
b110010 ,
b110010 (
b11100110010 *
b11111111111111111111111111110001 )
#1843
0-
b110011 %
b110011 ,
b110011 (
b11100110011 *
b11111111111111111111111111110010 )
#1844
1-
1.
1/
b110100 %
b110100 ,
b110100 (
b11100110100 *
b11111111111111111111111111110011 )
#1845
0-
b110101 %
b110101 ,
b110101 (
b11100110101 *
b11111111111111111111111111110100 )
#1846
1-
0.
b110110 %
b110110 ,
b110110 (
b11100110110 *
b11111111111111111111111111110101 )
#1847
0-
b110111 %
b110111 ,
b110111 (
b11100110111 *
b11111111111111111111111111110110 )
#1848
15
1-
1.
0/
10
b111000 %
b111000 ,
b111000 (
b11100111000 *
b11111111111111111111111111110111 )
#1849
0-
b111001 %
b111001 ,
b111001 (
b11100111001 *
b11111111111111111111111111111000 )
#1850
1-
0.
b111010 %
b111010 ,
b111010 (
b11100111010 *
b11111111111111111111111111111001 )
#1851
0-
b111011 %
b111011 ,
b111011 (
b11100111011 *
b11111111111111111111111111111010 )
#1852
13
14
1-
1.
1/
b111100 %
b111100 ,
b111100 (
b11100111100 *
b11111111111111111111111111111011 )
#1853
1D
1E
0-
1G
b111101 %
b111101 ,
b111101 (
b11100111101 *
b11111111111111111111111111111100 )
#1854
03
1-
0.
0G
1H
b111110 %
b111110 ,
b111110 (
b11100111110 *
b11111111111111111111111111111101 )
#1855
0-
b111111 %
b111111 ,
b111111 (
b11100111111 *
b11111111111111111111111111111110 )
#1856
0D
04
05
0E
1.
0/
00
01
12
1?
0H
0:
b0 %
b0 ,
b11101 $
b11101 +
b11101 &
b0 (
b11101000000 *
b11111111111111111111111111111111 )
#1857
1-
b1 %
b1 ,
b1 (
b11101000001 *
b0 )
b11101 '
#1858
0-
0.
b10 %
b10 ,
b10 (
b11101000010 *
b1 )
#1859
1-
b11 %
b11 ,
b11 (
b11101000011 *
b10 )
#1860
0-
1.
1/
b100 %
b100 ,
b100 (
b11101000100 *
b11 )
#1861
1-
b101 %
b101 ,
b101 (
b11101000101 *
b100 )
#1862
0-
0.
b110 %
b110 ,
b110 (
b11101000110 *
b101 )
#1863
1-
b111 %
b111 ,
b111 (
b11101000111 *
b110 )
#1864
0-
1.
0/
10
b1000 %
b1000 ,
b1000 (
b11101001000 *
b111 )
#1865
1-
b1001 %
b1001 ,
b1001 (
b11101001001 *
b1000 )
#1866
0-
0.
b1010 %
b1010 ,
b1010 (
b11101001010 *
b1001 )
#1867
1-
b1011 %
b1011 ,
b1011 (
b11101001011 *
b1010 )
#1868
0-
1.
1/
b1100 %
b1100 ,
b1100 (
b11101001100 *
b1011 )
#1869
1-
b1101 %
b1101 ,
b1101 (
b11101001101 *
b1100 )
#1870
0-
0.
b1110 %
b1110 ,
b1110 (
b11101001110 *
b1101 )
#1871
1-
b1111 %
b1111 ,
b1111 (
b11101001111 *
b1110 )
#1872
0-
1.
0/
00
11
b10000 %
b10000 ,
b10000 (
b11101010000 *
b1111 )
#1873
1-
b10001 %
b10001 ,
b10001 (
b11101010001 *
b10000 )
#1874
0-
0.
b10010 %
b10010 ,
b10010 (
b11101010010 *
b10001 )
#1875
1-
b10011 %
b10011 ,
b10011 (
b11101010011 *
b10010 )
#1876
0-
1.
1/
b10100 %
b10100 ,
b10100 (
b11101010100 *
b10011 )
#1877
1-
b10101 %
b10101 ,
b10101 (
b11101010101 *
b10100 )
#1878
0-
0.
b10110 %
b10110 ,
b10110 (
b11101010110 *
b10101 )
#1879
1-
b10111 %
b10111 ,
b10111 (
b11101010111 *
b10110 )
#1880
15
0-
1.
0/
10
b11000 %
b11000 ,
b11000 (
b11101011000 *
b10111 )
#1881
1-
b11001 %
b11001 ,
b11001 (
b11101011001 *
b11000 )
#1882
0-
0.
b11010 %
b11010 ,
b11010 (
b11101011010 *
b11001 )
#1883
1-
b11011 %
b11011 ,
b11011 (
b11101011011 *
b11010 )
#1884
13
14
0-
1.
1/
b11100 %
b11100 ,
b11100 (
b11101011100 *
b11011 )
#1885
0"
17
1#
16
1-
b11101 %
b11101 ,
b11101 (
b11101011101 *
b11100 )
#1886
1!
18
0#
06
1C
1D
03
1E
0-
0.
1H
b11110 %
b11110 ,
b11110 (
b11101011110 *
b11101 )
#1887
1-
b11111 %
b11111 ,
b11111 (
b11101011111 *
b11110 )
#1888
1"
07
0!
08
0C
0D
04
05
0E
0-
1.
0/
00
01
02
0?
0H
b100000 %
b100000 ,
b100000 (
b11101100000 *
b11111 )
#1889
1-
b100001 %
b100001 ,
b100001 (
b11101100001 *
b11111111111111111111111111100000 )
#1890
0-
0.
b100010 %
b100010 ,
b100010 (
b11101100010 *
b11111111111111111111111111100001 )
#1891
1-
b100011 %
b100011 ,
b100011 (
b11101100011 *
b11111111111111111111111111100010 )
#1892
0-
1.
1/
b100100 %
b100100 ,
b100100 (
b11101100100 *
b11111111111111111111111111100011 )
#1893
1-
b100101 %
b100101 ,
b100101 (
b11101100101 *
b11111111111111111111111111100100 )
#1894
0-
0.
b100110 %
b100110 ,
b100110 (
b11101100110 *
b11111111111111111111111111100101 )
#1895
1-
b100111 %
b100111 ,
b100111 (
b11101100111 *
b11111111111111111111111111100110 )
#1896
0-
1.
0/
10
b101000 %
b101000 ,
b101000 (
b11101101000 *
b11111111111111111111111111100111 )
#1897
1-
b101001 %
b101001 ,
b101001 (
b11101101001 *
b11111111111111111111111111101000 )
#1898
0-
0.
b101010 %
b101010 ,
b101010 (
b11101101010 *
b11111111111111111111111111101001 )
#1899
1-
b101011 %
b101011 ,
b101011 (
b11101101011 *
b11111111111111111111111111101010 )
#1900
0-
1.
1/
b101100 %
b101100 ,
b101100 (
b11101101100 *
b11111111111111111111111111101011 )
#1901
1-
b101101 %
b101101 ,
b101101 (
b11101101101 *
b11111111111111111111111111101100 )
#1902
0-
0.
b101110 %
b101110 ,
b101110 (
b11101101110 *
b11111111111111111111111111101101 )
#1903
1-
b101111 %
b101111 ,
b101111 (
b11101101111 *
b11111111111111111111111111101110 )
#1904
0-
1.
0/
00
11
b110000 %
b110000 ,
b110000 (
b11101110000 *
b11111111111111111111111111101111 )
#1905
1-
b110001 %
b110001 ,
b110001 (
b11101110001 *
b11111111111111111111111111110000 )
#1906
0-
0.
b110010 %
b110010 ,
b110010 (
b11101110010 *
b11111111111111111111111111110001 )
#1907
1-
b110011 %
b110011 ,
b110011 (
b11101110011 *
b11111111111111111111111111110010 )
#1908
0-
1.
1/
b110100 %
b110100 ,
b110100 (
b11101110100 *
b11111111111111111111111111110011 )
#1909
1-
b110101 %
b110101 ,
b110101 (
b11101110101 *
b11111111111111111111111111110100 )
#1910
0-
0.
b110110 %
b110110 ,
b110110 (
b11101110110 *
b11111111111111111111111111110101 )
#1911
1-
b110111 %
b110111 ,
b110111 (
b11101110111 *
b11111111111111111111111111110110 )
#1912
15
0-
1.
0/
10
b111000 %
b111000 ,
b111000 (
b11101111000 *
b11111111111111111111111111110111 )
#1913
1-
b111001 %
b111001 ,
b111001 (
b11101111001 *
b11111111111111111111111111111000 )
#1914
0-
0.
b111010 %
b111010 ,
b111010 (
b11101111010 *
b11111111111111111111111111111001 )
#1915
1-
b111011 %
b111011 ,
b111011 (
b11101111011 *
b11111111111111111111111111111010 )
#1916
13
14
0-
1.
1/
b111100 %
b111100 ,
b111100 (
b11101111100 *
b11111111111111111111111111111011 )
#1917
1-
b111101 %
b111101 ,
b111101 (
b11101111101 *
b11111111111111111111111111111100 )
#1918
1D
03
1E
0-
0.
1H
b111110 %
b111110 ,
b111110 (
b11101111110 *
b11111111111111111111111111111101 )
#1919
1-
b111111 %
b111111 ,
b111111 (
b11101111111 *
b11111111111111111111111111111110 )
#1920
0D
04
05
0E
0/
00
01
12
1?
0H
1:
0;
b0 %
b0 ,
b11110 $
b11110 +
b11110 &
b0 (
b11110000000 *
b11111111111111111111111111111111 )
#1921
0-
b1 %
b1 ,
b1 (
b11110000001 *
b0 )
b11110 '
#1922
1-
1.
b10 %
b10 ,
b10 (
b11110000010 *
b1 )
#1923
0-
b11 %
b11 ,
b11 (
b11110000011 *
b10 )
#1924
1-
0.
1/
b100 %
b100 ,
b100 (
b11110000100 *
b11 )
#1925
0-
b101 %
b101 ,
b101 (
b11110000101 *
b100 )
#1926
1-
1.
b110 %
b110 ,
b110 (
b11110000110 *
b101 )
#1927
0-
b111 %
b111 ,
b111 (
b11110000111 *
b110 )
#1928
1-
0.
0/
10
b1000 %
b1000 ,
b1000 (
b11110001000 *
b111 )
#1929
0-
b1001 %
b1001 ,
b1001 (
b11110001001 *
b1000 )
#1930
1-
1.
b1010 %
b1010 ,
b1010 (
b11110001010 *
b1001 )
#1931
0-
b1011 %
b1011 ,
b1011 (
b11110001011 *
b1010 )
#1932
1-
0.
1/
b1100 %
b1100 ,
b1100 (
b11110001100 *
b1011 )
#1933
0-
b1101 %
b1101 ,
b1101 (
b11110001101 *
b1100 )
#1934
1-
1.
b1110 %
b1110 ,
b1110 (
b11110001110 *
b1101 )
#1935
0-
b1111 %
b1111 ,
b1111 (
b11110001111 *
b1110 )
#1936
1-
0.
0/
00
11
b10000 %
b10000 ,
b10000 (
b11110010000 *
b1111 )
#1937
0-
b10001 %
b10001 ,
b10001 (
b11110010001 *
b10000 )
#1938
1-
1.
b10010 %
b10010 ,
b10010 (
b11110010010 *
b10001 )
#1939
0-
b10011 %
b10011 ,
b10011 (
b11110010011 *
b10010 )
#1940
1-
0.
1/
b10100 %
b10100 ,
b10100 (
b11110010100 *
b10011 )
#1941
0-
b10101 %
b10101 ,
b10101 (
b11110010101 *
b10100 )
#1942
1-
1.
b10110 %
b10110 ,
b10110 (
b11110010110 *
b10101 )
#1943
0-
b10111 %
b10111 ,
b10111 (
b11110010111 *
b10110 )
#1944
15
1-
0.
0/
10
b11000 %
b11000 ,
b11000 (
b11110011000 *
b10111 )
#1945
0-
b11001 %
b11001 ,
b11001 (
b11110011001 *
b11000 )
#1946
1-
1.
b11010 %
b11010 ,
b11010 (
b11110011010 *
b11001 )
#1947
0-
b11011 %
b11011 ,
b11011 (
b11110011011 *
b11010 )
#1948
14
1-
0.
1/
b11100 %
b11100 ,
b11100 (
b11110011100 *
b11011 )
#1949
0-
b11101 %
b11101 ,
b11101 (
b11110011101 *
b11100 )
#1950
0"
17
1#
16
13
1-
1.
b11110 %
b11110 ,
b11110 (
b11110011110 *
b11101 )
#1951
0#
06
1!
18
1C
1D
1E
0-
1G
b11111 %
b11111 ,
b11111 (
b11110011111 *
b11110 )
#1952
1"
07
0!
08
0C
0D
03
04
05
0E
1-
0.
0/
00
01
02
0?
0G
b100000 %
b100000 ,
b100000 (
b11110100000 *
b11111 )
#1953
0-
b100001 %
b100001 ,
b100001 (
b11110100001 *
b11111111111111111111111111100000 )
#1954
1-
1.
b100010 %
b100010 ,
b100010 (
b11110100010 *
b11111111111111111111111111100001 )
#1955
0-
b100011 %
b100011 ,
b100011 (
b11110100011 *
b11111111111111111111111111100010 )
#1956
1-
0.
1/
b100100 %
b100100 ,
b100100 (
b11110100100 *
b11111111111111111111111111100011 )
#1957
0-
b100101 %
b100101 ,
b100101 (
b11110100101 *
b11111111111111111111111111100100 )
#1958
1-
1.
b100110 %
b100110 ,
b100110 (
b11110100110 *
b11111111111111111111111111100101 )
#1959
0-
b100111 %
b100111 ,
b100111 (
b11110100111 *
b11111111111111111111111111100110 )
#1960
1-
0.
0/
10
b101000 %
b101000 ,
b101000 (
b11110101000 *
b11111111111111111111111111100111 )
#1961
0-
b101001 %
b101001 ,
b101001 (
b11110101001 *
b11111111111111111111111111101000 )
#1962
1-
1.
b101010 %
b101010 ,
b101010 (
b11110101010 *
b11111111111111111111111111101001 )
#1963
0-
b101011 %
b101011 ,
b101011 (
b11110101011 *
b11111111111111111111111111101010 )
#1964
1-
0.
1/
b101100 %
b101100 ,
b101100 (
b11110101100 *
b11111111111111111111111111101011 )
#1965
0-
b101101 %
b101101 ,
b101101 (
b11110101101 *
b11111111111111111111111111101100 )
#1966
1-
1.
b101110 %
b101110 ,
b101110 (
b11110101110 *
b11111111111111111111111111101101 )
#1967
0-
b101111 %
b101111 ,
b101111 (
b11110101111 *
b11111111111111111111111111101110 )
#1968
1-
0.
0/
00
11
b110000 %
b110000 ,
b110000 (
b11110110000 *
b11111111111111111111111111101111 )
#1969
0-
b110001 %
b110001 ,
b110001 (
b11110110001 *
b11111111111111111111111111110000 )
#1970
1-
1.
b110010 %
b110010 ,
b110010 (
b11110110010 *
b11111111111111111111111111110001 )
#1971
0-
b110011 %
b110011 ,
b110011 (
b11110110011 *
b11111111111111111111111111110010 )
#1972
1-
0.
1/
b110100 %
b110100 ,
b110100 (
b11110110100 *
b11111111111111111111111111110011 )
#1973
0-
b110101 %
b110101 ,
b110101 (
b11110110101 *
b11111111111111111111111111110100 )
#1974
1-
1.
b110110 %
b110110 ,
b110110 (
b11110110110 *
b11111111111111111111111111110101 )
#1975
0-
b110111 %
b110111 ,
b110111 (
b11110110111 *
b11111111111111111111111111110110 )
#1976
15
1-
0.
0/
10
b111000 %
b111000 ,
b111000 (
b11110111000 *
b11111111111111111111111111110111 )
#1977
0-
b111001 %
b111001 ,
b111001 (
b11110111001 *
b11111111111111111111111111111000 )
#1978
1-
1.
b111010 %
b111010 ,
b111010 (
b11110111010 *
b11111111111111111111111111111001 )
#1979
0-
b111011 %
b111011 ,
b111011 (
b11110111011 *
b11111111111111111111111111111010 )
#1980
14
1-
0.
1/
b111100 %
b111100 ,
b111100 (
b11110111100 *
b11111111111111111111111111111011 )
#1981
0-
b111101 %
b111101 ,
b111101 (
b11110111101 *
b11111111111111111111111111111100 )
#1982
13
1-
1.
b111110 %
b111110 ,
b111110 (
b11110111110 *
b11111111111111111111111111111101 )
#1983
1D
1E
0-
1G
b111111 %
b111111 ,
b111111 (
b11110111111 *
b11111111111111111111111111111110 )
#1984
0D
03
04
05
0E
0.
0/
00
01
12
1?
0G
0:
b0 %
b0 ,
b11111 $
b11111 +
b11111 &
b0 (
b11111000000 *
b11111111111111111111111111111111 )
#1985
1-
b1 %
b1 ,
b1 (
b11111000001 *
b0 )
b11111 '
#1986
0-
1.
b10 %
b10 ,
b10 (
b11111000010 *
b1 )
#1987
1-
b11 %
b11 ,
b11 (
b11111000011 *
b10 )
#1988
0-
0.
1/
b100 %
b100 ,
b100 (
b11111000100 *
b11 )
#1989
1-
b101 %
b101 ,
b101 (
b11111000101 *
b100 )
#1990
0-
1.
b110 %
b110 ,
b110 (
b11111000110 *
b101 )
#1991
1-
b111 %
b111 ,
b111 (
b11111000111 *
b110 )
#1992
0-
0.
0/
10
b1000 %
b1000 ,
b1000 (
b11111001000 *
b111 )
#1993
1-
b1001 %
b1001 ,
b1001 (
b11111001001 *
b1000 )
#1994
0-
1.
b1010 %
b1010 ,
b1010 (
b11111001010 *
b1001 )
#1995
1-
b1011 %
b1011 ,
b1011 (
b11111001011 *
b1010 )
#1996
0-
0.
1/
b1100 %
b1100 ,
b1100 (
b11111001100 *
b1011 )
#1997
1-
b1101 %
b1101 ,
b1101 (
b11111001101 *
b1100 )
#1998
0-
1.
b1110 %
b1110 ,
b1110 (
b11111001110 *
b1101 )
#1999
1-
b1111 %
b1111 ,
b1111 (
b11111001111 *
b1110 )
#2000
1"
07
0#
06
0-
0.
0/
00
11
b10000 %
b10000 ,
b10000 (
b11111010000 *
b1111 )
#2001
1-
b10001 %
b10001 ,
b10001 (
b11111010001 *
b10000 )
#2002
0-
1.
b10010 %
b10010 ,
b10010 (
b11111010010 *
b10001 )
#2003
1-
b10011 %
b10011 ,
b10011 (
b11111010011 *
b10010 )
#2004
0-
0.
1/
b10100 %
b10100 ,
b10100 (
b11111010100 *
b10011 )
#2005
1-
b10101 %
b10101 ,
b10101 (
b11111010101 *
b10100 )
#2006
0-
1.
b10110 %
b10110 ,
b10110 (
b11111010110 *
b10101 )
#2007
1-
b10111 %
b10111 ,
b10111 (
b11111010111 *
b10110 )
#2008
1"
07
0#
06
15
0-
0.
0/
10
b11000 %
b11000 ,
b11000 (
b11111011000 *
b10111 )
#2009
1-
b11001 %
b11001 ,
b11001 (
b11111011001 *
b11000 )
#2010
0-
1.
b11010 %
b11010 ,
b11010 (
b11111011010 *
b11001 )
#2011
1-
b11011 %
b11011 ,
b11011 (
b11111011011 *
b11010 )
#2012
14
0-
0.
1/
b11100 %
b11100 ,
b11100 (
b11111011100 *
b11011 )
#2013
1-
b11101 %
b11101 ,
b11101 (
b11111011101 *
b11100 )
#2014
1"
07
0#
06
13
0-
1.
b11110 %
b11110 ,
b11110 (
b11111011110 *
b11101 )
#2015
0"
17
1#
16
1-
b11111 %
b11111 ,
b11111 (
b11111011111 *
b11110 )
#2016
1"
07
03
04
05
0#
06
0-
0.
0/
00
01
02
0?
b100000 %
b100000 ,
b100000 (
b11111100000 *
b11111 )
#2017
1-
b100001 %
b100001 ,
b100001 (
b11111100001 *
b11111111111111111111111111100000 )
#2018
0-
1.
b100010 %
b100010 ,
b100010 (
b11111100010 *
b11111111111111111111111111100001 )
#2019
1-
b100011 %
b100011 ,
b100011 (
b11111100011 *
b11111111111111111111111111100010 )
#2020
0-
0.
1/
b100100 %
b100100 ,
b100100 (
b11111100100 *
b11111111111111111111111111100011 )
#2021
1-
b100101 %
b100101 ,
b100101 (
b11111100101 *
b11111111111111111111111111100100 )
#2022
0-
1.
b100110 %
b100110 ,
b100110 (
b11111100110 *
b11111111111111111111111111100101 )
#2023
1-
b100111 %
b100111 ,
b100111 (
b11111100111 *
b11111111111111111111111111100110 )
#2024
0-
0.
0/
10
b101000 %
b101000 ,
b101000 (
b11111101000 *
b11111111111111111111111111100111 )
#2025
1-
b101001 %
b101001 ,
b101001 (
b11111101001 *
b11111111111111111111111111101000 )
#2026
0-
1.
b101010 %
b101010 ,
b101010 (
b11111101010 *
b11111111111111111111111111101001 )
#2027
1-
b101011 %
b101011 ,
b101011 (
b11111101011 *
b11111111111111111111111111101010 )
#2028
0-
0.
1/
b101100 %
b101100 ,
b101100 (
b11111101100 *
b11111111111111111111111111101011 )
#2029
1-
b101101 %
b101101 ,
b101101 (
b11111101101 *
b11111111111111111111111111101100 )
#2030
0-
1.
b101110 %
b101110 ,
b101110 (
b11111101110 *
b11111111111111111111111111101101 )
#2031
1-
b101111 %
b101111 ,
b101111 (
b11111101111 *
b11111111111111111111111111101110 )
#2032
0-
0.
0/
00
11
b110000 %
b110000 ,
b110000 (
b11111110000 *
b11111111111111111111111111101111 )
#2033
1-
b110001 %
b110001 ,
b110001 (
b11111110001 *
b11111111111111111111111111110000 )
#2034
0-
1.
b110010 %
b110010 ,
b110010 (
b11111110010 *
b11111111111111111111111111110001 )
#2035
1-
b110011 %
b110011 ,
b110011 (
b11111110011 *
b11111111111111111111111111110010 )
#2036
0-
0.
1/
b110100 %
b110100 ,
b110100 (
b11111110100 *
b11111111111111111111111111110011 )
#2037
1-
b110101 %
b110101 ,
b110101 (
b11111110101 *
b11111111111111111111111111110100 )
#2038
0-
1.
b110110 %
b110110 ,
b110110 (
b11111110110 *
b11111111111111111111111111110101 )
#2039
1-
b110111 %
b110111 ,
b110111 (
b11111110111 *
b11111111111111111111111111110110 )
#2040
15
0-
0.
0/
10
b111000 %
b111000 ,
b111000 (
b11111111000 *
b11111111111111111111111111110111 )
#2041
1-
b111001 %
b111001 ,
b111001 (
b11111111001 *
b11111111111111111111111111111000 )
#2042
0-
1.
b111010 %
b111010 ,
b111010 (
b11111111010 *
b11111111111111111111111111111001 )
#2043
1-
b111011 %
b111011 ,
b111011 (
b11111111011 *
b11111111111111111111111111111010 )
#2044
14
0-
0.
1/
b111100 %
b111100 ,
b111100 (
b11111111100 *
b11111111111111111111111111111011 )
#2045
1-
b111101 %
b111101 ,
b111101 (
b11111111101 *
b11111111111111111111111111111100 )
#2046
13
0-
1.
b111110 %
b111110 ,
b111110 (
b11111111110 *
b11111111111111111111111111111101 )
#2047
1-
b111111 %
b111111 ,
b111111 (
b11111111111 *
b11111111111111111111111111111110 )
#2048
0"
17
1!
18
1@
1?
1:
1;
1<
1=
1>
09
b0 %
b0 ,
b100000 $
b100000 +
b100000 &
b0 (
b100000000000 *
b11111111111111111111111111111111 )
#2049
1D
1E
0-
1G
b1 %
b1 ,
b1 (
b100000000001 *
b0 )
b11111111111111111111111111100000 '
#2050
03
1-
0.
0G
1H
b10 %
b10 ,
b10 (
b100000000010 *
b1 )
#2051
0-
b11 %
b11 ,
b11 (
b100000000011 *
b10 )
#2052
1F
04
0E
1-
1.
0/
0H
1I
b100 %
b100 ,
b100 (
b100000000100 *
b11 )
#2053
0-
b101 %
b101 ,
b101 (
b100000000101 *
b100 )
#2054
1-
0.
b110 %
b110 ,
b110 (
b100000000110 *
b101 )
#2055
0-
b111 %
b111 ,
b111 (
b100000000111 *
b110 )
#2056
05
1-
1.
1/
00
0I
1J
b1000 %
b1000 ,
b1000 (
b100000001000 *
b111 )
#2057
0-
b1001 %
b1001 ,
b1001 (
b100000001001 *
b1000 )
#2058
1-
0.
b1010 %
b1010 ,
b1010 (
b100000001010 *
b1001 )
#2059
0-
b1011 %
b1011 ,
b1011 (
b100000001011 *
b1010 )
#2060
1-
1.
0/
b1100 %
b1100 ,
b1100 (
b100000001100 *
b1011 )
#2061
0-
b1101 %
b1101 ,
b1101 (
b100000001101 *
b1100 )
#2062
1-
0.
b1110 %
b1110 ,
b1110 (
b100000001110 *
b1101 )
#2063
0-
b1111 %
b1111 ,
b1111 (
b100000001111 *
b1110 )
#2064
1-
1.
1/
10
01
0J
1K
b10000 %
b10000 ,
b10000 (
b100000010000 *
b1111 )
#2065
0-
b10001 %
b10001 ,
b10001 (
b100000010001 *
b10000 )
#2066
1-
0.
b10010 %
b10010 ,
b10010 (
b100000010010 *
b10001 )
#2067
0-
b10011 %
b10011 ,
b10011 (
b100000010011 *
b10010 )
#2068
1-
1.
0/
b10100 %
b10100 ,
b10100 (
b100000010100 *
b10011 )
#2069
0-
b10101 %
b10101 ,
b10101 (
b100000010101 *
b10100 )
#2070
1-
0.
b10110 %
b10110 ,
b10110 (
b100000010110 *
b10101 )
#2071
0-
b10111 %
b10111 ,
b10111 (
b100000010111 *
b10110 )
#2072
1-
1.
1/
00
b11000 %
b11000 ,
b11000 (
b100000011000 *
b10111 )
#2073
0-
b11001 %
b11001 ,
b11001 (
b100000011001 *
b11000 )
#2074
1-
0.
b11010 %
b11010 ,
b11010 (
b100000011010 *
b11001 )
#2075
0-
b11011 %
b11011 ,
b11011 (
b100000011011 *
b11010 )
#2076
1-
1.
0/
b11100 %
b11100 ,
b11100 (
b100000011100 *
b11011 )
#2077
0-
b11101 %
b11101 ,
b11101 (
b100000011101 *
b11100 )
#2078
1-
0.
b11110 %
b11110 ,
b11110 (
b100000011110 *
b11101 )
#2079
0-
b11111 %
b11111 ,
b11111 (
b100000011111 *
b11110 )
#2080
1#
16
0"
17
0!
08
0D
13
14
15
0B
0@
0F
1-
1.
1/
10
11
12
1A
0?
0K
b100000 %
b100000 ,
b100000 (
b100000100000 *
b11111 )
#2081
0#
06
1!
18
1B
1D
1E
0-
1G
b100001 %
b100001 ,
b100001 (
b100000100001 *
b11111111111111111111111111100000 )
#2082
03
1-
0.
0G
1H
b100010 %
b100010 ,
b100010 (
b100000100010 *
b11111111111111111111111111100001 )
#2083
0-
b100011 %
b100011 ,
b100011 (
b100000100011 *
b11111111111111111111111111100010 )
#2084
1F
04
0E
1-
1.
0/
0H
1I
b100100 %
b100100 ,
b100100 (
b100000100100 *
b11111111111111111111111111100011 )
#2085
0-
b100101 %
b100101 ,
b100101 (
b100000100101 *
b11111111111111111111111111100100 )
#2086
1-
0.
b100110 %
b100110 ,
b100110 (
b100000100110 *
b11111111111111111111111111100101 )
#2087
0-
b100111 %
b100111 ,
b100111 (
b100000100111 *
b11111111111111111111111111100110 )
#2088
05
1-
1.
1/
00
0I
1J
b101000 %
b101000 ,
b101000 (
b100000101000 *
b11111111111111111111111111100111 )
#2089
0-
b101001 %
b101001 ,
b101001 (
b100000101001 *
b11111111111111111111111111101000 )
#2090
1-
0.
b101010 %
b101010 ,
b101010 (
b100000101010 *
b11111111111111111111111111101001 )
#2091
0-
b101011 %
b101011 ,
b101011 (
b100000101011 *
b11111111111111111111111111101010 )
#2092
1-
1.
0/
b101100 %
b101100 ,
b101100 (
b100000101100 *
b11111111111111111111111111101011 )
#2093
0-
b101101 %
b101101 ,
b101101 (
b100000101101 *
b11111111111111111111111111101100 )
#2094
1-
0.
b101110 %
b101110 ,
b101110 (
b100000101110 *
b11111111111111111111111111101101 )
#2095
0-
b101111 %
b101111 ,
b101111 (
b100000101111 *
b11111111111111111111111111101110 )
#2096
1-
1.
1/
10
01
0J
1K
b110000 %
b110000 ,
b110000 (
b100000110000 *
b11111111111111111111111111101111 )
#2097
0-
b110001 %
b110001 ,
b110001 (
b100000110001 *
b11111111111111111111111111110000 )
#2098
1-
0.
b110010 %
b110010 ,
b110010 (
b100000110010 *
b11111111111111111111111111110001 )
#2099
0-
b110011 %
b110011 ,
b110011 (
b100000110011 *
b11111111111111111111111111110010 )
#2100
1-
1.
0/
b110100 %
b110100 ,
b110100 (
b100000110100 *
b11111111111111111111111111110011 )
#2101
0-
b110101 %
b110101 ,
b110101 (
b100000110101 *
b11111111111111111111111111110100 )
#2102
1-
0.
b110110 %
b110110 ,
b110110 (
b100000110110 *
b11111111111111111111111111110101 )
#2103
0-
b110111 %
b110111 ,
b110111 (
b100000110111 *
b11111111111111111111111111110110 )
#2104
1-
1.
1/
00
b111000 %
b111000 ,
b111000 (
b100000111000 *
b11111111111111111111111111110111 )
#2105
0-
b111001 %
b111001 ,
b111001 (
b100000111001 *
b11111111111111111111111111111000 )
#2106
1-
0.
b111010 %
b111010 ,
b111010 (
b100000111010 *
b11111111111111111111111111111001 )
#2107
0-
b111011 %
b111011 ,
b111011 (
b100000111011 *
b11111111111111111111111111111010 )
#2108
1-
1.
0/
b111100 %
b111100 ,
b111100 (
b100000111100 *
b11111111111111111111111111111011 )
#2109
0-
b111101 %
b111101 ,
b111101 (
b100000111101 *
b11111111111111111111111111111100 )
#2110
1-
0.
b111110 %
b111110 ,
b111110 (
b100000111110 *
b11111111111111111111111111111101 )
#2111
0-
b111111 %
b111111 ,
b111111 (
b100000111111 *
b11111111111111111111111111111110 )
#2112
0D
13
14
15
0B
1@
0F
1.
1/
10
11
02
0A
1?
0K
0:
b0 %
b0 ,
b100001 $
b100001 +
b100001 &
b0 (
b100001000000 *
b11111111111111111111111111111111 )
#2113
1-
b1 %
b1 ,
b1 (
b100001000001 *
b0 )
b11111111111111111111111111100001 '
#2114
1D
03
1E
0-
0.
1H
b10 %
b10 ,
b10 (
b100001000010 *
b1 )
#2115
1-
b11 %
b11 ,
b11 (
b100001000011 *
b10 )
#2116
1F
04
0E
0-
1.
0/
0H
1I
b100 %
b100 ,
b100 (
b100001000100 *
b11 )
#2117
1-
b101 %
b101 ,
b101 (
b100001000101 *
b100 )
#2118
0-
0.
b110 %
b110 ,
b110 (
b100001000110 *
b101 )
#2119
1-
b111 %
b111 ,
b111 (
b100001000111 *
b110 )
#2120
05
0-
1.
1/
00
0I
1J
b1000 %
b1000 ,
b1000 (
b100001001000 *
b111 )
#2121
1-
b1001 %
b1001 ,
b1001 (
b100001001001 *
b1000 )
#2122
0-
0.
b1010 %
b1010 ,
b1010 (
b100001001010 *
b1001 )
#2123
1-
b1011 %
b1011 ,
b1011 (
b100001001011 *
b1010 )
#2124
0-
1.
0/
b1100 %
b1100 ,
b1100 (
b100001001100 *
b1011 )
#2125
1-
b1101 %
b1101 ,
b1101 (
b100001001101 *
b1100 )
#2126
0-
0.
b1110 %
b1110 ,
b1110 (
b100001001110 *
b1101 )
#2127
1-
b1111 %
b1111 ,
b1111 (
b100001001111 *
b1110 )
#2128
0-
1.
1/
10
01
0J
1K
b10000 %
b10000 ,
b10000 (
b100001010000 *
b1111 )
#2129
1-
b10001 %
b10001 ,
b10001 (
b100001010001 *
b10000 )
#2130
0-
0.
b10010 %
b10010 ,
b10010 (
b100001010010 *
b10001 )
#2131
1-
b10011 %
b10011 ,
b10011 (
b100001010011 *
b10010 )
#2132
0-
1.
0/
b10100 %
b10100 ,
b10100 (
b100001010100 *
b10011 )
#2133
1-
b10101 %
b10101 ,
b10101 (
b100001010101 *
b10100 )
#2134
0-
0.
b10110 %
b10110 ,
b10110 (
b100001010110 *
b10101 )
#2135
1-
b10111 %
b10111 ,
b10111 (
b100001010111 *
b10110 )
#2136
0-
1.
1/
00
b11000 %
b11000 ,
b11000 (
b100001011000 *
b10111 )
#2137
1-
b11001 %
b11001 ,
b11001 (
b100001011001 *
b11000 )
#2138
0-
0.
b11010 %
b11010 ,
b11010 (
b100001011010 *
b11001 )
#2139
1-
b11011 %
b11011 ,
b11011 (
b100001011011 *
b11010 )
#2140
0-
1.
0/
b11100 %
b11100 ,
b11100 (
b100001011100 *
b11011 )
#2141
1-
b11101 %
b11101 ,
b11101 (
b100001011101 *
b11100 )
#2142
0-
0.
b11110 %
b11110 ,
b11110 (
b100001011110 *
b11101 )
#2143
1-
b11111 %
b11111 ,
b11111 (
b100001011111 *
b11110 )
#2144
1"
07
0!
08
0D
13
14
15
0B
0@
0F
0-
1.
1/
10
11
12
1A
0?
0K
b100000 %
b100000 ,
b100000 (
b100001100000 *
b11111 )
#2145
0"
17
1#
16
1-
b100001 %
b100001 ,
b100001 (
b100001100001 *
b11111111111111111111111111100000 )
#2146
1!
18
0#
06
1B
1D
03
1E
0-
0.
1H
b100010 %
b100010 ,
b100010 (
b100001100010 *
b11111111111111111111111111100001 )
#2147
1-
b100011 %
b100011 ,
b100011 (
b100001100011 *
b11111111111111111111111111100010 )
#2148
1F
04
0E
0-
1.
0/
0H
1I
b100100 %
b100100 ,
b100100 (
b100001100100 *
b11111111111111111111111111100011 )
#2149
1-
b100101 %
b100101 ,
b100101 (
b100001100101 *
b11111111111111111111111111100100 )
#2150
0-
0.
b100110 %
b100110 ,
b100110 (
b100001100110 *
b11111111111111111111111111100101 )
#2151
1-
b100111 %
b100111 ,
b100111 (
b100001100111 *
b11111111111111111111111111100110 )
#2152
05
0-
1.
1/
00
0I
1J
b101000 %
b101000 ,
b101000 (
b100001101000 *
b11111111111111111111111111100111 )
#2153
1-
b101001 %
b101001 ,
b101001 (
b100001101001 *
b11111111111111111111111111101000 )
#2154
0-
0.
b101010 %
b101010 ,
b101010 (
b100001101010 *
b11111111111111111111111111101001 )
#2155
1-
b101011 %
b101011 ,
b101011 (
b100001101011 *
b11111111111111111111111111101010 )
#2156
0-
1.
0/
b101100 %
b101100 ,
b101100 (
b100001101100 *
b11111111111111111111111111101011 )
#2157
1-
b101101 %
b101101 ,
b101101 (
b100001101101 *
b11111111111111111111111111101100 )
#2158
0-
0.
b101110 %
b101110 ,
b101110 (
b100001101110 *
b11111111111111111111111111101101 )
#2159
1-
b101111 %
b101111 ,
b101111 (
b100001101111 *
b11111111111111111111111111101110 )
#2160
0-
1.
1/
10
01
0J
1K
b110000 %
b110000 ,
b110000 (
b100001110000 *
b11111111111111111111111111101111 )
#2161
1-
b110001 %
b110001 ,
b110001 (
b100001110001 *
b11111111111111111111111111110000 )
#2162
0-
0.
b110010 %
b110010 ,
b110010 (
b100001110010 *
b11111111111111111111111111110001 )
#2163
1-
b110011 %
b110011 ,
b110011 (
b100001110011 *
b11111111111111111111111111110010 )
#2164
0-
1.
0/
b110100 %
b110100 ,
b110100 (
b100001110100 *
b11111111111111111111111111110011 )
#2165
1-
b110101 %
b110101 ,
b110101 (
b100001110101 *
b11111111111111111111111111110100 )
#2166
0-
0.
b110110 %
b110110 ,
b110110 (
b100001110110 *
b11111111111111111111111111110101 )
#2167
1-
b110111 %
b110111 ,
b110111 (
b100001110111 *
b11111111111111111111111111110110 )
#2168
0-
1.
1/
00
b111000 %
b111000 ,
b111000 (
b100001111000 *
b11111111111111111111111111110111 )
#2169
1-
b111001 %
b111001 ,
b111001 (
b100001111001 *
b11111111111111111111111111111000 )
#2170
0-
0.
b111010 %
b111010 ,
b111010 (
b100001111010 *
b11111111111111111111111111111001 )
#2171
1-
b111011 %
b111011 ,
b111011 (
b100001111011 *
b11111111111111111111111111111010 )
#2172
0-
1.
0/
b111100 %
b111100 ,
b111100 (
b100001111100 *
b11111111111111111111111111111011 )
#2173
1-
b111101 %
b111101 ,
b111101 (
b100001111101 *
b11111111111111111111111111111100 )
#2174
0-
0.
b111110 %
b111110 ,
b111110 (
b100001111110 *
b11111111111111111111111111111101 )
#2175
1-
b111111 %
b111111 ,
b111111 (
b100001111111 *
b11111111111111111111111111111110 )
#2176
0D
14
15
0B
1@
0F
1/
10
11
02
0A
1?
0K
1:
0;
b0 %
b0 ,
b100010 $
b100010 +
b100010 &
b0 (
b100010000000 *
b11111111111111111111111111111111 )
#2177
0-
b1 %
b1 ,
b1 (
b100010000001 *
b0 )
b11111111111111111111111111100010 '
#2178
13
1-
1.
b10 %
b10 ,
b10 (
b100010000010 *
b1 )
#2179
1D
1E
0-
1G
b11 %
b11 ,
b11 (
b100010000011 *
b10 )
#2180
1F
03
04
0E
1-
0.
0/
0G
1I
b100 %
b100 ,
b100 (
b100010000100 *
b11 )
#2181
0-
b101 %
b101 ,
b101 (
b100010000101 *
b100 )
#2182
1-
1.
b110 %
b110 ,
b110 (
b100010000110 *
b101 )
#2183
0-
b111 %
b111 ,
b111 (
b100010000111 *
b110 )
#2184
05
1-
0.
1/
00
0I
1J
b1000 %
b1000 ,
b1000 (
b100010001000 *
b111 )
#2185
0-
b1001 %
b1001 ,
b1001 (
b100010001001 *
b1000 )
#2186
1-
1.
b1010 %
b1010 ,
b1010 (
b100010001010 *
b1001 )
#2187
0-
b1011 %
b1011 ,
b1011 (
b100010001011 *
b1010 )
#2188
1-
0.
0/
b1100 %
b1100 ,
b1100 (
b100010001100 *
b1011 )
#2189
0-
b1101 %
b1101 ,
b1101 (
b100010001101 *
b1100 )
#2190
1-
1.
b1110 %
b1110 ,
b1110 (
b100010001110 *
b1101 )
#2191
0-
b1111 %
b1111 ,
b1111 (
b100010001111 *
b1110 )
#2192
1-
0.
1/
10
01
0J
1K
b10000 %
b10000 ,
b10000 (
b100010010000 *
b1111 )
#2193
0-
b10001 %
b10001 ,
b10001 (
b100010010001 *
b10000 )
#2194
1-
1.
b10010 %
b10010 ,
b10010 (
b100010010010 *
b10001 )
#2195
0-
b10011 %
b10011 ,
b10011 (
b100010010011 *
b10010 )
#2196
1-
0.
0/
b10100 %
b10100 ,
b10100 (
b100010010100 *
b10011 )
#2197
0-
b10101 %
b10101 ,
b10101 (
b100010010101 *
b10100 )
#2198
1-
1.
b10110 %
b10110 ,
b10110 (
b100010010110 *
b10101 )
#2199
0-
b10111 %
b10111 ,
b10111 (
b100010010111 *
b10110 )
#2200
1-
0.
1/
00
b11000 %
b11000 ,
b11000 (
b100010011000 *
b10111 )
#2201
0-
b11001 %
b11001 ,
b11001 (
b100010011001 *
b11000 )
#2202
1-
1.
b11010 %
b11010 ,
b11010 (
b100010011010 *
b11001 )
#2203
0-
b11011 %
b11011 ,
b11011 (
b100010011011 *
b11010 )
#2204
1-
0.
0/
b11100 %
b11100 ,
b11100 (
b100010011100 *
b11011 )
#2205
0-
b11101 %
b11101 ,
b11101 (
b100010011101 *
b11100 )
#2206
1-
1.
b11110 %
b11110 ,
b11110 (
b100010011110 *
b11101 )
#2207
0-
b11111 %
b11111 ,
b11111 (
b100010011111 *
b11110 )
#2208
1"
07
0!
08
0D
14
15
0B
0@
0F
1-
0.
1/
10
11
12
1A
0?
0K
b100000 %
b100000 ,
b100000 (
b100010100000 *
b11111 )
#2209
0-
b100001 %
b100001 ,
b100001 (
b100010100001 *
b11111111111111111111111111100000 )
#2210
0"
17
1#
16
13
1-
1.
b100010 %
b100010 ,
b100010 (
b100010100010 *
b11111111111111111111111111100001 )
#2211
0#
06
1!
18
1B
1D
1E
0-
1G
b100011 %
b100011 ,
b100011 (
b100010100011 *
b11111111111111111111111111100010 )
#2212
1F
03
04
0E
1-
0.
0/
0G
1I
b100100 %
b100100 ,
b100100 (
b100010100100 *
b11111111111111111111111111100011 )
#2213
0-
b100101 %
b100101 ,
b100101 (
b100010100101 *
b11111111111111111111111111100100 )
#2214
1-
1.
b100110 %
b100110 ,
b100110 (
b100010100110 *
b11111111111111111111111111100101 )
#2215
0-
b100111 %
b100111 ,
b100111 (
b100010100111 *
b11111111111111111111111111100110 )
#2216
05
1-
0.
1/
00
0I
1J
b101000 %
b101000 ,
b101000 (
b100010101000 *
b11111111111111111111111111100111 )
#2217
0-
b101001 %
b101001 ,
b101001 (
b100010101001 *
b11111111111111111111111111101000 )
#2218
1-
1.
b101010 %
b101010 ,
b101010 (
b100010101010 *
b11111111111111111111111111101001 )
#2219
0-
b101011 %
b101011 ,
b101011 (
b100010101011 *
b11111111111111111111111111101010 )
#2220
1-
0.
0/
b101100 %
b101100 ,
b101100 (
b100010101100 *
b11111111111111111111111111101011 )
#2221
0-
b101101 %
b101101 ,
b101101 (
b100010101101 *
b11111111111111111111111111101100 )
#2222
1-
1.
b101110 %
b101110 ,
b101110 (
b100010101110 *
b11111111111111111111111111101101 )
#2223
0-
b101111 %
b101111 ,
b101111 (
b100010101111 *
b11111111111111111111111111101110 )
#2224
1-
0.
1/
10
01
0J
1K
b110000 %
b110000 ,
b110000 (
b100010110000 *
b11111111111111111111111111101111 )
#2225
0-
b110001 %
b110001 ,
b110001 (
b100010110001 *
b11111111111111111111111111110000 )
#2226
1-
1.
b110010 %
b110010 ,
b110010 (
b100010110010 *
b11111111111111111111111111110001 )
#2227
0-
b110011 %
b110011 ,
b110011 (
b100010110011 *
b11111111111111111111111111110010 )
#2228
1-
0.
0/
b110100 %
b110100 ,
b110100 (
b100010110100 *
b11111111111111111111111111110011 )
#2229
0-
b110101 %
b110101 ,
b110101 (
b100010110101 *
b11111111111111111111111111110100 )
#2230
1-
1.
b110110 %
b110110 ,
b110110 (
b100010110110 *
b11111111111111111111111111110101 )
#2231
0-
b110111 %
b110111 ,
b110111 (
b100010110111 *
b11111111111111111111111111110110 )
#2232
1-
0.
1/
00
b111000 %
b111000 ,
b111000 (
b100010111000 *
b11111111111111111111111111110111 )
#2233
0-
b111001 %
b111001 ,
b111001 (
b100010111001 *
b11111111111111111111111111111000 )
#2234
1-
1.
b111010 %
b111010 ,
b111010 (
b100010111010 *
b11111111111111111111111111111001 )
#2235
0-
b111011 %
b111011 ,
b111011 (
b100010111011 *
b11111111111111111111111111111010 )
#2236
1-
0.
0/
b111100 %
b111100 ,
b111100 (
b100010111100 *
b11111111111111111111111111111011 )
#2237
0-
b111101 %
b111101 ,
b111101 (
b100010111101 *
b11111111111111111111111111111100 )
#2238
1-
1.
b111110 %
b111110 ,
b111110 (
b100010111110 *
b11111111111111111111111111111101 )
#2239
0-
b111111 %
b111111 ,
b111111 (
b100010111111 *
b11111111111111111111111111111110 )
#2240
0D
14
15
0B
1@
0F
0.
1/
10
11
02
0A
1?
0K
0:
b0 %
b0 ,
b100011 $
b100011 +
b100011 &
b0 (
b100011000000 *
b11111111111111111111111111111111 )
#2241
1-
b1 %
b1 ,
b1 (
b100011000001 *
b0 )
b11111111111111111111111111100011 '
#2242
13
0-
1.
b10 %
b10 ,
b10 (
b100011000010 *
b1 )
#2243
1-
b11 %
b11 ,
b11 (
b100011000011 *
b10 )
#2244
1D
1F
03
04
0-
0.
0/
1I
b100 %
b100 ,
b100 (
b100011000100 *
b11 )
#2245
1-
b101 %
b101 ,
b101 (
b100011000101 *
b100 )
#2246
0-
1.
b110 %
b110 ,
b110 (
b100011000110 *
b101 )
#2247
1-
b111 %
b111 ,
b111 (
b100011000111 *
b110 )
#2248
05
0-
0.
1/
00
0I
1J
b1000 %
b1000 ,
b1000 (
b100011001000 *
b111 )
#2249
1-
b1001 %
b1001 ,
b1001 (
b100011001001 *
b1000 )
#2250
0-
1.
b1010 %
b1010 ,
b1010 (
b100011001010 *
b1001 )
#2251
1-
b1011 %
b1011 ,
b1011 (
b100011001011 *
b1010 )
#2252
0-
0.
0/
b1100 %
b1100 ,
b1100 (
b100011001100 *
b1011 )
#2253
1-
b1101 %
b1101 ,
b1101 (
b100011001101 *
b1100 )
#2254
0-
1.
b1110 %
b1110 ,
b1110 (
b100011001110 *
b1101 )
#2255
1-
b1111 %
b1111 ,
b1111 (
b100011001111 *
b1110 )
#2256
0-
0.
1/
10
01
0J
1K
b10000 %
b10000 ,
b10000 (
b100011010000 *
b1111 )
#2257
1-
b10001 %
b10001 ,
b10001 (
b100011010001 *
b10000 )
#2258
0-
1.
b10010 %
b10010 ,
b10010 (
b100011010010 *
b10001 )
#2259
1-
b10011 %
b10011 ,
b10011 (
b100011010011 *
b10010 )
#2260
0-
0.
0/
b10100 %
b10100 ,
b10100 (
b100011010100 *
b10011 )
#2261
1-
b10101 %
b10101 ,
b10101 (
b100011010101 *
b10100 )
#2262
0-
1.
b10110 %
b10110 ,
b10110 (
b100011010110 *
b10101 )
#2263
1-
b10111 %
b10111 ,
b10111 (
b100011010111 *
b10110 )
#2264
0-
0.
1/
00
b11000 %
b11000 ,
b11000 (
b100011011000 *
b10111 )
#2265
1-
b11001 %
b11001 ,
b11001 (
b100011011001 *
b11000 )
#2266
0-
1.
b11010 %
b11010 ,
b11010 (
b100011011010 *
b11001 )
#2267
1-
b11011 %
b11011 ,
b11011 (
b100011011011 *
b11010 )
#2268
0-
0.
0/
b11100 %
b11100 ,
b11100 (
b100011011100 *
b11011 )
#2269
1-
b11101 %
b11101 ,
b11101 (
b100011011101 *
b11100 )
#2270
0-
1.
b11110 %
b11110 ,
b11110 (
b100011011110 *
b11101 )
#2271
1-
b11111 %
b11111 ,
b11111 (
b100011011111 *
b11110 )
#2272
1"
07
0!
08
0D
14
15
0B
0@
0F
0-
0.
1/
10
11
12
1A
0?
0K
b100000 %
b100000 ,
b100000 (
b100011100000 *
b11111 )
#2273
1-
b100001 %
b100001 ,
b100001 (
b100011100001 *
b11111111111111111111111111100000 )
#2274
1"
07
0#
06
13
0-
1.
b100010 %
b100010 ,
b100010 (
b100011100010 *
b11111111111111111111111111100001 )
#2275
0"
17
1#
16
1-
b100011 %
b100011 ,
b100011 (
b100011100011 *
b11111111111111111111111111100010 )
#2276
0"
1!
18
17
0#
06
1B
1D
1F
03
04
0-
0.
0/
1I
b100100 %
b100100 ,
b100100 (
b100011100100 *
b11111111111111111111111111100011 )
#2277
1-
b100101 %
b100101 ,
b100101 (
b100011100101 *
b11111111111111111111111111100100 )
#2278
0-
1.
b100110 %
b100110 ,
b100110 (
b100011100110 *
b11111111111111111111111111100101 )
#2279
1-
b100111 %
b100111 ,
b100111 (
b100011100111 *
b11111111111111111111111111100110 )
#2280
05
0-
0.
1/
00
0I
1J
b101000 %
b101000 ,
b101000 (
b100011101000 *
b11111111111111111111111111100111 )
#2281
1-
b101001 %
b101001 ,
b101001 (
b100011101001 *
b11111111111111111111111111101000 )
#2282
0-
1.
b101010 %
b101010 ,
b101010 (
b100011101010 *
b11111111111111111111111111101001 )
#2283
1-
b101011 %
b101011 ,
b101011 (
b100011101011 *
b11111111111111111111111111101010 )
#2284
0-
0.
0/
b101100 %
b101100 ,
b101100 (
b100011101100 *
b11111111111111111111111111101011 )
#2285
1-
b101101 %
b101101 ,
b101101 (
b100011101101 *
b11111111111111111111111111101100 )
#2286
0-
1.
b101110 %
b101110 ,
b101110 (
b100011101110 *
b11111111111111111111111111101101 )
#2287
1-
b101111 %
b101111 ,
b101111 (
b100011101111 *
b11111111111111111111111111101110 )
#2288
0-
0.
1/
10
01
0J
1K
b110000 %
b110000 ,
b110000 (
b100011110000 *
b11111111111111111111111111101111 )
#2289
1-
b110001 %
b110001 ,
b110001 (
b100011110001 *
b11111111111111111111111111110000 )
#2290
0-
1.
b110010 %
b110010 ,
b110010 (
b100011110010 *
b11111111111111111111111111110001 )
#2291
1-
b110011 %
b110011 ,
b110011 (
b100011110011 *
b11111111111111111111111111110010 )
#2292
0-
0.
0/
b110100 %
b110100 ,
b110100 (
b100011110100 *
b11111111111111111111111111110011 )
#2293
1-
b110101 %
b110101 ,
b110101 (
b100011110101 *
b11111111111111111111111111110100 )
#2294
0-
1.
b110110 %
b110110 ,
b110110 (
b100011110110 *
b11111111111111111111111111110101 )
#2295
1-
b110111 %
b110111 ,
b110111 (
b100011110111 *
b11111111111111111111111111110110 )
#2296
0-
0.
1/
00
b111000 %
b111000 ,
b111000 (
b100011111000 *
b11111111111111111111111111110111 )
#2297
1-
b111001 %
b111001 ,
b111001 (
b100011111001 *
b11111111111111111111111111111000 )
#2298
0-
1.
b111010 %
b111010 ,
b111010 (
b100011111010 *
b11111111111111111111111111111001 )
#2299
1-
b111011 %
b111011 ,
b111011 (
b100011111011 *
b11111111111111111111111111111010 )
#2300
0-
0.
0/
b111100 %
b111100 ,
b111100 (
b100011111100 *
b11111111111111111111111111111011 )
#2301
1-
b111101 %
b111101 ,
b111101 (
b100011111101 *
b11111111111111111111111111111100 )
#2302
0-
1.
b111110 %
b111110 ,
b111110 (
b100011111110 *
b11111111111111111111111111111101 )
#2303
1-
b111111 %
b111111 ,
b111111 (
b100011111111 *
b11111111111111111111111111111110 )
#2304
0D
15
0B
1@
0F
10
11
02
0A
1?
0K
1:
1;
0<
b0 %
b0 ,
b100100 $
b100100 +
b100100 &
b0 (
b100100000000 *
b11111111111111111111111111111111 )
#2305
0-
b1 %
b1 ,
b1 (
b100100000001 *
b0 )
b11111111111111111111111111100100 '
#2306
1-
0.
b10 %
b10 ,
b10 (
b100100000010 *
b1 )
#2307
0-
b11 %
b11 ,
b11 (
b100100000011 *
b10 )
#2308
13
14
1-
1.
1/
b100 %
b100 ,
b100 (
b100100000100 *
b11 )
#2309
1D
1E
0-
1G
b101 %
b101 ,
b101 (
b100100000101 *
b100 )
#2310
03
1-
0.
0G
1H
b110 %
b110 ,
b110 (
b100100000110 *
b101 )
#2311
0-
b111 %
b111 ,
b111 (
b100100000111 *
b110 )
#2312
1F
04
05
0E
1-
1.
0/
00
0H
1J
b1000 %
b1000 ,
b1000 (
b100100001000 *
b111 )
#2313
0-
b1001 %
b1001 ,
b1001 (
b100100001001 *
b1000 )
#2314
1-
0.
b1010 %
b1010 ,
b1010 (
b100100001010 *
b1001 )
#2315
0-
b1011 %
b1011 ,
b1011 (
b100100001011 *
b1010 )
#2316
1-
1.
1/
b1100 %
b1100 ,
b1100 (
b100100001100 *
b1011 )
#2317
0-
b1101 %
b1101 ,
b1101 (
b100100001101 *
b1100 )
#2318
1-
0.
b1110 %
b1110 ,
b1110 (
b100100001110 *
b1101 )
#2319
0-
b1111 %
b1111 ,
b1111 (
b100100001111 *
b1110 )
#2320
1-
1.
0/
10
01
0J
1K
b10000 %
b10000 ,
b10000 (
b100100010000 *
b1111 )
#2321
0-
b10001 %
b10001 ,
b10001 (
b100100010001 *
b10000 )
#2322
1-
0.
b10010 %
b10010 ,
b10010 (
b100100010010 *
b10001 )
#2323
0-
b10011 %
b10011 ,
b10011 (
b100100010011 *
b10010 )
#2324
1-
1.
1/
b10100 %
b10100 ,
b10100 (
b100100010100 *
b10011 )
#2325
0-
b10101 %
b10101 ,
b10101 (
b100100010101 *
b10100 )
#2326
1-
0.
b10110 %
b10110 ,
b10110 (
b100100010110 *
b10101 )
#2327
0-
b10111 %
b10111 ,
b10111 (
b100100010111 *
b10110 )
#2328
1-
1.
0/
00
b11000 %
b11000 ,
b11000 (
b100100011000 *
b10111 )
#2329
0-
b11001 %
b11001 ,
b11001 (
b100100011001 *
b11000 )
#2330
1-
0.
b11010 %
b11010 ,
b11010 (
b100100011010 *
b11001 )
#2331
0-
b11011 %
b11011 ,
b11011 (
b100100011011 *
b11010 )
#2332
1-
1.
1/
b11100 %
b11100 ,
b11100 (
b100100011100 *
b11011 )
#2333
0-
b11101 %
b11101 ,
b11101 (
b100100011101 *
b11100 )
#2334
1-
0.
b11110 %
b11110 ,
b11110 (
b100100011110 *
b11101 )
#2335
0-
b11111 %
b11111 ,
b11111 (
b100100011111 *
b11110 )
#2336
1"
07
0!
08
0D
15
0B
0@
0F
1-
1.
0/
10
11
12
1A
0?
0K
b100000 %
b100000 ,
b100000 (
b100100100000 *
b11111 )
#2337
0-
b100001 %
b100001 ,
b100001 (
b100100100001 *
b11111111111111111111111111100000 )
#2338
1-
0.
b100010 %
b100010 ,
b100010 (
b100100100010 *
b11111111111111111111111111100001 )
#2339
0-
b100011 %
b100011 ,
b100011 (
b100100100011 *
b11111111111111111111111111100010 )
#2340
0"
17
1#
16
13
14
1-
1.
1/
b100100 %
b100100 ,
b100100 (
b100100100100 *
b11111111111111111111111111100011 )
#2341
0#
06
1!
18
1B
1D
1E
0-
1G
b100101 %
b100101 ,
b100101 (
b100100100101 *
b11111111111111111111111111100100 )
#2342
03
1-
0.
0G
1H
b100110 %
b100110 ,
b100110 (
b100100100110 *
b11111111111111111111111111100101 )
#2343
0-
b100111 %
b100111 ,
b100111 (
b100100100111 *
b11111111111111111111111111100110 )
#2344
1F
04
05
0E
1-
1.
0/
00
0H
1J
b101000 %
b101000 ,
b101000 (
b100100101000 *
b11111111111111111111111111100111 )
#2345
0-
b101001 %
b101001 ,
b101001 (
b100100101001 *
b11111111111111111111111111101000 )
#2346
1-
0.
b101010 %
b101010 ,
b101010 (
b100100101010 *
b11111111111111111111111111101001 )
#2347
0-
b101011 %
b101011 ,
b101011 (
b100100101011 *
b11111111111111111111111111101010 )
#2348
1-
1.
1/
b101100 %
b101100 ,
b101100 (
b100100101100 *
b11111111111111111111111111101011 )
#2349
0-
b101101 %
b101101 ,
b101101 (
b100100101101 *
b11111111111111111111111111101100 )
#2350
1-
0.
b101110 %
b101110 ,
b101110 (
b100100101110 *
b11111111111111111111111111101101 )
#2351
0-
b101111 %
b101111 ,
b101111 (
b100100101111 *
b11111111111111111111111111101110 )
#2352
1-
1.
0/
10
01
0J
1K
b110000 %
b110000 ,
b110000 (
b100100110000 *
b11111111111111111111111111101111 )
#2353
0-
b110001 %
b110001 ,
b110001 (
b100100110001 *
b11111111111111111111111111110000 )
#2354
1-
0.
b110010 %
b110010 ,
b110010 (
b100100110010 *
b11111111111111111111111111110001 )
#2355
0-
b110011 %
b110011 ,
b110011 (
b100100110011 *
b11111111111111111111111111110010 )
#2356
1-
1.
1/
b110100 %
b110100 ,
b110100 (
b100100110100 *
b11111111111111111111111111110011 )
#2357
0-
b110101 %
b110101 ,
b110101 (
b100100110101 *
b11111111111111111111111111110100 )
#2358
1-
0.
b110110 %
b110110 ,
b110110 (
b100100110110 *
b11111111111111111111111111110101 )
#2359
0-
b110111 %
b110111 ,
b110111 (
b100100110111 *
b11111111111111111111111111110110 )
#2360
1-
1.
0/
00
b111000 %
b111000 ,
b111000 (
b100100111000 *
b11111111111111111111111111110111 )
#2361
0-
b111001 %
b111001 ,
b111001 (
b100100111001 *
b11111111111111111111111111111000 )
#2362
1-
0.
b111010 %
b111010 ,
b111010 (
b100100111010 *
b11111111111111111111111111111001 )
#2363
0-
b111011 %
b111011 ,
b111011 (
b100100111011 *
b11111111111111111111111111111010 )
#2364
1-
1.
1/
b111100 %
b111100 ,
b111100 (
b100100111100 *
b11111111111111111111111111111011 )
#2365
0-
b111101 %
b111101 ,
b111101 (
b100100111101 *
b11111111111111111111111111111100 )
#2366
1-
0.
b111110 %
b111110 ,
b111110 (
b100100111110 *
b11111111111111111111111111111101 )
#2367
0-
b111111 %
b111111 ,
b111111 (
b100100111111 *
b11111111111111111111111111111110 )
#2368
0D
15
0B
1@
0F
1.
0/
10
11
02
0A
1?
0K
0:
b0 %
b0 ,
b100101 $
b100101 +
b100101 &
b0 (
b100101000000 *
b11111111111111111111111111111111 )
#2369
1-
b1 %
b1 ,
b1 (
b100101000001 *
b0 )
b11111111111111111111111111100101 '
#2370
0-
0.
b10 %
b10 ,
b10 (
b100101000010 *
b1 )
#2371
1-
b11 %
b11 ,
b11 (
b100101000011 *
b10 )
#2372
13
14
0-
1.
1/
b100 %
b100 ,
b100 (
b100101000100 *
b11 )
#2373
1-
b101 %
b101 ,
b101 (
b100101000101 *
b100 )
#2374
1D
03
1E
0-
0.
1H
b110 %
b110 ,
b110 (
b100101000110 *
b101 )
#2375
1-
b111 %
b111 ,
b111 (
b100101000111 *
b110 )
#2376
1F
04
05
0E
0-
1.
0/
00
0H
1J
b1000 %
b1000 ,
b1000 (
b100101001000 *
b111 )
#2377
1-
b1001 %
b1001 ,
b1001 (
b100101001001 *
b1000 )
#2378
0-
0.
b1010 %
b1010 ,
b1010 (
b100101001010 *
b1001 )
#2379
1-
b1011 %
b1011 ,
b1011 (
b100101001011 *
b1010 )
#2380
0-
1.
1/
b1100 %
b1100 ,
b1100 (
b100101001100 *
b1011 )
#2381
1-
b1101 %
b1101 ,
b1101 (
b100101001101 *
b1100 )
#2382
0-
0.
b1110 %
b1110 ,
b1110 (
b100101001110 *
b1101 )
#2383
1-
b1111 %
b1111 ,
b1111 (
b100101001111 *
b1110 )
#2384
0-
1.
0/
10
01
0J
1K
b10000 %
b10000 ,
b10000 (
b100101010000 *
b1111 )
#2385
1-
b10001 %
b10001 ,
b10001 (
b100101010001 *
b10000 )
#2386
0-
0.
b10010 %
b10010 ,
b10010 (
b100101010010 *
b10001 )
#2387
1-
b10011 %
b10011 ,
b10011 (
b100101010011 *
b10010 )
#2388
0-
1.
1/
b10100 %
b10100 ,
b10100 (
b100101010100 *
b10011 )
#2389
1-
b10101 %
b10101 ,
b10101 (
b100101010101 *
b10100 )
#2390
0-
0.
b10110 %
b10110 ,
b10110 (
b100101010110 *
b10101 )
#2391
1-
b10111 %
b10111 ,
b10111 (
b100101010111 *
b10110 )
#2392
0-
1.
0/
00
b11000 %
b11000 ,
b11000 (
b100101011000 *
b10111 )
#2393
1-
b11001 %
b11001 ,
b11001 (
b100101011001 *
b11000 )
#2394
0-
0.
b11010 %
b11010 ,
b11010 (
b100101011010 *
b11001 )
#2395
1-
b11011 %
b11011 ,
b11011 (
b100101011011 *
b11010 )
#2396
0-
1.
1/
b11100 %
b11100 ,
b11100 (
b100101011100 *
b11011 )
#2397
1-
b11101 %
b11101 ,
b11101 (
b100101011101 *
b11100 )
#2398
0-
0.
b11110 %
b11110 ,
b11110 (
b100101011110 *
b11101 )
#2399
1-
b11111 %
b11111 ,
b11111 (
b100101011111 *
b11110 )
#2400
1"
07
0!
08
0D
15
0B
0@
0F
0-
1.
0/
10
11
12
1A
0?
0K
b100000 %
b100000 ,
b100000 (
b100101100000 *
b11111 )
#2401
1-
b100001 %
b100001 ,
b100001 (
b100101100001 *
b11111111111111111111111111100000 )
#2402
0-
0.
b100010 %
b100010 ,
b100010 (
b100101100010 *
b11111111111111111111111111100001 )
#2403
1-
b100011 %
b100011 ,
b100011 (
b100101100011 *
b11111111111111111111111111100010 )
#2404
13
14
0-
1.
1/
b100100 %
b100100 ,
b100100 (
b100101100100 *
b11111111111111111111111111100011 )
#2405
0"
17
1#
16
1-
b100101 %
b100101 ,
b100101 (
b100101100101 *
b11111111111111111111111111100100 )
#2406
1!
18
0#
06
1B
1D
03
1E
0-
0.
1H
b100110 %
b100110 ,
b100110 (
b100101100110 *
b11111111111111111111111111100101 )
#2407
1-
b100111 %
b100111 ,
b100111 (
b100101100111 *
b11111111111111111111111111100110 )
#2408
1F
04
05
0E
0-
1.
0/
00
0H
1J
b101000 %
b101000 ,
b101000 (
b100101101000 *
b11111111111111111111111111100111 )
#2409
1-
b101001 %
b101001 ,
b101001 (
b100101101001 *
b11111111111111111111111111101000 )
#2410
0-
0.
b101010 %
b101010 ,
b101010 (
b100101101010 *
b11111111111111111111111111101001 )
#2411
1-
b101011 %
b101011 ,
b101011 (
b100101101011 *
b11111111111111111111111111101010 )
#2412
0-
1.
1/
b101100 %
b101100 ,
b101100 (
b100101101100 *
b11111111111111111111111111101011 )
#2413
1-
b101101 %
b101101 ,
b101101 (
b100101101101 *
b11111111111111111111111111101100 )
#2414
0-
0.
b101110 %
b101110 ,
b101110 (
b100101101110 *
b11111111111111111111111111101101 )
#2415
1-
b101111 %
b101111 ,
b101111 (
b100101101111 *
b11111111111111111111111111101110 )
#2416
0-
1.
0/
10
01
0J
1K
b110000 %
b110000 ,
b110000 (
b100101110000 *
b11111111111111111111111111101111 )
#2417
1-
b110001 %
b110001 ,
b110001 (
b100101110001 *
b11111111111111111111111111110000 )
#2418
0-
0.
b110010 %
b110010 ,
b110010 (
b100101110010 *
b11111111111111111111111111110001 )
#2419
1-
b110011 %
b110011 ,
b110011 (
b100101110011 *
b11111111111111111111111111110010 )
#2420
0-
1.
1/
b110100 %
b110100 ,
b110100 (
b100101110100 *
b11111111111111111111111111110011 )
#2421
1-
b110101 %
b110101 ,
b110101 (
b100101110101 *
b11111111111111111111111111110100 )
#2422
0-
0.
b110110 %
b110110 ,
b110110 (
b100101110110 *
b11111111111111111111111111110101 )
#2423
1-
b110111 %
b110111 ,
b110111 (
b100101110111 *
b11111111111111111111111111110110 )
#2424
0-
1.
0/
00
b111000 %
b111000 ,
b111000 (
b100101111000 *
b11111111111111111111111111110111 )
#2425
1-
b111001 %
b111001 ,
b111001 (
b100101111001 *
b11111111111111111111111111111000 )
#2426
0-
0.
b111010 %
b111010 ,
b111010 (
b100101111010 *
b11111111111111111111111111111001 )
#2427
1-
b111011 %
b111011 ,
b111011 (
b100101111011 *
b11111111111111111111111111111010 )
#2428
0-
1.
1/
b111100 %
b111100 ,
b111100 (
b100101111100 *
b11111111111111111111111111111011 )
#2429
1-
b111101 %
b111101 ,
b111101 (
b100101111101 *
b11111111111111111111111111111100 )
#2430
0-
0.
b111110 %
b111110 ,
b111110 (
b100101111110 *
b11111111111111111111111111111101 )
#2431
1-
b111111 %
b111111 ,
b111111 (
b100101111111 *
b11111111111111111111111111111110 )
#2432
0D
15
0B
1@
0F
0/
10
11
02
0A
1?
0K
1:
0;
b0 %
b0 ,
b100110 $
b100110 +
b100110 &
b0 (
b100110000000 *
b11111111111111111111111111111111 )
#2433
0-
b1 %
b1 ,
b1 (
b100110000001 *
b0 )
b11111111111111111111111111100110 '
#2434
1-
1.
b10 %
b10 ,
b10 (
b100110000010 *
b1 )
#2435
0-
b11 %
b11 ,
b11 (
b100110000011 *
b10 )
#2436
14
1-
0.
1/
b100 %
b100 ,
b100 (
b100110000100 *
b11 )
#2437
0-
b101 %
b101 ,
b101 (
b100110000101 *
b100 )
#2438
13
1-
1.
b110 %
b110 ,
b110 (
b100110000110 *
b101 )
#2439
1D
1E
0-
1G
b111 %
b111 ,
b111 (
b100110000111 *
b110 )
#2440
1F
03
04
05
0E
1-
0.
0/
00
0G
1J
b1000 %
b1000 ,
b1000 (
b100110001000 *
b111 )
#2441
0-
b1001 %
b1001 ,
b1001 (
b100110001001 *
b1000 )
#2442
1-
1.
b1010 %
b1010 ,
b1010 (
b100110001010 *
b1001 )
#2443
0-
b1011 %
b1011 ,
b1011 (
b100110001011 *
b1010 )
#2444
1-
0.
1/
b1100 %
b1100 ,
b1100 (
b100110001100 *
b1011 )
#2445
0-
b1101 %
b1101 ,
b1101 (
b100110001101 *
b1100 )
#2446
1-
1.
b1110 %
b1110 ,
b1110 (
b100110001110 *
b1101 )
#2447
0-
b1111 %
b1111 ,
b1111 (
b100110001111 *
b1110 )
#2448
1-
0.
0/
10
01
0J
1K
b10000 %
b10000 ,
b10000 (
b100110010000 *
b1111 )
#2449
0-
b10001 %
b10001 ,
b10001 (
b100110010001 *
b10000 )
#2450
1-
1.
b10010 %
b10010 ,
b10010 (
b100110010010 *
b10001 )
#2451
0-
b10011 %
b10011 ,
b10011 (
b100110010011 *
b10010 )
#2452
1-
0.
1/
b10100 %
b10100 ,
b10100 (
b100110010100 *
b10011 )
#2453
0-
b10101 %
b10101 ,
b10101 (
b100110010101 *
b10100 )
#2454
1-
1.
b10110 %
b10110 ,
b10110 (
b100110010110 *
b10101 )
#2455
0-
b10111 %
b10111 ,
b10111 (
b100110010111 *
b10110 )
#2456
1-
0.
0/
00
b11000 %
b11000 ,
b11000 (
b100110011000 *
b10111 )
#2457
0-
b11001 %
b11001 ,
b11001 (
b100110011001 *
b11000 )
#2458
1-
1.
b11010 %
b11010 ,
b11010 (
b100110011010 *
b11001 )
#2459
0-
b11011 %
b11011 ,
b11011 (
b100110011011 *
b11010 )
#2460
1-
0.
1/
b11100 %
b11100 ,
b11100 (
b100110011100 *
b11011 )
#2461
0-
b11101 %
b11101 ,
b11101 (
b100110011101 *
b11100 )
#2462
1-
1.
b11110 %
b11110 ,
b11110 (
b100110011110 *
b11101 )
#2463
0-
b11111 %
b11111 ,
b11111 (
b100110011111 *
b11110 )
#2464
1"
07
0!
08
0D
15
0B
0@
0F
1-
0.
0/
10
11
12
1A
0?
0K
b100000 %
b100000 ,
b100000 (
b100110100000 *
b11111 )
#2465
0-
b100001 %
b100001 ,
b100001 (
b100110100001 *
b11111111111111111111111111100000 )
#2466
1-
1.
b100010 %
b100010 ,
b100010 (
b100110100010 *
b11111111111111111111111111100001 )
#2467
0-
b100011 %
b100011 ,
b100011 (
b100110100011 *
b11111111111111111111111111100010 )
#2468
14
1-
0.
1/
b100100 %
b100100 ,
b100100 (
b100110100100 *
b11111111111111111111111111100011 )
#2469
0-
b100101 %
b100101 ,
b100101 (
b100110100101 *
b11111111111111111111111111100100 )
#2470
0"
17
1#
16
13
1-
1.
b100110 %
b100110 ,
b100110 (
b100110100110 *
b11111111111111111111111111100101 )
#2471
0#
06
1!
18
1B
1D
1E
0-
1G
b100111 %
b100111 ,
b100111 (
b100110100111 *
b11111111111111111111111111100110 )
#2472
1F
03
04
05
0E
1-
0.
0/
00
0G
1J
b101000 %
b101000 ,
b101000 (
b100110101000 *
b11111111111111111111111111100111 )
#2473
0-
b101001 %
b101001 ,
b101001 (
b100110101001 *
b11111111111111111111111111101000 )
#2474
1-
1.
b101010 %
b101010 ,
b101010 (
b100110101010 *
b11111111111111111111111111101001 )
#2475
0-
b101011 %
b101011 ,
b101011 (
b100110101011 *
b11111111111111111111111111101010 )
#2476
1-
0.
1/
b101100 %
b101100 ,
b101100 (
b100110101100 *
b11111111111111111111111111101011 )
#2477
0-
b101101 %
b101101 ,
b101101 (
b100110101101 *
b11111111111111111111111111101100 )
#2478
1-
1.
b101110 %
b101110 ,
b101110 (
b100110101110 *
b11111111111111111111111111101101 )
#2479
0-
b101111 %
b101111 ,
b101111 (
b100110101111 *
b11111111111111111111111111101110 )
#2480
1-
0.
0/
10
01
0J
1K
b110000 %
b110000 ,
b110000 (
b100110110000 *
b11111111111111111111111111101111 )
#2481
0-
b110001 %
b110001 ,
b110001 (
b100110110001 *
b11111111111111111111111111110000 )
#2482
1-
1.
b110010 %
b110010 ,
b110010 (
b100110110010 *
b11111111111111111111111111110001 )
#2483
0-
b110011 %
b110011 ,
b110011 (
b100110110011 *
b11111111111111111111111111110010 )
#2484
1-
0.
1/
b110100 %
b110100 ,
b110100 (
b100110110100 *
b11111111111111111111111111110011 )
#2485
0-
b110101 %
b110101 ,
b110101 (
b100110110101 *
b11111111111111111111111111110100 )
#2486
1-
1.
b110110 %
b110110 ,
b110110 (
b100110110110 *
b11111111111111111111111111110101 )
#2487
0-
b110111 %
b110111 ,
b110111 (
b100110110111 *
b11111111111111111111111111110110 )
#2488
1-
0.
0/
00
b111000 %
b111000 ,
b111000 (
b100110111000 *
b11111111111111111111111111110111 )
#2489
0-
b111001 %
b111001 ,
b111001 (
b100110111001 *
b11111111111111111111111111111000 )
#2490
1-
1.
b111010 %
b111010 ,
b111010 (
b100110111010 *
b11111111111111111111111111111001 )
#2491
0-
b111011 %
b111011 ,
b111011 (
b100110111011 *
b11111111111111111111111111111010 )
#2492
1-
0.
1/
b111100 %
b111100 ,
b111100 (
b100110111100 *
b11111111111111111111111111111011 )
#2493
0-
b111101 %
b111101 ,
b111101 (
b100110111101 *
b11111111111111111111111111111100 )
#2494
1-
1.
b111110 %
b111110 ,
b111110 (
b100110111110 *
b11111111111111111111111111111101 )
#2495
0-
b111111 %
b111111 ,
b111111 (
b100110111111 *
b11111111111111111111111111111110 )
#2496
0D
15
0B
1@
0F
0.
0/
10
11
02
0A
1?
0K
0:
b0 %
b0 ,
b100111 $
b100111 +
b100111 &
b0 (
b100111000000 *
b11111111111111111111111111111111 )
#2497
1-
b1 %
b1 ,
b1 (
b100111000001 *
b0 )
b11111111111111111111111111100111 '
#2498
0-
1.
b10 %
b10 ,
b10 (
b100111000010 *
b1 )
#2499
1-
b11 %
b11 ,
b11 (
b100111000011 *
b10 )
#2500
14
0-
0.
1/
b100 %
b100 ,
b100 (
b100111000100 *
b11 )
#2501
1-
b101 %
b101 ,
b101 (
b100111000101 *
b100 )
#2502
13
0-
1.
b110 %
b110 ,
b110 (
b100111000110 *
b101 )
#2503
1-
b111 %
b111 ,
b111 (
b100111000111 *
b110 )
#2504
1D
1F
03
04
05
0-
0.
0/
00
1J
b1000 %
b1000 ,
b1000 (
b100111001000 *
b111 )
#2505
1-
b1001 %
b1001 ,
b1001 (
b100111001001 *
b1000 )
#2506
0-
1.
b1010 %
b1010 ,
b1010 (
b100111001010 *
b1001 )
#2507
1-
b1011 %
b1011 ,
b1011 (
b100111001011 *
b1010 )
#2508
0-
0.
1/
b1100 %
b1100 ,
b1100 (
b100111001100 *
b1011 )
#2509
1-
b1101 %
b1101 ,
b1101 (
b100111001101 *
b1100 )
#2510
0-
1.
b1110 %
b1110 ,
b1110 (
b100111001110 *
b1101 )
#2511
1-
b1111 %
b1111 ,
b1111 (
b100111001111 *
b1110 )
#2512
0-
0.
0/
10
01
0J
1K
b10000 %
b10000 ,
b10000 (
b100111010000 *
b1111 )
#2513
1-
b10001 %
b10001 ,
b10001 (
b100111010001 *
b10000 )
#2514
0-
1.
b10010 %
b10010 ,
b10010 (
b100111010010 *
b10001 )
#2515
1-
b10011 %
b10011 ,
b10011 (
b100111010011 *
b10010 )
#2516
0-
0.
1/
b10100 %
b10100 ,
b10100 (
b100111010100 *
b10011 )
#2517
1-
b10101 %
b10101 ,
b10101 (
b100111010101 *
b10100 )
#2518
0-
1.
b10110 %
b10110 ,
b10110 (
b100111010110 *
b10101 )
#2519
1-
b10111 %
b10111 ,
b10111 (
b100111010111 *
b10110 )
#2520
0-
0.
0/
00
b11000 %
b11000 ,
b11000 (
b100111011000 *
b10111 )
#2521
1-
b11001 %
b11001 ,
b11001 (
b100111011001 *
b11000 )
#2522
0-
1.
b11010 %
b11010 ,
b11010 (
b100111011010 *
b11001 )
#2523
1-
b11011 %
b11011 ,
b11011 (
b100111011011 *
b11010 )
#2524
0-
0.
1/
b11100 %
b11100 ,
b11100 (
b100111011100 *
b11011 )
#2525
1-
b11101 %
b11101 ,
b11101 (
b100111011101 *
b11100 )
#2526
0-
1.
b11110 %
b11110 ,
b11110 (
b100111011110 *
b11101 )
#2527
1-
b11111 %
b11111 ,
b11111 (
b100111011111 *
b11110 )
#2528
1"
0#
06
07
0!
08
0D
15
0B
0@
0F
0-
0.
0/
10
11
12
1A
0?
0K
b100000 %
b100000 ,
b100000 (
b100111100000 *
b11111 )
#2529
1-
b100001 %
b100001 ,
b100001 (
b100111100001 *
b11111111111111111111111111100000 )
#2530
0-
1.
b100010 %
b100010 ,
b100010 (
b100111100010 *
b11111111111111111111111111100001 )
#2531
1-
b100011 %
b100011 ,
b100011 (
b100111100011 *
b11111111111111111111111111100010 )
#2532
14
0-
0.
1/
b100100 %
b100100 ,
b100100 (
b100111100100 *
b11111111111111111111111111100011 )
#2533
1-
b100101 %
b100101 ,
b100101 (
b100111100101 *
b11111111111111111111111111100100 )
#2534
1"
07
0#
06
13
0-
1.
b100110 %
b100110 ,
b100110 (
b100111100110 *
b11111111111111111111111111100101 )
#2535
0"
17
1#
16
1-
b100111 %
b100111 ,
b100111 (
b100111100111 *
b11111111111111111111111111100110 )
#2536
1!
18
0"
17
1B
0#
06
1D
1F
03
04
05
0-
0.
0/
00
1J
b101000 %
b101000 ,
b101000 (
b100111101000 *
b11111111111111111111111111100111 )
#2537
1-
b101001 %
b101001 ,
b101001 (
b100111101001 *
b11111111111111111111111111101000 )
#2538
0-
1.
b101010 %
b101010 ,
b101010 (
b100111101010 *
b11111111111111111111111111101001 )
#2539
1-
b101011 %
b101011 ,
b101011 (
b100111101011 *
b11111111111111111111111111101010 )
#2540
0-
0.
1/
b101100 %
b101100 ,
b101100 (
b100111101100 *
b11111111111111111111111111101011 )
#2541
1-
b101101 %
b101101 ,
b101101 (
b100111101101 *
b11111111111111111111111111101100 )
#2542
0-
1.
b101110 %
b101110 ,
b101110 (
b100111101110 *
b11111111111111111111111111101101 )
#2543
1-
b101111 %
b101111 ,
b101111 (
b100111101111 *
b11111111111111111111111111101110 )
#2544
0-
0.
0/
10
01
0J
1K
b110000 %
b110000 ,
b110000 (
b100111110000 *
b11111111111111111111111111101111 )
#2545
1-
b110001 %
b110001 ,
b110001 (
b100111110001 *
b11111111111111111111111111110000 )
#2546
0-
1.
b110010 %
b110010 ,
b110010 (
b100111110010 *
b11111111111111111111111111110001 )
#2547
1-
b110011 %
b110011 ,
b110011 (
b100111110011 *
b11111111111111111111111111110010 )
#2548
0-
0.
1/
b110100 %
b110100 ,
b110100 (
b100111110100 *
b11111111111111111111111111110011 )
#2549
1-
b110101 %
b110101 ,
b110101 (
b100111110101 *
b11111111111111111111111111110100 )
#2550
0-
1.
b110110 %
b110110 ,
b110110 (
b100111110110 *
b11111111111111111111111111110101 )
#2551
1-
b110111 %
b110111 ,
b110111 (
b100111110111 *
b11111111111111111111111111110110 )
#2552
0-
0.
0/
00
b111000 %
b111000 ,
b111000 (
b100111111000 *
b11111111111111111111111111110111 )
#2553
1-
b111001 %
b111001 ,
b111001 (
b100111111001 *
b11111111111111111111111111111000 )
#2554
0-
1.
b111010 %
b111010 ,
b111010 (
b100111111010 *
b11111111111111111111111111111001 )
#2555
1-
b111011 %
b111011 ,
b111011 (
b100111111011 *
b11111111111111111111111111111010 )
#2556
0-
0.
1/
b111100 %
b111100 ,
b111100 (
b100111111100 *
b11111111111111111111111111111011 )
#2557
1-
b111101 %
b111101 ,
b111101 (
b100111111101 *
b11111111111111111111111111111100 )
#2558
0-
1.
b111110 %
b111110 ,
b111110 (
b100111111110 *
b11111111111111111111111111111101 )
#2559
1-
b111111 %
b111111 ,
b111111 (
b100111111111 *
b11111111111111111111111111111110 )
#2560
0D
0B
1@
0F
11
02
0A
1?
0K
1:
1;
1<
0=
b0 %
b0 ,
b101000 $
b101000 +
b101000 &
b0 (
b101000000000 *
b11111111111111111111111111111111 )
#2561
0-
b1 %
b1 ,
b1 (
b101000000001 *
b0 )
b11111111111111111111111111101000 '
#2562
1-
0.
b10 %
b10 ,
b10 (
b101000000010 *
b1 )
#2563
0-
b11 %
b11 ,
b11 (
b101000000011 *
b10 )
#2564
1-
1.
0/
b100 %
b100 ,
b100 (
b101000000100 *
b11 )
#2565
0-
b101 %
b101 ,
b101 (
b101000000101 *
b100 )
#2566
1-
0.
b110 %
b110 ,
b110 (
b101000000110 *
b101 )
#2567
0-
b111 %
b111 ,
b111 (
b101000000111 *
b110 )
#2568
13
14
15
1-
1.
1/
10
b1000 %
b1000 ,
b1000 (
b101000001000 *
b111 )
#2569
1D
1E
0-
1G
b1001 %
b1001 ,
b1001 (
b101000001001 *
b1000 )
#2570
03
1-
0.
0G
1H
b1010 %
b1010 ,
b1010 (
b101000001010 *
b1001 )
#2571
0-
b1011 %
b1011 ,
b1011 (
b101000001011 *
b1010 )
#2572
1F
04
0E
1-
1.
0/
0H
1I
b1100 %
b1100 ,
b1100 (
b101000001100 *
b1011 )
#2573
0-
b1101 %
b1101 ,
b1101 (
b101000001101 *
b1100 )
#2574
1-
0.
b1110 %
b1110 ,
b1110 (
b101000001110 *
b1101 )
#2575
0-
b1111 %
b1111 ,
b1111 (
b101000001111 *
b1110 )
#2576
05
1-
1.
1/
00
01
0I
1K
b10000 %
b10000 ,
b10000 (
b101000010000 *
b1111 )
#2577
0-
b10001 %
b10001 ,
b10001 (
b101000010001 *
b10000 )
#2578
1-
0.
b10010 %
b10010 ,
b10010 (
b101000010010 *
b10001 )
#2579
0-
b10011 %
b10011 ,
b10011 (
b101000010011 *
b10010 )
#2580
1-
1.
0/
b10100 %
b10100 ,
b10100 (
b101000010100 *
b10011 )
#2581
0-
b10101 %
b10101 ,
b10101 (
b101000010101 *
b10100 )
#2582
1-
0.
b10110 %
b10110 ,
b10110 (
b101000010110 *
b10101 )
#2583
0-
b10111 %
b10111 ,
b10111 (
b101000010111 *
b10110 )
#2584
1-
1.
1/
10
b11000 %
b11000 ,
b11000 (
b101000011000 *
b10111 )
#2585
0-
b11001 %
b11001 ,
b11001 (
b101000011001 *
b11000 )
#2586
1-
0.
b11010 %
b11010 ,
b11010 (
b101000011010 *
b11001 )
#2587
0-
b11011 %
b11011 ,
b11011 (
b101000011011 *
b11010 )
#2588
1-
1.
0/
b11100 %
b11100 ,
b11100 (
b101000011100 *
b11011 )
#2589
0-
b11101 %
b11101 ,
b11101 (
b101000011101 *
b11100 )
#2590
1-
0.
b11110 %
b11110 ,
b11110 (
b101000011110 *
b11101 )
#2591
0-
b11111 %
b11111 ,
b11111 (
b101000011111 *
b11110 )
#2592
1"
07
0!
08
0D
0B
0@
0F
1-
1.
1/
00
11
12
1A
0?
0K
b100000 %
b100000 ,
b100000 (
b101000100000 *
b11111 )
#2593
0-
b100001 %
b100001 ,
b100001 (
b101000100001 *
b11111111111111111111111111100000 )
#2594
1-
0.
b100010 %
b100010 ,
b100010 (
b101000100010 *
b11111111111111111111111111100001 )
#2595
0-
b100011 %
b100011 ,
b100011 (
b101000100011 *
b11111111111111111111111111100010 )
#2596
1-
1.
0/
b100100 %
b100100 ,
b100100 (
b101000100100 *
b11111111111111111111111111100011 )
#2597
0-
b100101 %
b100101 ,
b100101 (
b101000100101 *
b11111111111111111111111111100100 )
#2598
1-
0.
b100110 %
b100110 ,
b100110 (
b101000100110 *
b11111111111111111111111111100101 )
#2599
0-
b100111 %
b100111 ,
b100111 (
b101000100111 *
b11111111111111111111111111100110 )
#2600
0"
17
1#
16
13
14
15
1-
1.
1/
10
b101000 %
b101000 ,
b101000 (
b101000101000 *
b11111111111111111111111111100111 )
#2601
0#
06
1!
18
1B
1D
1E
0-
1G
b101001 %
b101001 ,
b101001 (
b101000101001 *
b11111111111111111111111111101000 )
#2602
03
1-
0.
0G
1H
b101010 %
b101010 ,
b101010 (
b101000101010 *
b11111111111111111111111111101001 )
#2603
0-
b101011 %
b101011 ,
b101011 (
b101000101011 *
b11111111111111111111111111101010 )
#2604
1F
04
0E
1-
1.
0/
0H
1I
b101100 %
b101100 ,
b101100 (
b101000101100 *
b11111111111111111111111111101011 )
#2605
0-
b101101 %
b101101 ,
b101101 (
b101000101101 *
b11111111111111111111111111101100 )
#2606
1-
0.
b101110 %
b101110 ,
b101110 (
b101000101110 *
b11111111111111111111111111101101 )
#2607
0-
b101111 %
b101111 ,
b101111 (
b101000101111 *
b11111111111111111111111111101110 )
#2608
05
1-
1.
1/
00
01
0I
1K
b110000 %
b110000 ,
b110000 (
b101000110000 *
b11111111111111111111111111101111 )
#2609
0-
b110001 %
b110001 ,
b110001 (
b101000110001 *
b11111111111111111111111111110000 )
#2610
1-
0.
b110010 %
b110010 ,
b110010 (
b101000110010 *
b11111111111111111111111111110001 )
#2611
0-
b110011 %
b110011 ,
b110011 (
b101000110011 *
b11111111111111111111111111110010 )
#2612
1-
1.
0/
b110100 %
b110100 ,
b110100 (
b101000110100 *
b11111111111111111111111111110011 )
#2613
0-
b110101 %
b110101 ,
b110101 (
b101000110101 *
b11111111111111111111111111110100 )
#2614
1-
0.
b110110 %
b110110 ,
b110110 (
b101000110110 *
b11111111111111111111111111110101 )
#2615
0-
b110111 %
b110111 ,
b110111 (
b101000110111 *
b11111111111111111111111111110110 )
#2616
1-
1.
1/
10
b111000 %
b111000 ,
b111000 (
b101000111000 *
b11111111111111111111111111110111 )
#2617
0-
b111001 %
b111001 ,
b111001 (
b101000111001 *
b11111111111111111111111111111000 )
#2618
1-
0.
b111010 %
b111010 ,
b111010 (
b101000111010 *
b11111111111111111111111111111001 )
#2619
0-
b111011 %
b111011 ,
b111011 (
b101000111011 *
b11111111111111111111111111111010 )
#2620
1-
1.
0/
b111100 %
b111100 ,
b111100 (
b101000111100 *
b11111111111111111111111111111011 )
#2621
0-
b111101 %
b111101 ,
b111101 (
b101000111101 *
b11111111111111111111111111111100 )
#2622
1-
0.
b111110 %
b111110 ,
b111110 (
b101000111110 *
b11111111111111111111111111111101 )
#2623
0-
b111111 %
b111111 ,
b111111 (
b101000111111 *
b11111111111111111111111111111110 )
#2624
0D
0B
1@
0F
1.
1/
00
11
02
0A
1?
0K
0:
b0 %
b0 ,
b101001 $
b101001 +
b101001 &
b0 (
b101001000000 *
b11111111111111111111111111111111 )
#2625
1-
b1 %
b1 ,
b1 (
b101001000001 *
b0 )
b11111111111111111111111111101001 '
#2626
0-
0.
b10 %
b10 ,
b10 (
b101001000010 *
b1 )
#2627
1-
b11 %
b11 ,
b11 (
b101001000011 *
b10 )
#2628
0-
1.
0/
b100 %
b100 ,
b100 (
b101001000100 *
b11 )
#2629
1-
b101 %
b101 ,
b101 (
b101001000101 *
b100 )
#2630
0-
0.
b110 %
b110 ,
b110 (
b101001000110 *
b101 )
#2631
1-
b111 %
b111 ,
b111 (
b101001000111 *
b110 )
#2632
13
14
15
0-
1.
1/
10
b1000 %
b1000 ,
b1000 (
b101001001000 *
b111 )
#2633
1-
b1001 %
b1001 ,
b1001 (
b101001001001 *
b1000 )
#2634
1D
03
1E
0-
0.
1H
b1010 %
b1010 ,
b1010 (
b101001001010 *
b1001 )
#2635
1-
b1011 %
b1011 ,
b1011 (
b101001001011 *
b1010 )
#2636
1F
04
0E
0-
1.
0/
0H
1I
b1100 %
b1100 ,
b1100 (
b101001001100 *
b1011 )
#2637
1-
b1101 %
b1101 ,
b1101 (
b101001001101 *
b1100 )
#2638
0-
0.
b1110 %
b1110 ,
b1110 (
b101001001110 *
b1101 )
#2639
1-
b1111 %
b1111 ,
b1111 (
b101001001111 *
b1110 )
#2640
05
0-
1.
1/
00
01
0I
1K
b10000 %
b10000 ,
b10000 (
b101001010000 *
b1111 )
#2641
1-
b10001 %
b10001 ,
b10001 (
b101001010001 *
b10000 )
#2642
0-
0.
b10010 %
b10010 ,
b10010 (
b101001010010 *
b10001 )
#2643
1-
b10011 %
b10011 ,
b10011 (
b101001010011 *
b10010 )
#2644
0-
1.
0/
b10100 %
b10100 ,
b10100 (
b101001010100 *
b10011 )
#2645
1-
b10101 %
b10101 ,
b10101 (
b101001010101 *
b10100 )
#2646
0-
0.
b10110 %
b10110 ,
b10110 (
b101001010110 *
b10101 )
#2647
1-
b10111 %
b10111 ,
b10111 (
b101001010111 *
b10110 )
#2648
0-
1.
1/
10
b11000 %
b11000 ,
b11000 (
b101001011000 *
b10111 )
#2649
1-
b11001 %
b11001 ,
b11001 (
b101001011001 *
b11000 )
#2650
0-
0.
b11010 %
b11010 ,
b11010 (
b101001011010 *
b11001 )
#2651
1-
b11011 %
b11011 ,
b11011 (
b101001011011 *
b11010 )
#2652
0-
1.
0/
b11100 %
b11100 ,
b11100 (
b101001011100 *
b11011 )
#2653
1-
b11101 %
b11101 ,
b11101 (
b101001011101 *
b11100 )
#2654
0-
0.
b11110 %
b11110 ,
b11110 (
b101001011110 *
b11101 )
#2655
1-
b11111 %
b11111 ,
b11111 (
b101001011111 *
b11110 )
#2656
1"
07
0!
08
0D
0B
0@
0F
0-
1.
1/
00
11
12
1A
0?
0K
b100000 %
b100000 ,
b100000 (
b101001100000 *
b11111 )
#2657
1-
b100001 %
b100001 ,
b100001 (
b101001100001 *
b11111111111111111111111111100000 )
#2658
0-
0.
b100010 %
b100010 ,
b100010 (
b101001100010 *
b11111111111111111111111111100001 )
#2659
1-
b100011 %
b100011 ,
b100011 (
b101001100011 *
b11111111111111111111111111100010 )
#2660
0-
1.
0/
b100100 %
b100100 ,
b100100 (
b101001100100 *
b11111111111111111111111111100011 )
#2661
1-
b100101 %
b100101 ,
b100101 (
b101001100101 *
b11111111111111111111111111100100 )
#2662
0-
0.
b100110 %
b100110 ,
b100110 (
b101001100110 *
b11111111111111111111111111100101 )
#2663
1-
b100111 %
b100111 ,
b100111 (
b101001100111 *
b11111111111111111111111111100110 )
#2664
13
14
15
0-
1.
1/
10
b101000 %
b101000 ,
b101000 (
b101001101000 *
b11111111111111111111111111100111 )
#2665
0"
17
1#
16
1-
b101001 %
b101001 ,
b101001 (
b101001101001 *
b11111111111111111111111111101000 )
#2666
1!
18
0#
06
1B
1D
03
1E
0-
0.
1H
b101010 %
b101010 ,
b101010 (
b101001101010 *
b11111111111111111111111111101001 )
#2667
1-
b101011 %
b101011 ,
b101011 (
b101001101011 *
b11111111111111111111111111101010 )
#2668
1F
04
0E
0-
1.
0/
0H
1I
b101100 %
b101100 ,
b101100 (
b101001101100 *
b11111111111111111111111111101011 )
#2669
1-
b101101 %
b101101 ,
b101101 (
b101001101101 *
b11111111111111111111111111101100 )
#2670
0-
0.
b101110 %
b101110 ,
b101110 (
b101001101110 *
b11111111111111111111111111101101 )
#2671
1-
b101111 %
b101111 ,
b101111 (
b101001101111 *
b11111111111111111111111111101110 )
#2672
05
0-
1.
1/
00
01
0I
1K
b110000 %
b110000 ,
b110000 (
b101001110000 *
b11111111111111111111111111101111 )
#2673
1-
b110001 %
b110001 ,
b110001 (
b101001110001 *
b11111111111111111111111111110000 )
#2674
0-
0.
b110010 %
b110010 ,
b110010 (
b101001110010 *
b11111111111111111111111111110001 )
#2675
1-
b110011 %
b110011 ,
b110011 (
b101001110011 *
b11111111111111111111111111110010 )
#2676
0-
1.
0/
b110100 %
b110100 ,
b110100 (
b101001110100 *
b11111111111111111111111111110011 )
#2677
1-
b110101 %
b110101 ,
b110101 (
b101001110101 *
b11111111111111111111111111110100 )
#2678
0-
0.
b110110 %
b110110 ,
b110110 (
b101001110110 *
b11111111111111111111111111110101 )
#2679
1-
b110111 %
b110111 ,
b110111 (
b101001110111 *
b11111111111111111111111111110110 )
#2680
0-
1.
1/
10
b111000 %
b111000 ,
b111000 (
b101001111000 *
b11111111111111111111111111110111 )
#2681
1-
b111001 %
b111001 ,
b111001 (
b101001111001 *
b11111111111111111111111111111000 )
#2682
0-
0.
b111010 %
b111010 ,
b111010 (
b101001111010 *
b11111111111111111111111111111001 )
#2683
1-
b111011 %
b111011 ,
b111011 (
b101001111011 *
b11111111111111111111111111111010 )
#2684
0-
1.
0/
b111100 %
b111100 ,
b111100 (
b101001111100 *
b11111111111111111111111111111011 )
#2685
1-
b111101 %
b111101 ,
b111101 (
b101001111101 *
b11111111111111111111111111111100 )
#2686
0-
0.
b111110 %
b111110 ,
b111110 (
b101001111110 *
b11111111111111111111111111111101 )
#2687
1-
b111111 %
b111111 ,
b111111 (
b101001111111 *
b11111111111111111111111111111110 )
#2688
0D
0B
1@
0F
1/
00
11
02
0A
1?
0K
1:
0;
b0 %
b0 ,
b101010 $
b101010 +
b101010 &
b0 (
b101010000000 *
b11111111111111111111111111111111 )
#2689
0-
b1 %
b1 ,
b1 (
b101010000001 *
b0 )
b11111111111111111111111111101010 '
#2690
1-
1.
b10 %
b10 ,
b10 (
b101010000010 *
b1 )
#2691
0-
b11 %
b11 ,
b11 (
b101010000011 *
b10 )
#2692
1-
0.
0/
b100 %
b100 ,
b100 (
b101010000100 *
b11 )
#2693
0-
b101 %
b101 ,
b101 (
b101010000101 *
b100 )
#2694
1-
1.
b110 %
b110 ,
b110 (
b101010000110 *
b101 )
#2695
0-
b111 %
b111 ,
b111 (
b101010000111 *
b110 )
#2696
14
15
1-
0.
1/
10
b1000 %
b1000 ,
b1000 (
b101010001000 *
b111 )
#2697
0-
b1001 %
b1001 ,
b1001 (
b101010001001 *
b1000 )
#2698
13
1-
1.
b1010 %
b1010 ,
b1010 (
b101010001010 *
b1001 )
#2699
1D
1E
0-
1G
b1011 %
b1011 ,
b1011 (
b101010001011 *
b1010 )
#2700
1F
03
04
0E
1-
0.
0/
0G
1I
b1100 %
b1100 ,
b1100 (
b101010001100 *
b1011 )
#2701
0-
b1101 %
b1101 ,
b1101 (
b101010001101 *
b1100 )
#2702
1-
1.
b1110 %
b1110 ,
b1110 (
b101010001110 *
b1101 )
#2703
0-
b1111 %
b1111 ,
b1111 (
b101010001111 *
b1110 )
#2704
05
1-
0.
1/
00
01
0I
1K
b10000 %
b10000 ,
b10000 (
b101010010000 *
b1111 )
#2705
0-
b10001 %
b10001 ,
b10001 (
b101010010001 *
b10000 )
#2706
1-
1.
b10010 %
b10010 ,
b10010 (
b101010010010 *
b10001 )
#2707
0-
b10011 %
b10011 ,
b10011 (
b101010010011 *
b10010 )
#2708
1-
0.
0/
b10100 %
b10100 ,
b10100 (
b101010010100 *
b10011 )
#2709
0-
b10101 %
b10101 ,
b10101 (
b101010010101 *
b10100 )
#2710
1-
1.
b10110 %
b10110 ,
b10110 (
b101010010110 *
b10101 )
#2711
0-
b10111 %
b10111 ,
b10111 (
b101010010111 *
b10110 )
#2712
1-
0.
1/
10
b11000 %
b11000 ,
b11000 (
b101010011000 *
b10111 )
#2713
0-
b11001 %
b11001 ,
b11001 (
b101010011001 *
b11000 )
#2714
1-
1.
b11010 %
b11010 ,
b11010 (
b101010011010 *
b11001 )
#2715
0-
b11011 %
b11011 ,
b11011 (
b101010011011 *
b11010 )
#2716
1-
0.
0/
b11100 %
b11100 ,
b11100 (
b101010011100 *
b11011 )
#2717
0-
b11101 %
b11101 ,
b11101 (
b101010011101 *
b11100 )
#2718
1-
1.
b11110 %
b11110 ,
b11110 (
b101010011110 *
b11101 )
#2719
0-
b11111 %
b11111 ,
b11111 (
b101010011111 *
b11110 )
#2720
1"
07
0!
08
0D
0B
0@
0F
1-
0.
1/
00
11
12
1A
0?
0K
b100000 %
b100000 ,
b100000 (
b101010100000 *
b11111 )
#2721
0-
b100001 %
b100001 ,
b100001 (
b101010100001 *
b11111111111111111111111111100000 )
#2722
1-
1.
b100010 %
b100010 ,
b100010 (
b101010100010 *
b11111111111111111111111111100001 )
#2723
0-
b100011 %
b100011 ,
b100011 (
b101010100011 *
b11111111111111111111111111100010 )
#2724
1-
0.
0/
b100100 %
b100100 ,
b100100 (
b101010100100 *
b11111111111111111111111111100011 )
#2725
0-
b100101 %
b100101 ,
b100101 (
b101010100101 *
b11111111111111111111111111100100 )
#2726
1-
1.
b100110 %
b100110 ,
b100110 (
b101010100110 *
b11111111111111111111111111100101 )
#2727
0-
b100111 %
b100111 ,
b100111 (
b101010100111 *
b11111111111111111111111111100110 )
#2728
14
15
1-
0.
1/
10
b101000 %
b101000 ,
b101000 (
b101010101000 *
b11111111111111111111111111100111 )
#2729
0-
b101001 %
b101001 ,
b101001 (
b101010101001 *
b11111111111111111111111111101000 )
#2730
0"
17
1#
16
13
1-
1.
b101010 %
b101010 ,
b101010 (
b101010101010 *
b11111111111111111111111111101001 )
#2731
0#
06
1!
18
1B
1D
1E
0-
1G
b101011 %
b101011 ,
b101011 (
b101010101011 *
b11111111111111111111111111101010 )
#2732
1F
03
04
0E
1-
0.
0/
0G
1I
b101100 %
b101100 ,
b101100 (
b101010101100 *
b11111111111111111111111111101011 )
#2733
0-
b101101 %
b101101 ,
b101101 (
b101010101101 *
b11111111111111111111111111101100 )
#2734
1-
1.
b101110 %
b101110 ,
b101110 (
b101010101110 *
b11111111111111111111111111101101 )
#2735
0-
b101111 %
b101111 ,
b101111 (
b101010101111 *
b11111111111111111111111111101110 )
#2736
05
1-
0.
1/
00
01
0I
1K
b110000 %
b110000 ,
b110000 (
b101010110000 *
b11111111111111111111111111101111 )
#2737
0-
b110001 %
b110001 ,
b110001 (
b101010110001 *
b11111111111111111111111111110000 )
#2738
1-
1.
b110010 %
b110010 ,
b110010 (
b101010110010 *
b11111111111111111111111111110001 )
#2739
0-
b110011 %
b110011 ,
b110011 (
b101010110011 *
b11111111111111111111111111110010 )
#2740
1-
0.
0/
b110100 %
b110100 ,
b110100 (
b101010110100 *
b11111111111111111111111111110011 )
#2741
0-
b110101 %
b110101 ,
b110101 (
b101010110101 *
b11111111111111111111111111110100 )
#2742
1-
1.
b110110 %
b110110 ,
b110110 (
b101010110110 *
b11111111111111111111111111110101 )
#2743
0-
b110111 %
b110111 ,
b110111 (
b101010110111 *
b11111111111111111111111111110110 )
#2744
1-
0.
1/
10
b111000 %
b111000 ,
b111000 (
b101010111000 *
b11111111111111111111111111110111 )
#2745
0-
b111001 %
b111001 ,
b111001 (
b101010111001 *
b11111111111111111111111111111000 )
#2746
1-
1.
b111010 %
b111010 ,
b111010 (
b101010111010 *
b11111111111111111111111111111001 )
#2747
0-
b111011 %
b111011 ,
b111011 (
b101010111011 *
b11111111111111111111111111111010 )
#2748
1-
0.
0/
b111100 %
b111100 ,
b111100 (
b101010111100 *
b11111111111111111111111111111011 )
#2749
0-
b111101 %
b111101 ,
b111101 (
b101010111101 *
b11111111111111111111111111111100 )
#2750
1-
1.
b111110 %
b111110 ,
b111110 (
b101010111110 *
b11111111111111111111111111111101 )
#2751
0-
b111111 %
b111111 ,
b111111 (
b101010111111 *
b11111111111111111111111111111110 )
#2752
0D
0B
1@
0F
0.
1/
00
11
02
0A
1?
0K
0:
b0 %
b0 ,
b101011 $
b101011 +
b101011 &
b0 (
b101011000000 *
b11111111111111111111111111111111 )
#2753
1-
b1 %
b1 ,
b1 (
b101011000001 *
b0 )
b11111111111111111111111111101011 '
#2754
0-
1.
b10 %
b10 ,
b10 (
b101011000010 *
b1 )
#2755
1-
b11 %
b11 ,
b11 (
b101011000011 *
b10 )
#2756
0-
0.
0/
b100 %
b100 ,
b100 (
b101011000100 *
b11 )
#2757
1-
b101 %
b101 ,
b101 (
b101011000101 *
b100 )
#2758
0-
1.
b110 %
b110 ,
b110 (
b101011000110 *
b101 )
#2759
1-
b111 %
b111 ,
b111 (
b101011000111 *
b110 )
#2760
14
15
0-
0.
1/
10
b1000 %
b1000 ,
b1000 (
b101011001000 *
b111 )
#2761
1-
b1001 %
b1001 ,
b1001 (
b101011001001 *
b1000 )
#2762
13
0-
1.
b1010 %
b1010 ,
b1010 (
b101011001010 *
b1001 )
#2763
1-
b1011 %
b1011 ,
b1011 (
b101011001011 *
b1010 )
#2764
1D
1F
03
04
0-
0.
0/
1I
b1100 %
b1100 ,
b1100 (
b101011001100 *
b1011 )
#2765
1-
b1101 %
b1101 ,
b1101 (
b101011001101 *
b1100 )
#2766
0-
1.
b1110 %
b1110 ,
b1110 (
b101011001110 *
b1101 )
#2767
1-
b1111 %
b1111 ,
b1111 (
b101011001111 *
b1110 )
#2768
05
0-
0.
1/
00
01
0I
1K
b10000 %
b10000 ,
b10000 (
b101011010000 *
b1111 )
#2769
1-
b10001 %
b10001 ,
b10001 (
b101011010001 *
b10000 )
#2770
0-
1.
b10010 %
b10010 ,
b10010 (
b101011010010 *
b10001 )
#2771
1-
b10011 %
b10011 ,
b10011 (
b101011010011 *
b10010 )
#2772
0-
0.
0/
b10100 %
b10100 ,
b10100 (
b101011010100 *
b10011 )
#2773
1-
b10101 %
b10101 ,
b10101 (
b101011010101 *
b10100 )
#2774
0-
1.
b10110 %
b10110 ,
b10110 (
b101011010110 *
b10101 )
#2775
1-
b10111 %
b10111 ,
b10111 (
b101011010111 *
b10110 )
#2776
0-
0.
1/
10
b11000 %
b11000 ,
b11000 (
b101011011000 *
b10111 )
#2777
1-
b11001 %
b11001 ,
b11001 (
b101011011001 *
b11000 )
#2778
0-
1.
b11010 %
b11010 ,
b11010 (
b101011011010 *
b11001 )
#2779
1-
b11011 %
b11011 ,
b11011 (
b101011011011 *
b11010 )
#2780
0-
0.
0/
b11100 %
b11100 ,
b11100 (
b101011011100 *
b11011 )
#2781
1-
b11101 %
b11101 ,
b11101 (
b101011011101 *
b11100 )
#2782
0-
1.
b11110 %
b11110 ,
b11110 (
b101011011110 *
b11101 )
#2783
1-
b11111 %
b11111 ,
b11111 (
b101011011111 *
b11110 )
#2784
1"
07
0!
08
0D
0B
0@
0F
0-
0.
1/
00
11
12
1A
0?
0K
b100000 %
b100000 ,
b100000 (
b101011100000 *
b11111 )
#2785
1-
b100001 %
b100001 ,
b100001 (
b101011100001 *
b11111111111111111111111111100000 )
#2786
0-
1.
b100010 %
b100010 ,
b100010 (
b101011100010 *
b11111111111111111111111111100001 )
#2787
1-
b100011 %
b100011 ,
b100011 (
b101011100011 *
b11111111111111111111111111100010 )
#2788
0-
0.
0/
b100100 %
b100100 ,
b100100 (
b101011100100 *
b11111111111111111111111111100011 )
#2789
1-
b100101 %
b100101 ,
b100101 (
b101011100101 *
b11111111111111111111111111100100 )
#2790
0-
1.
b100110 %
b100110 ,
b100110 (
b101011100110 *
b11111111111111111111111111100101 )
#2791
1-
b100111 %
b100111 ,
b100111 (
b101011100111 *
b11111111111111111111111111100110 )
#2792
14
15
0-
0.
1/
10
b101000 %
b101000 ,
b101000 (
b101011101000 *
b11111111111111111111111111100111 )
#2793
1-
b101001 %
b101001 ,
b101001 (
b101011101001 *
b11111111111111111111111111101000 )
#2794
1"
07
0#
06
13
0-
1.
b101010 %
b101010 ,
b101010 (
b101011101010 *
b11111111111111111111111111101001 )
#2795
0"
17
1#
16
1-
b101011 %
b101011 ,
b101011 (
b101011101011 *
b11111111111111111111111111101010 )
#2796
0"
1!
18
17
0#
06
1B
1D
1F
03
04
0-
0.
0/
1I
b101100 %
b101100 ,
b101100 (
b101011101100 *
b11111111111111111111111111101011 )
#2797
1-
b101101 %
b101101 ,
b101101 (
b101011101101 *
b11111111111111111111111111101100 )
#2798
0-
1.
b101110 %
b101110 ,
b101110 (
b101011101110 *
b11111111111111111111111111101101 )
#2799
1-
b101111 %
b101111 ,
b101111 (
b101011101111 *
b11111111111111111111111111101110 )
#2800
05
0-
0.
1/
00
01
0I
1K
b110000 %
b110000 ,
b110000 (
b101011110000 *
b11111111111111111111111111101111 )
#2801
1-
b110001 %
b110001 ,
b110001 (
b101011110001 *
b11111111111111111111111111110000 )
#2802
0-
1.
b110010 %
b110010 ,
b110010 (
b101011110010 *
b11111111111111111111111111110001 )
#2803
1-
b110011 %
b110011 ,
b110011 (
b101011110011 *
b11111111111111111111111111110010 )
#2804
0-
0.
0/
b110100 %
b110100 ,
b110100 (
b101011110100 *
b11111111111111111111111111110011 )
#2805
1-
b110101 %
b110101 ,
b110101 (
b101011110101 *
b11111111111111111111111111110100 )
#2806
0-
1.
b110110 %
b110110 ,
b110110 (
b101011110110 *
b11111111111111111111111111110101 )
#2807
1-
b110111 %
b110111 ,
b110111 (
b101011110111 *
b11111111111111111111111111110110 )
#2808
0-
0.
1/
10
b111000 %
b111000 ,
b111000 (
b101011111000 *
b11111111111111111111111111110111 )
#2809
1-
b111001 %
b111001 ,
b111001 (
b101011111001 *
b11111111111111111111111111111000 )
#2810
0-
1.
b111010 %
b111010 ,
b111010 (
b101011111010 *
b11111111111111111111111111111001 )
#2811
1-
b111011 %
b111011 ,
b111011 (
b101011111011 *
b11111111111111111111111111111010 )
#2812
0-
0.
0/
b111100 %
b111100 ,
b111100 (
b101011111100 *
b11111111111111111111111111111011 )
#2813
1-
b111101 %
b111101 ,
b111101 (
b101011111101 *
b11111111111111111111111111111100 )
#2814
0-
1.
b111110 %
b111110 ,
b111110 (
b101011111110 *
b11111111111111111111111111111101 )
#2815
1-
b111111 %
b111111 ,
b111111 (
b101011111111 *
b11111111111111111111111111111110 )
#2816
0D
0B
1@
0F
00
11
02
0A
1?
0K
1:
1;
0<
b0 %
b0 ,
b101100 $
b101100 +
b101100 &
b0 (
b101100000000 *
b11111111111111111111111111111111 )
#2817
0-
b1 %
b1 ,
b1 (
b101100000001 *
b0 )
b11111111111111111111111111101100 '
#2818
1-
0.
b10 %
b10 ,
b10 (
b101100000010 *
b1 )
#2819
0-
b11 %
b11 ,
b11 (
b101100000011 *
b10 )
#2820
1-
1.
1/
b100 %
b100 ,
b100 (
b101100000100 *
b11 )
#2821
0-
b101 %
b101 ,
b101 (
b101100000101 *
b100 )
#2822
1-
0.
b110 %
b110 ,
b110 (
b101100000110 *
b101 )
#2823
0-
b111 %
b111 ,
b111 (
b101100000111 *
b110 )
#2824
15
1-
1.
0/
10
b1000 %
b1000 ,
b1000 (
b101100001000 *
b111 )
#2825
0-
b1001 %
b1001 ,
b1001 (
b101100001001 *
b1000 )
#2826
1-
0.
b1010 %
b1010 ,
b1010 (
b101100001010 *
b1001 )
#2827
0-
b1011 %
b1011 ,
b1011 (
b101100001011 *
b1010 )
#2828
13
14
1-
1.
1/
b1100 %
b1100 ,
b1100 (
b101100001100 *
b1011 )
#2829
1D
1E
0-
1G
b1101 %
b1101 ,
b1101 (
b101100001101 *
b1100 )
#2830
03
1-
0.
0G
1H
b1110 %
b1110 ,
b1110 (
b101100001110 *
b1101 )
#2831
0-
b1111 %
b1111 ,
b1111 (
b101100001111 *
b1110 )
#2832
04
05
0E
1F
1-
1.
0/
00
01
0H
1K
b10000 %
b10000 ,
b10000 (
b101100010000 *
b1111 )
#2833
0-
b10001 %
b10001 ,
b10001 (
b101100010001 *
b10000 )
#2834
1-
0.
b10010 %
b10010 ,
b10010 (
b101100010010 *
b10001 )
#2835
0-
b10011 %
b10011 ,
b10011 (
b101100010011 *
b10010 )
#2836
1-
1.
1/
b10100 %
b10100 ,
b10100 (
b101100010100 *
b10011 )
#2837
0-
b10101 %
b10101 ,
b10101 (
b101100010101 *
b10100 )
#2838
1-
0.
b10110 %
b10110 ,
b10110 (
b101100010110 *
b10101 )
#2839
0-
b10111 %
b10111 ,
b10111 (
b101100010111 *
b10110 )
#2840
1-
1.
0/
10
b11000 %
b11000 ,
b11000 (
b101100011000 *
b10111 )
#2841
0-
b11001 %
b11001 ,
b11001 (
b101100011001 *
b11000 )
#2842
1-
0.
b11010 %
b11010 ,
b11010 (
b101100011010 *
b11001 )
#2843
0-
b11011 %
b11011 ,
b11011 (
b101100011011 *
b11010 )
#2844
1-
1.
1/
b11100 %
b11100 ,
b11100 (
b101100011100 *
b11011 )
#2845
0-
b11101 %
b11101 ,
b11101 (
b101100011101 *
b11100 )
#2846
1-
0.
b11110 %
b11110 ,
b11110 (
b101100011110 *
b11101 )
#2847
0-
b11111 %
b11111 ,
b11111 (
b101100011111 *
b11110 )
#2848
1"
07
0!
08
0D
0B
0@
0F
1-
1.
0/
00
11
12
1A
0?
0K
b100000 %
b100000 ,
b100000 (
b101100100000 *
b11111 )
#2849
0-
b100001 %
b100001 ,
b100001 (
b101100100001 *
b11111111111111111111111111100000 )
#2850
1-
0.
b100010 %
b100010 ,
b100010 (
b101100100010 *
b11111111111111111111111111100001 )
#2851
0-
b100011 %
b100011 ,
b100011 (
b101100100011 *
b11111111111111111111111111100010 )
#2852
1-
1.
1/
b100100 %
b100100 ,
b100100 (
b101100100100 *
b11111111111111111111111111100011 )
#2853
0-
b100101 %
b100101 ,
b100101 (
b101100100101 *
b11111111111111111111111111100100 )
#2854
1-
0.
b100110 %
b100110 ,
b100110 (
b101100100110 *
b11111111111111111111111111100101 )
#2855
0-
b100111 %
b100111 ,
b100111 (
b101100100111 *
b11111111111111111111111111100110 )
#2856
15
1-
1.
0/
10
b101000 %
b101000 ,
b101000 (
b101100101000 *
b11111111111111111111111111100111 )
#2857
0-
b101001 %
b101001 ,
b101001 (
b101100101001 *
b11111111111111111111111111101000 )
#2858
1-
0.
b101010 %
b101010 ,
b101010 (
b101100101010 *
b11111111111111111111111111101001 )
#2859
0-
b101011 %
b101011 ,
b101011 (
b101100101011 *
b11111111111111111111111111101010 )
#2860
0"
17
1#
16
13
14
1-
1.
1/
b101100 %
b101100 ,
b101100 (
b101100101100 *
b11111111111111111111111111101011 )
#2861
0#
06
1!
18
1B
1D
1E
0-
1G
b101101 %
b101101 ,
b101101 (
b101100101101 *
b11111111111111111111111111101100 )
#2862
03
1-
0.
0G
1H
b101110 %
b101110 ,
b101110 (
b101100101110 *
b11111111111111111111111111101101 )
#2863
0-
b101111 %
b101111 ,
b101111 (
b101100101111 *
b11111111111111111111111111101110 )
#2864
04
05
0E
1F
1-
1.
0/
00
01
0H
1K
b110000 %
b110000 ,
b110000 (
b101100110000 *
b11111111111111111111111111101111 )
#2865
0-
b110001 %
b110001 ,
b110001 (
b101100110001 *
b11111111111111111111111111110000 )
#2866
1-
0.
b110010 %
b110010 ,
b110010 (
b101100110010 *
b11111111111111111111111111110001 )
#2867
0-
b110011 %
b110011 ,
b110011 (
b101100110011 *
b11111111111111111111111111110010 )
#2868
1-
1.
1/
b110100 %
b110100 ,
b110100 (
b101100110100 *
b11111111111111111111111111110011 )
#2869
0-
b110101 %
b110101 ,
b110101 (
b101100110101 *
b11111111111111111111111111110100 )
#2870
1-
0.
b110110 %
b110110 ,
b110110 (
b101100110110 *
b11111111111111111111111111110101 )
#2871
0-
b110111 %
b110111 ,
b110111 (
b101100110111 *
b11111111111111111111111111110110 )
#2872
1-
1.
0/
10
b111000 %
b111000 ,
b111000 (
b101100111000 *
b11111111111111111111111111110111 )
#2873
0-
b111001 %
b111001 ,
b111001 (
b101100111001 *
b11111111111111111111111111111000 )
#2874
1-
0.
b111010 %
b111010 ,
b111010 (
b101100111010 *
b11111111111111111111111111111001 )
#2875
0-
b111011 %
b111011 ,
b111011 (
b101100111011 *
b11111111111111111111111111111010 )
#2876
1-
1.
1/
b111100 %
b111100 ,
b111100 (
b101100111100 *
b11111111111111111111111111111011 )
#2877
0-
b111101 %
b111101 ,
b111101 (
b101100111101 *
b11111111111111111111111111111100 )
#2878
1-
0.
b111110 %
b111110 ,
b111110 (
b101100111110 *
b11111111111111111111111111111101 )
#2879
0-
b111111 %
b111111 ,
b111111 (
b101100111111 *
b11111111111111111111111111111110 )
#2880
0D
0B
1@
0F
1.
0/
00
11
02
0A
1?
0K
0:
b0 %
b0 ,
b101101 $
b101101 +
b101101 &
b0 (
b101101000000 *
b11111111111111111111111111111111 )
#2881
1-
b1 %
b1 ,
b1 (
b101101000001 *
b0 )
b11111111111111111111111111101101 '
#2882
0-
0.
b10 %
b10 ,
b10 (
b101101000010 *
b1 )
#2883
1-
b11 %
b11 ,
b11 (
b101101000011 *
b10 )
#2884
0-
1.
1/
b100 %
b100 ,
b100 (
b101101000100 *
b11 )
#2885
1-
b101 %
b101 ,
b101 (
b101101000101 *
b100 )
#2886
0-
0.
b110 %
b110 ,
b110 (
b101101000110 *
b101 )
#2887
1-
b111 %
b111 ,
b111 (
b101101000111 *
b110 )
#2888
15
0-
1.
0/
10
b1000 %
b1000 ,
b1000 (
b101101001000 *
b111 )
#2889
1-
b1001 %
b1001 ,
b1001 (
b101101001001 *
b1000 )
#2890
0-
0.
b1010 %
b1010 ,
b1010 (
b101101001010 *
b1001 )
#2891
1-
b1011 %
b1011 ,
b1011 (
b101101001011 *
b1010 )
#2892
13
14
0-
1.
1/
b1100 %
b1100 ,
b1100 (
b101101001100 *
b1011 )
#2893
1-
b1101 %
b1101 ,
b1101 (
b101101001101 *
b1100 )
#2894
1D
03
1E
0-
0.
1H
b1110 %
b1110 ,
b1110 (
b101101001110 *
b1101 )
#2895
1-
b1111 %
b1111 ,
b1111 (
b101101001111 *
b1110 )
#2896
04
05
0E
1F
0-
1.
0/
00
01
0H
1K
b10000 %
b10000 ,
b10000 (
b101101010000 *
b1111 )
#2897
1-
b10001 %
b10001 ,
b10001 (
b101101010001 *
b10000 )
#2898
0-
0.
b10010 %
b10010 ,
b10010 (
b101101010010 *
b10001 )
#2899
1-
b10011 %
b10011 ,
b10011 (
b101101010011 *
b10010 )
#2900
0-
1.
1/
b10100 %
b10100 ,
b10100 (
b101101010100 *
b10011 )
#2901
1-
b10101 %
b10101 ,
b10101 (
b101101010101 *
b10100 )
#2902
0-
0.
b10110 %
b10110 ,
b10110 (
b101101010110 *
b10101 )
#2903
1-
b10111 %
b10111 ,
b10111 (
b101101010111 *
b10110 )
#2904
0-
1.
0/
10
b11000 %
b11000 ,
b11000 (
b101101011000 *
b10111 )
#2905
1-
b11001 %
b11001 ,
b11001 (
b101101011001 *
b11000 )
#2906
0-
0.
b11010 %
b11010 ,
b11010 (
b101101011010 *
b11001 )
#2907
1-
b11011 %
b11011 ,
b11011 (
b101101011011 *
b11010 )
#2908
0-
1.
1/
b11100 %
b11100 ,
b11100 (
b101101011100 *
b11011 )
#2909
1-
b11101 %
b11101 ,
b11101 (
b101101011101 *
b11100 )
#2910
0-
0.
b11110 %
b11110 ,
b11110 (
b101101011110 *
b11101 )
#2911
1-
b11111 %
b11111 ,
b11111 (
b101101011111 *
b11110 )
#2912
1"
07
0!
08
0D
0B
0@
0F
0-
1.
0/
00
11
12
1A
0?
0K
b100000 %
b100000 ,
b100000 (
b101101100000 *
b11111 )
#2913
1-
b100001 %
b100001 ,
b100001 (
b101101100001 *
b11111111111111111111111111100000 )
#2914
0-
0.
b100010 %
b100010 ,
b100010 (
b101101100010 *
b11111111111111111111111111100001 )
#2915
1-
b100011 %
b100011 ,
b100011 (
b101101100011 *
b11111111111111111111111111100010 )
#2916
0-
1.
1/
b100100 %
b100100 ,
b100100 (
b101101100100 *
b11111111111111111111111111100011 )
#2917
1-
b100101 %
b100101 ,
b100101 (
b101101100101 *
b11111111111111111111111111100100 )
#2918
0-
0.
b100110 %
b100110 ,
b100110 (
b101101100110 *
b11111111111111111111111111100101 )
#2919
1-
b100111 %
b100111 ,
b100111 (
b101101100111 *
b11111111111111111111111111100110 )
#2920
15
0-
1.
0/
10
b101000 %
b101000 ,
b101000 (
b101101101000 *
b11111111111111111111111111100111 )
#2921
1-
b101001 %
b101001 ,
b101001 (
b101101101001 *
b11111111111111111111111111101000 )
#2922
0-
0.
b101010 %
b101010 ,
b101010 (
b101101101010 *
b11111111111111111111111111101001 )
#2923
1-
b101011 %
b101011 ,
b101011 (
b101101101011 *
b11111111111111111111111111101010 )
#2924
13
14
0-
1.
1/
b101100 %
b101100 ,
b101100 (
b101101101100 *
b11111111111111111111111111101011 )
#2925
0"
17
1#
16
1-
b101101 %
b101101 ,
b101101 (
b101101101101 *
b11111111111111111111111111101100 )
#2926
1!
18
0#
06
1B
1D
03
1E
0-
0.
1H
b101110 %
b101110 ,
b101110 (
b101101101110 *
b11111111111111111111111111101101 )
#2927
1-
b101111 %
b101111 ,
b101111 (
b101101101111 *
b11111111111111111111111111101110 )
#2928
04
05
0E
1F
0-
1.
0/
00
01
0H
1K
b110000 %
b110000 ,
b110000 (
b101101110000 *
b11111111111111111111111111101111 )
#2929
1-
b110001 %
b110001 ,
b110001 (
b101101110001 *
b11111111111111111111111111110000 )
#2930
0-
0.
b110010 %
b110010 ,
b110010 (
b101101110010 *
b11111111111111111111111111110001 )
#2931
1-
b110011 %
b110011 ,
b110011 (
b101101110011 *
b11111111111111111111111111110010 )
#2932
0-
1.
1/
b110100 %
b110100 ,
b110100 (
b101101110100 *
b11111111111111111111111111110011 )
#2933
1-
b110101 %
b110101 ,
b110101 (
b101101110101 *
b11111111111111111111111111110100 )
#2934
0-
0.
b110110 %
b110110 ,
b110110 (
b101101110110 *
b11111111111111111111111111110101 )
#2935
1-
b110111 %
b110111 ,
b110111 (
b101101110111 *
b11111111111111111111111111110110 )
#2936
0-
1.
0/
10
b111000 %
b111000 ,
b111000 (
b101101111000 *
b11111111111111111111111111110111 )
#2937
1-
b111001 %
b111001 ,
b111001 (
b101101111001 *
b11111111111111111111111111111000 )
#2938
0-
0.
b111010 %
b111010 ,
b111010 (
b101101111010 *
b11111111111111111111111111111001 )
#2939
1-
b111011 %
b111011 ,
b111011 (
b101101111011 *
b11111111111111111111111111111010 )
#2940
0-
1.
1/
b111100 %
b111100 ,
b111100 (
b101101111100 *
b11111111111111111111111111111011 )
#2941
1-
b111101 %
b111101 ,
b111101 (
b101101111101 *
b11111111111111111111111111111100 )
#2942
0-
0.
b111110 %
b111110 ,
b111110 (
b101101111110 *
b11111111111111111111111111111101 )
#2943
1-
b111111 %
b111111 ,
b111111 (
b101101111111 *
b11111111111111111111111111111110 )
#2944
0D
0B
1@
0F
0/
00
11
02
0A
1?
0K
1:
0;
b0 %
b0 ,
b101110 $
b101110 +
b101110 &
b0 (
b101110000000 *
b11111111111111111111111111111111 )
#2945
0-
b1 %
b1 ,
b1 (
b101110000001 *
b0 )
b11111111111111111111111111101110 '
#2946
1-
1.
b10 %
b10 ,
b10 (
b101110000010 *
b1 )
#2947
0-
b11 %
b11 ,
b11 (
b101110000011 *
b10 )
#2948
1-
0.
1/
b100 %
b100 ,
b100 (
b101110000100 *
b11 )
#2949
0-
b101 %
b101 ,
b101 (
b101110000101 *
b100 )
#2950
1-
1.
b110 %
b110 ,
b110 (
b101110000110 *
b101 )
#2951
0-
b111 %
b111 ,
b111 (
b101110000111 *
b110 )
#2952
15
1-
0.
0/
10
b1000 %
b1000 ,
b1000 (
b101110001000 *
b111 )
#2953
0-
b1001 %
b1001 ,
b1001 (
b101110001001 *
b1000 )
#2954
1-
1.
b1010 %
b1010 ,
b1010 (
b101110001010 *
b1001 )
#2955
0-
b1011 %
b1011 ,
b1011 (
b101110001011 *
b1010 )
#2956
14
1-
0.
1/
b1100 %
b1100 ,
b1100 (
b101110001100 *
b1011 )
#2957
0-
b1101 %
b1101 ,
b1101 (
b101110001101 *
b1100 )
#2958
13
1-
1.
b1110 %
b1110 ,
b1110 (
b101110001110 *
b1101 )
#2959
1D
1E
0-
1G
b1111 %
b1111 ,
b1111 (
b101110001111 *
b1110 )
#2960
03
04
05
0E
1F
1-
0.
0/
00
01
0G
1K
b10000 %
b10000 ,
b10000 (
b101110010000 *
b1111 )
#2961
0-
b10001 %
b10001 ,
b10001 (
b101110010001 *
b10000 )
#2962
1-
1.
b10010 %
b10010 ,
b10010 (
b101110010010 *
b10001 )
#2963
0-
b10011 %
b10011 ,
b10011 (
b101110010011 *
b10010 )
#2964
1-
0.
1/
b10100 %
b10100 ,
b10100 (
b101110010100 *
b10011 )
#2965
0-
b10101 %
b10101 ,
b10101 (
b101110010101 *
b10100 )
#2966
1-
1.
b10110 %
b10110 ,
b10110 (
b101110010110 *
b10101 )
#2967
0-
b10111 %
b10111 ,
b10111 (
b101110010111 *
b10110 )
#2968
1-
0.
0/
10
b11000 %
b11000 ,
b11000 (
b101110011000 *
b10111 )
#2969
0-
b11001 %
b11001 ,
b11001 (
b101110011001 *
b11000 )
#2970
1-
1.
b11010 %
b11010 ,
b11010 (
b101110011010 *
b11001 )
#2971
0-
b11011 %
b11011 ,
b11011 (
b101110011011 *
b11010 )
#2972
1-
0.
1/
b11100 %
b11100 ,
b11100 (
b101110011100 *
b11011 )
#2973
0-
b11101 %
b11101 ,
b11101 (
b101110011101 *
b11100 )
#2974
1-
1.
b11110 %
b11110 ,
b11110 (
b101110011110 *
b11101 )
#2975
0-
b11111 %
b11111 ,
b11111 (
b101110011111 *
b11110 )
#2976
1"
07
0!
08
0D
0B
0@
0F
1-
0.
0/
00
11
12
1A
0?
0K
b100000 %
b100000 ,
b100000 (
b101110100000 *
b11111 )
#2977
0-
b100001 %
b100001 ,
b100001 (
b101110100001 *
b11111111111111111111111111100000 )
#2978
1-
1.
b100010 %
b100010 ,
b100010 (
b101110100010 *
b11111111111111111111111111100001 )
#2979
0-
b100011 %
b100011 ,
b100011 (
b101110100011 *
b11111111111111111111111111100010 )
#2980
1-
0.
1/
b100100 %
b100100 ,
b100100 (
b101110100100 *
b11111111111111111111111111100011 )
#2981
0-
b100101 %
b100101 ,
b100101 (
b101110100101 *
b11111111111111111111111111100100 )
#2982
1-
1.
b100110 %
b100110 ,
b100110 (
b101110100110 *
b11111111111111111111111111100101 )
#2983
0-
b100111 %
b100111 ,
b100111 (
b101110100111 *
b11111111111111111111111111100110 )
#2984
15
1-
0.
0/
10
b101000 %
b101000 ,
b101000 (
b101110101000 *
b11111111111111111111111111100111 )
#2985
0-
b101001 %
b101001 ,
b101001 (
b101110101001 *
b11111111111111111111111111101000 )
#2986
1-
1.
b101010 %
b101010 ,
b101010 (
b101110101010 *
b11111111111111111111111111101001 )
#2987
0-
b101011 %
b101011 ,
b101011 (
b101110101011 *
b11111111111111111111111111101010 )
#2988
14
1-
0.
1/
b101100 %
b101100 ,
b101100 (
b101110101100 *
b11111111111111111111111111101011 )
#2989
0-
b101101 %
b101101 ,
b101101 (
b101110101101 *
b11111111111111111111111111101100 )
#2990
0"
17
1#
16
13
1-
1.
b101110 %
b101110 ,
b101110 (
b101110101110 *
b11111111111111111111111111101101 )
#2991
0#
06
1!
18
1B
1D
1E
0-
1G
b101111 %
b101111 ,
b101111 (
b101110101111 *
b11111111111111111111111111101110 )
#2992
03
04
05
0E
1F
1-
0.
0/
00
01
0G
1K
b110000 %
b110000 ,
b110000 (
b101110110000 *
b11111111111111111111111111101111 )
#2993
0-
b110001 %
b110001 ,
b110001 (
b101110110001 *
b11111111111111111111111111110000 )
#2994
1-
1.
b110010 %
b110010 ,
b110010 (
b101110110010 *
b11111111111111111111111111110001 )
#2995
0-
b110011 %
b110011 ,
b110011 (
b101110110011 *
b11111111111111111111111111110010 )
#2996
1-
0.
1/
b110100 %
b110100 ,
b110100 (
b101110110100 *
b11111111111111111111111111110011 )
#2997
0-
b110101 %
b110101 ,
b110101 (
b101110110101 *
b11111111111111111111111111110100 )
#2998
1-
1.
b110110 %
b110110 ,
b110110 (
b101110110110 *
b11111111111111111111111111110101 )
#2999
0-
b110111 %
b110111 ,
b110111 (
b101110110111 *
b11111111111111111111111111110110 )
#3000
1-
0.
0/
10
b111000 %
b111000 ,
b111000 (
b101110111000 *
b11111111111111111111111111110111 )
#3001
0-
b111001 %
b111001 ,
b111001 (
b101110111001 *
b11111111111111111111111111111000 )
#3002
1-
1.
b111010 %
b111010 ,
b111010 (
b101110111010 *
b11111111111111111111111111111001 )
#3003
0-
b111011 %
b111011 ,
b111011 (
b101110111011 *
b11111111111111111111111111111010 )
#3004
1-
0.
1/
b111100 %
b111100 ,
b111100 (
b101110111100 *
b11111111111111111111111111111011 )
#3005
0-
b111101 %
b111101 ,
b111101 (
b101110111101 *
b11111111111111111111111111111100 )
#3006
1-
1.
b111110 %
b111110 ,
b111110 (
b101110111110 *
b11111111111111111111111111111101 )
#3007
0-
b111111 %
b111111 ,
b111111 (
b101110111111 *
b11111111111111111111111111111110 )
#3008
0D
0B
1@
0F
0.
0/
00
11
02
0A
1?
0K
0:
b0 %
b0 ,
b101111 $
b101111 +
b101111 &
b0 (
b101111000000 *
b11111111111111111111111111111111 )
#3009
1-
b1 %
b1 ,
b1 (
b101111000001 *
b0 )
b11111111111111111111111111101111 '
#3010
0-
1.
b10 %
b10 ,
b10 (
b101111000010 *
b1 )
#3011
1-
b11 %
b11 ,
b11 (
b101111000011 *
b10 )
#3012
0-
0.
1/
b100 %
b100 ,
b100 (
b101111000100 *
b11 )
#3013
1-
b101 %
b101 ,
b101 (
b101111000101 *
b100 )
#3014
0-
1.
b110 %
b110 ,
b110 (
b101111000110 *
b101 )
#3015
1-
b111 %
b111 ,
b111 (
b101111000111 *
b110 )
#3016
15
0-
0.
0/
10
b1000 %
b1000 ,
b1000 (
b101111001000 *
b111 )
#3017
1-
b1001 %
b1001 ,
b1001 (
b101111001001 *
b1000 )
#3018
0-
1.
b1010 %
b1010 ,
b1010 (
b101111001010 *
b1001 )
#3019
1-
b1011 %
b1011 ,
b1011 (
b101111001011 *
b1010 )
#3020
14
0-
0.
1/
b1100 %
b1100 ,
b1100 (
b101111001100 *
b1011 )
#3021
1-
b1101 %
b1101 ,
b1101 (
b101111001101 *
b1100 )
#3022
13
0-
1.
b1110 %
b1110 ,
b1110 (
b101111001110 *
b1101 )
#3023
1-
b1111 %
b1111 ,
b1111 (
b101111001111 *
b1110 )
#3024
1D
03
04
05
1F
0-
0.
0/
00
01
1K
b10000 %
b10000 ,
b10000 (
b101111010000 *
b1111 )
#3025
1-
b10001 %
b10001 ,
b10001 (
b101111010001 *
b10000 )
#3026
0-
1.
b10010 %
b10010 ,
b10010 (
b101111010010 *
b10001 )
#3027
1-
b10011 %
b10011 ,
b10011 (
b101111010011 *
b10010 )
#3028
0-
0.
1/
b10100 %
b10100 ,
b10100 (
b101111010100 *
b10011 )
#3029
1-
b10101 %
b10101 ,
b10101 (
b101111010101 *
b10100 )
#3030
0-
1.
b10110 %
b10110 ,
b10110 (
b101111010110 *
b10101 )
#3031
1-
b10111 %
b10111 ,
b10111 (
b101111010111 *
b10110 )
#3032
0-
0.
0/
10
b11000 %
b11000 ,
b11000 (
b101111011000 *
b10111 )
#3033
1-
b11001 %
b11001 ,
b11001 (
b101111011001 *
b11000 )
#3034
0-
1.
b11010 %
b11010 ,
b11010 (
b101111011010 *
b11001 )
#3035
1-
b11011 %
b11011 ,
b11011 (
b101111011011 *
b11010 )
#3036
0-
0.
1/
b11100 %
b11100 ,
b11100 (
b101111011100 *
b11011 )
#3037
1-
b11101 %
b11101 ,
b11101 (
b101111011101 *
b11100 )
#3038
0-
1.
b11110 %
b11110 ,
b11110 (
b101111011110 *
b11101 )
#3039
1-
b11111 %
b11111 ,
b11111 (
b101111011111 *
b11110 )
#3040
1"
07
0#
06
0!
08
0D
0B
0@
0F
0-
0.
0/
00
11
12
1A
0?
0K
b100000 %
b100000 ,
b100000 (
b101111100000 *
b11111 )
#3041
1-
b100001 %
b100001 ,
b100001 (
b101111100001 *
b11111111111111111111111111100000 )
#3042
0-
1.
b100010 %
b100010 ,
b100010 (
b101111100010 *
b11111111111111111111111111100001 )
#3043
1-
b100011 %
b100011 ,
b100011 (
b101111100011 *
b11111111111111111111111111100010 )
#3044
0-
0.
1/
b100100 %
b100100 ,
b100100 (
b101111100100 *
b11111111111111111111111111100011 )
#3045
1-
b100101 %
b100101 ,
b100101 (
b101111100101 *
b11111111111111111111111111100100 )
#3046
0-
1.
b100110 %
b100110 ,
b100110 (
b101111100110 *
b11111111111111111111111111100101 )
#3047
1-
b100111 %
b100111 ,
b100111 (
b101111100111 *
b11111111111111111111111111100110 )
#3048
1"
07
0#
06
15
0-
0.
0/
10
b101000 %
b101000 ,
b101000 (
b101111101000 *
b11111111111111111111111111100111 )
#3049
1-
b101001 %
b101001 ,
b101001 (
b101111101001 *
b11111111111111111111111111101000 )
#3050
0-
1.
b101010 %
b101010 ,
b101010 (
b101111101010 *
b11111111111111111111111111101001 )
#3051
1-
b101011 %
b101011 ,
b101011 (
b101111101011 *
b11111111111111111111111111101010 )
#3052
14
0-
0.
1/
b101100 %
b101100 ,
b101100 (
b101111101100 *
b11111111111111111111111111101011 )
#3053
1-
b101101 %
b101101 ,
b101101 (
b101111101101 *
b11111111111111111111111111101100 )
#3054
1"
07
0#
06
13
0-
1.
b101110 %
b101110 ,
b101110 (
b101111101110 *
b11111111111111111111111111101101 )
#3055
0"
17
1#
16
1-
b101111 %
b101111 ,
b101111 (
b101111101111 *
b11111111111111111111111111101110 )
#3056
1!
18
0"
17
1B
0#
06
1D
03
04
05
1F
0-
0.
0/
00
01
1K
b110000 %
b110000 ,
b110000 (
b101111110000 *
b11111111111111111111111111101111 )
#3057
1-
b110001 %
b110001 ,
b110001 (
b101111110001 *
b11111111111111111111111111110000 )
#3058
0-
1.
b110010 %
b110010 ,
b110010 (
b101111110010 *
b11111111111111111111111111110001 )
#3059
1-
b110011 %
b110011 ,
b110011 (
b101111110011 *
b11111111111111111111111111110010 )
#3060
0-
0.
1/
b110100 %
b110100 ,
b110100 (
b101111110100 *
b11111111111111111111111111110011 )
#3061
1-
b110101 %
b110101 ,
b110101 (
b101111110101 *
b11111111111111111111111111110100 )
#3062
0-
1.
b110110 %
b110110 ,
b110110 (
b101111110110 *
b11111111111111111111111111110101 )
#3063
1-
b110111 %
b110111 ,
b110111 (
b101111110111 *
b11111111111111111111111111110110 )
#3064
0-
0.
0/
10
b111000 %
b111000 ,
b111000 (
b101111111000 *
b11111111111111111111111111110111 )
#3065
1-
b111001 %
b111001 ,
b111001 (
b101111111001 *
b11111111111111111111111111111000 )
#3066
0-
1.
b111010 %
b111010 ,
b111010 (
b101111111010 *
b11111111111111111111111111111001 )
#3067
1-
b111011 %
b111011 ,
b111011 (
b101111111011 *
b11111111111111111111111111111010 )
#3068
0-
0.
1/
b111100 %
b111100 ,
b111100 (
b101111111100 *
b11111111111111111111111111111011 )
#3069
1-
b111101 %
b111101 ,
b111101 (
b101111111101 *
b11111111111111111111111111111100 )
#3070
0-
1.
b111110 %
b111110 ,
b111110 (
b101111111110 *
b11111111111111111111111111111101 )
#3071
1-
b111111 %
b111111 ,
b111111 (
b101111111111 *
b11111111111111111111111111111110 )
#3072
0D
0B
1@
0F
02
0A
1?
0K
1:
1;
1<
1=
0>
b0 %
b0 ,
b110000 $
b110000 +
b110000 &
b0 (
b110000000000 *
b11111111111111111111111111111111 )
#3073
0-
b1 %
b1 ,
b1 (
b110000000001 *
b0 )
b11111111111111111111111111110000 '
#3074
1-
0.
b10 %
b10 ,
b10 (
b110000000010 *
b1 )
#3075
0-
b11 %
b11 ,
b11 (
b110000000011 *
b10 )
#3076
1-
1.
0/
b100 %
b100 ,
b100 (
b110000000100 *
b11 )
#3077
0-
b101 %
b101 ,
b101 (
b110000000101 *
b100 )
#3078
1-
0.
b110 %
b110 ,
b110 (
b110000000110 *
b101 )
#3079
0-
b111 %
b111 ,
b111 (
b110000000111 *
b110 )
#3080
1-
1.
1/
00
b1000 %
b1000 ,
b1000 (
b110000001000 *
b111 )
#3081
0-
b1001 %
b1001 ,
b1001 (
b110000001001 *
b1000 )
#3082
1-
0.
b1010 %
b1010 ,
b1010 (
b110000001010 *
b1001 )
#3083
0-
b1011 %
b1011 ,
b1011 (
b110000001011 *
b1010 )
#3084
1-
1.
0/
b1100 %
b1100 ,
b1100 (
b110000001100 *
b1011 )
#3085
0-
b1101 %
b1101 ,
b1101 (
b110000001101 *
b1100 )
#3086
1-
0.
b1110 %
b1110 ,
b1110 (
b110000001110 *
b1101 )
#3087
0-
b1111 %
b1111 ,
b1111 (
b110000001111 *
b1110 )
#3088
13
14
15
1-
1.
1/
10
11
b10000 %
b10000 ,
b10000 (
b110000010000 *
b1111 )
#3089
1D
1E
0-
1G
b10001 %
b10001 ,
b10001 (
b110000010001 *
b10000 )
#3090
03
1-
0.
0G
1H
b10010 %
b10010 ,
b10010 (
b110000010010 *
b10001 )
#3091
0-
b10011 %
b10011 ,
b10011 (
b110000010011 *
b10010 )
#3092
1F
04
0E
1-
1.
0/
0H
1I
b10100 %
b10100 ,
b10100 (
b110000010100 *
b10011 )
#3093
0-
b10101 %
b10101 ,
b10101 (
b110000010101 *
b10100 )
#3094
1-
0.
b10110 %
b10110 ,
b10110 (
b110000010110 *
b10101 )
#3095
0-
b10111 %
b10111 ,
b10111 (
b110000010111 *
b10110 )
#3096
05
1-
1.
1/
00
0I
1J
b11000 %
b11000 ,
b11000 (
b110000011000 *
b10111 )
#3097
0-
b11001 %
b11001 ,
b11001 (
b110000011001 *
b11000 )
#3098
1-
0.
b11010 %
b11010 ,
b11010 (
b110000011010 *
b11001 )
#3099
0-
b11011 %
b11011 ,
b11011 (
b110000011011 *
b11010 )
#3100
1-
1.
0/
b11100 %
b11100 ,
b11100 (
b110000011100 *
b11011 )
#3101
0-
b11101 %
b11101 ,
b11101 (
b110000011101 *
b11100 )
#3102
1-
0.
b11110 %
b11110 ,
b11110 (
b110000011110 *
b11101 )
#3103
0-
b11111 %
b11111 ,
b11111 (
b110000011111 *
b11110 )
#3104
1"
07
0D
0!
08
0F
0B
0@
1-
1.
1/
10
01
12
1A
0?
0J
b100000 %
b100000 ,
b100000 (
b110000100000 *
b11111 )
#3105
0-
b100001 %
b100001 ,
b100001 (
b110000100001 *
b11111111111111111111111111100000 )
#3106
1-
0.
b100010 %
b100010 ,
b100010 (
b110000100010 *
b11111111111111111111111111100001 )
#3107
0-
b100011 %
b100011 ,
b100011 (
b110000100011 *
b11111111111111111111111111100010 )
#3108
1-
1.
0/
b100100 %
b100100 ,
b100100 (
b110000100100 *
b11111111111111111111111111100011 )
#3109
0-
b100101 %
b100101 ,
b100101 (
b110000100101 *
b11111111111111111111111111100100 )
#3110
1-
0.
b100110 %
b100110 ,
b100110 (
b110000100110 *
b11111111111111111111111111100101 )
#3111
0-
b100111 %
b100111 ,
b100111 (
b110000100111 *
b11111111111111111111111111100110 )
#3112
1-
1.
1/
00
b101000 %
b101000 ,
b101000 (
b110000101000 *
b11111111111111111111111111100111 )
#3113
0-
b101001 %
b101001 ,
b101001 (
b110000101001 *
b11111111111111111111111111101000 )
#3114
1-
0.
b101010 %
b101010 ,
b101010 (
b110000101010 *
b11111111111111111111111111101001 )
#3115
0-
b101011 %
b101011 ,
b101011 (
b110000101011 *
b11111111111111111111111111101010 )
#3116
1-
1.
0/
b101100 %
b101100 ,
b101100 (
b110000101100 *
b11111111111111111111111111101011 )
#3117
0-
b101101 %
b101101 ,
b101101 (
b110000101101 *
b11111111111111111111111111101100 )
#3118
1-
0.
b101110 %
b101110 ,
b101110 (
b110000101110 *
b11111111111111111111111111101101 )
#3119
0-
b101111 %
b101111 ,
b101111 (
b110000101111 *
b11111111111111111111111111101110 )
#3120
0"
17
1#
16
13
14
15
1-
1.
1/
10
11
b110000 %
b110000 ,
b110000 (
b110000110000 *
b11111111111111111111111111101111 )
#3121
0#
06
1!
18
1B
1D
1E
0-
1G
b110001 %
b110001 ,
b110001 (
b110000110001 *
b11111111111111111111111111110000 )
#3122
03
1-
0.
0G
1H
b110010 %
b110010 ,
b110010 (
b110000110010 *
b11111111111111111111111111110001 )
#3123
0-
b110011 %
b110011 ,
b110011 (
b110000110011 *
b11111111111111111111111111110010 )
#3124
1F
04
0E
1-
1.
0/
0H
1I
b110100 %
b110100 ,
b110100 (
b110000110100 *
b11111111111111111111111111110011 )
#3125
0-
b110101 %
b110101 ,
b110101 (
b110000110101 *
b11111111111111111111111111110100 )
#3126
1-
0.
b110110 %
b110110 ,
b110110 (
b110000110110 *
b11111111111111111111111111110101 )
#3127
0-
b110111 %
b110111 ,
b110111 (
b110000110111 *
b11111111111111111111111111110110 )
#3128
05
1-
1.
1/
00
0I
1J
b111000 %
b111000 ,
b111000 (
b110000111000 *
b11111111111111111111111111110111 )
#3129
0-
b111001 %
b111001 ,
b111001 (
b110000111001 *
b11111111111111111111111111111000 )
#3130
1-
0.
b111010 %
b111010 ,
b111010 (
b110000111010 *
b11111111111111111111111111111001 )
#3131
0-
b111011 %
b111011 ,
b111011 (
b110000111011 *
b11111111111111111111111111111010 )
#3132
1-
1.
0/
b111100 %
b111100 ,
b111100 (
b110000111100 *
b11111111111111111111111111111011 )
#3133
0-
b111101 %
b111101 ,
b111101 (
b110000111101 *
b11111111111111111111111111111100 )
#3134
1-
0.
b111110 %
b111110 ,
b111110 (
b110000111110 *
b11111111111111111111111111111101 )
#3135
0-
b111111 %
b111111 ,
b111111 (
b110000111111 *
b11111111111111111111111111111110 )
#3136
0D
0F
0B
1@
1.
1/
10
01
02
0A
1?
0J
0:
b0 %
b0 ,
b110001 $
b110001 +
b110001 &
b0 (
b110001000000 *
b11111111111111111111111111111111 )
#3137
1-
b1 %
b1 ,
b1 (
b110001000001 *
b0 )
b11111111111111111111111111110001 '
#3138
0-
0.
b10 %
b10 ,
b10 (
b110001000010 *
b1 )
#3139
1-
b11 %
b11 ,
b11 (
b110001000011 *
b10 )
#3140
0-
1.
0/
b100 %
b100 ,
b100 (
b110001000100 *
b11 )
#3141
1-
b101 %
b101 ,
b101 (
b110001000101 *
b100 )
#3142
0-
0.
b110 %
b110 ,
b110 (
b110001000110 *
b101 )
#3143
1-
b111 %
b111 ,
b111 (
b110001000111 *
b110 )
#3144
0-
1.
1/
00
b1000 %
b1000 ,
b1000 (
b110001001000 *
b111 )
#3145
1-
b1001 %
b1001 ,
b1001 (
b110001001001 *
b1000 )
#3146
0-
0.
b1010 %
b1010 ,
b1010 (
b110001001010 *
b1001 )
#3147
1-
b1011 %
b1011 ,
b1011 (
b110001001011 *
b1010 )
#3148
0-
1.
0/
b1100 %
b1100 ,
b1100 (
b110001001100 *
b1011 )
#3149
1-
b1101 %
b1101 ,
b1101 (
b110001001101 *
b1100 )
#3150
0-
0.
b1110 %
b1110 ,
b1110 (
b110001001110 *
b1101 )
#3151
1-
b1111 %
b1111 ,
b1111 (
b110001001111 *
b1110 )
#3152
13
14
15
0-
1.
1/
10
11
b10000 %
b10000 ,
b10000 (
b110001010000 *
b1111 )
#3153
1-
b10001 %
b10001 ,
b10001 (
b110001010001 *
b10000 )
#3154
1D
03
1E
0-
0.
1H
b10010 %
b10010 ,
b10010 (
b110001010010 *
b10001 )
#3155
1-
b10011 %
b10011 ,
b10011 (
b110001010011 *
b10010 )
#3156
1F
04
0E
0-
1.
0/
0H
1I
b10100 %
b10100 ,
b10100 (
b110001010100 *
b10011 )
#3157
1-
b10101 %
b10101 ,
b10101 (
b110001010101 *
b10100 )
#3158
0-
0.
b10110 %
b10110 ,
b10110 (
b110001010110 *
b10101 )
#3159
1-
b10111 %
b10111 ,
b10111 (
b110001010111 *
b10110 )
#3160
05
0-
1.
1/
00
0I
1J
b11000 %
b11000 ,
b11000 (
b110001011000 *
b10111 )
#3161
1-
b11001 %
b11001 ,
b11001 (
b110001011001 *
b11000 )
#3162
0-
0.
b11010 %
b11010 ,
b11010 (
b110001011010 *
b11001 )
#3163
1-
b11011 %
b11011 ,
b11011 (
b110001011011 *
b11010 )
#3164
0-
1.
0/
b11100 %
b11100 ,
b11100 (
b110001011100 *
b11011 )
#3165
1-
b11101 %
b11101 ,
b11101 (
b110001011101 *
b11100 )
#3166
0-
0.
b11110 %
b11110 ,
b11110 (
b110001011110 *
b11101 )
#3167
1-
b11111 %
b11111 ,
b11111 (
b110001011111 *
b11110 )
#3168
1"
07
0D
0!
08
0F
0B
0@
0-
1.
1/
10
01
12
1A
0?
0J
b100000 %
b100000 ,
b100000 (
b110001100000 *
b11111 )
#3169
1-
b100001 %
b100001 ,
b100001 (
b110001100001 *
b11111111111111111111111111100000 )
#3170
0-
0.
b100010 %
b100010 ,
b100010 (
b110001100010 *
b11111111111111111111111111100001 )
#3171
1-
b100011 %
b100011 ,
b100011 (
b110001100011 *
b11111111111111111111111111100010 )
#3172
0-
1.
0/
b100100 %
b100100 ,
b100100 (
b110001100100 *
b11111111111111111111111111100011 )
#3173
1-
b100101 %
b100101 ,
b100101 (
b110001100101 *
b11111111111111111111111111100100 )
#3174
0-
0.
b100110 %
b100110 ,
b100110 (
b110001100110 *
b11111111111111111111111111100101 )
#3175
1-
b100111 %
b100111 ,
b100111 (
b110001100111 *
b11111111111111111111111111100110 )
#3176
0-
1.
1/
00
b101000 %
b101000 ,
b101000 (
b110001101000 *
b11111111111111111111111111100111 )
#3177
1-
b101001 %
b101001 ,
b101001 (
b110001101001 *
b11111111111111111111111111101000 )
#3178
0-
0.
b101010 %
b101010 ,
b101010 (
b110001101010 *
b11111111111111111111111111101001 )
#3179
1-
b101011 %
b101011 ,
b101011 (
b110001101011 *
b11111111111111111111111111101010 )
#3180
0-
1.
0/
b101100 %
b101100 ,
b101100 (
b110001101100 *
b11111111111111111111111111101011 )
#3181
1-
b101101 %
b101101 ,
b101101 (
b110001101101 *
b11111111111111111111111111101100 )
#3182
0-
0.
b101110 %
b101110 ,
b101110 (
b110001101110 *
b11111111111111111111111111101101 )
#3183
1-
b101111 %
b101111 ,
b101111 (
b110001101111 *
b11111111111111111111111111101110 )
#3184
13
14
15
0-
1.
1/
10
11
b110000 %
b110000 ,
b110000 (
b110001110000 *
b11111111111111111111111111101111 )
#3185
0"
17
1#
16
1-
b110001 %
b110001 ,
b110001 (
b110001110001 *
b11111111111111111111111111110000 )
#3186
1!
18
0#
06
1B
1D
03
1E
0-
0.
1H
b110010 %
b110010 ,
b110010 (
b110001110010 *
b11111111111111111111111111110001 )
#3187
1-
b110011 %
b110011 ,
b110011 (
b110001110011 *
b11111111111111111111111111110010 )
#3188
1F
04
0E
0-
1.
0/
0H
1I
b110100 %
b110100 ,
b110100 (
b110001110100 *
b11111111111111111111111111110011 )
#3189
1-
b110101 %
b110101 ,
b110101 (
b110001110101 *
b11111111111111111111111111110100 )
#3190
0-
0.
b110110 %
b110110 ,
b110110 (
b110001110110 *
b11111111111111111111111111110101 )
#3191
1-
b110111 %
b110111 ,
b110111 (
b110001110111 *
b11111111111111111111111111110110 )
#3192
05
0-
1.
1/
00
0I
1J
b111000 %
b111000 ,
b111000 (
b110001111000 *
b11111111111111111111111111110111 )
#3193
1-
b111001 %
b111001 ,
b111001 (
b110001111001 *
b11111111111111111111111111111000 )
#3194
0-
0.
b111010 %
b111010 ,
b111010 (
b110001111010 *
b11111111111111111111111111111001 )
#3195
1-
b111011 %
b111011 ,
b111011 (
b110001111011 *
b11111111111111111111111111111010 )
#3196
0-
1.
0/
b111100 %
b111100 ,
b111100 (
b110001111100 *
b11111111111111111111111111111011 )
#3197
1-
b111101 %
b111101 ,
b111101 (
b110001111101 *
b11111111111111111111111111111100 )
#3198
0-
0.
b111110 %
b111110 ,
b111110 (
b110001111110 *
b11111111111111111111111111111101 )
#3199
1-
b111111 %
b111111 ,
b111111 (
b110001111111 *
b11111111111111111111111111111110 )
#3200
0D
0F
0B
1@
1/
10
01
02
0A
1?
0J
1:
0;
b0 %
b0 ,
b110010 $
b110010 +
b110010 &
b0 (
b110010000000 *
b11111111111111111111111111111111 )
#3201
0-
b1 %
b1 ,
b1 (
b110010000001 *
b0 )
b11111111111111111111111111110010 '
#3202
1-
1.
b10 %
b10 ,
b10 (
b110010000010 *
b1 )
#3203
0-
b11 %
b11 ,
b11 (
b110010000011 *
b10 )
#3204
1-
0.
0/
b100 %
b100 ,
b100 (
b110010000100 *
b11 )
#3205
0-
b101 %
b101 ,
b101 (
b110010000101 *
b100 )
#3206
1-
1.
b110 %
b110 ,
b110 (
b110010000110 *
b101 )
#3207
0-
b111 %
b111 ,
b111 (
b110010000111 *
b110 )
#3208
1-
0.
1/
00
b1000 %
b1000 ,
b1000 (
b110010001000 *
b111 )
#3209
0-
b1001 %
b1001 ,
b1001 (
b110010001001 *
b1000 )
#3210
1-
1.
b1010 %
b1010 ,
b1010 (
b110010001010 *
b1001 )
#3211
0-
b1011 %
b1011 ,
b1011 (
b110010001011 *
b1010 )
#3212
1-
0.
0/
b1100 %
b1100 ,
b1100 (
b110010001100 *
b1011 )
#3213
0-
b1101 %
b1101 ,
b1101 (
b110010001101 *
b1100 )
#3214
1-
1.
b1110 %
b1110 ,
b1110 (
b110010001110 *
b1101 )
#3215
0-
b1111 %
b1111 ,
b1111 (
b110010001111 *
b1110 )
#3216
14
15
1-
0.
1/
10
11
b10000 %
b10000 ,
b10000 (
b110010010000 *
b1111 )
#3217
0-
b10001 %
b10001 ,
b10001 (
b110010010001 *
b10000 )
#3218
13
1-
1.
b10010 %
b10010 ,
b10010 (
b110010010010 *
b10001 )
#3219
1D
1E
0-
1G
b10011 %
b10011 ,
b10011 (
b110010010011 *
b10010 )
#3220
1F
03
04
0E
1-
0.
0/
0G
1I
b10100 %
b10100 ,
b10100 (
b110010010100 *
b10011 )
#3221
0-
b10101 %
b10101 ,
b10101 (
b110010010101 *
b10100 )
#3222
1-
1.
b10110 %
b10110 ,
b10110 (
b110010010110 *
b10101 )
#3223
0-
b10111 %
b10111 ,
b10111 (
b110010010111 *
b10110 )
#3224
05
1-
0.
1/
00
0I
1J
b11000 %
b11000 ,
b11000 (
b110010011000 *
b10111 )
#3225
0-
b11001 %
b11001 ,
b11001 (
b110010011001 *
b11000 )
#3226
1-
1.
b11010 %
b11010 ,
b11010 (
b110010011010 *
b11001 )
#3227
0-
b11011 %
b11011 ,
b11011 (
b110010011011 *
b11010 )
#3228
1-
0.
0/
b11100 %
b11100 ,
b11100 (
b110010011100 *
b11011 )
#3229
0-
b11101 %
b11101 ,
b11101 (
b110010011101 *
b11100 )
#3230
1-
1.
b11110 %
b11110 ,
b11110 (
b110010011110 *
b11101 )
#3231
0-
b11111 %
b11111 ,
b11111 (
b110010011111 *
b11110 )
#3232
1"
07
0D
0!
08
0F
0B
0@
1-
0.
1/
10
01
12
1A
0?
0J
b100000 %
b100000 ,
b100000 (
b110010100000 *
b11111 )
#3233
0-
b100001 %
b100001 ,
b100001 (
b110010100001 *
b11111111111111111111111111100000 )
#3234
1-
1.
b100010 %
b100010 ,
b100010 (
b110010100010 *
b11111111111111111111111111100001 )
#3235
0-
b100011 %
b100011 ,
b100011 (
b110010100011 *
b11111111111111111111111111100010 )
#3236
1-
0.
0/
b100100 %
b100100 ,
b100100 (
b110010100100 *
b11111111111111111111111111100011 )
#3237
0-
b100101 %
b100101 ,
b100101 (
b110010100101 *
b11111111111111111111111111100100 )
#3238
1-
1.
b100110 %
b100110 ,
b100110 (
b110010100110 *
b11111111111111111111111111100101 )
#3239
0-
b100111 %
b100111 ,
b100111 (
b110010100111 *
b11111111111111111111111111100110 )
#3240
1-
0.
1/
00
b101000 %
b101000 ,
b101000 (
b110010101000 *
b11111111111111111111111111100111 )
#3241
0-
b101001 %
b101001 ,
b101001 (
b110010101001 *
b11111111111111111111111111101000 )
#3242
1-
1.
b101010 %
b101010 ,
b101010 (
b110010101010 *
b11111111111111111111111111101001 )
#3243
0-
b101011 %
b101011 ,
b101011 (
b110010101011 *
b11111111111111111111111111101010 )
#3244
1-
0.
0/
b101100 %
b101100 ,
b101100 (
b110010101100 *
b11111111111111111111111111101011 )
#3245
0-
b101101 %
b101101 ,
b101101 (
b110010101101 *
b11111111111111111111111111101100 )
#3246
1-
1.
b101110 %
b101110 ,
b101110 (
b110010101110 *
b11111111111111111111111111101101 )
#3247
0-
b101111 %
b101111 ,
b101111 (
b110010101111 *
b11111111111111111111111111101110 )
#3248
14
15
1-
0.
1/
10
11
b110000 %
b110000 ,
b110000 (
b110010110000 *
b11111111111111111111111111101111 )
#3249
0-
b110001 %
b110001 ,
b110001 (
b110010110001 *
b11111111111111111111111111110000 )
#3250
0"
17
1#
16
13
1-
1.
b110010 %
b110010 ,
b110010 (
b110010110010 *
b11111111111111111111111111110001 )
#3251
0#
06
1!
18
1B
1D
1E
0-
1G
b110011 %
b110011 ,
b110011 (
b110010110011 *
b11111111111111111111111111110010 )
#3252
1F
03
04
0E
1-
0.
0/
0G
1I
b110100 %
b110100 ,
b110100 (
b110010110100 *
b11111111111111111111111111110011 )
#3253
0-
b110101 %
b110101 ,
b110101 (
b110010110101 *
b11111111111111111111111111110100 )
#3254
1-
1.
b110110 %
b110110 ,
b110110 (
b110010110110 *
b11111111111111111111111111110101 )
#3255
0-
b110111 %
b110111 ,
b110111 (
b110010110111 *
b11111111111111111111111111110110 )
#3256
05
1-
0.
1/
00
0I
1J
b111000 %
b111000 ,
b111000 (
b110010111000 *
b11111111111111111111111111110111 )
#3257
0-
b111001 %
b111001 ,
b111001 (
b110010111001 *
b11111111111111111111111111111000 )
#3258
1-
1.
b111010 %
b111010 ,
b111010 (
b110010111010 *
b11111111111111111111111111111001 )
#3259
0-
b111011 %
b111011 ,
b111011 (
b110010111011 *
b11111111111111111111111111111010 )
#3260
1-
0.
0/
b111100 %
b111100 ,
b111100 (
b110010111100 *
b11111111111111111111111111111011 )
#3261
0-
b111101 %
b111101 ,
b111101 (
b110010111101 *
b11111111111111111111111111111100 )
#3262
1-
1.
b111110 %
b111110 ,
b111110 (
b110010111110 *
b11111111111111111111111111111101 )
#3263
0-
b111111 %
b111111 ,
b111111 (
b110010111111 *
b11111111111111111111111111111110 )
#3264
0D
0F
0B
1@
0.
1/
10
01
02
0A
1?
0J
0:
b0 %
b0 ,
b110011 $
b110011 +
b110011 &
b0 (
b110011000000 *
b11111111111111111111111111111111 )
#3265
1-
b1 %
b1 ,
b1 (
b110011000001 *
b0 )
b11111111111111111111111111110011 '
#3266
0-
1.
b10 %
b10 ,
b10 (
b110011000010 *
b1 )
#3267
1-
b11 %
b11 ,
b11 (
b110011000011 *
b10 )
#3268
0-
0.
0/
b100 %
b100 ,
b100 (
b110011000100 *
b11 )
#3269
1-
b101 %
b101 ,
b101 (
b110011000101 *
b100 )
#3270
0-
1.
b110 %
b110 ,
b110 (
b110011000110 *
b101 )
#3271
1-
b111 %
b111 ,
b111 (
b110011000111 *
b110 )
#3272
0-
0.
1/
00
b1000 %
b1000 ,
b1000 (
b110011001000 *
b111 )
#3273
1-
b1001 %
b1001 ,
b1001 (
b110011001001 *
b1000 )
#3274
0-
1.
b1010 %
b1010 ,
b1010 (
b110011001010 *
b1001 )
#3275
1-
b1011 %
b1011 ,
b1011 (
b110011001011 *
b1010 )
#3276
0-
0.
0/
b1100 %
b1100 ,
b1100 (
b110011001100 *
b1011 )
#3277
1-
b1101 %
b1101 ,
b1101 (
b110011001101 *
b1100 )
#3278
0-
1.
b1110 %
b1110 ,
b1110 (
b110011001110 *
b1101 )
#3279
1-
b1111 %
b1111 ,
b1111 (
b110011001111 *
b1110 )
#3280
14
15
0-
0.
1/
10
11
b10000 %
b10000 ,
b10000 (
b110011010000 *
b1111 )
#3281
1-
b10001 %
b10001 ,
b10001 (
b110011010001 *
b10000 )
#3282
13
0-
1.
b10010 %
b10010 ,
b10010 (
b110011010010 *
b10001 )
#3283
1-
b10011 %
b10011 ,
b10011 (
b110011010011 *
b10010 )
#3284
1D
1F
03
04
0-
0.
0/
1I
b10100 %
b10100 ,
b10100 (
b110011010100 *
b10011 )
#3285
1-
b10101 %
b10101 ,
b10101 (
b110011010101 *
b10100 )
#3286
0-
1.
b10110 %
b10110 ,
b10110 (
b110011010110 *
b10101 )
#3287
1-
b10111 %
b10111 ,
b10111 (
b110011010111 *
b10110 )
#3288
05
0-
0.
1/
00
0I
1J
b11000 %
b11000 ,
b11000 (
b110011011000 *
b10111 )
#3289
1-
b11001 %
b11001 ,
b11001 (
b110011011001 *
b11000 )
#3290
0-
1.
b11010 %
b11010 ,
b11010 (
b110011011010 *
b11001 )
#3291
1-
b11011 %
b11011 ,
b11011 (
b110011011011 *
b11010 )
#3292
0-
0.
0/
b11100 %
b11100 ,
b11100 (
b110011011100 *
b11011 )
#3293
1-
b11101 %
b11101 ,
b11101 (
b110011011101 *
b11100 )
#3294
0-
1.
b11110 %
b11110 ,
b11110 (
b110011011110 *
b11101 )
#3295
1-
b11111 %
b11111 ,
b11111 (
b110011011111 *
b11110 )
#3296
1"
07
0D
0!
08
0F
0B
0@
0-
0.
1/
10
01
12
1A
0?
0J
b100000 %
b100000 ,
b100000 (
b110011100000 *
b11111 )
#3297
1-
b100001 %
b100001 ,
b100001 (
b110011100001 *
b11111111111111111111111111100000 )
#3298
0-
1.
b100010 %
b100010 ,
b100010 (
b110011100010 *
b11111111111111111111111111100001 )
#3299
1-
b100011 %
b100011 ,
b100011 (
b110011100011 *
b11111111111111111111111111100010 )
#3300
0-
0.
0/
b100100 %
b100100 ,
b100100 (
b110011100100 *
b11111111111111111111111111100011 )
#3301
1-
b100101 %
b100101 ,
b100101 (
b110011100101 *
b11111111111111111111111111100100 )
#3302
0-
1.
b100110 %
b100110 ,
b100110 (
b110011100110 *
b11111111111111111111111111100101 )
#3303
1-
b100111 %
b100111 ,
b100111 (
b110011100111 *
b11111111111111111111111111100110 )
#3304
0-
0.
1/
00
b101000 %
b101000 ,
b101000 (
b110011101000 *
b11111111111111111111111111100111 )
#3305
1-
b101001 %
b101001 ,
b101001 (
b110011101001 *
b11111111111111111111111111101000 )
#3306
0-
1.
b101010 %
b101010 ,
b101010 (
b110011101010 *
b11111111111111111111111111101001 )
#3307
1-
b101011 %
b101011 ,
b101011 (
b110011101011 *
b11111111111111111111111111101010 )
#3308
0-
0.
0/
b101100 %
b101100 ,
b101100 (
b110011101100 *
b11111111111111111111111111101011 )
#3309
1-
b101101 %
b101101 ,
b101101 (
b110011101101 *
b11111111111111111111111111101100 )
#3310
0-
1.
b101110 %
b101110 ,
b101110 (
b110011101110 *
b11111111111111111111111111101101 )
#3311
1-
b101111 %
b101111 ,
b101111 (
b110011101111 *
b11111111111111111111111111101110 )
#3312
14
15
0-
0.
1/
10
11
b110000 %
b110000 ,
b110000 (
b110011110000 *
b11111111111111111111111111101111 )
#3313
1-
b110001 %
b110001 ,
b110001 (
b110011110001 *
b11111111111111111111111111110000 )
#3314
1"
07
0#
06
13
0-
1.
b110010 %
b110010 ,
b110010 (
b110011110010 *
b11111111111111111111111111110001 )
#3315
0"
17
1#
16
1-
b110011 %
b110011 ,
b110011 (
b110011110011 *
b11111111111111111111111111110010 )
#3316
0"
1!
18
17
0#
06
1B
1D
1F
03
04
0-
0.
0/
1I
b110100 %
b110100 ,
b110100 (
b110011110100 *
b11111111111111111111111111110011 )
#3317
1-
b110101 %
b110101 ,
b110101 (
b110011110101 *
b11111111111111111111111111110100 )
#3318
0-
1.
b110110 %
b110110 ,
b110110 (
b110011110110 *
b11111111111111111111111111110101 )
#3319
1-
b110111 %
b110111 ,
b110111 (
b110011110111 *
b11111111111111111111111111110110 )
#3320
05
0-
0.
1/
00
0I
1J
b111000 %
b111000 ,
b111000 (
b110011111000 *
b11111111111111111111111111110111 )
#3321
1-
b111001 %
b111001 ,
b111001 (
b110011111001 *
b11111111111111111111111111111000 )
#3322
0-
1.
b111010 %
b111010 ,
b111010 (
b110011111010 *
b11111111111111111111111111111001 )
#3323
1-
b111011 %
b111011 ,
b111011 (
b110011111011 *
b11111111111111111111111111111010 )
#3324
0-
0.
0/
b111100 %
b111100 ,
b111100 (
b110011111100 *
b11111111111111111111111111111011 )
#3325
1-
b111101 %
b111101 ,
b111101 (
b110011111101 *
b11111111111111111111111111111100 )
#3326
0-
1.
b111110 %
b111110 ,
b111110 (
b110011111110 *
b11111111111111111111111111111101 )
#3327
1-
b111111 %
b111111 ,
b111111 (
b110011111111 *
b11111111111111111111111111111110 )
#3328
0D
0F
0B
1@
10
01
02
0A
1?
0J
1:
1;
0<
b0 %
b0 ,
b110100 $
b110100 +
b110100 &
b0 (
b110100000000 *
b11111111111111111111111111111111 )
#3329
0-
b1 %
b1 ,
b1 (
b110100000001 *
b0 )
b11111111111111111111111111110100 '
#3330
1-
0.
b10 %
b10 ,
b10 (
b110100000010 *
b1 )
#3331
0-
b11 %
b11 ,
b11 (
b110100000011 *
b10 )
#3332
1-
1.
1/
b100 %
b100 ,
b100 (
b110100000100 *
b11 )
#3333
0-
b101 %
b101 ,
b101 (
b110100000101 *
b100 )
#3334
1-
0.
b110 %
b110 ,
b110 (
b110100000110 *
b101 )
#3335
0-
b111 %
b111 ,
b111 (
b110100000111 *
b110 )
#3336
1-
1.
0/
00
b1000 %
b1000 ,
b1000 (
b110100001000 *
b111 )
#3337
0-
b1001 %
b1001 ,
b1001 (
b110100001001 *
b1000 )
#3338
1-
0.
b1010 %
b1010 ,
b1010 (
b110100001010 *
b1001 )
#3339
0-
b1011 %
b1011 ,
b1011 (
b110100001011 *
b1010 )
#3340
1-
1.
1/
b1100 %
b1100 ,
b1100 (
b110100001100 *
b1011 )
#3341
0-
b1101 %
b1101 ,
b1101 (
b110100001101 *
b1100 )
#3342
1-
0.
b1110 %
b1110 ,
b1110 (
b110100001110 *
b1101 )
#3343
0-
b1111 %
b1111 ,
b1111 (
b110100001111 *
b1110 )
#3344
15
1-
1.
0/
10
11
b10000 %
b10000 ,
b10000 (
b110100010000 *
b1111 )
#3345
0-
b10001 %
b10001 ,
b10001 (
b110100010001 *
b10000 )
#3346
1-
0.
b10010 %
b10010 ,
b10010 (
b110100010010 *
b10001 )
#3347
0-
b10011 %
b10011 ,
b10011 (
b110100010011 *
b10010 )
#3348
13
14
1-
1.
1/
b10100 %
b10100 ,
b10100 (
b110100010100 *
b10011 )
#3349
1D
1E
0-
1G
b10101 %
b10101 ,
b10101 (
b110100010101 *
b10100 )
#3350
03
1-
0.
0G
1H
b10110 %
b10110 ,
b10110 (
b110100010110 *
b10101 )
#3351
0-
b10111 %
b10111 ,
b10111 (
b110100010111 *
b10110 )
#3352
1F
04
05
0E
1-
1.
0/
00
0H
1J
b11000 %
b11000 ,
b11000 (
b110100011000 *
b10111 )
#3353
0-
b11001 %
b11001 ,
b11001 (
b110100011001 *
b11000 )
#3354
1-
0.
b11010 %
b11010 ,
b11010 (
b110100011010 *
b11001 )
#3355
0-
b11011 %
b11011 ,
b11011 (
b110100011011 *
b11010 )
#3356
1-
1.
1/
b11100 %
b11100 ,
b11100 (
b110100011100 *
b11011 )
#3357
0-
b11101 %
b11101 ,
b11101 (
b110100011101 *
b11100 )
#3358
1-
0.
b11110 %
b11110 ,
b11110 (
b110100011110 *
b11101 )
#3359
0-
b11111 %
b11111 ,
b11111 (
b110100011111 *
b11110 )
#3360
1"
07
0D
0!
08
0F
0B
0@
1-
1.
0/
10
01
12
1A
0?
0J
b100000 %
b100000 ,
b100000 (
b110100100000 *
b11111 )
#3361
0-
b100001 %
b100001 ,
b100001 (
b110100100001 *
b11111111111111111111111111100000 )
#3362
1-
0.
b100010 %
b100010 ,
b100010 (
b110100100010 *
b11111111111111111111111111100001 )
#3363
0-
b100011 %
b100011 ,
b100011 (
b110100100011 *
b11111111111111111111111111100010 )
#3364
1-
1.
1/
b100100 %
b100100 ,
b100100 (
b110100100100 *
b11111111111111111111111111100011 )
#3365
0-
b100101 %
b100101 ,
b100101 (
b110100100101 *
b11111111111111111111111111100100 )
#3366
1-
0.
b100110 %
b100110 ,
b100110 (
b110100100110 *
b11111111111111111111111111100101 )
#3367
0-
b100111 %
b100111 ,
b100111 (
b110100100111 *
b11111111111111111111111111100110 )
#3368
1-
1.
0/
00
b101000 %
b101000 ,
b101000 (
b110100101000 *
b11111111111111111111111111100111 )
#3369
0-
b101001 %
b101001 ,
b101001 (
b110100101001 *
b11111111111111111111111111101000 )
#3370
1-
0.
b101010 %
b101010 ,
b101010 (
b110100101010 *
b11111111111111111111111111101001 )
#3371
0-
b101011 %
b101011 ,
b101011 (
b110100101011 *
b11111111111111111111111111101010 )
#3372
1-
1.
1/
b101100 %
b101100 ,
b101100 (
b110100101100 *
b11111111111111111111111111101011 )
#3373
0-
b101101 %
b101101 ,
b101101 (
b110100101101 *
b11111111111111111111111111101100 )
#3374
1-
0.
b101110 %
b101110 ,
b101110 (
b110100101110 *
b11111111111111111111111111101101 )
#3375
0-
b101111 %
b101111 ,
b101111 (
b110100101111 *
b11111111111111111111111111101110 )
#3376
15
1-
1.
0/
10
11
b110000 %
b110000 ,
b110000 (
b110100110000 *
b11111111111111111111111111101111 )
#3377
0-
b110001 %
b110001 ,
b110001 (
b110100110001 *
b11111111111111111111111111110000 )
#3378
1-
0.
b110010 %
b110010 ,
b110010 (
b110100110010 *
b11111111111111111111111111110001 )
#3379
0-
b110011 %
b110011 ,
b110011 (
b110100110011 *
b11111111111111111111111111110010 )
#3380
0"
17
1#
16
13
14
1-
1.
1/
b110100 %
b110100 ,
b110100 (
b110100110100 *
b11111111111111111111111111110011 )
#3381
0#
06
1!
18
1B
1D
1E
0-
1G
b110101 %
b110101 ,
b110101 (
b110100110101 *
b11111111111111111111111111110100 )
#3382
03
1-
0.
0G
1H
b110110 %
b110110 ,
b110110 (
b110100110110 *
b11111111111111111111111111110101 )
#3383
0-
b110111 %
b110111 ,
b110111 (
b110100110111 *
b11111111111111111111111111110110 )
#3384
1F
04
05
0E
1-
1.
0/
00
0H
1J
b111000 %
b111000 ,
b111000 (
b110100111000 *
b11111111111111111111111111110111 )
#3385
0-
b111001 %
b111001 ,
b111001 (
b110100111001 *
b11111111111111111111111111111000 )
#3386
1-
0.
b111010 %
b111010 ,
b111010 (
b110100111010 *
b11111111111111111111111111111001 )
#3387
0-
b111011 %
b111011 ,
b111011 (
b110100111011 *
b11111111111111111111111111111010 )
#3388
1-
1.
1/
b111100 %
b111100 ,
b111100 (
b110100111100 *
b11111111111111111111111111111011 )
#3389
0-
b111101 %
b111101 ,
b111101 (
b110100111101 *
b11111111111111111111111111111100 )
#3390
1-
0.
b111110 %
b111110 ,
b111110 (
b110100111110 *
b11111111111111111111111111111101 )
#3391
0-
b111111 %
b111111 ,
b111111 (
b110100111111 *
b11111111111111111111111111111110 )
#3392
0D
0F
0B
1@
1.
0/
10
01
02
0A
1?
0J
0:
b0 %
b0 ,
b110101 $
b110101 +
b110101 &
b0 (
b110101000000 *
b11111111111111111111111111111111 )
#3393
1-
b1 %
b1 ,
b1 (
b110101000001 *
b0 )
b11111111111111111111111111110101 '
#3394
0-
0.
b10 %
b10 ,
b10 (
b110101000010 *
b1 )
#3395
1-
b11 %
b11 ,
b11 (
b110101000011 *
b10 )
#3396
0-
1.
1/
b100 %
b100 ,
b100 (
b110101000100 *
b11 )
#3397
1-
b101 %
b101 ,
b101 (
b110101000101 *
b100 )
#3398
0-
0.
b110 %
b110 ,
b110 (
b110101000110 *
b101 )
#3399
1-
b111 %
b111 ,
b111 (
b110101000111 *
b110 )
#3400
0-
1.
0/
00
b1000 %
b1000 ,
b1000 (
b110101001000 *
b111 )
#3401
1-
b1001 %
b1001 ,
b1001 (
b110101001001 *
b1000 )
#3402
0-
0.
b1010 %
b1010 ,
b1010 (
b110101001010 *
b1001 )
#3403
1-
b1011 %
b1011 ,
b1011 (
b110101001011 *
b1010 )
#3404
0-
1.
1/
b1100 %
b1100 ,
b1100 (
b110101001100 *
b1011 )
#3405
1-
b1101 %
b1101 ,
b1101 (
b110101001101 *
b1100 )
#3406
0-
0.
b1110 %
b1110 ,
b1110 (
b110101001110 *
b1101 )
#3407
1-
b1111 %
b1111 ,
b1111 (
b110101001111 *
b1110 )
#3408
15
0-
1.
0/
10
11
b10000 %
b10000 ,
b10000 (
b110101010000 *
b1111 )
#3409
1-
b10001 %
b10001 ,
b10001 (
b110101010001 *
b10000 )
#3410
0-
0.
b10010 %
b10010 ,
b10010 (
b110101010010 *
b10001 )
#3411
1-
b10011 %
b10011 ,
b10011 (
b110101010011 *
b10010 )
#3412
13
14
0-
1.
1/
b10100 %
b10100 ,
b10100 (
b110101010100 *
b10011 )
#3413
1-
b10101 %
b10101 ,
b10101 (
b110101010101 *
b10100 )
#3414
1D
03
1E
0-
0.
1H
b10110 %
b10110 ,
b10110 (
b110101010110 *
b10101 )
#3415
1-
b10111 %
b10111 ,
b10111 (
b110101010111 *
b10110 )
#3416
1F
04
05
0E
0-
1.
0/
00
0H
1J
b11000 %
b11000 ,
b11000 (
b110101011000 *
b10111 )
#3417
1-
b11001 %
b11001 ,
b11001 (
b110101011001 *
b11000 )
#3418
0-
0.
b11010 %
b11010 ,
b11010 (
b110101011010 *
b11001 )
#3419
1-
b11011 %
b11011 ,
b11011 (
b110101011011 *
b11010 )
#3420
0-
1.
1/
b11100 %
b11100 ,
b11100 (
b110101011100 *
b11011 )
#3421
1-
b11101 %
b11101 ,
b11101 (
b110101011101 *
b11100 )
#3422
0-
0.
b11110 %
b11110 ,
b11110 (
b110101011110 *
b11101 )
#3423
1-
b11111 %
b11111 ,
b11111 (
b110101011111 *
b11110 )
#3424
1"
07
0D
0!
08
0F
0B
0@
0-
1.
0/
10
01
12
1A
0?
0J
b100000 %
b100000 ,
b100000 (
b110101100000 *
b11111 )
#3425
1-
b100001 %
b100001 ,
b100001 (
b110101100001 *
b11111111111111111111111111100000 )
#3426
0-
0.
b100010 %
b100010 ,
b100010 (
b110101100010 *
b11111111111111111111111111100001 )
#3427
1-
b100011 %
b100011 ,
b100011 (
b110101100011 *
b11111111111111111111111111100010 )
#3428
0-
1.
1/
b100100 %
b100100 ,
b100100 (
b110101100100 *
b11111111111111111111111111100011 )
#3429
1-
b100101 %
b100101 ,
b100101 (
b110101100101 *
b11111111111111111111111111100100 )
#3430
0-
0.
b100110 %
b100110 ,
b100110 (
b110101100110 *
b11111111111111111111111111100101 )
#3431
1-
b100111 %
b100111 ,
b100111 (
b110101100111 *
b11111111111111111111111111100110 )
#3432
0-
1.
0/
00
b101000 %
b101000 ,
b101000 (
b110101101000 *
b11111111111111111111111111100111 )
#3433
1-
b101001 %
b101001 ,
b101001 (
b110101101001 *
b11111111111111111111111111101000 )
#3434
0-
0.
b101010 %
b101010 ,
b101010 (
b110101101010 *
b11111111111111111111111111101001 )
#3435
1-
b101011 %
b101011 ,
b101011 (
b110101101011 *
b11111111111111111111111111101010 )
#3436
0-
1.
1/
b101100 %
b101100 ,
b101100 (
b110101101100 *
b11111111111111111111111111101011 )
#3437
1-
b101101 %
b101101 ,
b101101 (
b110101101101 *
b11111111111111111111111111101100 )
#3438
0-
0.
b101110 %
b101110 ,
b101110 (
b110101101110 *
b11111111111111111111111111101101 )
#3439
1-
b101111 %
b101111 ,
b101111 (
b110101101111 *
b11111111111111111111111111101110 )
#3440
15
0-
1.
0/
10
11
b110000 %
b110000 ,
b110000 (
b110101110000 *
b11111111111111111111111111101111 )
#3441
1-
b110001 %
b110001 ,
b110001 (
b110101110001 *
b11111111111111111111111111110000 )
#3442
0-
0.
b110010 %
b110010 ,
b110010 (
b110101110010 *
b11111111111111111111111111110001 )
#3443
1-
b110011 %
b110011 ,
b110011 (
b110101110011 *
b11111111111111111111111111110010 )
#3444
13
14
0-
1.
1/
b110100 %
b110100 ,
b110100 (
b110101110100 *
b11111111111111111111111111110011 )
#3445
0"
17
1#
16
1-
b110101 %
b110101 ,
b110101 (
b110101110101 *
b11111111111111111111111111110100 )
#3446
1!
18
0#
06
1B
1D
03
1E
0-
0.
1H
b110110 %
b110110 ,
b110110 (
b110101110110 *
b11111111111111111111111111110101 )
#3447
1-
b110111 %
b110111 ,
b110111 (
b110101110111 *
b11111111111111111111111111110110 )
#3448
1F
04
05
0E
0-
1.
0/
00
0H
1J
b111000 %
b111000 ,
b111000 (
b110101111000 *
b11111111111111111111111111110111 )
#3449
1-
b111001 %
b111001 ,
b111001 (
b110101111001 *
b11111111111111111111111111111000 )
#3450
0-
0.
b111010 %
b111010 ,
b111010 (
b110101111010 *
b11111111111111111111111111111001 )
#3451
1-
b111011 %
b111011 ,
b111011 (
b110101111011 *
b11111111111111111111111111111010 )
#3452
0-
1.
1/
b111100 %
b111100 ,
b111100 (
b110101111100 *
b11111111111111111111111111111011 )
#3453
1-
b111101 %
b111101 ,
b111101 (
b110101111101 *
b11111111111111111111111111111100 )
#3454
0-
0.
b111110 %
b111110 ,
b111110 (
b110101111110 *
b11111111111111111111111111111101 )
#3455
1-
b111111 %
b111111 ,
b111111 (
b110101111111 *
b11111111111111111111111111111110 )
#3456
0D
0F
0B
1@
0/
10
01
02
0A
1?
0J
1:
0;
b0 %
b0 ,
b110110 $
b110110 +
b110110 &
b0 (
b110110000000 *
b11111111111111111111111111111111 )
#3457
0-
b1 %
b1 ,
b1 (
b110110000001 *
b0 )
b11111111111111111111111111110110 '
#3458
1-
1.
b10 %
b10 ,
b10 (
b110110000010 *
b1 )
#3459
0-
b11 %
b11 ,
b11 (
b110110000011 *
b10 )
#3460
1-
0.
1/
b100 %
b100 ,
b100 (
b110110000100 *
b11 )
#3461
0-
b101 %
b101 ,
b101 (
b110110000101 *
b100 )
#3462
1-
1.
b110 %
b110 ,
b110 (
b110110000110 *
b101 )
#3463
0-
b111 %
b111 ,
b111 (
b110110000111 *
b110 )
#3464
1-
0.
0/
00
b1000 %
b1000 ,
b1000 (
b110110001000 *
b111 )
#3465
0-
b1001 %
b1001 ,
b1001 (
b110110001001 *
b1000 )
#3466
1-
1.
b1010 %
b1010 ,
b1010 (
b110110001010 *
b1001 )
#3467
0-
b1011 %
b1011 ,
b1011 (
b110110001011 *
b1010 )
#3468
1-
0.
1/
b1100 %
b1100 ,
b1100 (
b110110001100 *
b1011 )
#3469
0-
b1101 %
b1101 ,
b1101 (
b110110001101 *
b1100 )
#3470
1-
1.
b1110 %
b1110 ,
b1110 (
b110110001110 *
b1101 )
#3471
0-
b1111 %
b1111 ,
b1111 (
b110110001111 *
b1110 )
#3472
15
1-
0.
0/
10
11
b10000 %
b10000 ,
b10000 (
b110110010000 *
b1111 )
#3473
0-
b10001 %
b10001 ,
b10001 (
b110110010001 *
b10000 )
#3474
1-
1.
b10010 %
b10010 ,
b10010 (
b110110010010 *
b10001 )
#3475
0-
b10011 %
b10011 ,
b10011 (
b110110010011 *
b10010 )
#3476
14
1-
0.
1/
b10100 %
b10100 ,
b10100 (
b110110010100 *
b10011 )
#3477
0-
b10101 %
b10101 ,
b10101 (
b110110010101 *
b10100 )
#3478
13
1-
1.
b10110 %
b10110 ,
b10110 (
b110110010110 *
b10101 )
#3479
1D
1E
0-
1G
b10111 %
b10111 ,
b10111 (
b110110010111 *
b10110 )
#3480
1F
03
04
05
0E
1-
0.
0/
00
0G
1J
b11000 %
b11000 ,
b11000 (
b110110011000 *
b10111 )
#3481
0-
b11001 %
b11001 ,
b11001 (
b110110011001 *
b11000 )
#3482
1-
1.
b11010 %
b11010 ,
b11010 (
b110110011010 *
b11001 )
#3483
0-
b11011 %
b11011 ,
b11011 (
b110110011011 *
b11010 )
#3484
1-
0.
1/
b11100 %
b11100 ,
b11100 (
b110110011100 *
b11011 )
#3485
0-
b11101 %
b11101 ,
b11101 (
b110110011101 *
b11100 )
#3486
1-
1.
b11110 %
b11110 ,
b11110 (
b110110011110 *
b11101 )
#3487
0-
b11111 %
b11111 ,
b11111 (
b110110011111 *
b11110 )
#3488
1"
07
0D
0!
08
0F
0B
0@
1-
0.
0/
10
01
12
1A
0?
0J
b100000 %
b100000 ,
b100000 (
b110110100000 *
b11111 )
#3489
0-
b100001 %
b100001 ,
b100001 (
b110110100001 *
b11111111111111111111111111100000 )
#3490
1-
1.
b100010 %
b100010 ,
b100010 (
b110110100010 *
b11111111111111111111111111100001 )
#3491
0-
b100011 %
b100011 ,
b100011 (
b110110100011 *
b11111111111111111111111111100010 )
#3492
1-
0.
1/
b100100 %
b100100 ,
b100100 (
b110110100100 *
b11111111111111111111111111100011 )
#3493
0-
b100101 %
b100101 ,
b100101 (
b110110100101 *
b11111111111111111111111111100100 )
#3494
1-
1.
b100110 %
b100110 ,
b100110 (
b110110100110 *
b11111111111111111111111111100101 )
#3495
0-
b100111 %
b100111 ,
b100111 (
b110110100111 *
b11111111111111111111111111100110 )
#3496
1-
0.
0/
00
b101000 %
b101000 ,
b101000 (
b110110101000 *
b11111111111111111111111111100111 )
#3497
0-
b101001 %
b101001 ,
b101001 (
b110110101001 *
b11111111111111111111111111101000 )
#3498
1-
1.
b101010 %
b101010 ,
b101010 (
b110110101010 *
b11111111111111111111111111101001 )
#3499
0-
b101011 %
b101011 ,
b101011 (
b110110101011 *
b11111111111111111111111111101010 )
#3500
1-
0.
1/
b101100 %
b101100 ,
b101100 (
b110110101100 *
b11111111111111111111111111101011 )
#3501
0-
b101101 %
b101101 ,
b101101 (
b110110101101 *
b11111111111111111111111111101100 )
#3502
1-
1.
b101110 %
b101110 ,
b101110 (
b110110101110 *
b11111111111111111111111111101101 )
#3503
0-
b101111 %
b101111 ,
b101111 (
b110110101111 *
b11111111111111111111111111101110 )
#3504
15
1-
0.
0/
10
11
b110000 %
b110000 ,
b110000 (
b110110110000 *
b11111111111111111111111111101111 )
#3505
0-
b110001 %
b110001 ,
b110001 (
b110110110001 *
b11111111111111111111111111110000 )
#3506
1-
1.
b110010 %
b110010 ,
b110010 (
b110110110010 *
b11111111111111111111111111110001 )
#3507
0-
b110011 %
b110011 ,
b110011 (
b110110110011 *
b11111111111111111111111111110010 )
#3508
14
1-
0.
1/
b110100 %
b110100 ,
b110100 (
b110110110100 *
b11111111111111111111111111110011 )
#3509
0-
b110101 %
b110101 ,
b110101 (
b110110110101 *
b11111111111111111111111111110100 )
#3510
0"
17
1#
16
13
1-
1.
b110110 %
b110110 ,
b110110 (
b110110110110 *
b11111111111111111111111111110101 )
#3511
0#
06
1!
18
1B
1D
1E
0-
1G
b110111 %
b110111 ,
b110111 (
b110110110111 *
b11111111111111111111111111110110 )
#3512
1F
03
04
05
0E
1-
0.
0/
00
0G
1J
b111000 %
b111000 ,
b111000 (
b110110111000 *
b11111111111111111111111111110111 )
#3513
0-
b111001 %
b111001 ,
b111001 (
b110110111001 *
b11111111111111111111111111111000 )
#3514
1-
1.
b111010 %
b111010 ,
b111010 (
b110110111010 *
b11111111111111111111111111111001 )
#3515
0-
b111011 %
b111011 ,
b111011 (
b110110111011 *
b11111111111111111111111111111010 )
#3516
1-
0.
1/
b111100 %
b111100 ,
b111100 (
b110110111100 *
b11111111111111111111111111111011 )
#3517
0-
b111101 %
b111101 ,
b111101 (
b110110111101 *
b11111111111111111111111111111100 )
#3518
1-
1.
b111110 %
b111110 ,
b111110 (
b110110111110 *
b11111111111111111111111111111101 )
#3519
0-
b111111 %
b111111 ,
b111111 (
b110110111111 *
b11111111111111111111111111111110 )
#3520
0D
0F
0B
1@
0.
0/
10
01
02
0A
1?
0J
0:
b0 %
b0 ,
b110111 $
b110111 +
b110111 &
b0 (
b110111000000 *
b11111111111111111111111111111111 )
#3521
1-
b1 %
b1 ,
b1 (
b110111000001 *
b0 )
b11111111111111111111111111110111 '
#3522
0-
1.
b10 %
b10 ,
b10 (
b110111000010 *
b1 )
#3523
1-
b11 %
b11 ,
b11 (
b110111000011 *
b10 )
#3524
0-
0.
1/
b100 %
b100 ,
b100 (
b110111000100 *
b11 )
#3525
1-
b101 %
b101 ,
b101 (
b110111000101 *
b100 )
#3526
0-
1.
b110 %
b110 ,
b110 (
b110111000110 *
b101 )
#3527
1-
b111 %
b111 ,
b111 (
b110111000111 *
b110 )
#3528
0-
0.
0/
00
b1000 %
b1000 ,
b1000 (
b110111001000 *
b111 )
#3529
1-
b1001 %
b1001 ,
b1001 (
b110111001001 *
b1000 )
#3530
0-
1.
b1010 %
b1010 ,
b1010 (
b110111001010 *
b1001 )
#3531
1-
b1011 %
b1011 ,
b1011 (
b110111001011 *
b1010 )
#3532
0-
0.
1/
b1100 %
b1100 ,
b1100 (
b110111001100 *
b1011 )
#3533
1-
b1101 %
b1101 ,
b1101 (
b110111001101 *
b1100 )
#3534
0-
1.
b1110 %
b1110 ,
b1110 (
b110111001110 *
b1101 )
#3535
1-
b1111 %
b1111 ,
b1111 (
b110111001111 *
b1110 )
#3536
15
0-
0.
0/
10
11
b10000 %
b10000 ,
b10000 (
b110111010000 *
b1111 )
#3537
1-
b10001 %
b10001 ,
b10001 (
b110111010001 *
b10000 )
#3538
0-
1.
b10010 %
b10010 ,
b10010 (
b110111010010 *
b10001 )
#3539
1-
b10011 %
b10011 ,
b10011 (
b110111010011 *
b10010 )
#3540
14
0-
0.
1/
b10100 %
b10100 ,
b10100 (
b110111010100 *
b10011 )
#3541
1-
b10101 %
b10101 ,
b10101 (
b110111010101 *
b10100 )
#3542
13
0-
1.
b10110 %
b10110 ,
b10110 (
b110111010110 *
b10101 )
#3543
1-
b10111 %
b10111 ,
b10111 (
b110111010111 *
b10110 )
#3544
1D
1F
03
04
05
0-
0.
0/
00
1J
b11000 %
b11000 ,
b11000 (
b110111011000 *
b10111 )
#3545
1-
b11001 %
b11001 ,
b11001 (
b110111011001 *
b11000 )
#3546
0-
1.
b11010 %
b11010 ,
b11010 (
b110111011010 *
b11001 )
#3547
1-
b11011 %
b11011 ,
b11011 (
b110111011011 *
b11010 )
#3548
0-
0.
1/
b11100 %
b11100 ,
b11100 (
b110111011100 *
b11011 )
#3549
1-
b11101 %
b11101 ,
b11101 (
b110111011101 *
b11100 )
#3550
0-
1.
b11110 %
b11110 ,
b11110 (
b110111011110 *
b11101 )
#3551
1-
b11111 %
b11111 ,
b11111 (
b110111011111 *
b11110 )
#3552
1"
07
0D
0!
08
0F
0B
0@
0-
0.
0/
10
01
12
1A
0?
0J
b100000 %
b100000 ,
b100000 (
b110111100000 *
b11111 )
#3553
1-
b100001 %
b100001 ,
b100001 (
b110111100001 *
b11111111111111111111111111100000 )
#3554
0-
1.
b100010 %
b100010 ,
b100010 (
b110111100010 *
b11111111111111111111111111100001 )
#3555
1-
b100011 %
b100011 ,
b100011 (
b110111100011 *
b11111111111111111111111111100010 )
#3556
0-
0.
1/
b100100 %
b100100 ,
b100100 (
b110111100100 *
b11111111111111111111111111100011 )
#3557
1-
b100101 %
b100101 ,
b100101 (
b110111100101 *
b11111111111111111111111111100100 )
#3558
0-
1.
b100110 %
b100110 ,
b100110 (
b110111100110 *
b11111111111111111111111111100101 )
#3559
1-
b100111 %
b100111 ,
b100111 (
b110111100111 *
b11111111111111111111111111100110 )
#3560
0-
0.
0/
00
b101000 %
b101000 ,
b101000 (
b110111101000 *
b11111111111111111111111111100111 )
#3561
1-
b101001 %
b101001 ,
b101001 (
b110111101001 *
b11111111111111111111111111101000 )
#3562
0-
1.
b101010 %
b101010 ,
b101010 (
b110111101010 *
b11111111111111111111111111101001 )
#3563
1-
b101011 %
b101011 ,
b101011 (
b110111101011 *
b11111111111111111111111111101010 )
#3564
0-
0.
1/
b101100 %
b101100 ,
b101100 (
b110111101100 *
b11111111111111111111111111101011 )
#3565
1-
b101101 %
b101101 ,
b101101 (
b110111101101 *
b11111111111111111111111111101100 )
#3566
0-
1.
b101110 %
b101110 ,
b101110 (
b110111101110 *
b11111111111111111111111111101101 )
#3567
1-
b101111 %
b101111 ,
b101111 (
b110111101111 *
b11111111111111111111111111101110 )
#3568
1"
07
0#
06
15
0-
0.
0/
10
11
b110000 %
b110000 ,
b110000 (
b110111110000 *
b11111111111111111111111111101111 )
#3569
1-
b110001 %
b110001 ,
b110001 (
b110111110001 *
b11111111111111111111111111110000 )
#3570
0-
1.
b110010 %
b110010 ,
b110010 (
b110111110010 *
b11111111111111111111111111110001 )
#3571
1-
b110011 %
b110011 ,
b110011 (
b110111110011 *
b11111111111111111111111111110010 )
#3572
14
0-
0.
1/
b110100 %
b110100 ,
b110100 (
b110111110100 *
b11111111111111111111111111110011 )
#3573
1-
b110101 %
b110101 ,
b110101 (
b110111110101 *
b11111111111111111111111111110100 )
#3574
1"
07
0#
06
13
0-
1.
b110110 %
b110110 ,
b110110 (
b110111110110 *
b11111111111111111111111111110101 )
#3575
0"
17
1#
16
1-
b110111 %
b110111 ,
b110111 (
b110111110111 *
b11111111111111111111111111110110 )
#3576
1!
18
0"
17
1B
0#
06
1D
1F
03
04
05
0-
0.
0/
00
1J
b111000 %
b111000 ,
b111000 (
b110111111000 *
b11111111111111111111111111110111 )
#3577
1-
b111001 %
b111001 ,
b111001 (
b110111111001 *
b11111111111111111111111111111000 )
#3578
0-
1.
b111010 %
b111010 ,
b111010 (
b110111111010 *
b11111111111111111111111111111001 )
#3579
1-
b111011 %
b111011 ,
b111011 (
b110111111011 *
b11111111111111111111111111111010 )
#3580
0-
0.
1/
b111100 %
b111100 ,
b111100 (
b110111111100 *
b11111111111111111111111111111011 )
#3581
1-
b111101 %
b111101 ,
b111101 (
b110111111101 *
b11111111111111111111111111111100 )
#3582
0-
1.
b111110 %
b111110 ,
b111110 (
b110111111110 *
b11111111111111111111111111111101 )
#3583
1-
b111111 %
b111111 ,
b111111 (
b110111111111 *
b11111111111111111111111111111110 )
#3584
0D
0F
0B
1@
01
02
0A
1?
0J
1:
1;
1<
0=
b0 %
b0 ,
b111000 $
b111000 +
b111000 &
b0 (
b111000000000 *
b11111111111111111111111111111111 )
#3585
0-
b1 %
b1 ,
b1 (
b111000000001 *
b0 )
b11111111111111111111111111111000 '
#3586
1-
0.
b10 %
b10 ,
b10 (
b111000000010 *
b1 )
#3587
0-
b11 %
b11 ,
b11 (
b111000000011 *
b10 )
#3588
1-
1.
0/
b100 %
b100 ,
b100 (
b111000000100 *
b11 )
#3589
0-
b101 %
b101 ,
b101 (
b111000000101 *
b100 )
#3590
1-
0.
b110 %
b110 ,
b110 (
b111000000110 *
b101 )
#3591
0-
b111 %
b111 ,
b111 (
b111000000111 *
b110 )
#3592
1-
1.
1/
10
b1000 %
b1000 ,
b1000 (
b111000001000 *
b111 )
#3593
0-
b1001 %
b1001 ,
b1001 (
b111000001001 *
b1000 )
#3594
1-
0.
b1010 %
b1010 ,
b1010 (
b111000001010 *
b1001 )
#3595
0-
b1011 %
b1011 ,
b1011 (
b111000001011 *
b1010 )
#3596
1-
1.
0/
b1100 %
b1100 ,
b1100 (
b111000001100 *
b1011 )
#3597
0-
b1101 %
b1101 ,
b1101 (
b111000001101 *
b1100 )
#3598
1-
0.
b1110 %
b1110 ,
b1110 (
b111000001110 *
b1101 )
#3599
0-
b1111 %
b1111 ,
b1111 (
b111000001111 *
b1110 )
#3600
1-
1.
1/
00
11
b10000 %
b10000 ,
b10000 (
b111000010000 *
b1111 )
#3601
0-
b10001 %
b10001 ,
b10001 (
b111000010001 *
b10000 )
#3602
1-
0.
b10010 %
b10010 ,
b10010 (
b111000010010 *
b10001 )
#3603
0-
b10011 %
b10011 ,
b10011 (
b111000010011 *
b10010 )
#3604
1-
1.
0/
b10100 %
b10100 ,
b10100 (
b111000010100 *
b10011 )
#3605
0-
b10101 %
b10101 ,
b10101 (
b111000010101 *
b10100 )
#3606
1-
0.
b10110 %
b10110 ,
b10110 (
b111000010110 *
b10101 )
#3607
0-
b10111 %
b10111 ,
b10111 (
b111000010111 *
b10110 )
#3608
13
14
15
1-
1.
1/
10
b11000 %
b11000 ,
b11000 (
b111000011000 *
b10111 )
#3609
1D
1E
0-
1G
b11001 %
b11001 ,
b11001 (
b111000011001 *
b11000 )
#3610
03
1-
0.
0G
1H
b11010 %
b11010 ,
b11010 (
b111000011010 *
b11001 )
#3611
0-
b11011 %
b11011 ,
b11011 (
b111000011011 *
b11010 )
#3612
1F
04
0E
1-
1.
0/
0H
1I
b11100 %
b11100 ,
b11100 (
b111000011100 *
b11011 )
#3613
0-
b11101 %
b11101 ,
b11101 (
b111000011101 *
b11100 )
#3614
1-
0.
b11110 %
b11110 ,
b11110 (
b111000011110 *
b11101 )
#3615
0-
b11111 %
b11111 ,
b11111 (
b111000011111 *
b11110 )
#3616
1"
07
0D
0!
08
0F
05
0B
0@
1-
1.
1/
00
01
12
1A
0?
0I
b100000 %
b100000 ,
b100000 (
b111000100000 *
b11111 )
#3617
0-
b100001 %
b100001 ,
b100001 (
b111000100001 *
b11111111111111111111111111100000 )
#3618
1-
0.
b100010 %
b100010 ,
b100010 (
b111000100010 *
b11111111111111111111111111100001 )
#3619
0-
b100011 %
b100011 ,
b100011 (
b111000100011 *
b11111111111111111111111111100010 )
#3620
1-
1.
0/
b100100 %
b100100 ,
b100100 (
b111000100100 *
b11111111111111111111111111100011 )
#3621
0-
b100101 %
b100101 ,
b100101 (
b111000100101 *
b11111111111111111111111111100100 )
#3622
1-
0.
b100110 %
b100110 ,
b100110 (
b111000100110 *
b11111111111111111111111111100101 )
#3623
0-
b100111 %
b100111 ,
b100111 (
b111000100111 *
b11111111111111111111111111100110 )
#3624
1-
1.
1/
10
b101000 %
b101000 ,
b101000 (
b111000101000 *
b11111111111111111111111111100111 )
#3625
0-
b101001 %
b101001 ,
b101001 (
b111000101001 *
b11111111111111111111111111101000 )
#3626
1-
0.
b101010 %
b101010 ,
b101010 (
b111000101010 *
b11111111111111111111111111101001 )
#3627
0-
b101011 %
b101011 ,
b101011 (
b111000101011 *
b11111111111111111111111111101010 )
#3628
1-
1.
0/
b101100 %
b101100 ,
b101100 (
b111000101100 *
b11111111111111111111111111101011 )
#3629
0-
b101101 %
b101101 ,
b101101 (
b111000101101 *
b11111111111111111111111111101100 )
#3630
1-
0.
b101110 %
b101110 ,
b101110 (
b111000101110 *
b11111111111111111111111111101101 )
#3631
0-
b101111 %
b101111 ,
b101111 (
b111000101111 *
b11111111111111111111111111101110 )
#3632
1-
1.
1/
00
11
b110000 %
b110000 ,
b110000 (
b111000110000 *
b11111111111111111111111111101111 )
#3633
0-
b110001 %
b110001 ,
b110001 (
b111000110001 *
b11111111111111111111111111110000 )
#3634
1-
0.
b110010 %
b110010 ,
b110010 (
b111000110010 *
b11111111111111111111111111110001 )
#3635
0-
b110011 %
b110011 ,
b110011 (
b111000110011 *
b11111111111111111111111111110010 )
#3636
1-
1.
0/
b110100 %
b110100 ,
b110100 (
b111000110100 *
b11111111111111111111111111110011 )
#3637
0-
b110101 %
b110101 ,
b110101 (
b111000110101 *
b11111111111111111111111111110100 )
#3638
1-
0.
b110110 %
b110110 ,
b110110 (
b111000110110 *
b11111111111111111111111111110101 )
#3639
0-
b110111 %
b110111 ,
b110111 (
b111000110111 *
b11111111111111111111111111110110 )
#3640
0"
17
1#
16
13
14
15
1-
1.
1/
10
b111000 %
b111000 ,
b111000 (
b111000111000 *
b11111111111111111111111111110111 )
#3641
0#
06
1!
18
1B
1D
1E
0-
1G
b111001 %
b111001 ,
b111001 (
b111000111001 *
b11111111111111111111111111111000 )
#3642
03
1-
0.
0G
1H
b111010 %
b111010 ,
b111010 (
b111000111010 *
b11111111111111111111111111111001 )
#3643
0-
b111011 %
b111011 ,
b111011 (
b111000111011 *
b11111111111111111111111111111010 )
#3644
1F
04
0E
1-
1.
0/
0H
1I
b111100 %
b111100 ,
b111100 (
b111000111100 *
b11111111111111111111111111111011 )
#3645
0-
b111101 %
b111101 ,
b111101 (
b111000111101 *
b11111111111111111111111111111100 )
#3646
1-
0.
b111110 %
b111110 ,
b111110 (
b111000111110 *
b11111111111111111111111111111101 )
#3647
0-
b111111 %
b111111 ,
b111111 (
b111000111111 *
b11111111111111111111111111111110 )
#3648
0D
0F
05
0B
1@
1.
1/
00
01
02
0A
1?
0I
0:
b0 %
b0 ,
b111001 $
b111001 +
b111001 &
b0 (
b111001000000 *
b11111111111111111111111111111111 )
#3649
1-
b1 %
b1 ,
b1 (
b111001000001 *
b0 )
b11111111111111111111111111111001 '
#3650
0-
0.
b10 %
b10 ,
b10 (
b111001000010 *
b1 )
#3651
1-
b11 %
b11 ,
b11 (
b111001000011 *
b10 )
#3652
0-
1.
0/
b100 %
b100 ,
b100 (
b111001000100 *
b11 )
#3653
1-
b101 %
b101 ,
b101 (
b111001000101 *
b100 )
#3654
0-
0.
b110 %
b110 ,
b110 (
b111001000110 *
b101 )
#3655
1-
b111 %
b111 ,
b111 (
b111001000111 *
b110 )
#3656
0-
1.
1/
10
b1000 %
b1000 ,
b1000 (
b111001001000 *
b111 )
#3657
1-
b1001 %
b1001 ,
b1001 (
b111001001001 *
b1000 )
#3658
0-
0.
b1010 %
b1010 ,
b1010 (
b111001001010 *
b1001 )
#3659
1-
b1011 %
b1011 ,
b1011 (
b111001001011 *
b1010 )
#3660
0-
1.
0/
b1100 %
b1100 ,
b1100 (
b111001001100 *
b1011 )
#3661
1-
b1101 %
b1101 ,
b1101 (
b111001001101 *
b1100 )
#3662
0-
0.
b1110 %
b1110 ,
b1110 (
b111001001110 *
b1101 )
#3663
1-
b1111 %
b1111 ,
b1111 (
b111001001111 *
b1110 )
#3664
0-
1.
1/
00
11
b10000 %
b10000 ,
b10000 (
b111001010000 *
b1111 )
#3665
1-
b10001 %
b10001 ,
b10001 (
b111001010001 *
b10000 )
#3666
0-
0.
b10010 %
b10010 ,
b10010 (
b111001010010 *
b10001 )
#3667
1-
b10011 %
b10011 ,
b10011 (
b111001010011 *
b10010 )
#3668
0-
1.
0/
b10100 %
b10100 ,
b10100 (
b111001010100 *
b10011 )
#3669
1-
b10101 %
b10101 ,
b10101 (
b111001010101 *
b10100 )
#3670
0-
0.
b10110 %
b10110 ,
b10110 (
b111001010110 *
b10101 )
#3671
1-
b10111 %
b10111 ,
b10111 (
b111001010111 *
b10110 )
#3672
13
14
15
0-
1.
1/
10
b11000 %
b11000 ,
b11000 (
b111001011000 *
b10111 )
#3673
1-
b11001 %
b11001 ,
b11001 (
b111001011001 *
b11000 )
#3674
1D
03
1E
0-
0.
1H
b11010 %
b11010 ,
b11010 (
b111001011010 *
b11001 )
#3675
1-
b11011 %
b11011 ,
b11011 (
b111001011011 *
b11010 )
#3676
1F
04
0E
0-
1.
0/
0H
1I
b11100 %
b11100 ,
b11100 (
b111001011100 *
b11011 )
#3677
1-
b11101 %
b11101 ,
b11101 (
b111001011101 *
b11100 )
#3678
0-
0.
b11110 %
b11110 ,
b11110 (
b111001011110 *
b11101 )
#3679
1-
b11111 %
b11111 ,
b11111 (
b111001011111 *
b11110 )
#3680
1"
07
0D
0!
08
0F
05
0B
0@
0-
1.
1/
00
01
12
1A
0?
0I
b100000 %
b100000 ,
b100000 (
b111001100000 *
b11111 )
#3681
1-
b100001 %
b100001 ,
b100001 (
b111001100001 *
b11111111111111111111111111100000 )
#3682
0-
0.
b100010 %
b100010 ,
b100010 (
b111001100010 *
b11111111111111111111111111100001 )
#3683
1-
b100011 %
b100011 ,
b100011 (
b111001100011 *
b11111111111111111111111111100010 )
#3684
0-
1.
0/
b100100 %
b100100 ,
b100100 (
b111001100100 *
b11111111111111111111111111100011 )
#3685
1-
b100101 %
b100101 ,
b100101 (
b111001100101 *
b11111111111111111111111111100100 )
#3686
0-
0.
b100110 %
b100110 ,
b100110 (
b111001100110 *
b11111111111111111111111111100101 )
#3687
1-
b100111 %
b100111 ,
b100111 (
b111001100111 *
b11111111111111111111111111100110 )
#3688
0-
1.
1/
10
b101000 %
b101000 ,
b101000 (
b111001101000 *
b11111111111111111111111111100111 )
#3689
1-
b101001 %
b101001 ,
b101001 (
b111001101001 *
b11111111111111111111111111101000 )
#3690
0-
0.
b101010 %
b101010 ,
b101010 (
b111001101010 *
b11111111111111111111111111101001 )
#3691
1-
b101011 %
b101011 ,
b101011 (
b111001101011 *
b11111111111111111111111111101010 )
#3692
0-
1.
0/
b101100 %
b101100 ,
b101100 (
b111001101100 *
b11111111111111111111111111101011 )
#3693
1-
b101101 %
b101101 ,
b101101 (
b111001101101 *
b11111111111111111111111111101100 )
#3694
0-
0.
b101110 %
b101110 ,
b101110 (
b111001101110 *
b11111111111111111111111111101101 )
#3695
1-
b101111 %
b101111 ,
b101111 (
b111001101111 *
b11111111111111111111111111101110 )
#3696
0-
1.
1/
00
11
b110000 %
b110000 ,
b110000 (
b111001110000 *
b11111111111111111111111111101111 )
#3697
1-
b110001 %
b110001 ,
b110001 (
b111001110001 *
b11111111111111111111111111110000 )
#3698
0-
0.
b110010 %
b110010 ,
b110010 (
b111001110010 *
b11111111111111111111111111110001 )
#3699
1-
b110011 %
b110011 ,
b110011 (
b111001110011 *
b11111111111111111111111111110010 )
#3700
0-
1.
0/
b110100 %
b110100 ,
b110100 (
b111001110100 *
b11111111111111111111111111110011 )
#3701
1-
b110101 %
b110101 ,
b110101 (
b111001110101 *
b11111111111111111111111111110100 )
#3702
0-
0.
b110110 %
b110110 ,
b110110 (
b111001110110 *
b11111111111111111111111111110101 )
#3703
1-
b110111 %
b110111 ,
b110111 (
b111001110111 *
b11111111111111111111111111110110 )
#3704
13
14
15
0-
1.
1/
10
b111000 %
b111000 ,
b111000 (
b111001111000 *
b11111111111111111111111111110111 )
#3705
0"
17
1#
16
1-
b111001 %
b111001 ,
b111001 (
b111001111001 *
b11111111111111111111111111111000 )
#3706
1!
18
0#
06
1B
1D
03
1E
0-
0.
1H
b111010 %
b111010 ,
b111010 (
b111001111010 *
b11111111111111111111111111111001 )
#3707
1-
b111011 %
b111011 ,
b111011 (
b111001111011 *
b11111111111111111111111111111010 )
#3708
1F
04
0E
0-
1.
0/
0H
1I
b111100 %
b111100 ,
b111100 (
b111001111100 *
b11111111111111111111111111111011 )
#3709
1-
b111101 %
b111101 ,
b111101 (
b111001111101 *
b11111111111111111111111111111100 )
#3710
0-
0.
b111110 %
b111110 ,
b111110 (
b111001111110 *
b11111111111111111111111111111101 )
#3711
1-
b111111 %
b111111 ,
b111111 (
b111001111111 *
b11111111111111111111111111111110 )
#3712
0D
0F
05
0B
1@
1/
00
01
02
0A
1?
0I
1:
0;
b0 %
b0 ,
b111010 $
b111010 +
b111010 &
b0 (
b111010000000 *
b11111111111111111111111111111111 )
#3713
0-
b1 %
b1 ,
b1 (
b111010000001 *
b0 )
b11111111111111111111111111111010 '
#3714
1-
1.
b10 %
b10 ,
b10 (
b111010000010 *
b1 )
#3715
0-
b11 %
b11 ,
b11 (
b111010000011 *
b10 )
#3716
1-
0.
0/
b100 %
b100 ,
b100 (
b111010000100 *
b11 )
#3717
0-
b101 %
b101 ,
b101 (
b111010000101 *
b100 )
#3718
1-
1.
b110 %
b110 ,
b110 (
b111010000110 *
b101 )
#3719
0-
b111 %
b111 ,
b111 (
b111010000111 *
b110 )
#3720
1-
0.
1/
10
b1000 %
b1000 ,
b1000 (
b111010001000 *
b111 )
#3721
0-
b1001 %
b1001 ,
b1001 (
b111010001001 *
b1000 )
#3722
1-
1.
b1010 %
b1010 ,
b1010 (
b111010001010 *
b1001 )
#3723
0-
b1011 %
b1011 ,
b1011 (
b111010001011 *
b1010 )
#3724
1-
0.
0/
b1100 %
b1100 ,
b1100 (
b111010001100 *
b1011 )
#3725
0-
b1101 %
b1101 ,
b1101 (
b111010001101 *
b1100 )
#3726
1-
1.
b1110 %
b1110 ,
b1110 (
b111010001110 *
b1101 )
#3727
0-
b1111 %
b1111 ,
b1111 (
b111010001111 *
b1110 )
#3728
1-
0.
1/
00
11
b10000 %
b10000 ,
b10000 (
b111010010000 *
b1111 )
#3729
0-
b10001 %
b10001 ,
b10001 (
b111010010001 *
b10000 )
#3730
1-
1.
b10010 %
b10010 ,
b10010 (
b111010010010 *
b10001 )
#3731
0-
b10011 %
b10011 ,
b10011 (
b111010010011 *
b10010 )
#3732
1-
0.
0/
b10100 %
b10100 ,
b10100 (
b111010010100 *
b10011 )
#3733
0-
b10101 %
b10101 ,
b10101 (
b111010010101 *
b10100 )
#3734
1-
1.
b10110 %
b10110 ,
b10110 (
b111010010110 *
b10101 )
#3735
0-
b10111 %
b10111 ,
b10111 (
b111010010111 *
b10110 )
#3736
14
15
1-
0.
1/
10
b11000 %
b11000 ,
b11000 (
b111010011000 *
b10111 )
#3737
0-
b11001 %
b11001 ,
b11001 (
b111010011001 *
b11000 )
#3738
13
1-
1.
b11010 %
b11010 ,
b11010 (
b111010011010 *
b11001 )
#3739
1D
1E
0-
1G
b11011 %
b11011 ,
b11011 (
b111010011011 *
b11010 )
#3740
1F
03
04
0E
1-
0.
0/
0G
1I
b11100 %
b11100 ,
b11100 (
b111010011100 *
b11011 )
#3741
0-
b11101 %
b11101 ,
b11101 (
b111010011101 *
b11100 )
#3742
1-
1.
b11110 %
b11110 ,
b11110 (
b111010011110 *
b11101 )
#3743
0-
b11111 %
b11111 ,
b11111 (
b111010011111 *
b11110 )
#3744
1"
07
0D
0!
08
0F
05
0B
0@
1-
0.
1/
00
01
12
1A
0?
0I
b100000 %
b100000 ,
b100000 (
b111010100000 *
b11111 )
#3745
0-
b100001 %
b100001 ,
b100001 (
b111010100001 *
b11111111111111111111111111100000 )
#3746
1-
1.
b100010 %
b100010 ,
b100010 (
b111010100010 *
b11111111111111111111111111100001 )
#3747
0-
b100011 %
b100011 ,
b100011 (
b111010100011 *
b11111111111111111111111111100010 )
#3748
1-
0.
0/
b100100 %
b100100 ,
b100100 (
b111010100100 *
b11111111111111111111111111100011 )
#3749
0-
b100101 %
b100101 ,
b100101 (
b111010100101 *
b11111111111111111111111111100100 )
#3750
1-
1.
b100110 %
b100110 ,
b100110 (
b111010100110 *
b11111111111111111111111111100101 )
#3751
0-
b100111 %
b100111 ,
b100111 (
b111010100111 *
b11111111111111111111111111100110 )
#3752
1-
0.
1/
10
b101000 %
b101000 ,
b101000 (
b111010101000 *
b11111111111111111111111111100111 )
#3753
0-
b101001 %
b101001 ,
b101001 (
b111010101001 *
b11111111111111111111111111101000 )
#3754
1-
1.
b101010 %
b101010 ,
b101010 (
b111010101010 *
b11111111111111111111111111101001 )
#3755
0-
b101011 %
b101011 ,
b101011 (
b111010101011 *
b11111111111111111111111111101010 )
#3756
1-
0.
0/
b101100 %
b101100 ,
b101100 (
b111010101100 *
b11111111111111111111111111101011 )
#3757
0-
b101101 %
b101101 ,
b101101 (
b111010101101 *
b11111111111111111111111111101100 )
#3758
1-
1.
b101110 %
b101110 ,
b101110 (
b111010101110 *
b11111111111111111111111111101101 )
#3759
0-
b101111 %
b101111 ,
b101111 (
b111010101111 *
b11111111111111111111111111101110 )
#3760
1-
0.
1/
00
11
b110000 %
b110000 ,
b110000 (
b111010110000 *
b11111111111111111111111111101111 )
#3761
0-
b110001 %
b110001 ,
b110001 (
b111010110001 *
b11111111111111111111111111110000 )
#3762
1-
1.
b110010 %
b110010 ,
b110010 (
b111010110010 *
b11111111111111111111111111110001 )
#3763
0-
b110011 %
b110011 ,
b110011 (
b111010110011 *
b11111111111111111111111111110010 )
#3764
1-
0.
0/
b110100 %
b110100 ,
b110100 (
b111010110100 *
b11111111111111111111111111110011 )
#3765
0-
b110101 %
b110101 ,
b110101 (
b111010110101 *
b11111111111111111111111111110100 )
#3766
1-
1.
b110110 %
b110110 ,
b110110 (
b111010110110 *
b11111111111111111111111111110101 )
#3767
0-
b110111 %
b110111 ,
b110111 (
b111010110111 *
b11111111111111111111111111110110 )
#3768
14
15
1-
0.
1/
10
b111000 %
b111000 ,
b111000 (
b111010111000 *
b11111111111111111111111111110111 )
#3769
0-
b111001 %
b111001 ,
b111001 (
b111010111001 *
b11111111111111111111111111111000 )
#3770
0"
17
1#
16
13
1-
1.
b111010 %
b111010 ,
b111010 (
b111010111010 *
b11111111111111111111111111111001 )
#3771
0#
06
1!
18
1B
1D
1E
0-
1G
b111011 %
b111011 ,
b111011 (
b111010111011 *
b11111111111111111111111111111010 )
#3772
1F
03
04
0E
1-
0.
0/
0G
1I
b111100 %
b111100 ,
b111100 (
b111010111100 *
b11111111111111111111111111111011 )
#3773
0-
b111101 %
b111101 ,
b111101 (
b111010111101 *
b11111111111111111111111111111100 )
#3774
1-
1.
b111110 %
b111110 ,
b111110 (
b111010111110 *
b11111111111111111111111111111101 )
#3775
0-
b111111 %
b111111 ,
b111111 (
b111010111111 *
b11111111111111111111111111111110 )
#3776
0D
0F
05
0B
1@
0.
1/
00
01
02
0A
1?
0I
0:
b0 %
b0 ,
b111011 $
b111011 +
b111011 &
b0 (
b111011000000 *
b11111111111111111111111111111111 )
#3777
1-
b1 %
b1 ,
b1 (
b111011000001 *
b0 )
b11111111111111111111111111111011 '
#3778
0-
1.
b10 %
b10 ,
b10 (
b111011000010 *
b1 )
#3779
1-
b11 %
b11 ,
b11 (
b111011000011 *
b10 )
#3780
0-
0.
0/
b100 %
b100 ,
b100 (
b111011000100 *
b11 )
#3781
1-
b101 %
b101 ,
b101 (
b111011000101 *
b100 )
#3782
0-
1.
b110 %
b110 ,
b110 (
b111011000110 *
b101 )
#3783
1-
b111 %
b111 ,
b111 (
b111011000111 *
b110 )
#3784
0-
0.
1/
10
b1000 %
b1000 ,
b1000 (
b111011001000 *
b111 )
#3785
1-
b1001 %
b1001 ,
b1001 (
b111011001001 *
b1000 )
#3786
0-
1.
b1010 %
b1010 ,
b1010 (
b111011001010 *
b1001 )
#3787
1-
b1011 %
b1011 ,
b1011 (
b111011001011 *
b1010 )
#3788
0-
0.
0/
b1100 %
b1100 ,
b1100 (
b111011001100 *
b1011 )
#3789
1-
b1101 %
b1101 ,
b1101 (
b111011001101 *
b1100 )
#3790
0-
1.
b1110 %
b1110 ,
b1110 (
b111011001110 *
b1101 )
#3791
1-
b1111 %
b1111 ,
b1111 (
b111011001111 *
b1110 )
#3792
0-
0.
1/
00
11
b10000 %
b10000 ,
b10000 (
b111011010000 *
b1111 )
#3793
1-
b10001 %
b10001 ,
b10001 (
b111011010001 *
b10000 )
#3794
0-
1.
b10010 %
b10010 ,
b10010 (
b111011010010 *
b10001 )
#3795
1-
b10011 %
b10011 ,
b10011 (
b111011010011 *
b10010 )
#3796
0-
0.
0/
b10100 %
b10100 ,
b10100 (
b111011010100 *
b10011 )
#3797
1-
b10101 %
b10101 ,
b10101 (
b111011010101 *
b10100 )
#3798
0-
1.
b10110 %
b10110 ,
b10110 (
b111011010110 *
b10101 )
#3799
1-
b10111 %
b10111 ,
b10111 (
b111011010111 *
b10110 )
#3800
14
15
0-
0.
1/
10
b11000 %
b11000 ,
b11000 (
b111011011000 *
b10111 )
#3801
1-
b11001 %
b11001 ,
b11001 (
b111011011001 *
b11000 )
#3802
13
0-
1.
b11010 %
b11010 ,
b11010 (
b111011011010 *
b11001 )
#3803
1-
b11011 %
b11011 ,
b11011 (
b111011011011 *
b11010 )
#3804
1D
1F
03
04
0-
0.
0/
1I
b11100 %
b11100 ,
b11100 (
b111011011100 *
b11011 )
#3805
1-
b11101 %
b11101 ,
b11101 (
b111011011101 *
b11100 )
#3806
0-
1.
b11110 %
b11110 ,
b11110 (
b111011011110 *
b11101 )
#3807
1-
b11111 %
b11111 ,
b11111 (
b111011011111 *
b11110 )
#3808
1"
07
0D
0!
08
0F
05
0B
0@
0-
0.
1/
00
01
12
1A
0?
0I
b100000 %
b100000 ,
b100000 (
b111011100000 *
b11111 )
#3809
1-
b100001 %
b100001 ,
b100001 (
b111011100001 *
b11111111111111111111111111100000 )
#3810
0-
1.
b100010 %
b100010 ,
b100010 (
b111011100010 *
b11111111111111111111111111100001 )
#3811
1-
b100011 %
b100011 ,
b100011 (
b111011100011 *
b11111111111111111111111111100010 )
#3812
0-
0.
0/
b100100 %
b100100 ,
b100100 (
b111011100100 *
b11111111111111111111111111100011 )
#3813
1-
b100101 %
b100101 ,
b100101 (
b111011100101 *
b11111111111111111111111111100100 )
#3814
0-
1.
b100110 %
b100110 ,
b100110 (
b111011100110 *
b11111111111111111111111111100101 )
#3815
1-
b100111 %
b100111 ,
b100111 (
b111011100111 *
b11111111111111111111111111100110 )
#3816
0-
0.
1/
10
b101000 %
b101000 ,
b101000 (
b111011101000 *
b11111111111111111111111111100111 )
#3817
1-
b101001 %
b101001 ,
b101001 (
b111011101001 *
b11111111111111111111111111101000 )
#3818
0-
1.
b101010 %
b101010 ,
b101010 (
b111011101010 *
b11111111111111111111111111101001 )
#3819
1-
b101011 %
b101011 ,
b101011 (
b111011101011 *
b11111111111111111111111111101010 )
#3820
0-
0.
0/
b101100 %
b101100 ,
b101100 (
b111011101100 *
b11111111111111111111111111101011 )
#3821
1-
b101101 %
b101101 ,
b101101 (
b111011101101 *
b11111111111111111111111111101100 )
#3822
0-
1.
b101110 %
b101110 ,
b101110 (
b111011101110 *
b11111111111111111111111111101101 )
#3823
1-
b101111 %
b101111 ,
b101111 (
b111011101111 *
b11111111111111111111111111101110 )
#3824
0-
0.
1/
00
11
b110000 %
b110000 ,
b110000 (
b111011110000 *
b11111111111111111111111111101111 )
#3825
1-
b110001 %
b110001 ,
b110001 (
b111011110001 *
b11111111111111111111111111110000 )
#3826
0-
1.
b110010 %
b110010 ,
b110010 (
b111011110010 *
b11111111111111111111111111110001 )
#3827
1-
b110011 %
b110011 ,
b110011 (
b111011110011 *
b11111111111111111111111111110010 )
#3828
0-
0.
0/
b110100 %
b110100 ,
b110100 (
b111011110100 *
b11111111111111111111111111110011 )
#3829
1-
b110101 %
b110101 ,
b110101 (
b111011110101 *
b11111111111111111111111111110100 )
#3830
0-
1.
b110110 %
b110110 ,
b110110 (
b111011110110 *
b11111111111111111111111111110101 )
#3831
1-
b110111 %
b110111 ,
b110111 (
b111011110111 *
b11111111111111111111111111110110 )
#3832
14
15
0-
0.
1/
10
b111000 %
b111000 ,
b111000 (
b111011111000 *
b11111111111111111111111111110111 )
#3833
1-
b111001 %
b111001 ,
b111001 (
b111011111001 *
b11111111111111111111111111111000 )
#3834
1"
07
0#
06
13
0-
1.
b111010 %
b111010 ,
b111010 (
b111011111010 *
b11111111111111111111111111111001 )
#3835
0"
17
1#
16
1-
b111011 %
b111011 ,
b111011 (
b111011111011 *
b11111111111111111111111111111010 )
#3836
0"
1!
18
17
0#
06
1B
1D
1F
03
04
0-
0.
0/
1I
b111100 %
b111100 ,
b111100 (
b111011111100 *
b11111111111111111111111111111011 )
#3837
1-
b111101 %
b111101 ,
b111101 (
b111011111101 *
b11111111111111111111111111111100 )
#3838
0-
1.
b111110 %
b111110 ,
b111110 (
b111011111110 *
b11111111111111111111111111111101 )
#3839
1-
b111111 %
b111111 ,
b111111 (
b111011111111 *
b11111111111111111111111111111110 )
#3840
0D
0F
05
0B
1@
00
01
02
0A
1?
0I
1:
1;
0<
b0 %
b0 ,
b111100 $
b111100 +
b111100 &
b0 (
b111100000000 *
b11111111111111111111111111111111 )
#3841
0-
b1 %
b1 ,
b1 (
b111100000001 *
b0 )
b11111111111111111111111111111100 '
#3842
1-
0.
b10 %
b10 ,
b10 (
b111100000010 *
b1 )
#3843
0-
b11 %
b11 ,
b11 (
b111100000011 *
b10 )
#3844
1-
1.
1/
b100 %
b100 ,
b100 (
b111100000100 *
b11 )
#3845
0-
b101 %
b101 ,
b101 (
b111100000101 *
b100 )
#3846
1-
0.
b110 %
b110 ,
b110 (
b111100000110 *
b101 )
#3847
0-
b111 %
b111 ,
b111 (
b111100000111 *
b110 )
#3848
1-
1.
0/
10
b1000 %
b1000 ,
b1000 (
b111100001000 *
b111 )
#3849
0-
b1001 %
b1001 ,
b1001 (
b111100001001 *
b1000 )
#3850
1-
0.
b1010 %
b1010 ,
b1010 (
b111100001010 *
b1001 )
#3851
0-
b1011 %
b1011 ,
b1011 (
b111100001011 *
b1010 )
#3852
1-
1.
1/
b1100 %
b1100 ,
b1100 (
b111100001100 *
b1011 )
#3853
0-
b1101 %
b1101 ,
b1101 (
b111100001101 *
b1100 )
#3854
1-
0.
b1110 %
b1110 ,
b1110 (
b111100001110 *
b1101 )
#3855
0-
b1111 %
b1111 ,
b1111 (
b111100001111 *
b1110 )
#3856
1-
1.
0/
00
11
b10000 %
b10000 ,
b10000 (
b111100010000 *
b1111 )
#3857
0-
b10001 %
b10001 ,
b10001 (
b111100010001 *
b10000 )
#3858
1-
0.
b10010 %
b10010 ,
b10010 (
b111100010010 *
b10001 )
#3859
0-
b10011 %
b10011 ,
b10011 (
b111100010011 *
b10010 )
#3860
1-
1.
1/
b10100 %
b10100 ,
b10100 (
b111100010100 *
b10011 )
#3861
0-
b10101 %
b10101 ,
b10101 (
b111100010101 *
b10100 )
#3862
1-
0.
b10110 %
b10110 ,
b10110 (
b111100010110 *
b10101 )
#3863
0-
b10111 %
b10111 ,
b10111 (
b111100010111 *
b10110 )
#3864
15
1-
1.
0/
10
b11000 %
b11000 ,
b11000 (
b111100011000 *
b10111 )
#3865
0-
b11001 %
b11001 ,
b11001 (
b111100011001 *
b11000 )
#3866
1-
0.
b11010 %
b11010 ,
b11010 (
b111100011010 *
b11001 )
#3867
0-
b11011 %
b11011 ,
b11011 (
b111100011011 *
b11010 )
#3868
13
14
1-
1.
1/
b11100 %
b11100 ,
b11100 (
b111100011100 *
b11011 )
#3869
1D
1E
0-
1G
b11101 %
b11101 ,
b11101 (
b111100011101 *
b11100 )
#3870
03
1-
0.
0G
1H
b11110 %
b11110 ,
b11110 (
b111100011110 *
b11101 )
#3871
0-
b11111 %
b11111 ,
b11111 (
b111100011111 *
b11110 )
#3872
1"
07
0!
08
0D
04
05
0B
0@
0E
1-
1.
0/
00
01
12
1A
0?
0H
b100000 %
b100000 ,
b100000 (
b111100100000 *
b11111 )
#3873
0-
b100001 %
b100001 ,
b100001 (
b111100100001 *
b11111111111111111111111111100000 )
#3874
1-
0.
b100010 %
b100010 ,
b100010 (
b111100100010 *
b11111111111111111111111111100001 )
#3875
0-
b100011 %
b100011 ,
b100011 (
b111100100011 *
b11111111111111111111111111100010 )
#3876
1-
1.
1/
b100100 %
b100100 ,
b100100 (
b111100100100 *
b11111111111111111111111111100011 )
#3877
0-
b100101 %
b100101 ,
b100101 (
b111100100101 *
b11111111111111111111111111100100 )
#3878
1-
0.
b100110 %
b100110 ,
b100110 (
b111100100110 *
b11111111111111111111111111100101 )
#3879
0-
b100111 %
b100111 ,
b100111 (
b111100100111 *
b11111111111111111111111111100110 )
#3880
1-
1.
0/
10
b101000 %
b101000 ,
b101000 (
b111100101000 *
b11111111111111111111111111100111 )
#3881
0-
b101001 %
b101001 ,
b101001 (
b111100101001 *
b11111111111111111111111111101000 )
#3882
1-
0.
b101010 %
b101010 ,
b101010 (
b111100101010 *
b11111111111111111111111111101001 )
#3883
0-
b101011 %
b101011 ,
b101011 (
b111100101011 *
b11111111111111111111111111101010 )
#3884
1-
1.
1/
b101100 %
b101100 ,
b101100 (
b111100101100 *
b11111111111111111111111111101011 )
#3885
0-
b101101 %
b101101 ,
b101101 (
b111100101101 *
b11111111111111111111111111101100 )
#3886
1-
0.
b101110 %
b101110 ,
b101110 (
b111100101110 *
b11111111111111111111111111101101 )
#3887
0-
b101111 %
b101111 ,
b101111 (
b111100101111 *
b11111111111111111111111111101110 )
#3888
1-
1.
0/
00
11
b110000 %
b110000 ,
b110000 (
b111100110000 *
b11111111111111111111111111101111 )
#3889
0-
b110001 %
b110001 ,
b110001 (
b111100110001 *
b11111111111111111111111111110000 )
#3890
1-
0.
b110010 %
b110010 ,
b110010 (
b111100110010 *
b11111111111111111111111111110001 )
#3891
0-
b110011 %
b110011 ,
b110011 (
b111100110011 *
b11111111111111111111111111110010 )
#3892
1-
1.
1/
b110100 %
b110100 ,
b110100 (
b111100110100 *
b11111111111111111111111111110011 )
#3893
0-
b110101 %
b110101 ,
b110101 (
b111100110101 *
b11111111111111111111111111110100 )
#3894
1-
0.
b110110 %
b110110 ,
b110110 (
b111100110110 *
b11111111111111111111111111110101 )
#3895
0-
b110111 %
b110111 ,
b110111 (
b111100110111 *
b11111111111111111111111111110110 )
#3896
15
1-
1.
0/
10
b111000 %
b111000 ,
b111000 (
b111100111000 *
b11111111111111111111111111110111 )
#3897
0-
b111001 %
b111001 ,
b111001 (
b111100111001 *
b11111111111111111111111111111000 )
#3898
1-
0.
b111010 %
b111010 ,
b111010 (
b111100111010 *
b11111111111111111111111111111001 )
#3899
0-
b111011 %
b111011 ,
b111011 (
b111100111011 *
b11111111111111111111111111111010 )
#3900
0"
17
1#
16
13
14
1-
1.
1/
b111100 %
b111100 ,
b111100 (
b111100111100 *
b11111111111111111111111111111011 )
#3901
0#
06
1!
18
1B
1D
1E
0-
1G
b111101 %
b111101 ,
b111101 (
b111100111101 *
b11111111111111111111111111111100 )
#3902
03
1-
0.
0G
1H
b111110 %
b111110 ,
b111110 (
b111100111110 *
b11111111111111111111111111111101 )
#3903
0-
b111111 %
b111111 ,
b111111 (
b111100111111 *
b11111111111111111111111111111110 )
#3904
0D
04
05
0B
1@
0E
1.
0/
00
01
02
0A
1?
0H
0:
b0 %
b0 ,
b111101 $
b111101 +
b111101 &
b0 (
b111101000000 *
b11111111111111111111111111111111 )
#3905
1-
b1 %
b1 ,
b1 (
b111101000001 *
b0 )
b11111111111111111111111111111101 '
#3906
0-
0.
b10 %
b10 ,
b10 (
b111101000010 *
b1 )
#3907
1-
b11 %
b11 ,
b11 (
b111101000011 *
b10 )
#3908
0-
1.
1/
b100 %
b100 ,
b100 (
b111101000100 *
b11 )
#3909
1-
b101 %
b101 ,
b101 (
b111101000101 *
b100 )
#3910
0-
0.
b110 %
b110 ,
b110 (
b111101000110 *
b101 )
#3911
1-
b111 %
b111 ,
b111 (
b111101000111 *
b110 )
#3912
0-
1.
0/
10
b1000 %
b1000 ,
b1000 (
b111101001000 *
b111 )
#3913
1-
b1001 %
b1001 ,
b1001 (
b111101001001 *
b1000 )
#3914
0-
0.
b1010 %
b1010 ,
b1010 (
b111101001010 *
b1001 )
#3915
1-
b1011 %
b1011 ,
b1011 (
b111101001011 *
b1010 )
#3916
0-
1.
1/
b1100 %
b1100 ,
b1100 (
b111101001100 *
b1011 )
#3917
1-
b1101 %
b1101 ,
b1101 (
b111101001101 *
b1100 )
#3918
0-
0.
b1110 %
b1110 ,
b1110 (
b111101001110 *
b1101 )
#3919
1-
b1111 %
b1111 ,
b1111 (
b111101001111 *
b1110 )
#3920
0-
1.
0/
00
11
b10000 %
b10000 ,
b10000 (
b111101010000 *
b1111 )
#3921
1-
b10001 %
b10001 ,
b10001 (
b111101010001 *
b10000 )
#3922
0-
0.
b10010 %
b10010 ,
b10010 (
b111101010010 *
b10001 )
#3923
1-
b10011 %
b10011 ,
b10011 (
b111101010011 *
b10010 )
#3924
0-
1.
1/
b10100 %
b10100 ,
b10100 (
b111101010100 *
b10011 )
#3925
1-
b10101 %
b10101 ,
b10101 (
b111101010101 *
b10100 )
#3926
0-
0.
b10110 %
b10110 ,
b10110 (
b111101010110 *
b10101 )
#3927
1-
b10111 %
b10111 ,
b10111 (
b111101010111 *
b10110 )
#3928
15
0-
1.
0/
10
b11000 %
b11000 ,
b11000 (
b111101011000 *
b10111 )
#3929
1-
b11001 %
b11001 ,
b11001 (
b111101011001 *
b11000 )
#3930
0-
0.
b11010 %
b11010 ,
b11010 (
b111101011010 *
b11001 )
#3931
1-
b11011 %
b11011 ,
b11011 (
b111101011011 *
b11010 )
#3932
13
14
0-
1.
1/
b11100 %
b11100 ,
b11100 (
b111101011100 *
b11011 )
#3933
1-
b11101 %
b11101 ,
b11101 (
b111101011101 *
b11100 )
#3934
1D
03
1E
0-
0.
1H
b11110 %
b11110 ,
b11110 (
b111101011110 *
b11101 )
#3935
1-
b11111 %
b11111 ,
b11111 (
b111101011111 *
b11110 )
#3936
1"
07
0!
08
0D
04
05
0B
0@
0E
0-
1.
0/
00
01
12
1A
0?
0H
b100000 %
b100000 ,
b100000 (
b111101100000 *
b11111 )
#3937
1-
b100001 %
b100001 ,
b100001 (
b111101100001 *
b11111111111111111111111111100000 )
#3938
0-
0.
b100010 %
b100010 ,
b100010 (
b111101100010 *
b11111111111111111111111111100001 )
#3939
1-
b100011 %
b100011 ,
b100011 (
b111101100011 *
b11111111111111111111111111100010 )
#3940
0-
1.
1/
b100100 %
b100100 ,
b100100 (
b111101100100 *
b11111111111111111111111111100011 )
#3941
1-
b100101 %
b100101 ,
b100101 (
b111101100101 *
b11111111111111111111111111100100 )
#3942
0-
0.
b100110 %
b100110 ,
b100110 (
b111101100110 *
b11111111111111111111111111100101 )
#3943
1-
b100111 %
b100111 ,
b100111 (
b111101100111 *
b11111111111111111111111111100110 )
#3944
0-
1.
0/
10
b101000 %
b101000 ,
b101000 (
b111101101000 *
b11111111111111111111111111100111 )
#3945
1-
b101001 %
b101001 ,
b101001 (
b111101101001 *
b11111111111111111111111111101000 )
#3946
0-
0.
b101010 %
b101010 ,
b101010 (
b111101101010 *
b11111111111111111111111111101001 )
#3947
1-
b101011 %
b101011 ,
b101011 (
b111101101011 *
b11111111111111111111111111101010 )
#3948
0-
1.
1/
b101100 %
b101100 ,
b101100 (
b111101101100 *
b11111111111111111111111111101011 )
#3949
1-
b101101 %
b101101 ,
b101101 (
b111101101101 *
b11111111111111111111111111101100 )
#3950
0-
0.
b101110 %
b101110 ,
b101110 (
b111101101110 *
b11111111111111111111111111101101 )
#3951
1-
b101111 %
b101111 ,
b101111 (
b111101101111 *
b11111111111111111111111111101110 )
#3952
0-
1.
0/
00
11
b110000 %
b110000 ,
b110000 (
b111101110000 *
b11111111111111111111111111101111 )
#3953
1-
b110001 %
b110001 ,
b110001 (
b111101110001 *
b11111111111111111111111111110000 )
#3954
0-
0.
b110010 %
b110010 ,
b110010 (
b111101110010 *
b11111111111111111111111111110001 )
#3955
1-
b110011 %
b110011 ,
b110011 (
b111101110011 *
b11111111111111111111111111110010 )
#3956
0-
1.
1/
b110100 %
b110100 ,
b110100 (
b111101110100 *
b11111111111111111111111111110011 )
#3957
1-
b110101 %
b110101 ,
b110101 (
b111101110101 *
b11111111111111111111111111110100 )
#3958
0-
0.
b110110 %
b110110 ,
b110110 (
b111101110110 *
b11111111111111111111111111110101 )
#3959
1-
b110111 %
b110111 ,
b110111 (
b111101110111 *
b11111111111111111111111111110110 )
#3960
15
0-
1.
0/
10
b111000 %
b111000 ,
b111000 (
b111101111000 *
b11111111111111111111111111110111 )
#3961
1-
b111001 %
b111001 ,
b111001 (
b111101111001 *
b11111111111111111111111111111000 )
#3962
0-
0.
b111010 %
b111010 ,
b111010 (
b111101111010 *
b11111111111111111111111111111001 )
#3963
1-
b111011 %
b111011 ,
b111011 (
b111101111011 *
b11111111111111111111111111111010 )
#3964
13
14
0-
1.
1/
b111100 %
b111100 ,
b111100 (
b111101111100 *
b11111111111111111111111111111011 )
#3965
0"
17
1#
16
1-
b111101 %
b111101 ,
b111101 (
b111101111101 *
b11111111111111111111111111111100 )
#3966
1!
18
0#
06
1B
1D
03
1E
0-
0.
1H
b111110 %
b111110 ,
b111110 (
b111101111110 *
b11111111111111111111111111111101 )
#3967
1-
b111111 %
b111111 ,
b111111 (
b111101111111 *
b11111111111111111111111111111110 )
#3968
0D
04
05
0B
1@
0E
0/
00
01
02
0A
1?
0H
1:
0;
b0 %
b0 ,
b111110 $
b111110 +
b111110 &
b0 (
b111110000000 *
b11111111111111111111111111111111 )
#3969
0-
b1 %
b1 ,
b1 (
b111110000001 *
b0 )
b11111111111111111111111111111110 '
#3970
1-
1.
b10 %
b10 ,
b10 (
b111110000010 *
b1 )
#3971
0-
b11 %
b11 ,
b11 (
b111110000011 *
b10 )
#3972
1-
0.
1/
b100 %
b100 ,
b100 (
b111110000100 *
b11 )
#3973
0-
b101 %
b101 ,
b101 (
b111110000101 *
b100 )
#3974
1-
1.
b110 %
b110 ,
b110 (
b111110000110 *
b101 )
#3975
0-
b111 %
b111 ,
b111 (
b111110000111 *
b110 )
#3976
1-
0.
0/
10
b1000 %
b1000 ,
b1000 (
b111110001000 *
b111 )
#3977
0-
b1001 %
b1001 ,
b1001 (
b111110001001 *
b1000 )
#3978
1-
1.
b1010 %
b1010 ,
b1010 (
b111110001010 *
b1001 )
#3979
0-
b1011 %
b1011 ,
b1011 (
b111110001011 *
b1010 )
#3980
1-
0.
1/
b1100 %
b1100 ,
b1100 (
b111110001100 *
b1011 )
#3981
0-
b1101 %
b1101 ,
b1101 (
b111110001101 *
b1100 )
#3982
1-
1.
b1110 %
b1110 ,
b1110 (
b111110001110 *
b1101 )
#3983
0-
b1111 %
b1111 ,
b1111 (
b111110001111 *
b1110 )
#3984
1-
0.
0/
00
11
b10000 %
b10000 ,
b10000 (
b111110010000 *
b1111 )
#3985
0-
b10001 %
b10001 ,
b10001 (
b111110010001 *
b10000 )
#3986
1-
1.
b10010 %
b10010 ,
b10010 (
b111110010010 *
b10001 )
#3987
0-
b10011 %
b10011 ,
b10011 (
b111110010011 *
b10010 )
#3988
1-
0.
1/
b10100 %
b10100 ,
b10100 (
b111110010100 *
b10011 )
#3989
0-
b10101 %
b10101 ,
b10101 (
b111110010101 *
b10100 )
#3990
1-
1.
b10110 %
b10110 ,
b10110 (
b111110010110 *
b10101 )
#3991
0-
b10111 %
b10111 ,
b10111 (
b111110010111 *
b10110 )
#3992
15
1-
0.
0/
10
b11000 %
b11000 ,
b11000 (
b111110011000 *
b10111 )
#3993
0-
b11001 %
b11001 ,
b11001 (
b111110011001 *
b11000 )
#3994
1-
1.
b11010 %
b11010 ,
b11010 (
b111110011010 *
b11001 )
#3995
0-
b11011 %
b11011 ,
b11011 (
b111110011011 *
b11010 )
#3996
14
1-
0.
1/
b11100 %
b11100 ,
b11100 (
b111110011100 *
b11011 )
#3997
0-
b11101 %
b11101 ,
b11101 (
b111110011101 *
b11100 )
#3998
13
1-
1.
b11110 %
b11110 ,
b11110 (
b111110011110 *
b11101 )
#3999
1D
1E
0-
1G
b11111 %
b11111 ,
b11111 (
b111110011111 *
b11110 )
#4000
1"
07
0!
08
0D
03
04
05
0B
0@
0E
1-
0.
0/
00
01
12
1A
0?
0G
b100000 %
b100000 ,
b100000 (
b111110100000 *
b11111 )
#4001
0-
b100001 %
b100001 ,
b100001 (
b111110100001 *
b11111111111111111111111111100000 )
#4002
1-
1.
b100010 %
b100010 ,
b100010 (
b111110100010 *
b11111111111111111111111111100001 )
#4003
0-
b100011 %
b100011 ,
b100011 (
b111110100011 *
b11111111111111111111111111100010 )
#4004
1-
0.
1/
b100100 %
b100100 ,
b100100 (
b111110100100 *
b11111111111111111111111111100011 )
#4005
0-
b100101 %
b100101 ,
b100101 (
b111110100101 *
b11111111111111111111111111100100 )
#4006
1-
1.
b100110 %
b100110 ,
b100110 (
b111110100110 *
b11111111111111111111111111100101 )
#4007
0-
b100111 %
b100111 ,
b100111 (
b111110100111 *
b11111111111111111111111111100110 )
#4008
1-
0.
0/
10
b101000 %
b101000 ,
b101000 (
b111110101000 *
b11111111111111111111111111100111 )
#4009
0-
b101001 %
b101001 ,
b101001 (
b111110101001 *
b11111111111111111111111111101000 )
#4010
1-
1.
b101010 %
b101010 ,
b101010 (
b111110101010 *
b11111111111111111111111111101001 )
#4011
0-
b101011 %
b101011 ,
b101011 (
b111110101011 *
b11111111111111111111111111101010 )
#4012
1-
0.
1/
b101100 %
b101100 ,
b101100 (
b111110101100 *
b11111111111111111111111111101011 )
#4013
0-
b101101 %
b101101 ,
b101101 (
b111110101101 *
b11111111111111111111111111101100 )
#4014
1-
1.
b101110 %
b101110 ,
b101110 (
b111110101110 *
b11111111111111111111111111101101 )
#4015
0-
b101111 %
b101111 ,
b101111 (
b111110101111 *
b11111111111111111111111111101110 )
#4016
1-
0.
0/
00
11
b110000 %
b110000 ,
b110000 (
b111110110000 *
b11111111111111111111111111101111 )
#4017
0-
b110001 %
b110001 ,
b110001 (
b111110110001 *
b11111111111111111111111111110000 )
#4018
1-
1.
b110010 %
b110010 ,
b110010 (
b111110110010 *
b11111111111111111111111111110001 )
#4019
0-
b110011 %
b110011 ,
b110011 (
b111110110011 *
b11111111111111111111111111110010 )
#4020
1-
0.
1/
b110100 %
b110100 ,
b110100 (
b111110110100 *
b11111111111111111111111111110011 )
#4021
0-
b110101 %
b110101 ,
b110101 (
b111110110101 *
b11111111111111111111111111110100 )
#4022
1-
1.
b110110 %
b110110 ,
b110110 (
b111110110110 *
b11111111111111111111111111110101 )
#4023
0-
b110111 %
b110111 ,
b110111 (
b111110110111 *
b11111111111111111111111111110110 )
#4024
15
1-
0.
0/
10
b111000 %
b111000 ,
b111000 (
b111110111000 *
b11111111111111111111111111110111 )
#4025
0-
b111001 %
b111001 ,
b111001 (
b111110111001 *
b11111111111111111111111111111000 )
#4026
1-
1.
b111010 %
b111010 ,
b111010 (
b111110111010 *
b11111111111111111111111111111001 )
#4027
0-
b111011 %
b111011 ,
b111011 (
b111110111011 *
b11111111111111111111111111111010 )
#4028
14
1-
0.
1/
b111100 %
b111100 ,
b111100 (
b111110111100 *
b11111111111111111111111111111011 )
#4029
0-
b111101 %
b111101 ,
b111101 (
b111110111101 *
b11111111111111111111111111111100 )
#4030
0"
17
1#
16
13
1-
1.
b111110 %
b111110 ,
b111110 (
b111110111110 *
b11111111111111111111111111111101 )
#4031
0#
06
1!
18
1B
1D
1E
0-
1G
b111111 %
b111111 ,
b111111 (
b111110111111 *
b11111111111111111111111111111110 )
#4032
0D
03
04
05
0B
1@
0E
0.
0/
00
01
02
0A
1?
0G
0:
b0 %
b0 ,
b111111 $
b111111 +
b111111 &
b0 (
b111111000000 *
b11111111111111111111111111111111 )
#4033
1-
b1 %
b1 ,
b1 (
b111111000001 *
b0 )
b11111111111111111111111111111111 '
#4034
0-
1.
b10 %
b10 ,
b10 (
b111111000010 *
b1 )
#4035
1-
b11 %
b11 ,
b11 (
b111111000011 *
b10 )
#4036
0-
0.
1/
b100 %
b100 ,
b100 (
b111111000100 *
b11 )
#4037
1-
b101 %
b101 ,
b101 (
b111111000101 *
b100 )
#4038
0-
1.
b110 %
b110 ,
b110 (
b111111000110 *
b101 )
#4039
1-
b111 %
b111 ,
b111 (
b111111000111 *
b110 )
#4040
0-
0.
0/
10
b1000 %
b1000 ,
b1000 (
b111111001000 *
b111 )
#4041
1-
b1001 %
b1001 ,
b1001 (
b111111001001 *
b1000 )
#4042
0-
1.
b1010 %
b1010 ,
b1010 (
b111111001010 *
b1001 )
#4043
1-
b1011 %
b1011 ,
b1011 (
b111111001011 *
b1010 )
#4044
0-
0.
1/
b1100 %
b1100 ,
b1100 (
b111111001100 *
b1011 )
#4045
1-
b1101 %
b1101 ,
b1101 (
b111111001101 *
b1100 )
#4046
0-
1.
b1110 %
b1110 ,
b1110 (
b111111001110 *
b1101 )
#4047
1-
b1111 %
b1111 ,
b1111 (
b111111001111 *
b1110 )
#4048
0-
0.
0/
00
11
b10000 %
b10000 ,
b10000 (
b111111010000 *
b1111 )
#4049
1-
b10001 %
b10001 ,
b10001 (
b111111010001 *
b10000 )
#4050
0-
1.
b10010 %
b10010 ,
b10010 (
b111111010010 *
b10001 )
#4051
1-
b10011 %
b10011 ,
b10011 (
b111111010011 *
b10010 )
#4052
0-
0.
1/
b10100 %
b10100 ,
b10100 (
b111111010100 *
b10011 )
#4053
1-
b10101 %
b10101 ,
b10101 (
b111111010101 *
b10100 )
#4054
0-
1.
b10110 %
b10110 ,
b10110 (
b111111010110 *
b10101 )
#4055
1-
b10111 %
b10111 ,
b10111 (
b111111010111 *
b10110 )
#4056
15
0-
0.
0/
10
b11000 %
b11000 ,
b11000 (
b111111011000 *
b10111 )
#4057
1-
b11001 %
b11001 ,
b11001 (
b111111011001 *
b11000 )
#4058
0-
1.
b11010 %
b11010 ,
b11010 (
b111111011010 *
b11001 )
#4059
1-
b11011 %
b11011 ,
b11011 (
b111111011011 *
b11010 )
#4060
14
0-
0.
1/
b11100 %
b11100 ,
b11100 (
b111111011100 *
b11011 )
#4061
1-
b11101 %
b11101 ,
b11101 (
b111111011101 *
b11100 )
#4062
13
0-
1.
b11110 %
b11110 ,
b11110 (
b111111011110 *
b11101 )
#4063
1-
b11111 %
b11111 ,
b11111 (
b111111011111 *
b11110 )
#4064
1"
07
0!
08
03
04
05
0#
06
0@
0-
0.
0/
00
01
12
1A
0?
b100000 %
b100000 ,
b100000 (
b111111100000 *
b11111 )
#4065
1-
b100001 %
b100001 ,
b100001 (
b111111100001 *
b11111111111111111111111111100000 )
#4066
0-
1.
b100010 %
b100010 ,
b100010 (
b111111100010 *
b11111111111111111111111111100001 )
#4067
1-
b100011 %
b100011 ,
b100011 (
b111111100011 *
b11111111111111111111111111100010 )
#4068
0-
0.
1/
b100100 %
b100100 ,
b100100 (
b111111100100 *
b11111111111111111111111111100011 )
#4069
1-
b100101 %
b100101 ,
b100101 (
b111111100101 *
b11111111111111111111111111100100 )
#4070
0-
1.
b100110 %
b100110 ,
b100110 (
b111111100110 *
b11111111111111111111111111100101 )
#4071
1-
b100111 %
b100111 ,
b100111 (
b111111100111 *
b11111111111111111111111111100110 )
#4072
0-
0.
0/
10
b101000 %
b101000 ,
b101000 (
b111111101000 *
b11111111111111111111111111100111 )
#4073
1-
b101001 %
b101001 ,
b101001 (
b111111101001 *
b11111111111111111111111111101000 )
#4074
0-
1.
b101010 %
b101010 ,
b101010 (
b111111101010 *
b11111111111111111111111111101001 )
#4075
1-
b101011 %
b101011 ,
b101011 (
b111111101011 *
b11111111111111111111111111101010 )
#4076
0-
0.
1/
b101100 %
b101100 ,
b101100 (
b111111101100 *
b11111111111111111111111111101011 )
#4077
1-
b101101 %
b101101 ,
b101101 (
b111111101101 *
b11111111111111111111111111101100 )
#4078
0-
1.
b101110 %
b101110 ,
b101110 (
b111111101110 *
b11111111111111111111111111101101 )
#4079
1-
b101111 %
b101111 ,
b101111 (
b111111101111 *
b11111111111111111111111111101110 )
#4080
1"
07
0#
06
0-
0.
0/
00
11
b110000 %
b110000 ,
b110000 (
b111111110000 *
b11111111111111111111111111101111 )
#4081
1-
b110001 %
b110001 ,
b110001 (
b111111110001 *
b11111111111111111111111111110000 )
#4082
0-
1.
b110010 %
b110010 ,
b110010 (
b111111110010 *
b11111111111111111111111111110001 )
#4083
1-
b110011 %
b110011 ,
b110011 (
b111111110011 *
b11111111111111111111111111110010 )
#4084
0-
0.
1/
b110100 %
b110100 ,
b110100 (
b111111110100 *
b11111111111111111111111111110011 )
#4085
1-
b110101 %
b110101 ,
b110101 (
b111111110101 *
b11111111111111111111111111110100 )
#4086
0-
1.
b110110 %
b110110 ,
b110110 (
b111111110110 *
b11111111111111111111111111110101 )
#4087
1-
b110111 %
b110111 ,
b110111 (
b111111110111 *
b11111111111111111111111111110110 )
#4088
1"
07
0#
06
15
0-
0.
0/
10
b111000 %
b111000 ,
b111000 (
b111111111000 *
b11111111111111111111111111110111 )
#4089
1-
b111001 %
b111001 ,
b111001 (
b111111111001 *
b11111111111111111111111111111000 )
#4090
0-
1.
b111010 %
b111010 ,
b111010 (
b111111111010 *
b11111111111111111111111111111001 )
#4091
1-
b111011 %
b111011 ,
b111011 (
b111111111011 *
b11111111111111111111111111111010 )
#4092
14
0-
0.
1/
b111100 %
b111100 ,
b111100 (
b111111111100 *
b11111111111111111111111111111011 )
#4093
1-
b111101 %
b111101 ,
b111101 (
b111111111101 *
b11111111111111111111111111111100 )
#4094
1"
07
0#
06
13
0-
1.
b111110 %
b111110 ,
b111110 (
b111111111110 *
b11111111111111111111111111111101 )
#4095
0"
17
1#
16
1-
b111111 %
b111111 ,
b111111 (
b111111111111 *
b11111111111111111111111111111110 )
#4096
b1000000 &
b1000000 (
b1000000000000 *
b11111111111111111111111111111111 )
