$date
	Wed Sep 30 02:06:34 2026
$end
$version
	Icarus Verilog
$end
$timescale
	1s
$end
$scope module tb_logica_5bit $end
$var wire 6 ! XOR6 [5:0] $end
$var wire 6 " AND6 [5:0] $end
$var reg 5 # A_SM [4:0] $end
$var reg 5 $ B_SM [4:0] $end
$var reg 6 % expected_and [5:0] $end
$var reg 6 & expected_xor [5:0] $end
$var reg 5 ' ref_and [4:0] $end
$var reg 5 ( ref_xor [4:0] $end
$var integer 32 ) ai [31:0] $end
$var integer 32 * bi [31:0] $end
$var integer 32 + tested [31:0] $end
$scope module dut $end
$var wire 6 , AND6 [5:0] $end
$var wire 5 - A_SM [4:0] $end
$var wire 5 . B_SM [4:0] $end
$var wire 6 / XOR6 [5:0] $end
$var wire 6 0 XOR_ALTERA_SYNTHESIZED6 [5:0] $end
$var wire 6 1 AND_ALTERA_SYNTHESIZED6 [5:0] $end
$upscope $end
$upscope $end
$enddefinitions $end
$comment Show the parameter values. $end
$dumpall
$end
#0
$dumpvars
b0 1
b0 0
b0 /
b0 .
b0 -
b0 ,
b0 +
b0 *
b0 )
bx (
bx '
bx &
bx %
b0 $
b0 #
b0 "
b0 !
$end
#1
b1 !
b1 /
b1 0
b1 $
b1 .
b1 *
b1 +
b0 &
b0 %
b0 (
b0 '
#2
b10 !
b10 /
b10 0
b10 $
b10 .
b10 *
b10 +
b1 &
b1 (
#3
b11 !
b11 /
b11 0
b11 $
b11 .
b11 *
b11 +
b10 &
b10 (
#4
b100 !
b100 /
b100 0
b100 $
b100 .
b100 *
b100 +
b11 &
b11 (
#5
b101 !
b101 /
b101 0
b101 $
b101 .
b101 *
b101 +
b100 &
b100 (
#6
b110 !
b110 /
b110 0
b110 $
b110 .
b110 *
b110 +
b101 &
b101 (
#7
b111 !
b111 /
b111 0
b111 $
b111 .
b111 *
b111 +
b110 &
b110 (
#8
b1000 !
b1000 /
b1000 0
b1000 $
b1000 .
b1000 *
b1000 +
b111 &
b111 (
#9
b1001 !
b1001 /
b1001 0
b1001 $
b1001 .
b1001 *
b1001 +
b1000 &
b1000 (
#10
b1010 !
b1010 /
b1010 0
b1010 $
b1010 .
b1010 *
b1010 +
b1001 &
b1001 (
#11
b1011 !
b1011 /
b1011 0
b1011 $
b1011 .
b1011 *
b1011 +
b1010 &
b1010 (
#12
b1100 !
b1100 /
b1100 0
b1100 $
b1100 .
b1100 *
b1100 +
b1011 &
b1011 (
#13
b1101 !
b1101 /
b1101 0
b1101 $
b1101 .
b1101 *
b1101 +
b1100 &
b1100 (
#14
b1110 !
b1110 /
b1110 0
b1110 $
b1110 .
b1110 *
b1110 +
b1101 &
b1101 (
#15
b1111 !
b1111 /
b1111 0
b1111 $
b1111 .
b1111 *
b1111 +
b1110 &
b1110 (
#16
b100000 !
b100000 /
b100000 0
b10000 $
b10000 .
b10000 *
b10000 +
b1111 &
b1111 (
#17
b100001 !
b100001 /
b100001 0
b10001 $
b10001 .
b10001 *
b10001 +
b100000 &
b10000 (
#18
b100010 !
b100010 /
b100010 0
b10010 $
b10010 .
b10010 *
b10010 +
b100001 &
b10001 (
#19
b100011 !
b100011 /
b100011 0
b10011 $
b10011 .
b10011 *
b10011 +
b100010 &
b10010 (
#20
b100100 !
b100100 /
b100100 0
b10100 $
b10100 .
b10100 *
b10100 +
b100011 &
b10011 (
#21
b100101 !
b100101 /
b100101 0
b10101 $
b10101 .
b10101 *
b10101 +
b100100 &
b10100 (
#22
b100110 !
b100110 /
b100110 0
b10110 $
b10110 .
b10110 *
b10110 +
b100101 &
b10101 (
#23
b100111 !
b100111 /
b100111 0
b10111 $
b10111 .
b10111 *
b10111 +
b100110 &
b10110 (
#24
b101000 !
b101000 /
b101000 0
b11000 $
b11000 .
b11000 *
b11000 +
b100111 &
b10111 (
#25
b101001 !
b101001 /
b101001 0
b11001 $
b11001 .
b11001 *
b11001 +
b101000 &
b11000 (
#26
b101010 !
b101010 /
b101010 0
b11010 $
b11010 .
b11010 *
b11010 +
b101001 &
b11001 (
#27
b101011 !
b101011 /
b101011 0
b11011 $
b11011 .
b11011 *
b11011 +
b101010 &
b11010 (
#28
b101100 !
b101100 /
b101100 0
b11100 $
b11100 .
b11100 *
b11100 +
b101011 &
b11011 (
#29
b101101 !
b101101 /
b101101 0
b11101 $
b11101 .
b11101 *
b11101 +
b101100 &
b11100 (
#30
b101110 !
b101110 /
b101110 0
b11110 $
b11110 .
b11110 *
b11110 +
b101101 &
b11101 (
#31
b101111 !
b101111 /
b101111 0
b11111 $
b11111 .
b11111 *
b11111 +
b101110 &
b11110 (
#32
b1 !
b1 /
b1 0
b0 $
b0 .
b1 #
b1 -
b1 )
b0 *
b100000 +
b101111 &
b11111 (
#33
b1 "
b1 ,
b1 1
b0 !
b0 /
b0 0
b1 $
b1 .
b1 *
b100001 +
b1 &
b1 (
#34
b0 "
b0 ,
b0 1
b11 !
b11 /
b11 0
b10 $
b10 .
b10 *
b100010 +
b0 &
b1 %
b0 (
b1 '
#35
b1 "
b1 ,
b1 1
b10 !
b10 /
b10 0
b11 $
b11 .
b11 *
b100011 +
b11 &
b0 %
b11 (
b0 '
#36
b0 "
b0 ,
b0 1
b101 !
b101 /
b101 0
b100 $
b100 .
b100 *
b100100 +
b10 &
b1 %
b10 (
b1 '
#37
b1 "
b1 ,
b1 1
b100 !
b100 /
b100 0
b101 $
b101 .
b101 *
b100101 +
b101 &
b0 %
b101 (
b0 '
#38
b0 "
b0 ,
b0 1
b111 !
b111 /
b111 0
b110 $
b110 .
b110 *
b100110 +
b100 &
b1 %
b100 (
b1 '
#39
b1 "
b1 ,
b1 1
b110 !
b110 /
b110 0
b111 $
b111 .
b111 *
b100111 +
b111 &
b0 %
b111 (
b0 '
#40
b0 "
b0 ,
b0 1
b1001 !
b1001 /
b1001 0
b1000 $
b1000 .
b1000 *
b101000 +
b110 &
b1 %
b110 (
b1 '
#41
b1 "
b1 ,
b1 1
b1000 !
b1000 /
b1000 0
b1001 $
b1001 .
b1001 *
b101001 +
b1001 &
b0 %
b1001 (
b0 '
#42
b0 "
b0 ,
b0 1
b1011 !
b1011 /
b1011 0
b1010 $
b1010 .
b1010 *
b101010 +
b1000 &
b1 %
b1000 (
b1 '
#43
b1 "
b1 ,
b1 1
b1010 !
b1010 /
b1010 0
b1011 $
b1011 .
b1011 *
b101011 +
b1011 &
b0 %
b1011 (
b0 '
#44
b0 "
b0 ,
b0 1
b1101 !
b1101 /
b1101 0
b1100 $
b1100 .
b1100 *
b101100 +
b1010 &
b1 %
b1010 (
b1 '
#45
b1 "
b1 ,
b1 1
b1100 !
b1100 /
b1100 0
b1101 $
b1101 .
b1101 *
b101101 +
b1101 &
b0 %
b1101 (
b0 '
#46
b0 "
b0 ,
b0 1
b1111 !
b1111 /
b1111 0
b1110 $
b1110 .
b1110 *
b101110 +
b1100 &
b1 %
b1100 (
b1 '
#47
b1 "
b1 ,
b1 1
b1110 !
b1110 /
b1110 0
b1111 $
b1111 .
b1111 *
b101111 +
b1111 &
b0 %
b1111 (
b0 '
#48
b0 "
b0 ,
b0 1
b100001 !
b100001 /
b100001 0
b10000 $
b10000 .
b10000 *
b110000 +
b1110 &
b1 %
b1110 (
b1 '
#49
b1 "
b1 ,
b1 1
b100000 !
b100000 /
b100000 0
b10001 $
b10001 .
b10001 *
b110001 +
b100001 &
b0 %
b10001 (
b0 '
#50
b0 "
b0 ,
b0 1
b100011 !
b100011 /
b100011 0
b10010 $
b10010 .
b10010 *
b110010 +
b100000 &
b1 %
b10000 (
b1 '
#51
b1 "
b1 ,
b1 1
b100010 !
b100010 /
b100010 0
b10011 $
b10011 .
b10011 *
b110011 +
b100011 &
b0 %
b10011 (
b0 '
#52
b0 "
b0 ,
b0 1
b100101 !
b100101 /
b100101 0
b10100 $
b10100 .
b10100 *
b110100 +
b100010 &
b1 %
b10010 (
b1 '
#53
b1 "
b1 ,
b1 1
b100100 !
b100100 /
b100100 0
b10101 $
b10101 .
b10101 *
b110101 +
b100101 &
b0 %
b10101 (
b0 '
#54
b0 "
b0 ,
b0 1
b100111 !
b100111 /
b100111 0
b10110 $
b10110 .
b10110 *
b110110 +
b100100 &
b1 %
b10100 (
b1 '
#55
b1 "
b1 ,
b1 1
b100110 !
b100110 /
b100110 0
b10111 $
b10111 .
b10111 *
b110111 +
b100111 &
b0 %
b10111 (
b0 '
#56
b0 "
b0 ,
b0 1
b101001 !
b101001 /
b101001 0
b11000 $
b11000 .
b11000 *
b111000 +
b100110 &
b1 %
b10110 (
b1 '
#57
b1 "
b1 ,
b1 1
b101000 !
b101000 /
b101000 0
b11001 $
b11001 .
b11001 *
b111001 +
b101001 &
b0 %
b11001 (
b0 '
#58
b0 "
b0 ,
b0 1
b101011 !
b101011 /
b101011 0
b11010 $
b11010 .
b11010 *
b111010 +
b101000 &
b1 %
b11000 (
b1 '
#59
b1 "
b1 ,
b1 1
b101010 !
b101010 /
b101010 0
b11011 $
b11011 .
b11011 *
b111011 +
b101011 &
b0 %
b11011 (
b0 '
#60
b0 "
b0 ,
b0 1
b101101 !
b101101 /
b101101 0
b11100 $
b11100 .
b11100 *
b111100 +
b101010 &
b1 %
b11010 (
b1 '
#61
b1 "
b1 ,
b1 1
b101100 !
b101100 /
b101100 0
b11101 $
b11101 .
b11101 *
b111101 +
b101101 &
b0 %
b11101 (
b0 '
#62
b0 "
b0 ,
b0 1
b101111 !
b101111 /
b101111 0
b11110 $
b11110 .
b11110 *
b111110 +
b101100 &
b1 %
b11100 (
b1 '
#63
b1 "
b1 ,
b1 1
b101110 !
b101110 /
b101110 0
b11111 $
b11111 .
b11111 *
b111111 +
b101111 &
b0 %
b11111 (
b0 '
#64
b10 !
b10 /
b10 0
b0 "
b0 ,
b0 1
b0 $
b0 .
b10 #
b10 -
b10 )
b0 *
b1000000 +
b101110 &
b1 %
b11110 (
b1 '
#65
b11 !
b11 /
b11 0
b1 $
b1 .
b1 *
b1000001 +
b10 &
b0 %
b10 (
b0 '
#66
b10 "
b10 ,
b10 1
b0 !
b0 /
b0 0
b10 $
b10 .
b10 *
b1000010 +
b11 &
b11 (
#67
b1 !
b1 /
b1 0
b11 $
b11 .
b11 *
b1000011 +
b0 &
b10 %
b0 (
b10 '
#68
b0 "
b0 ,
b0 1
b110 !
b110 /
b110 0
b100 $
b100 .
b100 *
b1000100 +
b1 &
b1 (
#69
b111 !
b111 /
b111 0
b101 $
b101 .
b101 *
b1000101 +
b110 &
b0 %
b110 (
b0 '
#70
b10 "
b10 ,
b10 1
b100 !
b100 /
b100 0
b110 $
b110 .
b110 *
b1000110 +
b111 &
b111 (
#71
b101 !
b101 /
b101 0
b111 $
b111 .
b111 *
b1000111 +
b100 &
b10 %
b100 (
b10 '
#72
b0 "
b0 ,
b0 1
b1010 !
b1010 /
b1010 0
b1000 $
b1000 .
b1000 *
b1001000 +
b101 &
b101 (
#73
b1011 !
b1011 /
b1011 0
b1001 $
b1001 .
b1001 *
b1001001 +
b1010 &
b0 %
b1010 (
b0 '
#74
b10 "
b10 ,
b10 1
b1000 !
b1000 /
b1000 0
b1010 $
b1010 .
b1010 *
b1001010 +
b1011 &
b1011 (
#75
b1001 !
b1001 /
b1001 0
b1011 $
b1011 .
b1011 *
b1001011 +
b1000 &
b10 %
b1000 (
b10 '
#76
b0 "
b0 ,
b0 1
b1110 !
b1110 /
b1110 0
b1100 $
b1100 .
b1100 *
b1001100 +
b1001 &
b1001 (
#77
b1111 !
b1111 /
b1111 0
b1101 $
b1101 .
b1101 *
b1001101 +
b1110 &
b0 %
b1110 (
b0 '
#78
b10 "
b10 ,
b10 1
b1100 !
b1100 /
b1100 0
b1110 $
b1110 .
b1110 *
b1001110 +
b1111 &
b1111 (
#79
b1101 !
b1101 /
b1101 0
b1111 $
b1111 .
b1111 *
b1001111 +
b1100 &
b10 %
b1100 (
b10 '
#80
b0 "
b0 ,
b0 1
b100010 !
b100010 /
b100010 0
b10000 $
b10000 .
b10000 *
b1010000 +
b1101 &
b1101 (
#81
b100011 !
b100011 /
b100011 0
b10001 $
b10001 .
b10001 *
b1010001 +
b100010 &
b0 %
b10010 (
b0 '
#82
b10 "
b10 ,
b10 1
b100000 !
b100000 /
b100000 0
b10010 $
b10010 .
b10010 *
b1010010 +
b100011 &
b10011 (
#83
b100001 !
b100001 /
b100001 0
b10011 $
b10011 .
b10011 *
b1010011 +
b100000 &
b10 %
b10000 (
b10 '
#84
b0 "
b0 ,
b0 1
b100110 !
b100110 /
b100110 0
b10100 $
b10100 .
b10100 *
b1010100 +
b100001 &
b10001 (
#85
b100111 !
b100111 /
b100111 0
b10101 $
b10101 .
b10101 *
b1010101 +
b100110 &
b0 %
b10110 (
b0 '
#86
b10 "
b10 ,
b10 1
b100100 !
b100100 /
b100100 0
b10110 $
b10110 .
b10110 *
b1010110 +
b100111 &
b10111 (
#87
b100101 !
b100101 /
b100101 0
b10111 $
b10111 .
b10111 *
b1010111 +
b100100 &
b10 %
b10100 (
b10 '
#88
b0 "
b0 ,
b0 1
b101010 !
b101010 /
b101010 0
b11000 $
b11000 .
b11000 *
b1011000 +
b100101 &
b10101 (
#89
b101011 !
b101011 /
b101011 0
b11001 $
b11001 .
b11001 *
b1011001 +
b101010 &
b0 %
b11010 (
b0 '
#90
b10 "
b10 ,
b10 1
b101000 !
b101000 /
b101000 0
b11010 $
b11010 .
b11010 *
b1011010 +
b101011 &
b11011 (
#91
b101001 !
b101001 /
b101001 0
b11011 $
b11011 .
b11011 *
b1011011 +
b101000 &
b10 %
b11000 (
b10 '
#92
b0 "
b0 ,
b0 1
b101110 !
b101110 /
b101110 0
b11100 $
b11100 .
b11100 *
b1011100 +
b101001 &
b11001 (
#93
b101111 !
b101111 /
b101111 0
b11101 $
b11101 .
b11101 *
b1011101 +
b101110 &
b0 %
b11110 (
b0 '
#94
b10 "
b10 ,
b10 1
b101100 !
b101100 /
b101100 0
b11110 $
b11110 .
b11110 *
b1011110 +
b101111 &
b11111 (
#95
b101101 !
b101101 /
b101101 0
b11111 $
b11111 .
b11111 *
b1011111 +
b101100 &
b10 %
b11100 (
b10 '
#96
b0 "
b0 ,
b0 1
b11 !
b11 /
b11 0
b0 $
b0 .
b11 #
b11 -
b11 )
b0 *
b1100000 +
b101101 &
b11101 (
#97
b1 "
b1 ,
b1 1
b10 !
b10 /
b10 0
b1 $
b1 .
b1 *
b1100001 +
b11 &
b0 %
b11 (
b0 '
#98
b10 "
b10 ,
b10 1
b1 !
b1 /
b1 0
b10 $
b10 .
b10 *
b1100010 +
b10 &
b1 %
b10 (
b1 '
#99
b11 "
b11 ,
b11 1
b0 !
b0 /
b0 0
b11 $
b11 .
b11 *
b1100011 +
b1 &
b10 %
b1 (
b10 '
#100
b0 "
b0 ,
b0 1
b111 !
b111 /
b111 0
b100 $
b100 .
b100 *
b1100100 +
b0 &
b11 %
b0 (
b11 '
#101
b1 "
b1 ,
b1 1
b110 !
b110 /
b110 0
b101 $
b101 .
b101 *
b1100101 +
b111 &
b0 %
b111 (
b0 '
#102
b10 "
b10 ,
b10 1
b101 !
b101 /
b101 0
b110 $
b110 .
b110 *
b1100110 +
b110 &
b1 %
b110 (
b1 '
#103
b11 "
b11 ,
b11 1
b100 !
b100 /
b100 0
b111 $
b111 .
b111 *
b1100111 +
b101 &
b10 %
b101 (
b10 '
#104
b0 "
b0 ,
b0 1
b1011 !
b1011 /
b1011 0
b1000 $
b1000 .
b1000 *
b1101000 +
b100 &
b11 %
b100 (
b11 '
#105
b1 "
b1 ,
b1 1
b1010 !
b1010 /
b1010 0
b1001 $
b1001 .
b1001 *
b1101001 +
b1011 &
b0 %
b1011 (
b0 '
#106
b10 "
b10 ,
b10 1
b1001 !
b1001 /
b1001 0
b1010 $
b1010 .
b1010 *
b1101010 +
b1010 &
b1 %
b1010 (
b1 '
#107
b11 "
b11 ,
b11 1
b1000 !
b1000 /
b1000 0
b1011 $
b1011 .
b1011 *
b1101011 +
b1001 &
b10 %
b1001 (
b10 '
#108
b0 "
b0 ,
b0 1
b1111 !
b1111 /
b1111 0
b1100 $
b1100 .
b1100 *
b1101100 +
b1000 &
b11 %
b1000 (
b11 '
#109
b1 "
b1 ,
b1 1
b1110 !
b1110 /
b1110 0
b1101 $
b1101 .
b1101 *
b1101101 +
b1111 &
b0 %
b1111 (
b0 '
#110
b10 "
b10 ,
b10 1
b1101 !
b1101 /
b1101 0
b1110 $
b1110 .
b1110 *
b1101110 +
b1110 &
b1 %
b1110 (
b1 '
#111
b11 "
b11 ,
b11 1
b1100 !
b1100 /
b1100 0
b1111 $
b1111 .
b1111 *
b1101111 +
b1101 &
b10 %
b1101 (
b10 '
#112
b0 "
b0 ,
b0 1
b100011 !
b100011 /
b100011 0
b10000 $
b10000 .
b10000 *
b1110000 +
b1100 &
b11 %
b1100 (
b11 '
#113
b1 "
b1 ,
b1 1
b100010 !
b100010 /
b100010 0
b10001 $
b10001 .
b10001 *
b1110001 +
b100011 &
b0 %
b10011 (
b0 '
#114
b10 "
b10 ,
b10 1
b100001 !
b100001 /
b100001 0
b10010 $
b10010 .
b10010 *
b1110010 +
b100010 &
b1 %
b10010 (
b1 '
#115
b11 "
b11 ,
b11 1
b100000 !
b100000 /
b100000 0
b10011 $
b10011 .
b10011 *
b1110011 +
b100001 &
b10 %
b10001 (
b10 '
#116
b0 "
b0 ,
b0 1
b100111 !
b100111 /
b100111 0
b10100 $
b10100 .
b10100 *
b1110100 +
b100000 &
b11 %
b10000 (
b11 '
#117
b1 "
b1 ,
b1 1
b100110 !
b100110 /
b100110 0
b10101 $
b10101 .
b10101 *
b1110101 +
b100111 &
b0 %
b10111 (
b0 '
#118
b10 "
b10 ,
b10 1
b100101 !
b100101 /
b100101 0
b10110 $
b10110 .
b10110 *
b1110110 +
b100110 &
b1 %
b10110 (
b1 '
#119
b11 "
b11 ,
b11 1
b100100 !
b100100 /
b100100 0
b10111 $
b10111 .
b10111 *
b1110111 +
b100101 &
b10 %
b10101 (
b10 '
#120
b0 "
b0 ,
b0 1
b101011 !
b101011 /
b101011 0
b11000 $
b11000 .
b11000 *
b1111000 +
b100100 &
b11 %
b10100 (
b11 '
#121
b1 "
b1 ,
b1 1
b101010 !
b101010 /
b101010 0
b11001 $
b11001 .
b11001 *
b1111001 +
b101011 &
b0 %
b11011 (
b0 '
#122
b10 "
b10 ,
b10 1
b101001 !
b101001 /
b101001 0
b11010 $
b11010 .
b11010 *
b1111010 +
b101010 &
b1 %
b11010 (
b1 '
#123
b11 "
b11 ,
b11 1
b101000 !
b101000 /
b101000 0
b11011 $
b11011 .
b11011 *
b1111011 +
b101001 &
b10 %
b11001 (
b10 '
#124
b0 "
b0 ,
b0 1
b101111 !
b101111 /
b101111 0
b11100 $
b11100 .
b11100 *
b1111100 +
b101000 &
b11 %
b11000 (
b11 '
#125
b1 "
b1 ,
b1 1
b101110 !
b101110 /
b101110 0
b11101 $
b11101 .
b11101 *
b1111101 +
b101111 &
b0 %
b11111 (
b0 '
#126
b10 "
b10 ,
b10 1
b101101 !
b101101 /
b101101 0
b11110 $
b11110 .
b11110 *
b1111110 +
b101110 &
b1 %
b11110 (
b1 '
#127
b11 "
b11 ,
b11 1
b101100 !
b101100 /
b101100 0
b11111 $
b11111 .
b11111 *
b1111111 +
b101101 &
b10 %
b11101 (
b10 '
#128
b100 !
b100 /
b100 0
b0 "
b0 ,
b0 1
b0 $
b0 .
b100 #
b100 -
b100 )
b0 *
b10000000 +
b101100 &
b11 %
b11100 (
b11 '
#129
b101 !
b101 /
b101 0
b1 $
b1 .
b1 *
b10000001 +
b100 &
b0 %
b100 (
b0 '
#130
b110 !
b110 /
b110 0
b10 $
b10 .
b10 *
b10000010 +
b101 &
b101 (
#131
b111 !
b111 /
b111 0
b11 $
b11 .
b11 *
b10000011 +
b110 &
b110 (
#132
b100 "
b100 ,
b100 1
b0 !
b0 /
b0 0
b100 $
b100 .
b100 *
b10000100 +
b111 &
b111 (
#133
b1 !
b1 /
b1 0
b101 $
b101 .
b101 *
b10000101 +
b0 &
b100 %
b0 (
b100 '
#134
b10 !
b10 /
b10 0
b110 $
b110 .
b110 *
b10000110 +
b1 &
b1 (
#135
b11 !
b11 /
b11 0
b111 $
b111 .
b111 *
b10000111 +
b10 &
b10 (
#136
b0 "
b0 ,
b0 1
b1100 !
b1100 /
b1100 0
b1000 $
b1000 .
b1000 *
b10001000 +
b11 &
b11 (
#137
b1101 !
b1101 /
b1101 0
b1001 $
b1001 .
b1001 *
b10001001 +
b1100 &
b0 %
b1100 (
b0 '
#138
b1110 !
b1110 /
b1110 0
b1010 $
b1010 .
b1010 *
b10001010 +
b1101 &
b1101 (
#139
b1111 !
b1111 /
b1111 0
b1011 $
b1011 .
b1011 *
b10001011 +
b1110 &
b1110 (
#140
b100 "
b100 ,
b100 1
b1000 !
b1000 /
b1000 0
b1100 $
b1100 .
b1100 *
b10001100 +
b1111 &
b1111 (
#141
b1001 !
b1001 /
b1001 0
b1101 $
b1101 .
b1101 *
b10001101 +
b1000 &
b100 %
b1000 (
b100 '
#142
b1010 !
b1010 /
b1010 0
b1110 $
b1110 .
b1110 *
b10001110 +
b1001 &
b1001 (
#143
b1011 !
b1011 /
b1011 0
b1111 $
b1111 .
b1111 *
b10001111 +
b1010 &
b1010 (
#144
b0 "
b0 ,
b0 1
b100100 !
b100100 /
b100100 0
b10000 $
b10000 .
b10000 *
b10010000 +
b1011 &
b1011 (
#145
b100101 !
b100101 /
b100101 0
b10001 $
b10001 .
b10001 *
b10010001 +
b100100 &
b0 %
b10100 (
b0 '
#146
b100110 !
b100110 /
b100110 0
b10010 $
b10010 .
b10010 *
b10010010 +
b100101 &
b10101 (
#147
b100111 !
b100111 /
b100111 0
b10011 $
b10011 .
b10011 *
b10010011 +
b100110 &
b10110 (
#148
b100 "
b100 ,
b100 1
b100000 !
b100000 /
b100000 0
b10100 $
b10100 .
b10100 *
b10010100 +
b100111 &
b10111 (
#149
b100001 !
b100001 /
b100001 0
b10101 $
b10101 .
b10101 *
b10010101 +
b100000 &
b100 %
b10000 (
b100 '
#150
b100010 !
b100010 /
b100010 0
b10110 $
b10110 .
b10110 *
b10010110 +
b100001 &
b10001 (
#151
b100011 !
b100011 /
b100011 0
b10111 $
b10111 .
b10111 *
b10010111 +
b100010 &
b10010 (
#152
b0 "
b0 ,
b0 1
b101100 !
b101100 /
b101100 0
b11000 $
b11000 .
b11000 *
b10011000 +
b100011 &
b10011 (
#153
b101101 !
b101101 /
b101101 0
b11001 $
b11001 .
b11001 *
b10011001 +
b101100 &
b0 %
b11100 (
b0 '
#154
b101110 !
b101110 /
b101110 0
b11010 $
b11010 .
b11010 *
b10011010 +
b101101 &
b11101 (
#155
b101111 !
b101111 /
b101111 0
b11011 $
b11011 .
b11011 *
b10011011 +
b101110 &
b11110 (
#156
b100 "
b100 ,
b100 1
b101000 !
b101000 /
b101000 0
b11100 $
b11100 .
b11100 *
b10011100 +
b101111 &
b11111 (
#157
b101001 !
b101001 /
b101001 0
b11101 $
b11101 .
b11101 *
b10011101 +
b101000 &
b100 %
b11000 (
b100 '
#158
b101010 !
b101010 /
b101010 0
b11110 $
b11110 .
b11110 *
b10011110 +
b101001 &
b11001 (
#159
b101011 !
b101011 /
b101011 0
b11111 $
b11111 .
b11111 *
b10011111 +
b101010 &
b11010 (
#160
b0 "
b0 ,
b0 1
b101 !
b101 /
b101 0
b0 $
b0 .
b101 #
b101 -
b101 )
b0 *
b10100000 +
b101011 &
b11011 (
#161
b1 "
b1 ,
b1 1
b100 !
b100 /
b100 0
b1 $
b1 .
b1 *
b10100001 +
b101 &
b0 %
b101 (
b0 '
#162
b0 "
b0 ,
b0 1
b111 !
b111 /
b111 0
b10 $
b10 .
b10 *
b10100010 +
b100 &
b1 %
b100 (
b1 '
#163
b1 "
b1 ,
b1 1
b110 !
b110 /
b110 0
b11 $
b11 .
b11 *
b10100011 +
b111 &
b0 %
b111 (
b0 '
#164
b100 "
b100 ,
b100 1
b1 !
b1 /
b1 0
b100 $
b100 .
b100 *
b10100100 +
b110 &
b1 %
b110 (
b1 '
#165
b101 "
b101 ,
b101 1
b0 !
b0 /
b0 0
b101 $
b101 .
b101 *
b10100101 +
b1 &
b100 %
b1 (
b100 '
#166
b100 "
b100 ,
b100 1
b11 !
b11 /
b11 0
b110 $
b110 .
b110 *
b10100110 +
b0 &
b101 %
b0 (
b101 '
#167
b101 "
b101 ,
b101 1
b10 !
b10 /
b10 0
b111 $
b111 .
b111 *
b10100111 +
b11 &
b100 %
b11 (
b100 '
#168
b0 "
b0 ,
b0 1
b1101 !
b1101 /
b1101 0
b1000 $
b1000 .
b1000 *
b10101000 +
b10 &
b101 %
b10 (
b101 '
#169
b1 "
b1 ,
b1 1
b1100 !
b1100 /
b1100 0
b1001 $
b1001 .
b1001 *
b10101001 +
b1101 &
b0 %
b1101 (
b0 '
#170
b0 "
b0 ,
b0 1
b1111 !
b1111 /
b1111 0
b1010 $
b1010 .
b1010 *
b10101010 +
b1100 &
b1 %
b1100 (
b1 '
#171
b1 "
b1 ,
b1 1
b1110 !
b1110 /
b1110 0
b1011 $
b1011 .
b1011 *
b10101011 +
b1111 &
b0 %
b1111 (
b0 '
#172
b100 "
b100 ,
b100 1
b1001 !
b1001 /
b1001 0
b1100 $
b1100 .
b1100 *
b10101100 +
b1110 &
b1 %
b1110 (
b1 '
#173
b101 "
b101 ,
b101 1
b1000 !
b1000 /
b1000 0
b1101 $
b1101 .
b1101 *
b10101101 +
b1001 &
b100 %
b1001 (
b100 '
#174
b100 "
b100 ,
b100 1
b1011 !
b1011 /
b1011 0
b1110 $
b1110 .
b1110 *
b10101110 +
b1000 &
b101 %
b1000 (
b101 '
#175
b101 "
b101 ,
b101 1
b1010 !
b1010 /
b1010 0
b1111 $
b1111 .
b1111 *
b10101111 +
b1011 &
b100 %
b1011 (
b100 '
#176
b0 "
b0 ,
b0 1
b100101 !
b100101 /
b100101 0
b10000 $
b10000 .
b10000 *
b10110000 +
b1010 &
b101 %
b1010 (
b101 '
#177
b1 "
b1 ,
b1 1
b100100 !
b100100 /
b100100 0
b10001 $
b10001 .
b10001 *
b10110001 +
b100101 &
b0 %
b10101 (
b0 '
#178
b0 "
b0 ,
b0 1
b100111 !
b100111 /
b100111 0
b10010 $
b10010 .
b10010 *
b10110010 +
b100100 &
b1 %
b10100 (
b1 '
#179
b1 "
b1 ,
b1 1
b100110 !
b100110 /
b100110 0
b10011 $
b10011 .
b10011 *
b10110011 +
b100111 &
b0 %
b10111 (
b0 '
#180
b100 "
b100 ,
b100 1
b100001 !
b100001 /
b100001 0
b10100 $
b10100 .
b10100 *
b10110100 +
b100110 &
b1 %
b10110 (
b1 '
#181
b101 "
b101 ,
b101 1
b100000 !
b100000 /
b100000 0
b10101 $
b10101 .
b10101 *
b10110101 +
b100001 &
b100 %
b10001 (
b100 '
#182
b100 "
b100 ,
b100 1
b100011 !
b100011 /
b100011 0
b10110 $
b10110 .
b10110 *
b10110110 +
b100000 &
b101 %
b10000 (
b101 '
#183
b101 "
b101 ,
b101 1
b100010 !
b100010 /
b100010 0
b10111 $
b10111 .
b10111 *
b10110111 +
b100011 &
b100 %
b10011 (
b100 '
#184
b0 "
b0 ,
b0 1
b101101 !
b101101 /
b101101 0
b11000 $
b11000 .
b11000 *
b10111000 +
b100010 &
b101 %
b10010 (
b101 '
#185
b1 "
b1 ,
b1 1
b101100 !
b101100 /
b101100 0
b11001 $
b11001 .
b11001 *
b10111001 +
b101101 &
b0 %
b11101 (
b0 '
#186
b0 "
b0 ,
b0 1
b101111 !
b101111 /
b101111 0
b11010 $
b11010 .
b11010 *
b10111010 +
b101100 &
b1 %
b11100 (
b1 '
#187
b1 "
b1 ,
b1 1
b101110 !
b101110 /
b101110 0
b11011 $
b11011 .
b11011 *
b10111011 +
b101111 &
b0 %
b11111 (
b0 '
#188
b100 "
b100 ,
b100 1
b101001 !
b101001 /
b101001 0
b11100 $
b11100 .
b11100 *
b10111100 +
b101110 &
b1 %
b11110 (
b1 '
#189
b101 "
b101 ,
b101 1
b101000 !
b101000 /
b101000 0
b11101 $
b11101 .
b11101 *
b10111101 +
b101001 &
b100 %
b11001 (
b100 '
#190
b100 "
b100 ,
b100 1
b101011 !
b101011 /
b101011 0
b11110 $
b11110 .
b11110 *
b10111110 +
b101000 &
b101 %
b11000 (
b101 '
#191
b101 "
b101 ,
b101 1
b101010 !
b101010 /
b101010 0
b11111 $
b11111 .
b11111 *
b10111111 +
b101011 &
b100 %
b11011 (
b100 '
#192
b110 !
b110 /
b110 0
b0 "
b0 ,
b0 1
b0 $
b0 .
b110 #
b110 -
b110 )
b0 *
b11000000 +
b101010 &
b101 %
b11010 (
b101 '
#193
b111 !
b111 /
b111 0
b1 $
b1 .
b1 *
b11000001 +
b110 &
b0 %
b110 (
b0 '
#194
b10 "
b10 ,
b10 1
b100 !
b100 /
b100 0
b10 $
b10 .
b10 *
b11000010 +
b111 &
b111 (
#195
b101 !
b101 /
b101 0
b11 $
b11 .
b11 *
b11000011 +
b100 &
b10 %
b100 (
b10 '
#196
b100 "
b100 ,
b100 1
b10 !
b10 /
b10 0
b100 $
b100 .
b100 *
b11000100 +
b101 &
b101 (
#197
b11 !
b11 /
b11 0
b101 $
b101 .
b101 *
b11000101 +
b10 &
b100 %
b10 (
b100 '
#198
b110 "
b110 ,
b110 1
b0 !
b0 /
b0 0
b110 $
b110 .
b110 *
b11000110 +
b11 &
b11 (
#199
b1 !
b1 /
b1 0
b111 $
b111 .
b111 *
b11000111 +
b0 &
b110 %
b0 (
b110 '
#200
b0 "
b0 ,
b0 1
b1110 !
b1110 /
b1110 0
b1000 $
b1000 .
b1000 *
b11001000 +
b1 &
b1 (
#201
b1111 !
b1111 /
b1111 0
b1001 $
b1001 .
b1001 *
b11001001 +
b1110 &
b0 %
b1110 (
b0 '
#202
b10 "
b10 ,
b10 1
b1100 !
b1100 /
b1100 0
b1010 $
b1010 .
b1010 *
b11001010 +
b1111 &
b1111 (
#203
b1101 !
b1101 /
b1101 0
b1011 $
b1011 .
b1011 *
b11001011 +
b1100 &
b10 %
b1100 (
b10 '
#204
b100 "
b100 ,
b100 1
b1010 !
b1010 /
b1010 0
b1100 $
b1100 .
b1100 *
b11001100 +
b1101 &
b1101 (
#205
b1011 !
b1011 /
b1011 0
b1101 $
b1101 .
b1101 *
b11001101 +
b1010 &
b100 %
b1010 (
b100 '
#206
b110 "
b110 ,
b110 1
b1000 !
b1000 /
b1000 0
b1110 $
b1110 .
b1110 *
b11001110 +
b1011 &
b1011 (
#207
b1001 !
b1001 /
b1001 0
b1111 $
b1111 .
b1111 *
b11001111 +
b1000 &
b110 %
b1000 (
b110 '
#208
b0 "
b0 ,
b0 1
b100110 !
b100110 /
b100110 0
b10000 $
b10000 .
b10000 *
b11010000 +
b1001 &
b1001 (
#209
b100111 !
b100111 /
b100111 0
b10001 $
b10001 .
b10001 *
b11010001 +
b100110 &
b0 %
b10110 (
b0 '
#210
b10 "
b10 ,
b10 1
b100100 !
b100100 /
b100100 0
b10010 $
b10010 .
b10010 *
b11010010 +
b100111 &
b10111 (
#211
b100101 !
b100101 /
b100101 0
b10011 $
b10011 .
b10011 *
b11010011 +
b100100 &
b10 %
b10100 (
b10 '
#212
b100 "
b100 ,
b100 1
b100010 !
b100010 /
b100010 0
b10100 $
b10100 .
b10100 *
b11010100 +
b100101 &
b10101 (
#213
b100011 !
b100011 /
b100011 0
b10101 $
b10101 .
b10101 *
b11010101 +
b100010 &
b100 %
b10010 (
b100 '
#214
b110 "
b110 ,
b110 1
b100000 !
b100000 /
b100000 0
b10110 $
b10110 .
b10110 *
b11010110 +
b100011 &
b10011 (
#215
b100001 !
b100001 /
b100001 0
b10111 $
b10111 .
b10111 *
b11010111 +
b100000 &
b110 %
b10000 (
b110 '
#216
b0 "
b0 ,
b0 1
b101110 !
b101110 /
b101110 0
b11000 $
b11000 .
b11000 *
b11011000 +
b100001 &
b10001 (
#217
b101111 !
b101111 /
b101111 0
b11001 $
b11001 .
b11001 *
b11011001 +
b101110 &
b0 %
b11110 (
b0 '
#218
b10 "
b10 ,
b10 1
b101100 !
b101100 /
b101100 0
b11010 $
b11010 .
b11010 *
b11011010 +
b101111 &
b11111 (
#219
b101101 !
b101101 /
b101101 0
b11011 $
b11011 .
b11011 *
b11011011 +
b101100 &
b10 %
b11100 (
b10 '
#220
b100 "
b100 ,
b100 1
b101010 !
b101010 /
b101010 0
b11100 $
b11100 .
b11100 *
b11011100 +
b101101 &
b11101 (
#221
b101011 !
b101011 /
b101011 0
b11101 $
b11101 .
b11101 *
b11011101 +
b101010 &
b100 %
b11010 (
b100 '
#222
b110 "
b110 ,
b110 1
b101000 !
b101000 /
b101000 0
b11110 $
b11110 .
b11110 *
b11011110 +
b101011 &
b11011 (
#223
b101001 !
b101001 /
b101001 0
b11111 $
b11111 .
b11111 *
b11011111 +
b101000 &
b110 %
b11000 (
b110 '
#224
b0 "
b0 ,
b0 1
b111 !
b111 /
b111 0
b0 $
b0 .
b111 #
b111 -
b111 )
b0 *
b11100000 +
b101001 &
b11001 (
#225
b1 "
b1 ,
b1 1
b110 !
b110 /
b110 0
b1 $
b1 .
b1 *
b11100001 +
b111 &
b0 %
b111 (
b0 '
#226
b10 "
b10 ,
b10 1
b101 !
b101 /
b101 0
b10 $
b10 .
b10 *
b11100010 +
b110 &
b1 %
b110 (
b1 '
#227
b11 "
b11 ,
b11 1
b100 !
b100 /
b100 0
b11 $
b11 .
b11 *
b11100011 +
b101 &
b10 %
b101 (
b10 '
#228
b100 "
b100 ,
b100 1
b11 !
b11 /
b11 0
b100 $
b100 .
b100 *
b11100100 +
b100 &
b11 %
b100 (
b11 '
#229
b101 "
b101 ,
b101 1
b10 !
b10 /
b10 0
b101 $
b101 .
b101 *
b11100101 +
b11 &
b100 %
b11 (
b100 '
#230
b110 "
b110 ,
b110 1
b1 !
b1 /
b1 0
b110 $
b110 .
b110 *
b11100110 +
b10 &
b101 %
b10 (
b101 '
#231
b111 "
b111 ,
b111 1
b0 !
b0 /
b0 0
b111 $
b111 .
b111 *
b11100111 +
b1 &
b110 %
b1 (
b110 '
#232
b0 "
b0 ,
b0 1
b1111 !
b1111 /
b1111 0
b1000 $
b1000 .
b1000 *
b11101000 +
b0 &
b111 %
b0 (
b111 '
#233
b1 "
b1 ,
b1 1
b1110 !
b1110 /
b1110 0
b1001 $
b1001 .
b1001 *
b11101001 +
b1111 &
b0 %
b1111 (
b0 '
#234
b10 "
b10 ,
b10 1
b1101 !
b1101 /
b1101 0
b1010 $
b1010 .
b1010 *
b11101010 +
b1110 &
b1 %
b1110 (
b1 '
#235
b11 "
b11 ,
b11 1
b1100 !
b1100 /
b1100 0
b1011 $
b1011 .
b1011 *
b11101011 +
b1101 &
b10 %
b1101 (
b10 '
#236
b100 "
b100 ,
b100 1
b1011 !
b1011 /
b1011 0
b1100 $
b1100 .
b1100 *
b11101100 +
b1100 &
b11 %
b1100 (
b11 '
#237
b101 "
b101 ,
b101 1
b1010 !
b1010 /
b1010 0
b1101 $
b1101 .
b1101 *
b11101101 +
b1011 &
b100 %
b1011 (
b100 '
#238
b110 "
b110 ,
b110 1
b1001 !
b1001 /
b1001 0
b1110 $
b1110 .
b1110 *
b11101110 +
b1010 &
b101 %
b1010 (
b101 '
#239
b111 "
b111 ,
b111 1
b1000 !
b1000 /
b1000 0
b1111 $
b1111 .
b1111 *
b11101111 +
b1001 &
b110 %
b1001 (
b110 '
#240
b0 "
b0 ,
b0 1
b100111 !
b100111 /
b100111 0
b10000 $
b10000 .
b10000 *
b11110000 +
b1000 &
b111 %
b1000 (
b111 '
#241
b1 "
b1 ,
b1 1
b100110 !
b100110 /
b100110 0
b10001 $
b10001 .
b10001 *
b11110001 +
b100111 &
b0 %
b10111 (
b0 '
#242
b10 "
b10 ,
b10 1
b100101 !
b100101 /
b100101 0
b10010 $
b10010 .
b10010 *
b11110010 +
b100110 &
b1 %
b10110 (
b1 '
#243
b11 "
b11 ,
b11 1
b100100 !
b100100 /
b100100 0
b10011 $
b10011 .
b10011 *
b11110011 +
b100101 &
b10 %
b10101 (
b10 '
#244
b100 "
b100 ,
b100 1
b100011 !
b100011 /
b100011 0
b10100 $
b10100 .
b10100 *
b11110100 +
b100100 &
b11 %
b10100 (
b11 '
#245
b101 "
b101 ,
b101 1
b100010 !
b100010 /
b100010 0
b10101 $
b10101 .
b10101 *
b11110101 +
b100011 &
b100 %
b10011 (
b100 '
#246
b110 "
b110 ,
b110 1
b100001 !
b100001 /
b100001 0
b10110 $
b10110 .
b10110 *
b11110110 +
b100010 &
b101 %
b10010 (
b101 '
#247
b111 "
b111 ,
b111 1
b100000 !
b100000 /
b100000 0
b10111 $
b10111 .
b10111 *
b11110111 +
b100001 &
b110 %
b10001 (
b110 '
#248
b0 "
b0 ,
b0 1
b101111 !
b101111 /
b101111 0
b11000 $
b11000 .
b11000 *
b11111000 +
b100000 &
b111 %
b10000 (
b111 '
#249
b1 "
b1 ,
b1 1
b101110 !
b101110 /
b101110 0
b11001 $
b11001 .
b11001 *
b11111001 +
b101111 &
b0 %
b11111 (
b0 '
#250
b10 "
b10 ,
b10 1
b101101 !
b101101 /
b101101 0
b11010 $
b11010 .
b11010 *
b11111010 +
b101110 &
b1 %
b11110 (
b1 '
#251
b11 "
b11 ,
b11 1
b101100 !
b101100 /
b101100 0
b11011 $
b11011 .
b11011 *
b11111011 +
b101101 &
b10 %
b11101 (
b10 '
#252
b100 "
b100 ,
b100 1
b101011 !
b101011 /
b101011 0
b11100 $
b11100 .
b11100 *
b11111100 +
b101100 &
b11 %
b11100 (
b11 '
#253
b101 "
b101 ,
b101 1
b101010 !
b101010 /
b101010 0
b11101 $
b11101 .
b11101 *
b11111101 +
b101011 &
b100 %
b11011 (
b100 '
#254
b110 "
b110 ,
b110 1
b101001 !
b101001 /
b101001 0
b11110 $
b11110 .
b11110 *
b11111110 +
b101010 &
b101 %
b11010 (
b101 '
#255
b111 "
b111 ,
b111 1
b101000 !
b101000 /
b101000 0
b11111 $
b11111 .
b11111 *
b11111111 +
b101001 &
b110 %
b11001 (
b110 '
#256
b1000 !
b1000 /
b1000 0
b0 "
b0 ,
b0 1
b0 $
b0 .
b1000 #
b1000 -
b1000 )
b0 *
b100000000 +
b101000 &
b111 %
b11000 (
b111 '
#257
b1001 !
b1001 /
b1001 0
b1 $
b1 .
b1 *
b100000001 +
b1000 &
b0 %
b1000 (
b0 '
#258
b1010 !
b1010 /
b1010 0
b10 $
b10 .
b10 *
b100000010 +
b1001 &
b1001 (
#259
b1011 !
b1011 /
b1011 0
b11 $
b11 .
b11 *
b100000011 +
b1010 &
b1010 (
#260
b1100 !
b1100 /
b1100 0
b100 $
b100 .
b100 *
b100000100 +
b1011 &
b1011 (
#261
b1101 !
b1101 /
b1101 0
b101 $
b101 .
b101 *
b100000101 +
b1100 &
b1100 (
#262
b1110 !
b1110 /
b1110 0
b110 $
b110 .
b110 *
b100000110 +
b1101 &
b1101 (
#263
b1111 !
b1111 /
b1111 0
b111 $
b111 .
b111 *
b100000111 +
b1110 &
b1110 (
#264
b1000 "
b1000 ,
b1000 1
b0 !
b0 /
b0 0
b1000 $
b1000 .
b1000 *
b100001000 +
b1111 &
b1111 (
#265
b1 !
b1 /
b1 0
b1001 $
b1001 .
b1001 *
b100001001 +
b0 &
b1000 %
b0 (
b1000 '
#266
b10 !
b10 /
b10 0
b1010 $
b1010 .
b1010 *
b100001010 +
b1 &
b1 (
#267
b11 !
b11 /
b11 0
b1011 $
b1011 .
b1011 *
b100001011 +
b10 &
b10 (
#268
b100 !
b100 /
b100 0
b1100 $
b1100 .
b1100 *
b100001100 +
b11 &
b11 (
#269
b101 !
b101 /
b101 0
b1101 $
b1101 .
b1101 *
b100001101 +
b100 &
b100 (
#270
b110 !
b110 /
b110 0
b1110 $
b1110 .
b1110 *
b100001110 +
b101 &
b101 (
#271
b111 !
b111 /
b111 0
b1111 $
b1111 .
b1111 *
b100001111 +
b110 &
b110 (
#272
b0 "
b0 ,
b0 1
b101000 !
b101000 /
b101000 0
b10000 $
b10000 .
b10000 *
b100010000 +
b111 &
b111 (
#273
b101001 !
b101001 /
b101001 0
b10001 $
b10001 .
b10001 *
b100010001 +
b101000 &
b0 %
b11000 (
b0 '
#274
b101010 !
b101010 /
b101010 0
b10010 $
b10010 .
b10010 *
b100010010 +
b101001 &
b11001 (
#275
b101011 !
b101011 /
b101011 0
b10011 $
b10011 .
b10011 *
b100010011 +
b101010 &
b11010 (
#276
b101100 !
b101100 /
b101100 0
b10100 $
b10100 .
b10100 *
b100010100 +
b101011 &
b11011 (
#277
b101101 !
b101101 /
b101101 0
b10101 $
b10101 .
b10101 *
b100010101 +
b101100 &
b11100 (
#278
b101110 !
b101110 /
b101110 0
b10110 $
b10110 .
b10110 *
b100010110 +
b101101 &
b11101 (
#279
b101111 !
b101111 /
b101111 0
b10111 $
b10111 .
b10111 *
b100010111 +
b101110 &
b11110 (
#280
b1000 "
b1000 ,
b1000 1
b100000 !
b100000 /
b100000 0
b11000 $
b11000 .
b11000 *
b100011000 +
b101111 &
b11111 (
#281
b100001 !
b100001 /
b100001 0
b11001 $
b11001 .
b11001 *
b100011001 +
b100000 &
b1000 %
b10000 (
b1000 '
#282
b100010 !
b100010 /
b100010 0
b11010 $
b11010 .
b11010 *
b100011010 +
b100001 &
b10001 (
#283
b100011 !
b100011 /
b100011 0
b11011 $
b11011 .
b11011 *
b100011011 +
b100010 &
b10010 (
#284
b100100 !
b100100 /
b100100 0
b11100 $
b11100 .
b11100 *
b100011100 +
b100011 &
b10011 (
#285
b100101 !
b100101 /
b100101 0
b11101 $
b11101 .
b11101 *
b100011101 +
b100100 &
b10100 (
#286
b100110 !
b100110 /
b100110 0
b11110 $
b11110 .
b11110 *
b100011110 +
b100101 &
b10101 (
#287
b100111 !
b100111 /
b100111 0
b11111 $
b11111 .
b11111 *
b100011111 +
b100110 &
b10110 (
#288
b0 "
b0 ,
b0 1
b1001 !
b1001 /
b1001 0
b0 $
b0 .
b1001 #
b1001 -
b1001 )
b0 *
b100100000 +
b100111 &
b10111 (
#289
b1 "
b1 ,
b1 1
b1000 !
b1000 /
b1000 0
b1 $
b1 .
b1 *
b100100001 +
b1001 &
b0 %
b1001 (
b0 '
#290
b0 "
b0 ,
b0 1
b1011 !
b1011 /
b1011 0
b10 $
b10 .
b10 *
b100100010 +
b1000 &
b1 %
b1000 (
b1 '
#291
b1 "
b1 ,
b1 1
b1010 !
b1010 /
b1010 0
b11 $
b11 .
b11 *
b100100011 +
b1011 &
b0 %
b1011 (
b0 '
#292
b0 "
b0 ,
b0 1
b1101 !
b1101 /
b1101 0
b100 $
b100 .
b100 *
b100100100 +
b1010 &
b1 %
b1010 (
b1 '
#293
b1 "
b1 ,
b1 1
b1100 !
b1100 /
b1100 0
b101 $
b101 .
b101 *
b100100101 +
b1101 &
b0 %
b1101 (
b0 '
#294
b0 "
b0 ,
b0 1
b1111 !
b1111 /
b1111 0
b110 $
b110 .
b110 *
b100100110 +
b1100 &
b1 %
b1100 (
b1 '
#295
b1 "
b1 ,
b1 1
b1110 !
b1110 /
b1110 0
b111 $
b111 .
b111 *
b100100111 +
b1111 &
b0 %
b1111 (
b0 '
#296
b1000 "
b1000 ,
b1000 1
b1 !
b1 /
b1 0
b1000 $
b1000 .
b1000 *
b100101000 +
b1110 &
b1 %
b1110 (
b1 '
#297
b1001 "
b1001 ,
b1001 1
b0 !
b0 /
b0 0
b1001 $
b1001 .
b1001 *
b100101001 +
b1 &
b1000 %
b1 (
b1000 '
#298
b1000 "
b1000 ,
b1000 1
b11 !
b11 /
b11 0
b1010 $
b1010 .
b1010 *
b100101010 +
b0 &
b1001 %
b0 (
b1001 '
#299
b1001 "
b1001 ,
b1001 1
b10 !
b10 /
b10 0
b1011 $
b1011 .
b1011 *
b100101011 +
b11 &
b1000 %
b11 (
b1000 '
#300
b1000 "
b1000 ,
b1000 1
b101 !
b101 /
b101 0
b1100 $
b1100 .
b1100 *
b100101100 +
b10 &
b1001 %
b10 (
b1001 '
#301
b1001 "
b1001 ,
b1001 1
b100 !
b100 /
b100 0
b1101 $
b1101 .
b1101 *
b100101101 +
b101 &
b1000 %
b101 (
b1000 '
#302
b1000 "
b1000 ,
b1000 1
b111 !
b111 /
b111 0
b1110 $
b1110 .
b1110 *
b100101110 +
b100 &
b1001 %
b100 (
b1001 '
#303
b1001 "
b1001 ,
b1001 1
b110 !
b110 /
b110 0
b1111 $
b1111 .
b1111 *
b100101111 +
b111 &
b1000 %
b111 (
b1000 '
#304
b0 "
b0 ,
b0 1
b101001 !
b101001 /
b101001 0
b10000 $
b10000 .
b10000 *
b100110000 +
b110 &
b1001 %
b110 (
b1001 '
#305
b1 "
b1 ,
b1 1
b101000 !
b101000 /
b101000 0
b10001 $
b10001 .
b10001 *
b100110001 +
b101001 &
b0 %
b11001 (
b0 '
#306
b0 "
b0 ,
b0 1
b101011 !
b101011 /
b101011 0
b10010 $
b10010 .
b10010 *
b100110010 +
b101000 &
b1 %
b11000 (
b1 '
#307
b1 "
b1 ,
b1 1
b101010 !
b101010 /
b101010 0
b10011 $
b10011 .
b10011 *
b100110011 +
b101011 &
b0 %
b11011 (
b0 '
#308
b0 "
b0 ,
b0 1
b101101 !
b101101 /
b101101 0
b10100 $
b10100 .
b10100 *
b100110100 +
b101010 &
b1 %
b11010 (
b1 '
#309
b1 "
b1 ,
b1 1
b101100 !
b101100 /
b101100 0
b10101 $
b10101 .
b10101 *
b100110101 +
b101101 &
b0 %
b11101 (
b0 '
#310
b0 "
b0 ,
b0 1
b101111 !
b101111 /
b101111 0
b10110 $
b10110 .
b10110 *
b100110110 +
b101100 &
b1 %
b11100 (
b1 '
#311
b1 "
b1 ,
b1 1
b101110 !
b101110 /
b101110 0
b10111 $
b10111 .
b10111 *
b100110111 +
b101111 &
b0 %
b11111 (
b0 '
#312
b1000 "
b1000 ,
b1000 1
b100001 !
b100001 /
b100001 0
b11000 $
b11000 .
b11000 *
b100111000 +
b101110 &
b1 %
b11110 (
b1 '
#313
b1001 "
b1001 ,
b1001 1
b100000 !
b100000 /
b100000 0
b11001 $
b11001 .
b11001 *
b100111001 +
b100001 &
b1000 %
b10001 (
b1000 '
#314
b1000 "
b1000 ,
b1000 1
b100011 !
b100011 /
b100011 0
b11010 $
b11010 .
b11010 *
b100111010 +
b100000 &
b1001 %
b10000 (
b1001 '
#315
b1001 "
b1001 ,
b1001 1
b100010 !
b100010 /
b100010 0
b11011 $
b11011 .
b11011 *
b100111011 +
b100011 &
b1000 %
b10011 (
b1000 '
#316
b1000 "
b1000 ,
b1000 1
b100101 !
b100101 /
b100101 0
b11100 $
b11100 .
b11100 *
b100111100 +
b100010 &
b1001 %
b10010 (
b1001 '
#317
b1001 "
b1001 ,
b1001 1
b100100 !
b100100 /
b100100 0
b11101 $
b11101 .
b11101 *
b100111101 +
b100101 &
b1000 %
b10101 (
b1000 '
#318
b1000 "
b1000 ,
b1000 1
b100111 !
b100111 /
b100111 0
b11110 $
b11110 .
b11110 *
b100111110 +
b100100 &
b1001 %
b10100 (
b1001 '
#319
b1001 "
b1001 ,
b1001 1
b100110 !
b100110 /
b100110 0
b11111 $
b11111 .
b11111 *
b100111111 +
b100111 &
b1000 %
b10111 (
b1000 '
#320
b1010 !
b1010 /
b1010 0
b0 "
b0 ,
b0 1
b0 $
b0 .
b1010 #
b1010 -
b1010 )
b0 *
b101000000 +
b100110 &
b1001 %
b10110 (
b1001 '
#321
b1011 !
b1011 /
b1011 0
b1 $
b1 .
b1 *
b101000001 +
b1010 &
b0 %
b1010 (
b0 '
#322
b10 "
b10 ,
b10 1
b1000 !
b1000 /
b1000 0
b10 $
b10 .
b10 *
b101000010 +
b1011 &
b1011 (
#323
b1001 !
b1001 /
b1001 0
b11 $
b11 .
b11 *
b101000011 +
b1000 &
b10 %
b1000 (
b10 '
#324
b0 "
b0 ,
b0 1
b1110 !
b1110 /
b1110 0
b100 $
b100 .
b100 *
b101000100 +
b1001 &
b1001 (
#325
b1111 !
b1111 /
b1111 0
b101 $
b101 .
b101 *
b101000101 +
b1110 &
b0 %
b1110 (
b0 '
#326
b10 "
b10 ,
b10 1
b1100 !
b1100 /
b1100 0
b110 $
b110 .
b110 *
b101000110 +
b1111 &
b1111 (
#327
b1101 !
b1101 /
b1101 0
b111 $
b111 .
b111 *
b101000111 +
b1100 &
b10 %
b1100 (
b10 '
#328
b1000 "
b1000 ,
b1000 1
b10 !
b10 /
b10 0
b1000 $
b1000 .
b1000 *
b101001000 +
b1101 &
b1101 (
#329
b11 !
b11 /
b11 0
b1001 $
b1001 .
b1001 *
b101001001 +
b10 &
b1000 %
b10 (
b1000 '
#330
b1010 "
b1010 ,
b1010 1
b0 !
b0 /
b0 0
b1010 $
b1010 .
b1010 *
b101001010 +
b11 &
b11 (
#331
b1 !
b1 /
b1 0
b1011 $
b1011 .
b1011 *
b101001011 +
b0 &
b1010 %
b0 (
b1010 '
#332
b1000 "
b1000 ,
b1000 1
b110 !
b110 /
b110 0
b1100 $
b1100 .
b1100 *
b101001100 +
b1 &
b1 (
#333
b111 !
b111 /
b111 0
b1101 $
b1101 .
b1101 *
b101001101 +
b110 &
b1000 %
b110 (
b1000 '
#334
b1010 "
b1010 ,
b1010 1
b100 !
b100 /
b100 0
b1110 $
b1110 .
b1110 *
b101001110 +
b111 &
b111 (
#335
b101 !
b101 /
b101 0
b1111 $
b1111 .
b1111 *
b101001111 +
b100 &
b1010 %
b100 (
b1010 '
#336
b0 "
b0 ,
b0 1
b101010 !
b101010 /
b101010 0
b10000 $
b10000 .
b10000 *
b101010000 +
b101 &
b101 (
#337
b101011 !
b101011 /
b101011 0
b10001 $
b10001 .
b10001 *
b101010001 +
b101010 &
b0 %
b11010 (
b0 '
#338
b10 "
b10 ,
b10 1
b101000 !
b101000 /
b101000 0
b10010 $
b10010 .
b10010 *
b101010010 +
b101011 &
b11011 (
#339
b101001 !
b101001 /
b101001 0
b10011 $
b10011 .
b10011 *
b101010011 +
b101000 &
b10 %
b11000 (
b10 '
#340
b0 "
b0 ,
b0 1
b101110 !
b101110 /
b101110 0
b10100 $
b10100 .
b10100 *
b101010100 +
b101001 &
b11001 (
#341
b101111 !
b101111 /
b101111 0
b10101 $
b10101 .
b10101 *
b101010101 +
b101110 &
b0 %
b11110 (
b0 '
#342
b10 "
b10 ,
b10 1
b101100 !
b101100 /
b101100 0
b10110 $
b10110 .
b10110 *
b101010110 +
b101111 &
b11111 (
#343
b101101 !
b101101 /
b101101 0
b10111 $
b10111 .
b10111 *
b101010111 +
b101100 &
b10 %
b11100 (
b10 '
#344
b1000 "
b1000 ,
b1000 1
b100010 !
b100010 /
b100010 0
b11000 $
b11000 .
b11000 *
b101011000 +
b101101 &
b11101 (
#345
b100011 !
b100011 /
b100011 0
b11001 $
b11001 .
b11001 *
b101011001 +
b100010 &
b1000 %
b10010 (
b1000 '
#346
b1010 "
b1010 ,
b1010 1
b100000 !
b100000 /
b100000 0
b11010 $
b11010 .
b11010 *
b101011010 +
b100011 &
b10011 (
#347
b100001 !
b100001 /
b100001 0
b11011 $
b11011 .
b11011 *
b101011011 +
b100000 &
b1010 %
b10000 (
b1010 '
#348
b1000 "
b1000 ,
b1000 1
b100110 !
b100110 /
b100110 0
b11100 $
b11100 .
b11100 *
b101011100 +
b100001 &
b10001 (
#349
b100111 !
b100111 /
b100111 0
b11101 $
b11101 .
b11101 *
b101011101 +
b100110 &
b1000 %
b10110 (
b1000 '
#350
b1010 "
b1010 ,
b1010 1
b100100 !
b100100 /
b100100 0
b11110 $
b11110 .
b11110 *
b101011110 +
b100111 &
b10111 (
#351
b100101 !
b100101 /
b100101 0
b11111 $
b11111 .
b11111 *
b101011111 +
b100100 &
b1010 %
b10100 (
b1010 '
#352
b0 "
b0 ,
b0 1
b1011 !
b1011 /
b1011 0
b0 $
b0 .
b1011 #
b1011 -
b1011 )
b0 *
b101100000 +
b100101 &
b10101 (
#353
b1 "
b1 ,
b1 1
b1010 !
b1010 /
b1010 0
b1 $
b1 .
b1 *
b101100001 +
b1011 &
b0 %
b1011 (
b0 '
#354
b10 "
b10 ,
b10 1
b1001 !
b1001 /
b1001 0
b10 $
b10 .
b10 *
b101100010 +
b1010 &
b1 %
b1010 (
b1 '
#355
b11 "
b11 ,
b11 1
b1000 !
b1000 /
b1000 0
b11 $
b11 .
b11 *
b101100011 +
b1001 &
b10 %
b1001 (
b10 '
#356
b0 "
b0 ,
b0 1
b1111 !
b1111 /
b1111 0
b100 $
b100 .
b100 *
b101100100 +
b1000 &
b11 %
b1000 (
b11 '
#357
b1 "
b1 ,
b1 1
b1110 !
b1110 /
b1110 0
b101 $
b101 .
b101 *
b101100101 +
b1111 &
b0 %
b1111 (
b0 '
#358
b10 "
b10 ,
b10 1
b1101 !
b1101 /
b1101 0
b110 $
b110 .
b110 *
b101100110 +
b1110 &
b1 %
b1110 (
b1 '
#359
b11 "
b11 ,
b11 1
b1100 !
b1100 /
b1100 0
b111 $
b111 .
b111 *
b101100111 +
b1101 &
b10 %
b1101 (
b10 '
#360
b1000 "
b1000 ,
b1000 1
b11 !
b11 /
b11 0
b1000 $
b1000 .
b1000 *
b101101000 +
b1100 &
b11 %
b1100 (
b11 '
#361
b1001 "
b1001 ,
b1001 1
b10 !
b10 /
b10 0
b1001 $
b1001 .
b1001 *
b101101001 +
b11 &
b1000 %
b11 (
b1000 '
#362
b1010 "
b1010 ,
b1010 1
b1 !
b1 /
b1 0
b1010 $
b1010 .
b1010 *
b101101010 +
b10 &
b1001 %
b10 (
b1001 '
#363
b1011 "
b1011 ,
b1011 1
b0 !
b0 /
b0 0
b1011 $
b1011 .
b1011 *
b101101011 +
b1 &
b1010 %
b1 (
b1010 '
#364
b1000 "
b1000 ,
b1000 1
b111 !
b111 /
b111 0
b1100 $
b1100 .
b1100 *
b101101100 +
b0 &
b1011 %
b0 (
b1011 '
#365
b1001 "
b1001 ,
b1001 1
b110 !
b110 /
b110 0
b1101 $
b1101 .
b1101 *
b101101101 +
b111 &
b1000 %
b111 (
b1000 '
#366
b1010 "
b1010 ,
b1010 1
b101 !
b101 /
b101 0
b1110 $
b1110 .
b1110 *
b101101110 +
b110 &
b1001 %
b110 (
b1001 '
#367
b1011 "
b1011 ,
b1011 1
b100 !
b100 /
b100 0
b1111 $
b1111 .
b1111 *
b101101111 +
b101 &
b1010 %
b101 (
b1010 '
#368
b0 "
b0 ,
b0 1
b101011 !
b101011 /
b101011 0
b10000 $
b10000 .
b10000 *
b101110000 +
b100 &
b1011 %
b100 (
b1011 '
#369
b1 "
b1 ,
b1 1
b101010 !
b101010 /
b101010 0
b10001 $
b10001 .
b10001 *
b101110001 +
b101011 &
b0 %
b11011 (
b0 '
#370
b10 "
b10 ,
b10 1
b101001 !
b101001 /
b101001 0
b10010 $
b10010 .
b10010 *
b101110010 +
b101010 &
b1 %
b11010 (
b1 '
#371
b11 "
b11 ,
b11 1
b101000 !
b101000 /
b101000 0
b10011 $
b10011 .
b10011 *
b101110011 +
b101001 &
b10 %
b11001 (
b10 '
#372
b0 "
b0 ,
b0 1
b101111 !
b101111 /
b101111 0
b10100 $
b10100 .
b10100 *
b101110100 +
b101000 &
b11 %
b11000 (
b11 '
#373
b1 "
b1 ,
b1 1
b101110 !
b101110 /
b101110 0
b10101 $
b10101 .
b10101 *
b101110101 +
b101111 &
b0 %
b11111 (
b0 '
#374
b10 "
b10 ,
b10 1
b101101 !
b101101 /
b101101 0
b10110 $
b10110 .
b10110 *
b101110110 +
b101110 &
b1 %
b11110 (
b1 '
#375
b11 "
b11 ,
b11 1
b101100 !
b101100 /
b101100 0
b10111 $
b10111 .
b10111 *
b101110111 +
b101101 &
b10 %
b11101 (
b10 '
#376
b1000 "
b1000 ,
b1000 1
b100011 !
b100011 /
b100011 0
b11000 $
b11000 .
b11000 *
b101111000 +
b101100 &
b11 %
b11100 (
b11 '
#377
b1001 "
b1001 ,
b1001 1
b100010 !
b100010 /
b100010 0
b11001 $
b11001 .
b11001 *
b101111001 +
b100011 &
b1000 %
b10011 (
b1000 '
#378
b1010 "
b1010 ,
b1010 1
b100001 !
b100001 /
b100001 0
b11010 $
b11010 .
b11010 *
b101111010 +
b100010 &
b1001 %
b10010 (
b1001 '
#379
b1011 "
b1011 ,
b1011 1
b100000 !
b100000 /
b100000 0
b11011 $
b11011 .
b11011 *
b101111011 +
b100001 &
b1010 %
b10001 (
b1010 '
#380
b1000 "
b1000 ,
b1000 1
b100111 !
b100111 /
b100111 0
b11100 $
b11100 .
b11100 *
b101111100 +
b100000 &
b1011 %
b10000 (
b1011 '
#381
b1001 "
b1001 ,
b1001 1
b100110 !
b100110 /
b100110 0
b11101 $
b11101 .
b11101 *
b101111101 +
b100111 &
b1000 %
b10111 (
b1000 '
#382
b1010 "
b1010 ,
b1010 1
b100101 !
b100101 /
b100101 0
b11110 $
b11110 .
b11110 *
b101111110 +
b100110 &
b1001 %
b10110 (
b1001 '
#383
b1011 "
b1011 ,
b1011 1
b100100 !
b100100 /
b100100 0
b11111 $
b11111 .
b11111 *
b101111111 +
b100101 &
b1010 %
b10101 (
b1010 '
#384
b1100 !
b1100 /
b1100 0
b0 "
b0 ,
b0 1
b0 $
b0 .
b1100 #
b1100 -
b1100 )
b0 *
b110000000 +
b100100 &
b1011 %
b10100 (
b1011 '
#385
b1101 !
b1101 /
b1101 0
b1 $
b1 .
b1 *
b110000001 +
b1100 &
b0 %
b1100 (
b0 '
#386
b1110 !
b1110 /
b1110 0
b10 $
b10 .
b10 *
b110000010 +
b1101 &
b1101 (
#387
b1111 !
b1111 /
b1111 0
b11 $
b11 .
b11 *
b110000011 +
b1110 &
b1110 (
#388
b100 "
b100 ,
b100 1
b1000 !
b1000 /
b1000 0
b100 $
b100 .
b100 *
b110000100 +
b1111 &
b1111 (
#389
b1001 !
b1001 /
b1001 0
b101 $
b101 .
b101 *
b110000101 +
b1000 &
b100 %
b1000 (
b100 '
#390
b1010 !
b1010 /
b1010 0
b110 $
b110 .
b110 *
b110000110 +
b1001 &
b1001 (
#391
b1011 !
b1011 /
b1011 0
b111 $
b111 .
b111 *
b110000111 +
b1010 &
b1010 (
#392
b1000 "
b1000 ,
b1000 1
b100 !
b100 /
b100 0
b1000 $
b1000 .
b1000 *
b110001000 +
b1011 &
b1011 (
#393
b101 !
b101 /
b101 0
b1001 $
b1001 .
b1001 *
b110001001 +
b100 &
b1000 %
b100 (
b1000 '
#394
b110 !
b110 /
b110 0
b1010 $
b1010 .
b1010 *
b110001010 +
b101 &
b101 (
#395
b111 !
b111 /
b111 0
b1011 $
b1011 .
b1011 *
b110001011 +
b110 &
b110 (
#396
b1100 "
b1100 ,
b1100 1
b0 !
b0 /
b0 0
b1100 $
b1100 .
b1100 *
b110001100 +
b111 &
b111 (
#397
b1 !
b1 /
b1 0
b1101 $
b1101 .
b1101 *
b110001101 +
b0 &
b1100 %
b0 (
b1100 '
#398
b10 !
b10 /
b10 0
b1110 $
b1110 .
b1110 *
b110001110 +
b1 &
b1 (
#399
b11 !
b11 /
b11 0
b1111 $
b1111 .
b1111 *
b110001111 +
b10 &
b10 (
#400
b0 "
b0 ,
b0 1
b101100 !
b101100 /
b101100 0
b10000 $
b10000 .
b10000 *
b110010000 +
b11 &
b11 (
#401
b101101 !
b101101 /
b101101 0
b10001 $
b10001 .
b10001 *
b110010001 +
b101100 &
b0 %
b11100 (
b0 '
#402
b101110 !
b101110 /
b101110 0
b10010 $
b10010 .
b10010 *
b110010010 +
b101101 &
b11101 (
#403
b101111 !
b101111 /
b101111 0
b10011 $
b10011 .
b10011 *
b110010011 +
b101110 &
b11110 (
#404
b100 "
b100 ,
b100 1
b101000 !
b101000 /
b101000 0
b10100 $
b10100 .
b10100 *
b110010100 +
b101111 &
b11111 (
#405
b101001 !
b101001 /
b101001 0
b10101 $
b10101 .
b10101 *
b110010101 +
b101000 &
b100 %
b11000 (
b100 '
#406
b101010 !
b101010 /
b101010 0
b10110 $
b10110 .
b10110 *
b110010110 +
b101001 &
b11001 (
#407
b101011 !
b101011 /
b101011 0
b10111 $
b10111 .
b10111 *
b110010111 +
b101010 &
b11010 (
#408
b1000 "
b1000 ,
b1000 1
b100100 !
b100100 /
b100100 0
b11000 $
b11000 .
b11000 *
b110011000 +
b101011 &
b11011 (
#409
b100101 !
b100101 /
b100101 0
b11001 $
b11001 .
b11001 *
b110011001 +
b100100 &
b1000 %
b10100 (
b1000 '
#410
b100110 !
b100110 /
b100110 0
b11010 $
b11010 .
b11010 *
b110011010 +
b100101 &
b10101 (
#411
b100111 !
b100111 /
b100111 0
b11011 $
b11011 .
b11011 *
b110011011 +
b100110 &
b10110 (
#412
b1100 "
b1100 ,
b1100 1
b100000 !
b100000 /
b100000 0
b11100 $
b11100 .
b11100 *
b110011100 +
b100111 &
b10111 (
#413
b100001 !
b100001 /
b100001 0
b11101 $
b11101 .
b11101 *
b110011101 +
b100000 &
b1100 %
b10000 (
b1100 '
#414
b100010 !
b100010 /
b100010 0
b11110 $
b11110 .
b11110 *
b110011110 +
b100001 &
b10001 (
#415
b100011 !
b100011 /
b100011 0
b11111 $
b11111 .
b11111 *
b110011111 +
b100010 &
b10010 (
#416
b0 "
b0 ,
b0 1
b1101 !
b1101 /
b1101 0
b0 $
b0 .
b1101 #
b1101 -
b1101 )
b0 *
b110100000 +
b100011 &
b10011 (
#417
b1 "
b1 ,
b1 1
b1100 !
b1100 /
b1100 0
b1 $
b1 .
b1 *
b110100001 +
b1101 &
b0 %
b1101 (
b0 '
#418
b0 "
b0 ,
b0 1
b1111 !
b1111 /
b1111 0
b10 $
b10 .
b10 *
b110100010 +
b1100 &
b1 %
b1100 (
b1 '
#419
b1 "
b1 ,
b1 1
b1110 !
b1110 /
b1110 0
b11 $
b11 .
b11 *
b110100011 +
b1111 &
b0 %
b1111 (
b0 '
#420
b100 "
b100 ,
b100 1
b1001 !
b1001 /
b1001 0
b100 $
b100 .
b100 *
b110100100 +
b1110 &
b1 %
b1110 (
b1 '
#421
b101 "
b101 ,
b101 1
b1000 !
b1000 /
b1000 0
b101 $
b101 .
b101 *
b110100101 +
b1001 &
b100 %
b1001 (
b100 '
#422
b100 "
b100 ,
b100 1
b1011 !
b1011 /
b1011 0
b110 $
b110 .
b110 *
b110100110 +
b1000 &
b101 %
b1000 (
b101 '
#423
b101 "
b101 ,
b101 1
b1010 !
b1010 /
b1010 0
b111 $
b111 .
b111 *
b110100111 +
b1011 &
b100 %
b1011 (
b100 '
#424
b1000 "
b1000 ,
b1000 1
b101 !
b101 /
b101 0
b1000 $
b1000 .
b1000 *
b110101000 +
b1010 &
b101 %
b1010 (
b101 '
#425
b1001 "
b1001 ,
b1001 1
b100 !
b100 /
b100 0
b1001 $
b1001 .
b1001 *
b110101001 +
b101 &
b1000 %
b101 (
b1000 '
#426
b1000 "
b1000 ,
b1000 1
b111 !
b111 /
b111 0
b1010 $
b1010 .
b1010 *
b110101010 +
b100 &
b1001 %
b100 (
b1001 '
#427
b1001 "
b1001 ,
b1001 1
b110 !
b110 /
b110 0
b1011 $
b1011 .
b1011 *
b110101011 +
b111 &
b1000 %
b111 (
b1000 '
#428
b1100 "
b1100 ,
b1100 1
b1 !
b1 /
b1 0
b1100 $
b1100 .
b1100 *
b110101100 +
b110 &
b1001 %
b110 (
b1001 '
#429
b1101 "
b1101 ,
b1101 1
b0 !
b0 /
b0 0
b1101 $
b1101 .
b1101 *
b110101101 +
b1 &
b1100 %
b1 (
b1100 '
#430
b1100 "
b1100 ,
b1100 1
b11 !
b11 /
b11 0
b1110 $
b1110 .
b1110 *
b110101110 +
b0 &
b1101 %
b0 (
b1101 '
#431
b1101 "
b1101 ,
b1101 1
b10 !
b10 /
b10 0
b1111 $
b1111 .
b1111 *
b110101111 +
b11 &
b1100 %
b11 (
b1100 '
#432
b0 "
b0 ,
b0 1
b101101 !
b101101 /
b101101 0
b10000 $
b10000 .
b10000 *
b110110000 +
b10 &
b1101 %
b10 (
b1101 '
#433
b1 "
b1 ,
b1 1
b101100 !
b101100 /
b101100 0
b10001 $
b10001 .
b10001 *
b110110001 +
b101101 &
b0 %
b11101 (
b0 '
#434
b0 "
b0 ,
b0 1
b101111 !
b101111 /
b101111 0
b10010 $
b10010 .
b10010 *
b110110010 +
b101100 &
b1 %
b11100 (
b1 '
#435
b1 "
b1 ,
b1 1
b101110 !
b101110 /
b101110 0
b10011 $
b10011 .
b10011 *
b110110011 +
b101111 &
b0 %
b11111 (
b0 '
#436
b100 "
b100 ,
b100 1
b101001 !
b101001 /
b101001 0
b10100 $
b10100 .
b10100 *
b110110100 +
b101110 &
b1 %
b11110 (
b1 '
#437
b101 "
b101 ,
b101 1
b101000 !
b101000 /
b101000 0
b10101 $
b10101 .
b10101 *
b110110101 +
b101001 &
b100 %
b11001 (
b100 '
#438
b100 "
b100 ,
b100 1
b101011 !
b101011 /
b101011 0
b10110 $
b10110 .
b10110 *
b110110110 +
b101000 &
b101 %
b11000 (
b101 '
#439
b101 "
b101 ,
b101 1
b101010 !
b101010 /
b101010 0
b10111 $
b10111 .
b10111 *
b110110111 +
b101011 &
b100 %
b11011 (
b100 '
#440
b1000 "
b1000 ,
b1000 1
b100101 !
b100101 /
b100101 0
b11000 $
b11000 .
b11000 *
b110111000 +
b101010 &
b101 %
b11010 (
b101 '
#441
b1001 "
b1001 ,
b1001 1
b100100 !
b100100 /
b100100 0
b11001 $
b11001 .
b11001 *
b110111001 +
b100101 &
b1000 %
b10101 (
b1000 '
#442
b1000 "
b1000 ,
b1000 1
b100111 !
b100111 /
b100111 0
b11010 $
b11010 .
b11010 *
b110111010 +
b100100 &
b1001 %
b10100 (
b1001 '
#443
b1001 "
b1001 ,
b1001 1
b100110 !
b100110 /
b100110 0
b11011 $
b11011 .
b11011 *
b110111011 +
b100111 &
b1000 %
b10111 (
b1000 '
#444
b1100 "
b1100 ,
b1100 1
b100001 !
b100001 /
b100001 0
b11100 $
b11100 .
b11100 *
b110111100 +
b100110 &
b1001 %
b10110 (
b1001 '
#445
b1101 "
b1101 ,
b1101 1
b100000 !
b100000 /
b100000 0
b11101 $
b11101 .
b11101 *
b110111101 +
b100001 &
b1100 %
b10001 (
b1100 '
#446
b1100 "
b1100 ,
b1100 1
b100011 !
b100011 /
b100011 0
b11110 $
b11110 .
b11110 *
b110111110 +
b100000 &
b1101 %
b10000 (
b1101 '
#447
b1101 "
b1101 ,
b1101 1
b100010 !
b100010 /
b100010 0
b11111 $
b11111 .
b11111 *
b110111111 +
b100011 &
b1100 %
b10011 (
b1100 '
#448
b1110 !
b1110 /
b1110 0
b0 "
b0 ,
b0 1
b0 $
b0 .
b1110 #
b1110 -
b1110 )
b0 *
b111000000 +
b100010 &
b1101 %
b10010 (
b1101 '
#449
b1111 !
b1111 /
b1111 0
b1 $
b1 .
b1 *
b111000001 +
b1110 &
b0 %
b1110 (
b0 '
#450
b10 "
b10 ,
b10 1
b1100 !
b1100 /
b1100 0
b10 $
b10 .
b10 *
b111000010 +
b1111 &
b1111 (
#451
b1101 !
b1101 /
b1101 0
b11 $
b11 .
b11 *
b111000011 +
b1100 &
b10 %
b1100 (
b10 '
#452
b100 "
b100 ,
b100 1
b1010 !
b1010 /
b1010 0
b100 $
b100 .
b100 *
b111000100 +
b1101 &
b1101 (
#453
b1011 !
b1011 /
b1011 0
b101 $
b101 .
b101 *
b111000101 +
b1010 &
b100 %
b1010 (
b100 '
#454
b110 "
b110 ,
b110 1
b1000 !
b1000 /
b1000 0
b110 $
b110 .
b110 *
b111000110 +
b1011 &
b1011 (
#455
b1001 !
b1001 /
b1001 0
b111 $
b111 .
b111 *
b111000111 +
b1000 &
b110 %
b1000 (
b110 '
#456
b1000 "
b1000 ,
b1000 1
b110 !
b110 /
b110 0
b1000 $
b1000 .
b1000 *
b111001000 +
b1001 &
b1001 (
#457
b111 !
b111 /
b111 0
b1001 $
b1001 .
b1001 *
b111001001 +
b110 &
b1000 %
b110 (
b1000 '
#458
b1010 "
b1010 ,
b1010 1
b100 !
b100 /
b100 0
b1010 $
b1010 .
b1010 *
b111001010 +
b111 &
b111 (
#459
b101 !
b101 /
b101 0
b1011 $
b1011 .
b1011 *
b111001011 +
b100 &
b1010 %
b100 (
b1010 '
#460
b1100 "
b1100 ,
b1100 1
b10 !
b10 /
b10 0
b1100 $
b1100 .
b1100 *
b111001100 +
b101 &
b101 (
#461
b11 !
b11 /
b11 0
b1101 $
b1101 .
b1101 *
b111001101 +
b10 &
b1100 %
b10 (
b1100 '
#462
b1110 "
b1110 ,
b1110 1
b0 !
b0 /
b0 0
b1110 $
b1110 .
b1110 *
b111001110 +
b11 &
b11 (
#463
b1 !
b1 /
b1 0
b1111 $
b1111 .
b1111 *
b111001111 +
b0 &
b1110 %
b0 (
b1110 '
#464
b0 "
b0 ,
b0 1
b101110 !
b101110 /
b101110 0
b10000 $
b10000 .
b10000 *
b111010000 +
b1 &
b1 (
#465
b101111 !
b101111 /
b101111 0
b10001 $
b10001 .
b10001 *
b111010001 +
b101110 &
b0 %
b11110 (
b0 '
#466
b10 "
b10 ,
b10 1
b101100 !
b101100 /
b101100 0
b10010 $
b10010 .
b10010 *
b111010010 +
b101111 &
b11111 (
#467
b101101 !
b101101 /
b101101 0
b10011 $
b10011 .
b10011 *
b111010011 +
b101100 &
b10 %
b11100 (
b10 '
#468
b100 "
b100 ,
b100 1
b101010 !
b101010 /
b101010 0
b10100 $
b10100 .
b10100 *
b111010100 +
b101101 &
b11101 (
#469
b101011 !
b101011 /
b101011 0
b10101 $
b10101 .
b10101 *
b111010101 +
b101010 &
b100 %
b11010 (
b100 '
#470
b110 "
b110 ,
b110 1
b101000 !
b101000 /
b101000 0
b10110 $
b10110 .
b10110 *
b111010110 +
b101011 &
b11011 (
#471
b101001 !
b101001 /
b101001 0
b10111 $
b10111 .
b10111 *
b111010111 +
b101000 &
b110 %
b11000 (
b110 '
#472
b1000 "
b1000 ,
b1000 1
b100110 !
b100110 /
b100110 0
b11000 $
b11000 .
b11000 *
b111011000 +
b101001 &
b11001 (
#473
b100111 !
b100111 /
b100111 0
b11001 $
b11001 .
b11001 *
b111011001 +
b100110 &
b1000 %
b10110 (
b1000 '
#474
b1010 "
b1010 ,
b1010 1
b100100 !
b100100 /
b100100 0
b11010 $
b11010 .
b11010 *
b111011010 +
b100111 &
b10111 (
#475
b100101 !
b100101 /
b100101 0
b11011 $
b11011 .
b11011 *
b111011011 +
b100100 &
b1010 %
b10100 (
b1010 '
#476
b1100 "
b1100 ,
b1100 1
b100010 !
b100010 /
b100010 0
b11100 $
b11100 .
b11100 *
b111011100 +
b100101 &
b10101 (
#477
b100011 !
b100011 /
b100011 0
b11101 $
b11101 .
b11101 *
b111011101 +
b100010 &
b1100 %
b10010 (
b1100 '
#478
b1110 "
b1110 ,
b1110 1
b100000 !
b100000 /
b100000 0
b11110 $
b11110 .
b11110 *
b111011110 +
b100011 &
b10011 (
#479
b100001 !
b100001 /
b100001 0
b11111 $
b11111 .
b11111 *
b111011111 +
b100000 &
b1110 %
b10000 (
b1110 '
#480
b0 "
b0 ,
b0 1
b1111 !
b1111 /
b1111 0
b0 $
b0 .
b1111 #
b1111 -
b1111 )
b0 *
b111100000 +
b100001 &
b10001 (
#481
b1 "
b1 ,
b1 1
b1110 !
b1110 /
b1110 0
b1 $
b1 .
b1 *
b111100001 +
b1111 &
b0 %
b1111 (
b0 '
#482
b10 "
b10 ,
b10 1
b1101 !
b1101 /
b1101 0
b10 $
b10 .
b10 *
b111100010 +
b1110 &
b1 %
b1110 (
b1 '
#483
b11 "
b11 ,
b11 1
b1100 !
b1100 /
b1100 0
b11 $
b11 .
b11 *
b111100011 +
b1101 &
b10 %
b1101 (
b10 '
#484
b100 "
b100 ,
b100 1
b1011 !
b1011 /
b1011 0
b100 $
b100 .
b100 *
b111100100 +
b1100 &
b11 %
b1100 (
b11 '
#485
b101 "
b101 ,
b101 1
b1010 !
b1010 /
b1010 0
b101 $
b101 .
b101 *
b111100101 +
b1011 &
b100 %
b1011 (
b100 '
#486
b110 "
b110 ,
b110 1
b1001 !
b1001 /
b1001 0
b110 $
b110 .
b110 *
b111100110 +
b1010 &
b101 %
b1010 (
b101 '
#487
b111 "
b111 ,
b111 1
b1000 !
b1000 /
b1000 0
b111 $
b111 .
b111 *
b111100111 +
b1001 &
b110 %
b1001 (
b110 '
#488
b1000 "
b1000 ,
b1000 1
b111 !
b111 /
b111 0
b1000 $
b1000 .
b1000 *
b111101000 +
b1000 &
b111 %
b1000 (
b111 '
#489
b1001 "
b1001 ,
b1001 1
b110 !
b110 /
b110 0
b1001 $
b1001 .
b1001 *
b111101001 +
b111 &
b1000 %
b111 (
b1000 '
#490
b1010 "
b1010 ,
b1010 1
b101 !
b101 /
b101 0
b1010 $
b1010 .
b1010 *
b111101010 +
b110 &
b1001 %
b110 (
b1001 '
#491
b1011 "
b1011 ,
b1011 1
b100 !
b100 /
b100 0
b1011 $
b1011 .
b1011 *
b111101011 +
b101 &
b1010 %
b101 (
b1010 '
#492
b1100 "
b1100 ,
b1100 1
b11 !
b11 /
b11 0
b1100 $
b1100 .
b1100 *
b111101100 +
b100 &
b1011 %
b100 (
b1011 '
#493
b1101 "
b1101 ,
b1101 1
b10 !
b10 /
b10 0
b1101 $
b1101 .
b1101 *
b111101101 +
b11 &
b1100 %
b11 (
b1100 '
#494
b1110 "
b1110 ,
b1110 1
b1 !
b1 /
b1 0
b1110 $
b1110 .
b1110 *
b111101110 +
b10 &
b1101 %
b10 (
b1101 '
#495
b1111 "
b1111 ,
b1111 1
b0 !
b0 /
b0 0
b1111 $
b1111 .
b1111 *
b111101111 +
b1 &
b1110 %
b1 (
b1110 '
#496
b0 "
b0 ,
b0 1
b101111 !
b101111 /
b101111 0
b10000 $
b10000 .
b10000 *
b111110000 +
b0 &
b1111 %
b0 (
b1111 '
#497
b1 "
b1 ,
b1 1
b101110 !
b101110 /
b101110 0
b10001 $
b10001 .
b10001 *
b111110001 +
b101111 &
b0 %
b11111 (
b0 '
#498
b10 "
b10 ,
b10 1
b101101 !
b101101 /
b101101 0
b10010 $
b10010 .
b10010 *
b111110010 +
b101110 &
b1 %
b11110 (
b1 '
#499
b11 "
b11 ,
b11 1
b101100 !
b101100 /
b101100 0
b10011 $
b10011 .
b10011 *
b111110011 +
b101101 &
b10 %
b11101 (
b10 '
#500
b100 "
b100 ,
b100 1
b101011 !
b101011 /
b101011 0
b10100 $
b10100 .
b10100 *
b111110100 +
b101100 &
b11 %
b11100 (
b11 '
#501
b101 "
b101 ,
b101 1
b101010 !
b101010 /
b101010 0
b10101 $
b10101 .
b10101 *
b111110101 +
b101011 &
b100 %
b11011 (
b100 '
#502
b110 "
b110 ,
b110 1
b101001 !
b101001 /
b101001 0
b10110 $
b10110 .
b10110 *
b111110110 +
b101010 &
b101 %
b11010 (
b101 '
#503
b111 "
b111 ,
b111 1
b101000 !
b101000 /
b101000 0
b10111 $
b10111 .
b10111 *
b111110111 +
b101001 &
b110 %
b11001 (
b110 '
#504
b1000 "
b1000 ,
b1000 1
b100111 !
b100111 /
b100111 0
b11000 $
b11000 .
b11000 *
b111111000 +
b101000 &
b111 %
b11000 (
b111 '
#505
b1001 "
b1001 ,
b1001 1
b100110 !
b100110 /
b100110 0
b11001 $
b11001 .
b11001 *
b111111001 +
b100111 &
b1000 %
b10111 (
b1000 '
#506
b1010 "
b1010 ,
b1010 1
b100101 !
b100101 /
b100101 0
b11010 $
b11010 .
b11010 *
b111111010 +
b100110 &
b1001 %
b10110 (
b1001 '
#507
b1011 "
b1011 ,
b1011 1
b100100 !
b100100 /
b100100 0
b11011 $
b11011 .
b11011 *
b111111011 +
b100101 &
b1010 %
b10101 (
b1010 '
#508
b1100 "
b1100 ,
b1100 1
b100011 !
b100011 /
b100011 0
b11100 $
b11100 .
b11100 *
b111111100 +
b100100 &
b1011 %
b10100 (
b1011 '
#509
b1101 "
b1101 ,
b1101 1
b100010 !
b100010 /
b100010 0
b11101 $
b11101 .
b11101 *
b111111101 +
b100011 &
b1100 %
b10011 (
b1100 '
#510
b1110 "
b1110 ,
b1110 1
b100001 !
b100001 /
b100001 0
b11110 $
b11110 .
b11110 *
b111111110 +
b100010 &
b1101 %
b10010 (
b1101 '
#511
b1111 "
b1111 ,
b1111 1
b100000 !
b100000 /
b100000 0
b11111 $
b11111 .
b11111 *
b111111111 +
b100001 &
b1110 %
b10001 (
b1110 '
#512
b0 "
b0 ,
b0 1
b0 $
b0 .
b10000 #
b10000 -
b10000 )
b0 *
b1000000000 +
b100000 &
b1111 %
b10000 (
b1111 '
#513
b100001 !
b100001 /
b100001 0
b1 $
b1 .
b1 *
b1000000001 +
b0 %
b0 '
#514
b100010 !
b100010 /
b100010 0
b10 $
b10 .
b10 *
b1000000010 +
b100001 &
b10001 (
#515
b100011 !
b100011 /
b100011 0
b11 $
b11 .
b11 *
b1000000011 +
b100010 &
b10010 (
#516
b100100 !
b100100 /
b100100 0
b100 $
b100 .
b100 *
b1000000100 +
b100011 &
b10011 (
#517
b100101 !
b100101 /
b100101 0
b101 $
b101 .
b101 *
b1000000101 +
b100100 &
b10100 (
#518
b100110 !
b100110 /
b100110 0
b110 $
b110 .
b110 *
b1000000110 +
b100101 &
b10101 (
#519
b100111 !
b100111 /
b100111 0
b111 $
b111 .
b111 *
b1000000111 +
b100110 &
b10110 (
#520
b101000 !
b101000 /
b101000 0
b1000 $
b1000 .
b1000 *
b1000001000 +
b100111 &
b10111 (
#521
b101001 !
b101001 /
b101001 0
b1001 $
b1001 .
b1001 *
b1000001001 +
b101000 &
b11000 (
#522
b101010 !
b101010 /
b101010 0
b1010 $
b1010 .
b1010 *
b1000001010 +
b101001 &
b11001 (
#523
b101011 !
b101011 /
b101011 0
b1011 $
b1011 .
b1011 *
b1000001011 +
b101010 &
b11010 (
#524
b101100 !
b101100 /
b101100 0
b1100 $
b1100 .
b1100 *
b1000001100 +
b101011 &
b11011 (
#525
b101101 !
b101101 /
b101101 0
b1101 $
b1101 .
b1101 *
b1000001101 +
b101100 &
b11100 (
#526
b101110 !
b101110 /
b101110 0
b1110 $
b1110 .
b1110 *
b1000001110 +
b101101 &
b11101 (
#527
b101111 !
b101111 /
b101111 0
b1111 $
b1111 .
b1111 *
b1000001111 +
b101110 &
b11110 (
#528
b100000 "
b100000 ,
b100000 1
b0 !
b0 /
b0 0
b10000 $
b10000 .
b10000 *
b1000010000 +
b101111 &
b11111 (
#529
b1 !
b1 /
b1 0
b10001 $
b10001 .
b10001 *
b1000010001 +
b0 &
b100000 %
b0 (
b10000 '
#530
b10 !
b10 /
b10 0
b10010 $
b10010 .
b10010 *
b1000010010 +
b1 &
b1 (
#531
b11 !
b11 /
b11 0
b10011 $
b10011 .
b10011 *
b1000010011 +
b10 &
b10 (
#532
b100 !
b100 /
b100 0
b10100 $
b10100 .
b10100 *
b1000010100 +
b11 &
b11 (
#533
b101 !
b101 /
b101 0
b10101 $
b10101 .
b10101 *
b1000010101 +
b100 &
b100 (
#534
b110 !
b110 /
b110 0
b10110 $
b10110 .
b10110 *
b1000010110 +
b101 &
b101 (
#535
b111 !
b111 /
b111 0
b10111 $
b10111 .
b10111 *
b1000010111 +
b110 &
b110 (
#536
b1000 !
b1000 /
b1000 0
b11000 $
b11000 .
b11000 *
b1000011000 +
b111 &
b111 (
#537
b1001 !
b1001 /
b1001 0
b11001 $
b11001 .
b11001 *
b1000011001 +
b1000 &
b1000 (
#538
b1010 !
b1010 /
b1010 0
b11010 $
b11010 .
b11010 *
b1000011010 +
b1001 &
b1001 (
#539
b1011 !
b1011 /
b1011 0
b11011 $
b11011 .
b11011 *
b1000011011 +
b1010 &
b1010 (
#540
b1100 !
b1100 /
b1100 0
b11100 $
b11100 .
b11100 *
b1000011100 +
b1011 &
b1011 (
#541
b1101 !
b1101 /
b1101 0
b11101 $
b11101 .
b11101 *
b1000011101 +
b1100 &
b1100 (
#542
b1110 !
b1110 /
b1110 0
b11110 $
b11110 .
b11110 *
b1000011110 +
b1101 &
b1101 (
#543
b1111 !
b1111 /
b1111 0
b11111 $
b11111 .
b11111 *
b1000011111 +
b1110 &
b1110 (
#544
b0 "
b0 ,
b0 1
b100001 !
b100001 /
b100001 0
b0 $
b0 .
b10001 #
b10001 -
b10001 )
b0 *
b1000100000 +
b1111 &
b1111 (
#545
b1 "
b1 ,
b1 1
b100000 !
b100000 /
b100000 0
b1 $
b1 .
b1 *
b1000100001 +
b100001 &
b0 %
b10001 (
b0 '
#546
b0 "
b0 ,
b0 1
b100011 !
b100011 /
b100011 0
b10 $
b10 .
b10 *
b1000100010 +
b100000 &
b1 %
b10000 (
b1 '
#547
b1 "
b1 ,
b1 1
b100010 !
b100010 /
b100010 0
b11 $
b11 .
b11 *
b1000100011 +
b100011 &
b0 %
b10011 (
b0 '
#548
b0 "
b0 ,
b0 1
b100101 !
b100101 /
b100101 0
b100 $
b100 .
b100 *
b1000100100 +
b100010 &
b1 %
b10010 (
b1 '
#549
b1 "
b1 ,
b1 1
b100100 !
b100100 /
b100100 0
b101 $
b101 .
b101 *
b1000100101 +
b100101 &
b0 %
b10101 (
b0 '
#550
b0 "
b0 ,
b0 1
b100111 !
b100111 /
b100111 0
b110 $
b110 .
b110 *
b1000100110 +
b100100 &
b1 %
b10100 (
b1 '
#551
b1 "
b1 ,
b1 1
b100110 !
b100110 /
b100110 0
b111 $
b111 .
b111 *
b1000100111 +
b100111 &
b0 %
b10111 (
b0 '
#552
b0 "
b0 ,
b0 1
b101001 !
b101001 /
b101001 0
b1000 $
b1000 .
b1000 *
b1000101000 +
b100110 &
b1 %
b10110 (
b1 '
#553
b1 "
b1 ,
b1 1
b101000 !
b101000 /
b101000 0
b1001 $
b1001 .
b1001 *
b1000101001 +
b101001 &
b0 %
b11001 (
b0 '
#554
b0 "
b0 ,
b0 1
b101011 !
b101011 /
b101011 0
b1010 $
b1010 .
b1010 *
b1000101010 +
b101000 &
b1 %
b11000 (
b1 '
#555
b1 "
b1 ,
b1 1
b101010 !
b101010 /
b101010 0
b1011 $
b1011 .
b1011 *
b1000101011 +
b101011 &
b0 %
b11011 (
b0 '
#556
b0 "
b0 ,
b0 1
b101101 !
b101101 /
b101101 0
b1100 $
b1100 .
b1100 *
b1000101100 +
b101010 &
b1 %
b11010 (
b1 '
#557
b1 "
b1 ,
b1 1
b101100 !
b101100 /
b101100 0
b1101 $
b1101 .
b1101 *
b1000101101 +
b101101 &
b0 %
b11101 (
b0 '
#558
b0 "
b0 ,
b0 1
b101111 !
b101111 /
b101111 0
b1110 $
b1110 .
b1110 *
b1000101110 +
b101100 &
b1 %
b11100 (
b1 '
#559
b1 "
b1 ,
b1 1
b101110 !
b101110 /
b101110 0
b1111 $
b1111 .
b1111 *
b1000101111 +
b101111 &
b0 %
b11111 (
b0 '
#560
b100000 "
b100000 ,
b100000 1
b1 !
b1 /
b1 0
b10000 $
b10000 .
b10000 *
b1000110000 +
b101110 &
b1 %
b11110 (
b1 '
#561
b100001 "
b100001 ,
b100001 1
b0 !
b0 /
b0 0
b10001 $
b10001 .
b10001 *
b1000110001 +
b1 &
b100000 %
b1 (
b10000 '
#562
b100000 "
b100000 ,
b100000 1
b11 !
b11 /
b11 0
b10010 $
b10010 .
b10010 *
b1000110010 +
b0 &
b100001 %
b0 (
b10001 '
#563
b100001 "
b100001 ,
b100001 1
b10 !
b10 /
b10 0
b10011 $
b10011 .
b10011 *
b1000110011 +
b11 &
b100000 %
b11 (
b10000 '
#564
b100000 "
b100000 ,
b100000 1
b101 !
b101 /
b101 0
b10100 $
b10100 .
b10100 *
b1000110100 +
b10 &
b100001 %
b10 (
b10001 '
#565
b100001 "
b100001 ,
b100001 1
b100 !
b100 /
b100 0
b10101 $
b10101 .
b10101 *
b1000110101 +
b101 &
b100000 %
b101 (
b10000 '
#566
b100000 "
b100000 ,
b100000 1
b111 !
b111 /
b111 0
b10110 $
b10110 .
b10110 *
b1000110110 +
b100 &
b100001 %
b100 (
b10001 '
#567
b100001 "
b100001 ,
b100001 1
b110 !
b110 /
b110 0
b10111 $
b10111 .
b10111 *
b1000110111 +
b111 &
b100000 %
b111 (
b10000 '
#568
b100000 "
b100000 ,
b100000 1
b1001 !
b1001 /
b1001 0
b11000 $
b11000 .
b11000 *
b1000111000 +
b110 &
b100001 %
b110 (
b10001 '
#569
b100001 "
b100001 ,
b100001 1
b1000 !
b1000 /
b1000 0
b11001 $
b11001 .
b11001 *
b1000111001 +
b1001 &
b100000 %
b1001 (
b10000 '
#570
b100000 "
b100000 ,
b100000 1
b1011 !
b1011 /
b1011 0
b11010 $
b11010 .
b11010 *
b1000111010 +
b1000 &
b100001 %
b1000 (
b10001 '
#571
b100001 "
b100001 ,
b100001 1
b1010 !
b1010 /
b1010 0
b11011 $
b11011 .
b11011 *
b1000111011 +
b1011 &
b100000 %
b1011 (
b10000 '
#572
b100000 "
b100000 ,
b100000 1
b1101 !
b1101 /
b1101 0
b11100 $
b11100 .
b11100 *
b1000111100 +
b1010 &
b100001 %
b1010 (
b10001 '
#573
b100001 "
b100001 ,
b100001 1
b1100 !
b1100 /
b1100 0
b11101 $
b11101 .
b11101 *
b1000111101 +
b1101 &
b100000 %
b1101 (
b10000 '
#574
b100000 "
b100000 ,
b100000 1
b1111 !
b1111 /
b1111 0
b11110 $
b11110 .
b11110 *
b1000111110 +
b1100 &
b100001 %
b1100 (
b10001 '
#575
b100001 "
b100001 ,
b100001 1
b1110 !
b1110 /
b1110 0
b11111 $
b11111 .
b11111 *
b1000111111 +
b1111 &
b100000 %
b1111 (
b10000 '
#576
b100010 !
b100010 /
b100010 0
b0 "
b0 ,
b0 1
b0 $
b0 .
b10010 #
b10010 -
b10010 )
b0 *
b1001000000 +
b1110 &
b100001 %
b1110 (
b10001 '
#577
b100011 !
b100011 /
b100011 0
b1 $
b1 .
b1 *
b1001000001 +
b100010 &
b0 %
b10010 (
b0 '
#578
b10 "
b10 ,
b10 1
b100000 !
b100000 /
b100000 0
b10 $
b10 .
b10 *
b1001000010 +
b100011 &
b10011 (
#579
b100001 !
b100001 /
b100001 0
b11 $
b11 .
b11 *
b1001000011 +
b100000 &
b10 %
b10000 (
b10 '
#580
b0 "
b0 ,
b0 1
b100110 !
b100110 /
b100110 0
b100 $
b100 .
b100 *
b1001000100 +
b100001 &
b10001 (
#581
b100111 !
b100111 /
b100111 0
b101 $
b101 .
b101 *
b1001000101 +
b100110 &
b0 %
b10110 (
b0 '
#582
b10 "
b10 ,
b10 1
b100100 !
b100100 /
b100100 0
b110 $
b110 .
b110 *
b1001000110 +
b100111 &
b10111 (
#583
b100101 !
b100101 /
b100101 0
b111 $
b111 .
b111 *
b1001000111 +
b100100 &
b10 %
b10100 (
b10 '
#584
b0 "
b0 ,
b0 1
b101010 !
b101010 /
b101010 0
b1000 $
b1000 .
b1000 *
b1001001000 +
b100101 &
b10101 (
#585
b101011 !
b101011 /
b101011 0
b1001 $
b1001 .
b1001 *
b1001001001 +
b101010 &
b0 %
b11010 (
b0 '
#586
b10 "
b10 ,
b10 1
b101000 !
b101000 /
b101000 0
b1010 $
b1010 .
b1010 *
b1001001010 +
b101011 &
b11011 (
#587
b101001 !
b101001 /
b101001 0
b1011 $
b1011 .
b1011 *
b1001001011 +
b101000 &
b10 %
b11000 (
b10 '
#588
b0 "
b0 ,
b0 1
b101110 !
b101110 /
b101110 0
b1100 $
b1100 .
b1100 *
b1001001100 +
b101001 &
b11001 (
#589
b101111 !
b101111 /
b101111 0
b1101 $
b1101 .
b1101 *
b1001001101 +
b101110 &
b0 %
b11110 (
b0 '
#590
b10 "
b10 ,
b10 1
b101100 !
b101100 /
b101100 0
b1110 $
b1110 .
b1110 *
b1001001110 +
b101111 &
b11111 (
#591
b101101 !
b101101 /
b101101 0
b1111 $
b1111 .
b1111 *
b1001001111 +
b101100 &
b10 %
b11100 (
b10 '
#592
b100000 "
b100000 ,
b100000 1
b10 !
b10 /
b10 0
b10000 $
b10000 .
b10000 *
b1001010000 +
b101101 &
b11101 (
#593
b11 !
b11 /
b11 0
b10001 $
b10001 .
b10001 *
b1001010001 +
b10 &
b100000 %
b10 (
b10000 '
#594
b100010 "
b100010 ,
b100010 1
b0 !
b0 /
b0 0
b10010 $
b10010 .
b10010 *
b1001010010 +
b11 &
b11 (
#595
b1 !
b1 /
b1 0
b10011 $
b10011 .
b10011 *
b1001010011 +
b0 &
b100010 %
b0 (
b10010 '
#596
b100000 "
b100000 ,
b100000 1
b110 !
b110 /
b110 0
b10100 $
b10100 .
b10100 *
b1001010100 +
b1 &
b1 (
#597
b111 !
b111 /
b111 0
b10101 $
b10101 .
b10101 *
b1001010101 +
b110 &
b100000 %
b110 (
b10000 '
#598
b100010 "
b100010 ,
b100010 1
b100 !
b100 /
b100 0
b10110 $
b10110 .
b10110 *
b1001010110 +
b111 &
b111 (
#599
b101 !
b101 /
b101 0
b10111 $
b10111 .
b10111 *
b1001010111 +
b100 &
b100010 %
b100 (
b10010 '
#600
b100000 "
b100000 ,
b100000 1
b1010 !
b1010 /
b1010 0
b11000 $
b11000 .
b11000 *
b1001011000 +
b101 &
b101 (
#601
b1011 !
b1011 /
b1011 0
b11001 $
b11001 .
b11001 *
b1001011001 +
b1010 &
b100000 %
b1010 (
b10000 '
#602
b100010 "
b100010 ,
b100010 1
b1000 !
b1000 /
b1000 0
b11010 $
b11010 .
b11010 *
b1001011010 +
b1011 &
b1011 (
#603
b1001 !
b1001 /
b1001 0
b11011 $
b11011 .
b11011 *
b1001011011 +
b1000 &
b100010 %
b1000 (
b10010 '
#604
b100000 "
b100000 ,
b100000 1
b1110 !
b1110 /
b1110 0
b11100 $
b11100 .
b11100 *
b1001011100 +
b1001 &
b1001 (
#605
b1111 !
b1111 /
b1111 0
b11101 $
b11101 .
b11101 *
b1001011101 +
b1110 &
b100000 %
b1110 (
b10000 '
#606
b100010 "
b100010 ,
b100010 1
b1100 !
b1100 /
b1100 0
b11110 $
b11110 .
b11110 *
b1001011110 +
b1111 &
b1111 (
#607
b1101 !
b1101 /
b1101 0
b11111 $
b11111 .
b11111 *
b1001011111 +
b1100 &
b100010 %
b1100 (
b10010 '
#608
b0 "
b0 ,
b0 1
b100011 !
b100011 /
b100011 0
b0 $
b0 .
b10011 #
b10011 -
b10011 )
b0 *
b1001100000 +
b1101 &
b1101 (
#609
b1 "
b1 ,
b1 1
b100010 !
b100010 /
b100010 0
b1 $
b1 .
b1 *
b1001100001 +
b100011 &
b0 %
b10011 (
b0 '
#610
b10 "
b10 ,
b10 1
b100001 !
b100001 /
b100001 0
b10 $
b10 .
b10 *
b1001100010 +
b100010 &
b1 %
b10010 (
b1 '
#611
b11 "
b11 ,
b11 1
b100000 !
b100000 /
b100000 0
b11 $
b11 .
b11 *
b1001100011 +
b100001 &
b10 %
b10001 (
b10 '
#612
b0 "
b0 ,
b0 1
b100111 !
b100111 /
b100111 0
b100 $
b100 .
b100 *
b1001100100 +
b100000 &
b11 %
b10000 (
b11 '
#613
b1 "
b1 ,
b1 1
b100110 !
b100110 /
b100110 0
b101 $
b101 .
b101 *
b1001100101 +
b100111 &
b0 %
b10111 (
b0 '
#614
b10 "
b10 ,
b10 1
b100101 !
b100101 /
b100101 0
b110 $
b110 .
b110 *
b1001100110 +
b100110 &
b1 %
b10110 (
b1 '
#615
b11 "
b11 ,
b11 1
b100100 !
b100100 /
b100100 0
b111 $
b111 .
b111 *
b1001100111 +
b100101 &
b10 %
b10101 (
b10 '
#616
b0 "
b0 ,
b0 1
b101011 !
b101011 /
b101011 0
b1000 $
b1000 .
b1000 *
b1001101000 +
b100100 &
b11 %
b10100 (
b11 '
#617
b1 "
b1 ,
b1 1
b101010 !
b101010 /
b101010 0
b1001 $
b1001 .
b1001 *
b1001101001 +
b101011 &
b0 %
b11011 (
b0 '
#618
b10 "
b10 ,
b10 1
b101001 !
b101001 /
b101001 0
b1010 $
b1010 .
b1010 *
b1001101010 +
b101010 &
b1 %
b11010 (
b1 '
#619
b11 "
b11 ,
b11 1
b101000 !
b101000 /
b101000 0
b1011 $
b1011 .
b1011 *
b1001101011 +
b101001 &
b10 %
b11001 (
b10 '
#620
b0 "
b0 ,
b0 1
b101111 !
b101111 /
b101111 0
b1100 $
b1100 .
b1100 *
b1001101100 +
b101000 &
b11 %
b11000 (
b11 '
#621
b1 "
b1 ,
b1 1
b101110 !
b101110 /
b101110 0
b1101 $
b1101 .
b1101 *
b1001101101 +
b101111 &
b0 %
b11111 (
b0 '
#622
b10 "
b10 ,
b10 1
b101101 !
b101101 /
b101101 0
b1110 $
b1110 .
b1110 *
b1001101110 +
b101110 &
b1 %
b11110 (
b1 '
#623
b11 "
b11 ,
b11 1
b101100 !
b101100 /
b101100 0
b1111 $
b1111 .
b1111 *
b1001101111 +
b101101 &
b10 %
b11101 (
b10 '
#624
b100000 "
b100000 ,
b100000 1
b11 !
b11 /
b11 0
b10000 $
b10000 .
b10000 *
b1001110000 +
b101100 &
b11 %
b11100 (
b11 '
#625
b100001 "
b100001 ,
b100001 1
b10 !
b10 /
b10 0
b10001 $
b10001 .
b10001 *
b1001110001 +
b11 &
b100000 %
b11 (
b10000 '
#626
b100010 "
b100010 ,
b100010 1
b1 !
b1 /
b1 0
b10010 $
b10010 .
b10010 *
b1001110010 +
b10 &
b100001 %
b10 (
b10001 '
#627
b100011 "
b100011 ,
b100011 1
b0 !
b0 /
b0 0
b10011 $
b10011 .
b10011 *
b1001110011 +
b1 &
b100010 %
b1 (
b10010 '
#628
b100000 "
b100000 ,
b100000 1
b111 !
b111 /
b111 0
b10100 $
b10100 .
b10100 *
b1001110100 +
b0 &
b100011 %
b0 (
b10011 '
#629
b100001 "
b100001 ,
b100001 1
b110 !
b110 /
b110 0
b10101 $
b10101 .
b10101 *
b1001110101 +
b111 &
b100000 %
b111 (
b10000 '
#630
b100010 "
b100010 ,
b100010 1
b101 !
b101 /
b101 0
b10110 $
b10110 .
b10110 *
b1001110110 +
b110 &
b100001 %
b110 (
b10001 '
#631
b100011 "
b100011 ,
b100011 1
b100 !
b100 /
b100 0
b10111 $
b10111 .
b10111 *
b1001110111 +
b101 &
b100010 %
b101 (
b10010 '
#632
b100000 "
b100000 ,
b100000 1
b1011 !
b1011 /
b1011 0
b11000 $
b11000 .
b11000 *
b1001111000 +
b100 &
b100011 %
b100 (
b10011 '
#633
b100001 "
b100001 ,
b100001 1
b1010 !
b1010 /
b1010 0
b11001 $
b11001 .
b11001 *
b1001111001 +
b1011 &
b100000 %
b1011 (
b10000 '
#634
b100010 "
b100010 ,
b100010 1
b1001 !
b1001 /
b1001 0
b11010 $
b11010 .
b11010 *
b1001111010 +
b1010 &
b100001 %
b1010 (
b10001 '
#635
b100011 "
b100011 ,
b100011 1
b1000 !
b1000 /
b1000 0
b11011 $
b11011 .
b11011 *
b1001111011 +
b1001 &
b100010 %
b1001 (
b10010 '
#636
b100000 "
b100000 ,
b100000 1
b1111 !
b1111 /
b1111 0
b11100 $
b11100 .
b11100 *
b1001111100 +
b1000 &
b100011 %
b1000 (
b10011 '
#637
b100001 "
b100001 ,
b100001 1
b1110 !
b1110 /
b1110 0
b11101 $
b11101 .
b11101 *
b1001111101 +
b1111 &
b100000 %
b1111 (
b10000 '
#638
b100010 "
b100010 ,
b100010 1
b1101 !
b1101 /
b1101 0
b11110 $
b11110 .
b11110 *
b1001111110 +
b1110 &
b100001 %
b1110 (
b10001 '
#639
b100011 "
b100011 ,
b100011 1
b1100 !
b1100 /
b1100 0
b11111 $
b11111 .
b11111 *
b1001111111 +
b1101 &
b100010 %
b1101 (
b10010 '
#640
b100100 !
b100100 /
b100100 0
b0 "
b0 ,
b0 1
b0 $
b0 .
b10100 #
b10100 -
b10100 )
b0 *
b1010000000 +
b1100 &
b100011 %
b1100 (
b10011 '
#641
b100101 !
b100101 /
b100101 0
b1 $
b1 .
b1 *
b1010000001 +
b100100 &
b0 %
b10100 (
b0 '
#642
b100110 !
b100110 /
b100110 0
b10 $
b10 .
b10 *
b1010000010 +
b100101 &
b10101 (
#643
b100111 !
b100111 /
b100111 0
b11 $
b11 .
b11 *
b1010000011 +
b100110 &
b10110 (
#644
b100 "
b100 ,
b100 1
b100000 !
b100000 /
b100000 0
b100 $
b100 .
b100 *
b1010000100 +
b100111 &
b10111 (
#645
b100001 !
b100001 /
b100001 0
b101 $
b101 .
b101 *
b1010000101 +
b100000 &
b100 %
b10000 (
b100 '
#646
b100010 !
b100010 /
b100010 0
b110 $
b110 .
b110 *
b1010000110 +
b100001 &
b10001 (
#647
b100011 !
b100011 /
b100011 0
b111 $
b111 .
b111 *
b1010000111 +
b100010 &
b10010 (
#648
b0 "
b0 ,
b0 1
b101100 !
b101100 /
b101100 0
b1000 $
b1000 .
b1000 *
b1010001000 +
b100011 &
b10011 (
#649
b101101 !
b101101 /
b101101 0
b1001 $
b1001 .
b1001 *
b1010001001 +
b101100 &
b0 %
b11100 (
b0 '
#650
b101110 !
b101110 /
b101110 0
b1010 $
b1010 .
b1010 *
b1010001010 +
b101101 &
b11101 (
#651
b101111 !
b101111 /
b101111 0
b1011 $
b1011 .
b1011 *
b1010001011 +
b101110 &
b11110 (
#652
b100 "
b100 ,
b100 1
b101000 !
b101000 /
b101000 0
b1100 $
b1100 .
b1100 *
b1010001100 +
b101111 &
b11111 (
#653
b101001 !
b101001 /
b101001 0
b1101 $
b1101 .
b1101 *
b1010001101 +
b101000 &
b100 %
b11000 (
b100 '
#654
b101010 !
b101010 /
b101010 0
b1110 $
b1110 .
b1110 *
b1010001110 +
b101001 &
b11001 (
#655
b101011 !
b101011 /
b101011 0
b1111 $
b1111 .
b1111 *
b1010001111 +
b101010 &
b11010 (
#656
b100000 "
b100000 ,
b100000 1
b100 !
b100 /
b100 0
b10000 $
b10000 .
b10000 *
b1010010000 +
b101011 &
b11011 (
#657
b101 !
b101 /
b101 0
b10001 $
b10001 .
b10001 *
b1010010001 +
b100 &
b100000 %
b100 (
b10000 '
#658
b110 !
b110 /
b110 0
b10010 $
b10010 .
b10010 *
b1010010010 +
b101 &
b101 (
#659
b111 !
b111 /
b111 0
b10011 $
b10011 .
b10011 *
b1010010011 +
b110 &
b110 (
#660
b100100 "
b100100 ,
b100100 1
b0 !
b0 /
b0 0
b10100 $
b10100 .
b10100 *
b1010010100 +
b111 &
b111 (
#661
b1 !
b1 /
b1 0
b10101 $
b10101 .
b10101 *
b1010010101 +
b0 &
b100100 %
b0 (
b10100 '
#662
b10 !
b10 /
b10 0
b10110 $
b10110 .
b10110 *
b1010010110 +
b1 &
b1 (
#663
b11 !
b11 /
b11 0
b10111 $
b10111 .
b10111 *
b1010010111 +
b10 &
b10 (
#664
b100000 "
b100000 ,
b100000 1
b1100 !
b1100 /
b1100 0
b11000 $
b11000 .
b11000 *
b1010011000 +
b11 &
b11 (
#665
b1101 !
b1101 /
b1101 0
b11001 $
b11001 .
b11001 *
b1010011001 +
b1100 &
b100000 %
b1100 (
b10000 '
#666
b1110 !
b1110 /
b1110 0
b11010 $
b11010 .
b11010 *
b1010011010 +
b1101 &
b1101 (
#667
b1111 !
b1111 /
b1111 0
b11011 $
b11011 .
b11011 *
b1010011011 +
b1110 &
b1110 (
#668
b100100 "
b100100 ,
b100100 1
b1000 !
b1000 /
b1000 0
b11100 $
b11100 .
b11100 *
b1010011100 +
b1111 &
b1111 (
#669
b1001 !
b1001 /
b1001 0
b11101 $
b11101 .
b11101 *
b1010011101 +
b1000 &
b100100 %
b1000 (
b10100 '
#670
b1010 !
b1010 /
b1010 0
b11110 $
b11110 .
b11110 *
b1010011110 +
b1001 &
b1001 (
#671
b1011 !
b1011 /
b1011 0
b11111 $
b11111 .
b11111 *
b1010011111 +
b1010 &
b1010 (
#672
b0 "
b0 ,
b0 1
b100101 !
b100101 /
b100101 0
b0 $
b0 .
b10101 #
b10101 -
b10101 )
b0 *
b1010100000 +
b1011 &
b1011 (
#673
b1 "
b1 ,
b1 1
b100100 !
b100100 /
b100100 0
b1 $
b1 .
b1 *
b1010100001 +
b100101 &
b0 %
b10101 (
b0 '
#674
b0 "
b0 ,
b0 1
b100111 !
b100111 /
b100111 0
b10 $
b10 .
b10 *
b1010100010 +
b100100 &
b1 %
b10100 (
b1 '
#675
b1 "
b1 ,
b1 1
b100110 !
b100110 /
b100110 0
b11 $
b11 .
b11 *
b1010100011 +
b100111 &
b0 %
b10111 (
b0 '
#676
b100 "
b100 ,
b100 1
b100001 !
b100001 /
b100001 0
b100 $
b100 .
b100 *
b1010100100 +
b100110 &
b1 %
b10110 (
b1 '
#677
b101 "
b101 ,
b101 1
b100000 !
b100000 /
b100000 0
b101 $
b101 .
b101 *
b1010100101 +
b100001 &
b100 %
b10001 (
b100 '
#678
b100 "
b100 ,
b100 1
b100011 !
b100011 /
b100011 0
b110 $
b110 .
b110 *
b1010100110 +
b100000 &
b101 %
b10000 (
b101 '
#679
b101 "
b101 ,
b101 1
b100010 !
b100010 /
b100010 0
b111 $
b111 .
b111 *
b1010100111 +
b100011 &
b100 %
b10011 (
b100 '
#680
b0 "
b0 ,
b0 1
b101101 !
b101101 /
b101101 0
b1000 $
b1000 .
b1000 *
b1010101000 +
b100010 &
b101 %
b10010 (
b101 '
#681
b1 "
b1 ,
b1 1
b101100 !
b101100 /
b101100 0
b1001 $
b1001 .
b1001 *
b1010101001 +
b101101 &
b0 %
b11101 (
b0 '
#682
b0 "
b0 ,
b0 1
b101111 !
b101111 /
b101111 0
b1010 $
b1010 .
b1010 *
b1010101010 +
b101100 &
b1 %
b11100 (
b1 '
#683
b1 "
b1 ,
b1 1
b101110 !
b101110 /
b101110 0
b1011 $
b1011 .
b1011 *
b1010101011 +
b101111 &
b0 %
b11111 (
b0 '
#684
b100 "
b100 ,
b100 1
b101001 !
b101001 /
b101001 0
b1100 $
b1100 .
b1100 *
b1010101100 +
b101110 &
b1 %
b11110 (
b1 '
#685
b101 "
b101 ,
b101 1
b101000 !
b101000 /
b101000 0
b1101 $
b1101 .
b1101 *
b1010101101 +
b101001 &
b100 %
b11001 (
b100 '
#686
b100 "
b100 ,
b100 1
b101011 !
b101011 /
b101011 0
b1110 $
b1110 .
b1110 *
b1010101110 +
b101000 &
b101 %
b11000 (
b101 '
#687
b101 "
b101 ,
b101 1
b101010 !
b101010 /
b101010 0
b1111 $
b1111 .
b1111 *
b1010101111 +
b101011 &
b100 %
b11011 (
b100 '
#688
b100000 "
b100000 ,
b100000 1
b101 !
b101 /
b101 0
b10000 $
b10000 .
b10000 *
b1010110000 +
b101010 &
b101 %
b11010 (
b101 '
#689
b100001 "
b100001 ,
b100001 1
b100 !
b100 /
b100 0
b10001 $
b10001 .
b10001 *
b1010110001 +
b101 &
b100000 %
b101 (
b10000 '
#690
b100000 "
b100000 ,
b100000 1
b111 !
b111 /
b111 0
b10010 $
b10010 .
b10010 *
b1010110010 +
b100 &
b100001 %
b100 (
b10001 '
#691
b100001 "
b100001 ,
b100001 1
b110 !
b110 /
b110 0
b10011 $
b10011 .
b10011 *
b1010110011 +
b111 &
b100000 %
b111 (
b10000 '
#692
b100100 "
b100100 ,
b100100 1
b1 !
b1 /
b1 0
b10100 $
b10100 .
b10100 *
b1010110100 +
b110 &
b100001 %
b110 (
b10001 '
#693
b100101 "
b100101 ,
b100101 1
b0 !
b0 /
b0 0
b10101 $
b10101 .
b10101 *
b1010110101 +
b1 &
b100100 %
b1 (
b10100 '
#694
b100100 "
b100100 ,
b100100 1
b11 !
b11 /
b11 0
b10110 $
b10110 .
b10110 *
b1010110110 +
b0 &
b100101 %
b0 (
b10101 '
#695
b100101 "
b100101 ,
b100101 1
b10 !
b10 /
b10 0
b10111 $
b10111 .
b10111 *
b1010110111 +
b11 &
b100100 %
b11 (
b10100 '
#696
b100000 "
b100000 ,
b100000 1
b1101 !
b1101 /
b1101 0
b11000 $
b11000 .
b11000 *
b1010111000 +
b10 &
b100101 %
b10 (
b10101 '
#697
b100001 "
b100001 ,
b100001 1
b1100 !
b1100 /
b1100 0
b11001 $
b11001 .
b11001 *
b1010111001 +
b1101 &
b100000 %
b1101 (
b10000 '
#698
b100000 "
b100000 ,
b100000 1
b1111 !
b1111 /
b1111 0
b11010 $
b11010 .
b11010 *
b1010111010 +
b1100 &
b100001 %
b1100 (
b10001 '
#699
b100001 "
b100001 ,
b100001 1
b1110 !
b1110 /
b1110 0
b11011 $
b11011 .
b11011 *
b1010111011 +
b1111 &
b100000 %
b1111 (
b10000 '
#700
b100100 "
b100100 ,
b100100 1
b1001 !
b1001 /
b1001 0
b11100 $
b11100 .
b11100 *
b1010111100 +
b1110 &
b100001 %
b1110 (
b10001 '
#701
b100101 "
b100101 ,
b100101 1
b1000 !
b1000 /
b1000 0
b11101 $
b11101 .
b11101 *
b1010111101 +
b1001 &
b100100 %
b1001 (
b10100 '
#702
b100100 "
b100100 ,
b100100 1
b1011 !
b1011 /
b1011 0
b11110 $
b11110 .
b11110 *
b1010111110 +
b1000 &
b100101 %
b1000 (
b10101 '
#703
b100101 "
b100101 ,
b100101 1
b1010 !
b1010 /
b1010 0
b11111 $
b11111 .
b11111 *
b1010111111 +
b1011 &
b100100 %
b1011 (
b10100 '
#704
b100110 !
b100110 /
b100110 0
b0 "
b0 ,
b0 1
b0 $
b0 .
b10110 #
b10110 -
b10110 )
b0 *
b1011000000 +
b1010 &
b100101 %
b1010 (
b10101 '
#705
b100111 !
b100111 /
b100111 0
b1 $
b1 .
b1 *
b1011000001 +
b100110 &
b0 %
b10110 (
b0 '
#706
b10 "
b10 ,
b10 1
b100100 !
b100100 /
b100100 0
b10 $
b10 .
b10 *
b1011000010 +
b100111 &
b10111 (
#707
b100101 !
b100101 /
b100101 0
b11 $
b11 .
b11 *
b1011000011 +
b100100 &
b10 %
b10100 (
b10 '
#708
b100 "
b100 ,
b100 1
b100010 !
b100010 /
b100010 0
b100 $
b100 .
b100 *
b1011000100 +
b100101 &
b10101 (
#709
b100011 !
b100011 /
b100011 0
b101 $
b101 .
b101 *
b1011000101 +
b100010 &
b100 %
b10010 (
b100 '
#710
b110 "
b110 ,
b110 1
b100000 !
b100000 /
b100000 0
b110 $
b110 .
b110 *
b1011000110 +
b100011 &
b10011 (
#711
b100001 !
b100001 /
b100001 0
b111 $
b111 .
b111 *
b1011000111 +
b100000 &
b110 %
b10000 (
b110 '
#712
b0 "
b0 ,
b0 1
b101110 !
b101110 /
b101110 0
b1000 $
b1000 .
b1000 *
b1011001000 +
b100001 &
b10001 (
#713
b101111 !
b101111 /
b101111 0
b1001 $
b1001 .
b1001 *
b1011001001 +
b101110 &
b0 %
b11110 (
b0 '
#714
b10 "
b10 ,
b10 1
b101100 !
b101100 /
b101100 0
b1010 $
b1010 .
b1010 *
b1011001010 +
b101111 &
b11111 (
#715
b101101 !
b101101 /
b101101 0
b1011 $
b1011 .
b1011 *
b1011001011 +
b101100 &
b10 %
b11100 (
b10 '
#716
b100 "
b100 ,
b100 1
b101010 !
b101010 /
b101010 0
b1100 $
b1100 .
b1100 *
b1011001100 +
b101101 &
b11101 (
#717
b101011 !
b101011 /
b101011 0
b1101 $
b1101 .
b1101 *
b1011001101 +
b101010 &
b100 %
b11010 (
b100 '
#718
b110 "
b110 ,
b110 1
b101000 !
b101000 /
b101000 0
b1110 $
b1110 .
b1110 *
b1011001110 +
b101011 &
b11011 (
#719
b101001 !
b101001 /
b101001 0
b1111 $
b1111 .
b1111 *
b1011001111 +
b101000 &
b110 %
b11000 (
b110 '
#720
b100000 "
b100000 ,
b100000 1
b110 !
b110 /
b110 0
b10000 $
b10000 .
b10000 *
b1011010000 +
b101001 &
b11001 (
#721
b111 !
b111 /
b111 0
b10001 $
b10001 .
b10001 *
b1011010001 +
b110 &
b100000 %
b110 (
b10000 '
#722
b100010 "
b100010 ,
b100010 1
b100 !
b100 /
b100 0
b10010 $
b10010 .
b10010 *
b1011010010 +
b111 &
b111 (
#723
b101 !
b101 /
b101 0
b10011 $
b10011 .
b10011 *
b1011010011 +
b100 &
b100010 %
b100 (
b10010 '
#724
b100100 "
b100100 ,
b100100 1
b10 !
b10 /
b10 0
b10100 $
b10100 .
b10100 *
b1011010100 +
b101 &
b101 (
#725
b11 !
b11 /
b11 0
b10101 $
b10101 .
b10101 *
b1011010101 +
b10 &
b100100 %
b10 (
b10100 '
#726
b100110 "
b100110 ,
b100110 1
b0 !
b0 /
b0 0
b10110 $
b10110 .
b10110 *
b1011010110 +
b11 &
b11 (
#727
b1 !
b1 /
b1 0
b10111 $
b10111 .
b10111 *
b1011010111 +
b0 &
b100110 %
b0 (
b10110 '
#728
b100000 "
b100000 ,
b100000 1
b1110 !
b1110 /
b1110 0
b11000 $
b11000 .
b11000 *
b1011011000 +
b1 &
b1 (
#729
b1111 !
b1111 /
b1111 0
b11001 $
b11001 .
b11001 *
b1011011001 +
b1110 &
b100000 %
b1110 (
b10000 '
#730
b100010 "
b100010 ,
b100010 1
b1100 !
b1100 /
b1100 0
b11010 $
b11010 .
b11010 *
b1011011010 +
b1111 &
b1111 (
#731
b1101 !
b1101 /
b1101 0
b11011 $
b11011 .
b11011 *
b1011011011 +
b1100 &
b100010 %
b1100 (
b10010 '
#732
b100100 "
b100100 ,
b100100 1
b1010 !
b1010 /
b1010 0
b11100 $
b11100 .
b11100 *
b1011011100 +
b1101 &
b1101 (
#733
b1011 !
b1011 /
b1011 0
b11101 $
b11101 .
b11101 *
b1011011101 +
b1010 &
b100100 %
b1010 (
b10100 '
#734
b100110 "
b100110 ,
b100110 1
b1000 !
b1000 /
b1000 0
b11110 $
b11110 .
b11110 *
b1011011110 +
b1011 &
b1011 (
#735
b1001 !
b1001 /
b1001 0
b11111 $
b11111 .
b11111 *
b1011011111 +
b1000 &
b100110 %
b1000 (
b10110 '
#736
b0 "
b0 ,
b0 1
b100111 !
b100111 /
b100111 0
b0 $
b0 .
b10111 #
b10111 -
b10111 )
b0 *
b1011100000 +
b1001 &
b1001 (
#737
b1 "
b1 ,
b1 1
b100110 !
b100110 /
b100110 0
b1 $
b1 .
b1 *
b1011100001 +
b100111 &
b0 %
b10111 (
b0 '
#738
b10 "
b10 ,
b10 1
b100101 !
b100101 /
b100101 0
b10 $
b10 .
b10 *
b1011100010 +
b100110 &
b1 %
b10110 (
b1 '
#739
b11 "
b11 ,
b11 1
b100100 !
b100100 /
b100100 0
b11 $
b11 .
b11 *
b1011100011 +
b100101 &
b10 %
b10101 (
b10 '
#740
b100 "
b100 ,
b100 1
b100011 !
b100011 /
b100011 0
b100 $
b100 .
b100 *
b1011100100 +
b100100 &
b11 %
b10100 (
b11 '
#741
b101 "
b101 ,
b101 1
b100010 !
b100010 /
b100010 0
b101 $
b101 .
b101 *
b1011100101 +
b100011 &
b100 %
b10011 (
b100 '
#742
b110 "
b110 ,
b110 1
b100001 !
b100001 /
b100001 0
b110 $
b110 .
b110 *
b1011100110 +
b100010 &
b101 %
b10010 (
b101 '
#743
b111 "
b111 ,
b111 1
b100000 !
b100000 /
b100000 0
b111 $
b111 .
b111 *
b1011100111 +
b100001 &
b110 %
b10001 (
b110 '
#744
b0 "
b0 ,
b0 1
b101111 !
b101111 /
b101111 0
b1000 $
b1000 .
b1000 *
b1011101000 +
b100000 &
b111 %
b10000 (
b111 '
#745
b1 "
b1 ,
b1 1
b101110 !
b101110 /
b101110 0
b1001 $
b1001 .
b1001 *
b1011101001 +
b101111 &
b0 %
b11111 (
b0 '
#746
b10 "
b10 ,
b10 1
b101101 !
b101101 /
b101101 0
b1010 $
b1010 .
b1010 *
b1011101010 +
b101110 &
b1 %
b11110 (
b1 '
#747
b11 "
b11 ,
b11 1
b101100 !
b101100 /
b101100 0
b1011 $
b1011 .
b1011 *
b1011101011 +
b101101 &
b10 %
b11101 (
b10 '
#748
b100 "
b100 ,
b100 1
b101011 !
b101011 /
b101011 0
b1100 $
b1100 .
b1100 *
b1011101100 +
b101100 &
b11 %
b11100 (
b11 '
#749
b101 "
b101 ,
b101 1
b101010 !
b101010 /
b101010 0
b1101 $
b1101 .
b1101 *
b1011101101 +
b101011 &
b100 %
b11011 (
b100 '
#750
b110 "
b110 ,
b110 1
b101001 !
b101001 /
b101001 0
b1110 $
b1110 .
b1110 *
b1011101110 +
b101010 &
b101 %
b11010 (
b101 '
#751
b111 "
b111 ,
b111 1
b101000 !
b101000 /
b101000 0
b1111 $
b1111 .
b1111 *
b1011101111 +
b101001 &
b110 %
b11001 (
b110 '
#752
b100000 "
b100000 ,
b100000 1
b111 !
b111 /
b111 0
b10000 $
b10000 .
b10000 *
b1011110000 +
b101000 &
b111 %
b11000 (
b111 '
#753
b100001 "
b100001 ,
b100001 1
b110 !
b110 /
b110 0
b10001 $
b10001 .
b10001 *
b1011110001 +
b111 &
b100000 %
b111 (
b10000 '
#754
b100010 "
b100010 ,
b100010 1
b101 !
b101 /
b101 0
b10010 $
b10010 .
b10010 *
b1011110010 +
b110 &
b100001 %
b110 (
b10001 '
#755
b100011 "
b100011 ,
b100011 1
b100 !
b100 /
b100 0
b10011 $
b10011 .
b10011 *
b1011110011 +
b101 &
b100010 %
b101 (
b10010 '
#756
b100100 "
b100100 ,
b100100 1
b11 !
b11 /
b11 0
b10100 $
b10100 .
b10100 *
b1011110100 +
b100 &
b100011 %
b100 (
b10011 '
#757
b100101 "
b100101 ,
b100101 1
b10 !
b10 /
b10 0
b10101 $
b10101 .
b10101 *
b1011110101 +
b11 &
b100100 %
b11 (
b10100 '
#758
b100110 "
b100110 ,
b100110 1
b1 !
b1 /
b1 0
b10110 $
b10110 .
b10110 *
b1011110110 +
b10 &
b100101 %
b10 (
b10101 '
#759
b100111 "
b100111 ,
b100111 1
b0 !
b0 /
b0 0
b10111 $
b10111 .
b10111 *
b1011110111 +
b1 &
b100110 %
b1 (
b10110 '
#760
b100000 "
b100000 ,
b100000 1
b1111 !
b1111 /
b1111 0
b11000 $
b11000 .
b11000 *
b1011111000 +
b0 &
b100111 %
b0 (
b10111 '
#761
b100001 "
b100001 ,
b100001 1
b1110 !
b1110 /
b1110 0
b11001 $
b11001 .
b11001 *
b1011111001 +
b1111 &
b100000 %
b1111 (
b10000 '
#762
b100010 "
b100010 ,
b100010 1
b1101 !
b1101 /
b1101 0
b11010 $
b11010 .
b11010 *
b1011111010 +
b1110 &
b100001 %
b1110 (
b10001 '
#763
b100011 "
b100011 ,
b100011 1
b1100 !
b1100 /
b1100 0
b11011 $
b11011 .
b11011 *
b1011111011 +
b1101 &
b100010 %
b1101 (
b10010 '
#764
b100100 "
b100100 ,
b100100 1
b1011 !
b1011 /
b1011 0
b11100 $
b11100 .
b11100 *
b1011111100 +
b1100 &
b100011 %
b1100 (
b10011 '
#765
b100101 "
b100101 ,
b100101 1
b1010 !
b1010 /
b1010 0
b11101 $
b11101 .
b11101 *
b1011111101 +
b1011 &
b100100 %
b1011 (
b10100 '
#766
b100110 "
b100110 ,
b100110 1
b1001 !
b1001 /
b1001 0
b11110 $
b11110 .
b11110 *
b1011111110 +
b1010 &
b100101 %
b1010 (
b10101 '
#767
b100111 "
b100111 ,
b100111 1
b1000 !
b1000 /
b1000 0
b11111 $
b11111 .
b11111 *
b1011111111 +
b1001 &
b100110 %
b1001 (
b10110 '
#768
b101000 !
b101000 /
b101000 0
b0 "
b0 ,
b0 1
b0 $
b0 .
b11000 #
b11000 -
b11000 )
b0 *
b1100000000 +
b1000 &
b100111 %
b1000 (
b10111 '
#769
b101001 !
b101001 /
b101001 0
b1 $
b1 .
b1 *
b1100000001 +
b101000 &
b0 %
b11000 (
b0 '
#770
b101010 !
b101010 /
b101010 0
b10 $
b10 .
b10 *
b1100000010 +
b101001 &
b11001 (
#771
b101011 !
b101011 /
b101011 0
b11 $
b11 .
b11 *
b1100000011 +
b101010 &
b11010 (
#772
b101100 !
b101100 /
b101100 0
b100 $
b100 .
b100 *
b1100000100 +
b101011 &
b11011 (
#773
b101101 !
b101101 /
b101101 0
b101 $
b101 .
b101 *
b1100000101 +
b101100 &
b11100 (
#774
b101110 !
b101110 /
b101110 0
b110 $
b110 .
b110 *
b1100000110 +
b101101 &
b11101 (
#775
b101111 !
b101111 /
b101111 0
b111 $
b111 .
b111 *
b1100000111 +
b101110 &
b11110 (
#776
b1000 "
b1000 ,
b1000 1
b100000 !
b100000 /
b100000 0
b1000 $
b1000 .
b1000 *
b1100001000 +
b101111 &
b11111 (
#777
b100001 !
b100001 /
b100001 0
b1001 $
b1001 .
b1001 *
b1100001001 +
b100000 &
b1000 %
b10000 (
b1000 '
#778
b100010 !
b100010 /
b100010 0
b1010 $
b1010 .
b1010 *
b1100001010 +
b100001 &
b10001 (
#779
b100011 !
b100011 /
b100011 0
b1011 $
b1011 .
b1011 *
b1100001011 +
b100010 &
b10010 (
#780
b100100 !
b100100 /
b100100 0
b1100 $
b1100 .
b1100 *
b1100001100 +
b100011 &
b10011 (
#781
b100101 !
b100101 /
b100101 0
b1101 $
b1101 .
b1101 *
b1100001101 +
b100100 &
b10100 (
#782
b100110 !
b100110 /
b100110 0
b1110 $
b1110 .
b1110 *
b1100001110 +
b100101 &
b10101 (
#783
b100111 !
b100111 /
b100111 0
b1111 $
b1111 .
b1111 *
b1100001111 +
b100110 &
b10110 (
#784
b100000 "
b100000 ,
b100000 1
b1000 !
b1000 /
b1000 0
b10000 $
b10000 .
b10000 *
b1100010000 +
b100111 &
b10111 (
#785
b1001 !
b1001 /
b1001 0
b10001 $
b10001 .
b10001 *
b1100010001 +
b1000 &
b100000 %
b1000 (
b10000 '
#786
b1010 !
b1010 /
b1010 0
b10010 $
b10010 .
b10010 *
b1100010010 +
b1001 &
b1001 (
#787
b1011 !
b1011 /
b1011 0
b10011 $
b10011 .
b10011 *
b1100010011 +
b1010 &
b1010 (
#788
b1100 !
b1100 /
b1100 0
b10100 $
b10100 .
b10100 *
b1100010100 +
b1011 &
b1011 (
#789
b1101 !
b1101 /
b1101 0
b10101 $
b10101 .
b10101 *
b1100010101 +
b1100 &
b1100 (
#790
b1110 !
b1110 /
b1110 0
b10110 $
b10110 .
b10110 *
b1100010110 +
b1101 &
b1101 (
#791
b1111 !
b1111 /
b1111 0
b10111 $
b10111 .
b10111 *
b1100010111 +
b1110 &
b1110 (
#792
b101000 "
b101000 ,
b101000 1
b0 !
b0 /
b0 0
b11000 $
b11000 .
b11000 *
b1100011000 +
b1111 &
b1111 (
#793
b1 !
b1 /
b1 0
b11001 $
b11001 .
b11001 *
b1100011001 +
b0 &
b101000 %
b0 (
b11000 '
#794
b10 !
b10 /
b10 0
b11010 $
b11010 .
b11010 *
b1100011010 +
b1 &
b1 (
#795
b11 !
b11 /
b11 0
b11011 $
b11011 .
b11011 *
b1100011011 +
b10 &
b10 (
#796
b100 !
b100 /
b100 0
b11100 $
b11100 .
b11100 *
b1100011100 +
b11 &
b11 (
#797
b101 !
b101 /
b101 0
b11101 $
b11101 .
b11101 *
b1100011101 +
b100 &
b100 (
#798
b110 !
b110 /
b110 0
b11110 $
b11110 .
b11110 *
b1100011110 +
b101 &
b101 (
#799
b111 !
b111 /
b111 0
b11111 $
b11111 .
b11111 *
b1100011111 +
b110 &
b110 (
#800
b0 "
b0 ,
b0 1
b101001 !
b101001 /
b101001 0
b0 $
b0 .
b11001 #
b11001 -
b11001 )
b0 *
b1100100000 +
b111 &
b111 (
#801
b1 "
b1 ,
b1 1
b101000 !
b101000 /
b101000 0
b1 $
b1 .
b1 *
b1100100001 +
b101001 &
b0 %
b11001 (
b0 '
#802
b0 "
b0 ,
b0 1
b101011 !
b101011 /
b101011 0
b10 $
b10 .
b10 *
b1100100010 +
b101000 &
b1 %
b11000 (
b1 '
#803
b1 "
b1 ,
b1 1
b101010 !
b101010 /
b101010 0
b11 $
b11 .
b11 *
b1100100011 +
b101011 &
b0 %
b11011 (
b0 '
#804
b0 "
b0 ,
b0 1
b101101 !
b101101 /
b101101 0
b100 $
b100 .
b100 *
b1100100100 +
b101010 &
b1 %
b11010 (
b1 '
#805
b1 "
b1 ,
b1 1
b101100 !
b101100 /
b101100 0
b101 $
b101 .
b101 *
b1100100101 +
b101101 &
b0 %
b11101 (
b0 '
#806
b0 "
b0 ,
b0 1
b101111 !
b101111 /
b101111 0
b110 $
b110 .
b110 *
b1100100110 +
b101100 &
b1 %
b11100 (
b1 '
#807
b1 "
b1 ,
b1 1
b101110 !
b101110 /
b101110 0
b111 $
b111 .
b111 *
b1100100111 +
b101111 &
b0 %
b11111 (
b0 '
#808
b1000 "
b1000 ,
b1000 1
b100001 !
b100001 /
b100001 0
b1000 $
b1000 .
b1000 *
b1100101000 +
b101110 &
b1 %
b11110 (
b1 '
#809
b1001 "
b1001 ,
b1001 1
b100000 !
b100000 /
b100000 0
b1001 $
b1001 .
b1001 *
b1100101001 +
b100001 &
b1000 %
b10001 (
b1000 '
#810
b1000 "
b1000 ,
b1000 1
b100011 !
b100011 /
b100011 0
b1010 $
b1010 .
b1010 *
b1100101010 +
b100000 &
b1001 %
b10000 (
b1001 '
#811
b1001 "
b1001 ,
b1001 1
b100010 !
b100010 /
b100010 0
b1011 $
b1011 .
b1011 *
b1100101011 +
b100011 &
b1000 %
b10011 (
b1000 '
#812
b1000 "
b1000 ,
b1000 1
b100101 !
b100101 /
b100101 0
b1100 $
b1100 .
b1100 *
b1100101100 +
b100010 &
b1001 %
b10010 (
b1001 '
#813
b1001 "
b1001 ,
b1001 1
b100100 !
b100100 /
b100100 0
b1101 $
b1101 .
b1101 *
b1100101101 +
b100101 &
b1000 %
b10101 (
b1000 '
#814
b1000 "
b1000 ,
b1000 1
b100111 !
b100111 /
b100111 0
b1110 $
b1110 .
b1110 *
b1100101110 +
b100100 &
b1001 %
b10100 (
b1001 '
#815
b1001 "
b1001 ,
b1001 1
b100110 !
b100110 /
b100110 0
b1111 $
b1111 .
b1111 *
b1100101111 +
b100111 &
b1000 %
b10111 (
b1000 '
#816
b100000 "
b100000 ,
b100000 1
b1001 !
b1001 /
b1001 0
b10000 $
b10000 .
b10000 *
b1100110000 +
b100110 &
b1001 %
b10110 (
b1001 '
#817
b100001 "
b100001 ,
b100001 1
b1000 !
b1000 /
b1000 0
b10001 $
b10001 .
b10001 *
b1100110001 +
b1001 &
b100000 %
b1001 (
b10000 '
#818
b100000 "
b100000 ,
b100000 1
b1011 !
b1011 /
b1011 0
b10010 $
b10010 .
b10010 *
b1100110010 +
b1000 &
b100001 %
b1000 (
b10001 '
#819
b100001 "
b100001 ,
b100001 1
b1010 !
b1010 /
b1010 0
b10011 $
b10011 .
b10011 *
b1100110011 +
b1011 &
b100000 %
b1011 (
b10000 '
#820
b100000 "
b100000 ,
b100000 1
b1101 !
b1101 /
b1101 0
b10100 $
b10100 .
b10100 *
b1100110100 +
b1010 &
b100001 %
b1010 (
b10001 '
#821
b100001 "
b100001 ,
b100001 1
b1100 !
b1100 /
b1100 0
b10101 $
b10101 .
b10101 *
b1100110101 +
b1101 &
b100000 %
b1101 (
b10000 '
#822
b100000 "
b100000 ,
b100000 1
b1111 !
b1111 /
b1111 0
b10110 $
b10110 .
b10110 *
b1100110110 +
b1100 &
b100001 %
b1100 (
b10001 '
#823
b100001 "
b100001 ,
b100001 1
b1110 !
b1110 /
b1110 0
b10111 $
b10111 .
b10111 *
b1100110111 +
b1111 &
b100000 %
b1111 (
b10000 '
#824
b101000 "
b101000 ,
b101000 1
b1 !
b1 /
b1 0
b11000 $
b11000 .
b11000 *
b1100111000 +
b1110 &
b100001 %
b1110 (
b10001 '
#825
b101001 "
b101001 ,
b101001 1
b0 !
b0 /
b0 0
b11001 $
b11001 .
b11001 *
b1100111001 +
b1 &
b101000 %
b1 (
b11000 '
#826
b101000 "
b101000 ,
b101000 1
b11 !
b11 /
b11 0
b11010 $
b11010 .
b11010 *
b1100111010 +
b0 &
b101001 %
b0 (
b11001 '
#827
b101001 "
b101001 ,
b101001 1
b10 !
b10 /
b10 0
b11011 $
b11011 .
b11011 *
b1100111011 +
b11 &
b101000 %
b11 (
b11000 '
#828
b101000 "
b101000 ,
b101000 1
b101 !
b101 /
b101 0
b11100 $
b11100 .
b11100 *
b1100111100 +
b10 &
b101001 %
b10 (
b11001 '
#829
b101001 "
b101001 ,
b101001 1
b100 !
b100 /
b100 0
b11101 $
b11101 .
b11101 *
b1100111101 +
b101 &
b101000 %
b101 (
b11000 '
#830
b101000 "
b101000 ,
b101000 1
b111 !
b111 /
b111 0
b11110 $
b11110 .
b11110 *
b1100111110 +
b100 &
b101001 %
b100 (
b11001 '
#831
b101001 "
b101001 ,
b101001 1
b110 !
b110 /
b110 0
b11111 $
b11111 .
b11111 *
b1100111111 +
b111 &
b101000 %
b111 (
b11000 '
#832
b101010 !
b101010 /
b101010 0
b0 "
b0 ,
b0 1
b0 $
b0 .
b11010 #
b11010 -
b11010 )
b0 *
b1101000000 +
b110 &
b101001 %
b110 (
b11001 '
#833
b101011 !
b101011 /
b101011 0
b1 $
b1 .
b1 *
b1101000001 +
b101010 &
b0 %
b11010 (
b0 '
#834
b10 "
b10 ,
b10 1
b101000 !
b101000 /
b101000 0
b10 $
b10 .
b10 *
b1101000010 +
b101011 &
b11011 (
#835
b101001 !
b101001 /
b101001 0
b11 $
b11 .
b11 *
b1101000011 +
b101000 &
b10 %
b11000 (
b10 '
#836
b0 "
b0 ,
b0 1
b101110 !
b101110 /
b101110 0
b100 $
b100 .
b100 *
b1101000100 +
b101001 &
b11001 (
#837
b101111 !
b101111 /
b101111 0
b101 $
b101 .
b101 *
b1101000101 +
b101110 &
b0 %
b11110 (
b0 '
#838
b10 "
b10 ,
b10 1
b101100 !
b101100 /
b101100 0
b110 $
b110 .
b110 *
b1101000110 +
b101111 &
b11111 (
#839
b101101 !
b101101 /
b101101 0
b111 $
b111 .
b111 *
b1101000111 +
b101100 &
b10 %
b11100 (
b10 '
#840
b1000 "
b1000 ,
b1000 1
b100010 !
b100010 /
b100010 0
b1000 $
b1000 .
b1000 *
b1101001000 +
b101101 &
b11101 (
#841
b100011 !
b100011 /
b100011 0
b1001 $
b1001 .
b1001 *
b1101001001 +
b100010 &
b1000 %
b10010 (
b1000 '
#842
b1010 "
b1010 ,
b1010 1
b100000 !
b100000 /
b100000 0
b1010 $
b1010 .
b1010 *
b1101001010 +
b100011 &
b10011 (
#843
b100001 !
b100001 /
b100001 0
b1011 $
b1011 .
b1011 *
b1101001011 +
b100000 &
b1010 %
b10000 (
b1010 '
#844
b1000 "
b1000 ,
b1000 1
b100110 !
b100110 /
b100110 0
b1100 $
b1100 .
b1100 *
b1101001100 +
b100001 &
b10001 (
#845
b100111 !
b100111 /
b100111 0
b1101 $
b1101 .
b1101 *
b1101001101 +
b100110 &
b1000 %
b10110 (
b1000 '
#846
b1010 "
b1010 ,
b1010 1
b100100 !
b100100 /
b100100 0
b1110 $
b1110 .
b1110 *
b1101001110 +
b100111 &
b10111 (
#847
b100101 !
b100101 /
b100101 0
b1111 $
b1111 .
b1111 *
b1101001111 +
b100100 &
b1010 %
b10100 (
b1010 '
#848
b100000 "
b100000 ,
b100000 1
b1010 !
b1010 /
b1010 0
b10000 $
b10000 .
b10000 *
b1101010000 +
b100101 &
b10101 (
#849
b1011 !
b1011 /
b1011 0
b10001 $
b10001 .
b10001 *
b1101010001 +
b1010 &
b100000 %
b1010 (
b10000 '
#850
b100010 "
b100010 ,
b100010 1
b1000 !
b1000 /
b1000 0
b10010 $
b10010 .
b10010 *
b1101010010 +
b1011 &
b1011 (
#851
b1001 !
b1001 /
b1001 0
b10011 $
b10011 .
b10011 *
b1101010011 +
b1000 &
b100010 %
b1000 (
b10010 '
#852
b100000 "
b100000 ,
b100000 1
b1110 !
b1110 /
b1110 0
b10100 $
b10100 .
b10100 *
b1101010100 +
b1001 &
b1001 (
#853
b1111 !
b1111 /
b1111 0
b10101 $
b10101 .
b10101 *
b1101010101 +
b1110 &
b100000 %
b1110 (
b10000 '
#854
b100010 "
b100010 ,
b100010 1
b1100 !
b1100 /
b1100 0
b10110 $
b10110 .
b10110 *
b1101010110 +
b1111 &
b1111 (
#855
b1101 !
b1101 /
b1101 0
b10111 $
b10111 .
b10111 *
b1101010111 +
b1100 &
b100010 %
b1100 (
b10010 '
#856
b101000 "
b101000 ,
b101000 1
b10 !
b10 /
b10 0
b11000 $
b11000 .
b11000 *
b1101011000 +
b1101 &
b1101 (
#857
b11 !
b11 /
b11 0
b11001 $
b11001 .
b11001 *
b1101011001 +
b10 &
b101000 %
b10 (
b11000 '
#858
b101010 "
b101010 ,
b101010 1
b0 !
b0 /
b0 0
b11010 $
b11010 .
b11010 *
b1101011010 +
b11 &
b11 (
#859
b1 !
b1 /
b1 0
b11011 $
b11011 .
b11011 *
b1101011011 +
b0 &
b101010 %
b0 (
b11010 '
#860
b101000 "
b101000 ,
b101000 1
b110 !
b110 /
b110 0
b11100 $
b11100 .
b11100 *
b1101011100 +
b1 &
b1 (
#861
b111 !
b111 /
b111 0
b11101 $
b11101 .
b11101 *
b1101011101 +
b110 &
b101000 %
b110 (
b11000 '
#862
b101010 "
b101010 ,
b101010 1
b100 !
b100 /
b100 0
b11110 $
b11110 .
b11110 *
b1101011110 +
b111 &
b111 (
#863
b101 !
b101 /
b101 0
b11111 $
b11111 .
b11111 *
b1101011111 +
b100 &
b101010 %
b100 (
b11010 '
#864
b0 "
b0 ,
b0 1
b101011 !
b101011 /
b101011 0
b0 $
b0 .
b11011 #
b11011 -
b11011 )
b0 *
b1101100000 +
b101 &
b101 (
#865
b1 "
b1 ,
b1 1
b101010 !
b101010 /
b101010 0
b1 $
b1 .
b1 *
b1101100001 +
b101011 &
b0 %
b11011 (
b0 '
#866
b10 "
b10 ,
b10 1
b101001 !
b101001 /
b101001 0
b10 $
b10 .
b10 *
b1101100010 +
b101010 &
b1 %
b11010 (
b1 '
#867
b11 "
b11 ,
b11 1
b101000 !
b101000 /
b101000 0
b11 $
b11 .
b11 *
b1101100011 +
b101001 &
b10 %
b11001 (
b10 '
#868
b0 "
b0 ,
b0 1
b101111 !
b101111 /
b101111 0
b100 $
b100 .
b100 *
b1101100100 +
b101000 &
b11 %
b11000 (
b11 '
#869
b1 "
b1 ,
b1 1
b101110 !
b101110 /
b101110 0
b101 $
b101 .
b101 *
b1101100101 +
b101111 &
b0 %
b11111 (
b0 '
#870
b10 "
b10 ,
b10 1
b101101 !
b101101 /
b101101 0
b110 $
b110 .
b110 *
b1101100110 +
b101110 &
b1 %
b11110 (
b1 '
#871
b11 "
b11 ,
b11 1
b101100 !
b101100 /
b101100 0
b111 $
b111 .
b111 *
b1101100111 +
b101101 &
b10 %
b11101 (
b10 '
#872
b1000 "
b1000 ,
b1000 1
b100011 !
b100011 /
b100011 0
b1000 $
b1000 .
b1000 *
b1101101000 +
b101100 &
b11 %
b11100 (
b11 '
#873
b1001 "
b1001 ,
b1001 1
b100010 !
b100010 /
b100010 0
b1001 $
b1001 .
b1001 *
b1101101001 +
b100011 &
b1000 %
b10011 (
b1000 '
#874
b1010 "
b1010 ,
b1010 1
b100001 !
b100001 /
b100001 0
b1010 $
b1010 .
b1010 *
b1101101010 +
b100010 &
b1001 %
b10010 (
b1001 '
#875
b1011 "
b1011 ,
b1011 1
b100000 !
b100000 /
b100000 0
b1011 $
b1011 .
b1011 *
b1101101011 +
b100001 &
b1010 %
b10001 (
b1010 '
#876
b1000 "
b1000 ,
b1000 1
b100111 !
b100111 /
b100111 0
b1100 $
b1100 .
b1100 *
b1101101100 +
b100000 &
b1011 %
b10000 (
b1011 '
#877
b1001 "
b1001 ,
b1001 1
b100110 !
b100110 /
b100110 0
b1101 $
b1101 .
b1101 *
b1101101101 +
b100111 &
b1000 %
b10111 (
b1000 '
#878
b1010 "
b1010 ,
b1010 1
b100101 !
b100101 /
b100101 0
b1110 $
b1110 .
b1110 *
b1101101110 +
b100110 &
b1001 %
b10110 (
b1001 '
#879
b1011 "
b1011 ,
b1011 1
b100100 !
b100100 /
b100100 0
b1111 $
b1111 .
b1111 *
b1101101111 +
b100101 &
b1010 %
b10101 (
b1010 '
#880
b100000 "
b100000 ,
b100000 1
b1011 !
b1011 /
b1011 0
b10000 $
b10000 .
b10000 *
b1101110000 +
b100100 &
b1011 %
b10100 (
b1011 '
#881
b100001 "
b100001 ,
b100001 1
b1010 !
b1010 /
b1010 0
b10001 $
b10001 .
b10001 *
b1101110001 +
b1011 &
b100000 %
b1011 (
b10000 '
#882
b100010 "
b100010 ,
b100010 1
b1001 !
b1001 /
b1001 0
b10010 $
b10010 .
b10010 *
b1101110010 +
b1010 &
b100001 %
b1010 (
b10001 '
#883
b100011 "
b100011 ,
b100011 1
b1000 !
b1000 /
b1000 0
b10011 $
b10011 .
b10011 *
b1101110011 +
b1001 &
b100010 %
b1001 (
b10010 '
#884
b100000 "
b100000 ,
b100000 1
b1111 !
b1111 /
b1111 0
b10100 $
b10100 .
b10100 *
b1101110100 +
b1000 &
b100011 %
b1000 (
b10011 '
#885
b100001 "
b100001 ,
b100001 1
b1110 !
b1110 /
b1110 0
b10101 $
b10101 .
b10101 *
b1101110101 +
b1111 &
b100000 %
b1111 (
b10000 '
#886
b100010 "
b100010 ,
b100010 1
b1101 !
b1101 /
b1101 0
b10110 $
b10110 .
b10110 *
b1101110110 +
b1110 &
b100001 %
b1110 (
b10001 '
#887
b100011 "
b100011 ,
b100011 1
b1100 !
b1100 /
b1100 0
b10111 $
b10111 .
b10111 *
b1101110111 +
b1101 &
b100010 %
b1101 (
b10010 '
#888
b101000 "
b101000 ,
b101000 1
b11 !
b11 /
b11 0
b11000 $
b11000 .
b11000 *
b1101111000 +
b1100 &
b100011 %
b1100 (
b10011 '
#889
b101001 "
b101001 ,
b101001 1
b10 !
b10 /
b10 0
b11001 $
b11001 .
b11001 *
b1101111001 +
b11 &
b101000 %
b11 (
b11000 '
#890
b101010 "
b101010 ,
b101010 1
b1 !
b1 /
b1 0
b11010 $
b11010 .
b11010 *
b1101111010 +
b10 &
b101001 %
b10 (
b11001 '
#891
b101011 "
b101011 ,
b101011 1
b0 !
b0 /
b0 0
b11011 $
b11011 .
b11011 *
b1101111011 +
b1 &
b101010 %
b1 (
b11010 '
#892
b101000 "
b101000 ,
b101000 1
b111 !
b111 /
b111 0
b11100 $
b11100 .
b11100 *
b1101111100 +
b0 &
b101011 %
b0 (
b11011 '
#893
b101001 "
b101001 ,
b101001 1
b110 !
b110 /
b110 0
b11101 $
b11101 .
b11101 *
b1101111101 +
b111 &
b101000 %
b111 (
b11000 '
#894
b101010 "
b101010 ,
b101010 1
b101 !
b101 /
b101 0
b11110 $
b11110 .
b11110 *
b1101111110 +
b110 &
b101001 %
b110 (
b11001 '
#895
b101011 "
b101011 ,
b101011 1
b100 !
b100 /
b100 0
b11111 $
b11111 .
b11111 *
b1101111111 +
b101 &
b101010 %
b101 (
b11010 '
#896
b101100 !
b101100 /
b101100 0
b0 "
b0 ,
b0 1
b0 $
b0 .
b11100 #
b11100 -
b11100 )
b0 *
b1110000000 +
b100 &
b101011 %
b100 (
b11011 '
#897
b101101 !
b101101 /
b101101 0
b1 $
b1 .
b1 *
b1110000001 +
b101100 &
b0 %
b11100 (
b0 '
#898
b101110 !
b101110 /
b101110 0
b10 $
b10 .
b10 *
b1110000010 +
b101101 &
b11101 (
#899
b101111 !
b101111 /
b101111 0
b11 $
b11 .
b11 *
b1110000011 +
b101110 &
b11110 (
#900
b100 "
b100 ,
b100 1
b101000 !
b101000 /
b101000 0
b100 $
b100 .
b100 *
b1110000100 +
b101111 &
b11111 (
#901
b101001 !
b101001 /
b101001 0
b101 $
b101 .
b101 *
b1110000101 +
b101000 &
b100 %
b11000 (
b100 '
#902
b101010 !
b101010 /
b101010 0
b110 $
b110 .
b110 *
b1110000110 +
b101001 &
b11001 (
#903
b101011 !
b101011 /
b101011 0
b111 $
b111 .
b111 *
b1110000111 +
b101010 &
b11010 (
#904
b1000 "
b1000 ,
b1000 1
b100100 !
b100100 /
b100100 0
b1000 $
b1000 .
b1000 *
b1110001000 +
b101011 &
b11011 (
#905
b100101 !
b100101 /
b100101 0
b1001 $
b1001 .
b1001 *
b1110001001 +
b100100 &
b1000 %
b10100 (
b1000 '
#906
b100110 !
b100110 /
b100110 0
b1010 $
b1010 .
b1010 *
b1110001010 +
b100101 &
b10101 (
#907
b100111 !
b100111 /
b100111 0
b1011 $
b1011 .
b1011 *
b1110001011 +
b100110 &
b10110 (
#908
b1100 "
b1100 ,
b1100 1
b100000 !
b100000 /
b100000 0
b1100 $
b1100 .
b1100 *
b1110001100 +
b100111 &
b10111 (
#909
b100001 !
b100001 /
b100001 0
b1101 $
b1101 .
b1101 *
b1110001101 +
b100000 &
b1100 %
b10000 (
b1100 '
#910
b100010 !
b100010 /
b100010 0
b1110 $
b1110 .
b1110 *
b1110001110 +
b100001 &
b10001 (
#911
b100011 !
b100011 /
b100011 0
b1111 $
b1111 .
b1111 *
b1110001111 +
b100010 &
b10010 (
#912
b100000 "
b100000 ,
b100000 1
b1100 !
b1100 /
b1100 0
b10000 $
b10000 .
b10000 *
b1110010000 +
b100011 &
b10011 (
#913
b1101 !
b1101 /
b1101 0
b10001 $
b10001 .
b10001 *
b1110010001 +
b1100 &
b100000 %
b1100 (
b10000 '
#914
b1110 !
b1110 /
b1110 0
b10010 $
b10010 .
b10010 *
b1110010010 +
b1101 &
b1101 (
#915
b1111 !
b1111 /
b1111 0
b10011 $
b10011 .
b10011 *
b1110010011 +
b1110 &
b1110 (
#916
b100100 "
b100100 ,
b100100 1
b1000 !
b1000 /
b1000 0
b10100 $
b10100 .
b10100 *
b1110010100 +
b1111 &
b1111 (
#917
b1001 !
b1001 /
b1001 0
b10101 $
b10101 .
b10101 *
b1110010101 +
b1000 &
b100100 %
b1000 (
b10100 '
#918
b1010 !
b1010 /
b1010 0
b10110 $
b10110 .
b10110 *
b1110010110 +
b1001 &
b1001 (
#919
b1011 !
b1011 /
b1011 0
b10111 $
b10111 .
b10111 *
b1110010111 +
b1010 &
b1010 (
#920
b101000 "
b101000 ,
b101000 1
b100 !
b100 /
b100 0
b11000 $
b11000 .
b11000 *
b1110011000 +
b1011 &
b1011 (
#921
b101 !
b101 /
b101 0
b11001 $
b11001 .
b11001 *
b1110011001 +
b100 &
b101000 %
b100 (
b11000 '
#922
b110 !
b110 /
b110 0
b11010 $
b11010 .
b11010 *
b1110011010 +
b101 &
b101 (
#923
b111 !
b111 /
b111 0
b11011 $
b11011 .
b11011 *
b1110011011 +
b110 &
b110 (
#924
b101100 "
b101100 ,
b101100 1
b0 !
b0 /
b0 0
b11100 $
b11100 .
b11100 *
b1110011100 +
b111 &
b111 (
#925
b1 !
b1 /
b1 0
b11101 $
b11101 .
b11101 *
b1110011101 +
b0 &
b101100 %
b0 (
b11100 '
#926
b10 !
b10 /
b10 0
b11110 $
b11110 .
b11110 *
b1110011110 +
b1 &
b1 (
#927
b11 !
b11 /
b11 0
b11111 $
b11111 .
b11111 *
b1110011111 +
b10 &
b10 (
#928
b0 "
b0 ,
b0 1
b101101 !
b101101 /
b101101 0
b0 $
b0 .
b11101 #
b11101 -
b11101 )
b0 *
b1110100000 +
b11 &
b11 (
#929
b1 "
b1 ,
b1 1
b101100 !
b101100 /
b101100 0
b1 $
b1 .
b1 *
b1110100001 +
b101101 &
b0 %
b11101 (
b0 '
#930
b0 "
b0 ,
b0 1
b101111 !
b101111 /
b101111 0
b10 $
b10 .
b10 *
b1110100010 +
b101100 &
b1 %
b11100 (
b1 '
#931
b1 "
b1 ,
b1 1
b101110 !
b101110 /
b101110 0
b11 $
b11 .
b11 *
b1110100011 +
b101111 &
b0 %
b11111 (
b0 '
#932
b100 "
b100 ,
b100 1
b101001 !
b101001 /
b101001 0
b100 $
b100 .
b100 *
b1110100100 +
b101110 &
b1 %
b11110 (
b1 '
#933
b101 "
b101 ,
b101 1
b101000 !
b101000 /
b101000 0
b101 $
b101 .
b101 *
b1110100101 +
b101001 &
b100 %
b11001 (
b100 '
#934
b100 "
b100 ,
b100 1
b101011 !
b101011 /
b101011 0
b110 $
b110 .
b110 *
b1110100110 +
b101000 &
b101 %
b11000 (
b101 '
#935
b101 "
b101 ,
b101 1
b101010 !
b101010 /
b101010 0
b111 $
b111 .
b111 *
b1110100111 +
b101011 &
b100 %
b11011 (
b100 '
#936
b1000 "
b1000 ,
b1000 1
b100101 !
b100101 /
b100101 0
b1000 $
b1000 .
b1000 *
b1110101000 +
b101010 &
b101 %
b11010 (
b101 '
#937
b1001 "
b1001 ,
b1001 1
b100100 !
b100100 /
b100100 0
b1001 $
b1001 .
b1001 *
b1110101001 +
b100101 &
b1000 %
b10101 (
b1000 '
#938
b1000 "
b1000 ,
b1000 1
b100111 !
b100111 /
b100111 0
b1010 $
b1010 .
b1010 *
b1110101010 +
b100100 &
b1001 %
b10100 (
b1001 '
#939
b1001 "
b1001 ,
b1001 1
b100110 !
b100110 /
b100110 0
b1011 $
b1011 .
b1011 *
b1110101011 +
b100111 &
b1000 %
b10111 (
b1000 '
#940
b1100 "
b1100 ,
b1100 1
b100001 !
b100001 /
b100001 0
b1100 $
b1100 .
b1100 *
b1110101100 +
b100110 &
b1001 %
b10110 (
b1001 '
#941
b1101 "
b1101 ,
b1101 1
b100000 !
b100000 /
b100000 0
b1101 $
b1101 .
b1101 *
b1110101101 +
b100001 &
b1100 %
b10001 (
b1100 '
#942
b1100 "
b1100 ,
b1100 1
b100011 !
b100011 /
b100011 0
b1110 $
b1110 .
b1110 *
b1110101110 +
b100000 &
b1101 %
b10000 (
b1101 '
#943
b1101 "
b1101 ,
b1101 1
b100010 !
b100010 /
b100010 0
b1111 $
b1111 .
b1111 *
b1110101111 +
b100011 &
b1100 %
b10011 (
b1100 '
#944
b100000 "
b100000 ,
b100000 1
b1101 !
b1101 /
b1101 0
b10000 $
b10000 .
b10000 *
b1110110000 +
b100010 &
b1101 %
b10010 (
b1101 '
#945
b100001 "
b100001 ,
b100001 1
b1100 !
b1100 /
b1100 0
b10001 $
b10001 .
b10001 *
b1110110001 +
b1101 &
b100000 %
b1101 (
b10000 '
#946
b100000 "
b100000 ,
b100000 1
b1111 !
b1111 /
b1111 0
b10010 $
b10010 .
b10010 *
b1110110010 +
b1100 &
b100001 %
b1100 (
b10001 '
#947
b100001 "
b100001 ,
b100001 1
b1110 !
b1110 /
b1110 0
b10011 $
b10011 .
b10011 *
b1110110011 +
b1111 &
b100000 %
b1111 (
b10000 '
#948
b100100 "
b100100 ,
b100100 1
b1001 !
b1001 /
b1001 0
b10100 $
b10100 .
b10100 *
b1110110100 +
b1110 &
b100001 %
b1110 (
b10001 '
#949
b100101 "
b100101 ,
b100101 1
b1000 !
b1000 /
b1000 0
b10101 $
b10101 .
b10101 *
b1110110101 +
b1001 &
b100100 %
b1001 (
b10100 '
#950
b100100 "
b100100 ,
b100100 1
b1011 !
b1011 /
b1011 0
b10110 $
b10110 .
b10110 *
b1110110110 +
b1000 &
b100101 %
b1000 (
b10101 '
#951
b100101 "
b100101 ,
b100101 1
b1010 !
b1010 /
b1010 0
b10111 $
b10111 .
b10111 *
b1110110111 +
b1011 &
b100100 %
b1011 (
b10100 '
#952
b101000 "
b101000 ,
b101000 1
b101 !
b101 /
b101 0
b11000 $
b11000 .
b11000 *
b1110111000 +
b1010 &
b100101 %
b1010 (
b10101 '
#953
b101001 "
b101001 ,
b101001 1
b100 !
b100 /
b100 0
b11001 $
b11001 .
b11001 *
b1110111001 +
b101 &
b101000 %
b101 (
b11000 '
#954
b101000 "
b101000 ,
b101000 1
b111 !
b111 /
b111 0
b11010 $
b11010 .
b11010 *
b1110111010 +
b100 &
b101001 %
b100 (
b11001 '
#955
b101001 "
b101001 ,
b101001 1
b110 !
b110 /
b110 0
b11011 $
b11011 .
b11011 *
b1110111011 +
b111 &
b101000 %
b111 (
b11000 '
#956
b101100 "
b101100 ,
b101100 1
b1 !
b1 /
b1 0
b11100 $
b11100 .
b11100 *
b1110111100 +
b110 &
b101001 %
b110 (
b11001 '
#957
b101101 "
b101101 ,
b101101 1
b0 !
b0 /
b0 0
b11101 $
b11101 .
b11101 *
b1110111101 +
b1 &
b101100 %
b1 (
b11100 '
#958
b101100 "
b101100 ,
b101100 1
b11 !
b11 /
b11 0
b11110 $
b11110 .
b11110 *
b1110111110 +
b0 &
b101101 %
b0 (
b11101 '
#959
b101101 "
b101101 ,
b101101 1
b10 !
b10 /
b10 0
b11111 $
b11111 .
b11111 *
b1110111111 +
b11 &
b101100 %
b11 (
b11100 '
#960
b101110 !
b101110 /
b101110 0
b0 "
b0 ,
b0 1
b0 $
b0 .
b11110 #
b11110 -
b11110 )
b0 *
b1111000000 +
b10 &
b101101 %
b10 (
b11101 '
#961
b101111 !
b101111 /
b101111 0
b1 $
b1 .
b1 *
b1111000001 +
b101110 &
b0 %
b11110 (
b0 '
#962
b10 "
b10 ,
b10 1
b101100 !
b101100 /
b101100 0
b10 $
b10 .
b10 *
b1111000010 +
b101111 &
b11111 (
#963
b101101 !
b101101 /
b101101 0
b11 $
b11 .
b11 *
b1111000011 +
b101100 &
b10 %
b11100 (
b10 '
#964
b100 "
b100 ,
b100 1
b101010 !
b101010 /
b101010 0
b100 $
b100 .
b100 *
b1111000100 +
b101101 &
b11101 (
#965
b101011 !
b101011 /
b101011 0
b101 $
b101 .
b101 *
b1111000101 +
b101010 &
b100 %
b11010 (
b100 '
#966
b110 "
b110 ,
b110 1
b101000 !
b101000 /
b101000 0
b110 $
b110 .
b110 *
b1111000110 +
b101011 &
b11011 (
#967
b101001 !
b101001 /
b101001 0
b111 $
b111 .
b111 *
b1111000111 +
b101000 &
b110 %
b11000 (
b110 '
#968
b1000 "
b1000 ,
b1000 1
b100110 !
b100110 /
b100110 0
b1000 $
b1000 .
b1000 *
b1111001000 +
b101001 &
b11001 (
#969
b100111 !
b100111 /
b100111 0
b1001 $
b1001 .
b1001 *
b1111001001 +
b100110 &
b1000 %
b10110 (
b1000 '
#970
b1010 "
b1010 ,
b1010 1
b100100 !
b100100 /
b100100 0
b1010 $
b1010 .
b1010 *
b1111001010 +
b100111 &
b10111 (
#971
b100101 !
b100101 /
b100101 0
b1011 $
b1011 .
b1011 *
b1111001011 +
b100100 &
b1010 %
b10100 (
b1010 '
#972
b1100 "
b1100 ,
b1100 1
b100010 !
b100010 /
b100010 0
b1100 $
b1100 .
b1100 *
b1111001100 +
b100101 &
b10101 (
#973
b100011 !
b100011 /
b100011 0
b1101 $
b1101 .
b1101 *
b1111001101 +
b100010 &
b1100 %
b10010 (
b1100 '
#974
b1110 "
b1110 ,
b1110 1
b100000 !
b100000 /
b100000 0
b1110 $
b1110 .
b1110 *
b1111001110 +
b100011 &
b10011 (
#975
b100001 !
b100001 /
b100001 0
b1111 $
b1111 .
b1111 *
b1111001111 +
b100000 &
b1110 %
b10000 (
b1110 '
#976
b100000 "
b100000 ,
b100000 1
b1110 !
b1110 /
b1110 0
b10000 $
b10000 .
b10000 *
b1111010000 +
b100001 &
b10001 (
#977
b1111 !
b1111 /
b1111 0
b10001 $
b10001 .
b10001 *
b1111010001 +
b1110 &
b100000 %
b1110 (
b10000 '
#978
b100010 "
b100010 ,
b100010 1
b1100 !
b1100 /
b1100 0
b10010 $
b10010 .
b10010 *
b1111010010 +
b1111 &
b1111 (
#979
b1101 !
b1101 /
b1101 0
b10011 $
b10011 .
b10011 *
b1111010011 +
b1100 &
b100010 %
b1100 (
b10010 '
#980
b100100 "
b100100 ,
b100100 1
b1010 !
b1010 /
b1010 0
b10100 $
b10100 .
b10100 *
b1111010100 +
b1101 &
b1101 (
#981
b1011 !
b1011 /
b1011 0
b10101 $
b10101 .
b10101 *
b1111010101 +
b1010 &
b100100 %
b1010 (
b10100 '
#982
b100110 "
b100110 ,
b100110 1
b1000 !
b1000 /
b1000 0
b10110 $
b10110 .
b10110 *
b1111010110 +
b1011 &
b1011 (
#983
b1001 !
b1001 /
b1001 0
b10111 $
b10111 .
b10111 *
b1111010111 +
b1000 &
b100110 %
b1000 (
b10110 '
#984
b101000 "
b101000 ,
b101000 1
b110 !
b110 /
b110 0
b11000 $
b11000 .
b11000 *
b1111011000 +
b1001 &
b1001 (
#985
b111 !
b111 /
b111 0
b11001 $
b11001 .
b11001 *
b1111011001 +
b110 &
b101000 %
b110 (
b11000 '
#986
b101010 "
b101010 ,
b101010 1
b100 !
b100 /
b100 0
b11010 $
b11010 .
b11010 *
b1111011010 +
b111 &
b111 (
#987
b101 !
b101 /
b101 0
b11011 $
b11011 .
b11011 *
b1111011011 +
b100 &
b101010 %
b100 (
b11010 '
#988
b101100 "
b101100 ,
b101100 1
b10 !
b10 /
b10 0
b11100 $
b11100 .
b11100 *
b1111011100 +
b101 &
b101 (
#989
b11 !
b11 /
b11 0
b11101 $
b11101 .
b11101 *
b1111011101 +
b10 &
b101100 %
b10 (
b11100 '
#990
b101110 "
b101110 ,
b101110 1
b0 !
b0 /
b0 0
b11110 $
b11110 .
b11110 *
b1111011110 +
b11 &
b11 (
#991
b1 !
b1 /
b1 0
b11111 $
b11111 .
b11111 *
b1111011111 +
b0 &
b101110 %
b0 (
b11110 '
#992
b0 "
b0 ,
b0 1
b101111 !
b101111 /
b101111 0
b0 $
b0 .
b11111 #
b11111 -
b11111 )
b0 *
b1111100000 +
b1 &
b1 (
#993
b1 "
b1 ,
b1 1
b101110 !
b101110 /
b101110 0
b1 $
b1 .
b1 *
b1111100001 +
b101111 &
b0 %
b11111 (
b0 '
#994
b10 "
b10 ,
b10 1
b101101 !
b101101 /
b101101 0
b10 $
b10 .
b10 *
b1111100010 +
b101110 &
b1 %
b11110 (
b1 '
#995
b11 "
b11 ,
b11 1
b101100 !
b101100 /
b101100 0
b11 $
b11 .
b11 *
b1111100011 +
b101101 &
b10 %
b11101 (
b10 '
#996
b100 "
b100 ,
b100 1
b101011 !
b101011 /
b101011 0
b100 $
b100 .
b100 *
b1111100100 +
b101100 &
b11 %
b11100 (
b11 '
#997
b101 "
b101 ,
b101 1
b101010 !
b101010 /
b101010 0
b101 $
b101 .
b101 *
b1111100101 +
b101011 &
b100 %
b11011 (
b100 '
#998
b110 "
b110 ,
b110 1
b101001 !
b101001 /
b101001 0
b110 $
b110 .
b110 *
b1111100110 +
b101010 &
b101 %
b11010 (
b101 '
#999
b111 "
b111 ,
b111 1
b101000 !
b101000 /
b101000 0
b111 $
b111 .
b111 *
b1111100111 +
b101001 &
b110 %
b11001 (
b110 '
#1000
b1000 "
b1000 ,
b1000 1
b100111 !
b100111 /
b100111 0
b1000 $
b1000 .
b1000 *
b1111101000 +
b101000 &
b111 %
b11000 (
b111 '
#1001
b1001 "
b1001 ,
b1001 1
b100110 !
b100110 /
b100110 0
b1001 $
b1001 .
b1001 *
b1111101001 +
b100111 &
b1000 %
b10111 (
b1000 '
#1002
b1010 "
b1010 ,
b1010 1
b100101 !
b100101 /
b100101 0
b1010 $
b1010 .
b1010 *
b1111101010 +
b100110 &
b1001 %
b10110 (
b1001 '
#1003
b1011 "
b1011 ,
b1011 1
b100100 !
b100100 /
b100100 0
b1011 $
b1011 .
b1011 *
b1111101011 +
b100101 &
b1010 %
b10101 (
b1010 '
#1004
b1100 "
b1100 ,
b1100 1
b100011 !
b100011 /
b100011 0
b1100 $
b1100 .
b1100 *
b1111101100 +
b100100 &
b1011 %
b10100 (
b1011 '
#1005
b1101 "
b1101 ,
b1101 1
b100010 !
b100010 /
b100010 0
b1101 $
b1101 .
b1101 *
b1111101101 +
b100011 &
b1100 %
b10011 (
b1100 '
#1006
b1110 "
b1110 ,
b1110 1
b100001 !
b100001 /
b100001 0
b1110 $
b1110 .
b1110 *
b1111101110 +
b100010 &
b1101 %
b10010 (
b1101 '
#1007
b1111 "
b1111 ,
b1111 1
b100000 !
b100000 /
b100000 0
b1111 $
b1111 .
b1111 *
b1111101111 +
b100001 &
b1110 %
b10001 (
b1110 '
#1008
b100000 "
b100000 ,
b100000 1
b1111 !
b1111 /
b1111 0
b10000 $
b10000 .
b10000 *
b1111110000 +
b100000 &
b1111 %
b10000 (
b1111 '
#1009
b100001 "
b100001 ,
b100001 1
b1110 !
b1110 /
b1110 0
b10001 $
b10001 .
b10001 *
b1111110001 +
b1111 &
b100000 %
b1111 (
b10000 '
#1010
b100010 "
b100010 ,
b100010 1
b1101 !
b1101 /
b1101 0
b10010 $
b10010 .
b10010 *
b1111110010 +
b1110 &
b100001 %
b1110 (
b10001 '
#1011
b100011 "
b100011 ,
b100011 1
b1100 !
b1100 /
b1100 0
b10011 $
b10011 .
b10011 *
b1111110011 +
b1101 &
b100010 %
b1101 (
b10010 '
#1012
b100100 "
b100100 ,
b100100 1
b1011 !
b1011 /
b1011 0
b10100 $
b10100 .
b10100 *
b1111110100 +
b1100 &
b100011 %
b1100 (
b10011 '
#1013
b100101 "
b100101 ,
b100101 1
b1010 !
b1010 /
b1010 0
b10101 $
b10101 .
b10101 *
b1111110101 +
b1011 &
b100100 %
b1011 (
b10100 '
#1014
b100110 "
b100110 ,
b100110 1
b1001 !
b1001 /
b1001 0
b10110 $
b10110 .
b10110 *
b1111110110 +
b1010 &
b100101 %
b1010 (
b10101 '
#1015
b100111 "
b100111 ,
b100111 1
b1000 !
b1000 /
b1000 0
b10111 $
b10111 .
b10111 *
b1111110111 +
b1001 &
b100110 %
b1001 (
b10110 '
#1016
b101000 "
b101000 ,
b101000 1
b111 !
b111 /
b111 0
b11000 $
b11000 .
b11000 *
b1111111000 +
b1000 &
b100111 %
b1000 (
b10111 '
#1017
b101001 "
b101001 ,
b101001 1
b110 !
b110 /
b110 0
b11001 $
b11001 .
b11001 *
b1111111001 +
b111 &
b101000 %
b111 (
b11000 '
#1018
b101010 "
b101010 ,
b101010 1
b101 !
b101 /
b101 0
b11010 $
b11010 .
b11010 *
b1111111010 +
b110 &
b101001 %
b110 (
b11001 '
#1019
b101011 "
b101011 ,
b101011 1
b100 !
b100 /
b100 0
b11011 $
b11011 .
b11011 *
b1111111011 +
b101 &
b101010 %
b101 (
b11010 '
#1020
b101100 "
b101100 ,
b101100 1
b11 !
b11 /
b11 0
b11100 $
b11100 .
b11100 *
b1111111100 +
b100 &
b101011 %
b100 (
b11011 '
#1021
b101101 "
b101101 ,
b101101 1
b10 !
b10 /
b10 0
b11101 $
b11101 .
b11101 *
b1111111101 +
b11 &
b101100 %
b11 (
b11100 '
#1022
b101110 "
b101110 ,
b101110 1
b1 !
b1 /
b1 0
b11110 $
b11110 .
b11110 *
b1111111110 +
b10 &
b101101 %
b10 (
b11101 '
#1023
b101111 "
b101111 ,
b101111 1
b0 !
b0 /
b0 0
b11111 $
b11111 .
b11111 *
b1111111111 +
b1 &
b101110 %
b1 (
b11110 '
#1024
b100000 )
b100000 *
b10000000000 +
b0 &
b101111 %
b0 (
b11111 '
