$date
	Wed Sep 30 02:06:35 2026
$end
$version
	Icarus Verilog
$end
$timescale
	1s
$end
$scope module tb_somador_subtrator_5bit $end
$var wire 5 ! R [4:0] $end
$var wire 1 " Cout $end
$var reg 5 # A [4:0] $end
$var reg 5 $ B [4:0] $end
$var reg 1 % SUB $end
$var reg 6 & expected [5:0] $end
$var integer 32 ' a [31:0] $end
$var integer 32 ( b [31:0] $end
$var integer 32 ) checks [31:0] $end
$var integer 32 * sub [31:0] $end
$var integer 32 + total [31:0] $end
$scope module dut $end
$var wire 5 , A [4:0] $end
$var wire 5 - B [4:0] $end
$var wire 5 . R [4:0] $end
$var wire 1 % SUB $end
$var wire 5 / R_ALTERA_SYNTHESIZED [4:0] $end
$var wire 1 " Cout $end
$var wire 4 0 CARRY [4:1] $end
$var wire 5 1 BX [4:0] $end
$scope module b2v_fa_0 $end
$var wire 1 2 A $end
$var wire 1 3 B $end
$var wire 1 % Cin $end
$var wire 1 4 Cout $end
$var wire 1 5 S $end
$var wire 1 6 fa_G $end
$var wire 1 7 fa_H $end
$var wire 1 8 fa_P $end
$upscope $end
$scope module b2v_fa_1 $end
$var wire 1 9 A $end
$var wire 1 : B $end
$var wire 1 ; Cin $end
$var wire 1 < Cout $end
$var wire 1 = S $end
$var wire 1 > fa_G $end
$var wire 1 ? fa_H $end
$var wire 1 @ fa_P $end
$upscope $end
$scope module b2v_fa_2 $end
$var wire 1 A A $end
$var wire 1 B B $end
$var wire 1 C Cin $end
$var wire 1 D Cout $end
$var wire 1 E S $end
$var wire 1 F fa_G $end
$var wire 1 G fa_H $end
$var wire 1 H fa_P $end
$upscope $end
$scope module b2v_fa_3 $end
$var wire 1 I A $end
$var wire 1 J B $end
$var wire 1 K Cin $end
$var wire 1 L Cout $end
$var wire 1 M S $end
$var wire 1 N fa_G $end
$var wire 1 O fa_H $end
$var wire 1 P fa_P $end
$upscope $end
$scope module b2v_fa_4 $end
$var wire 1 Q A $end
$var wire 1 R B $end
$var wire 1 S Cin $end
$var wire 1 " Cout $end
$var wire 1 T S $end
$var wire 1 U fa_G $end
$var wire 1 V fa_H $end
$var wire 1 W fa_P $end
$upscope $end
$upscope $end
$upscope $end
$enddefinitions $end
$comment Show the parameter values. $end
$dumpall
$end
#0
$dumpvars
0W
0V
0U
0T
0S
0R
0Q
0P
0O
0N
0M
0L
0K
0J
0I
0H
0G
0F
0E
0D
0C
0B
0A
0@
0?
0>
0=
0<
0;
0:
09
08
07
06
05
04
03
02
b0 1
b0 0
b0 /
b0 .
b0 -
b0 ,
bx +
b0 *
b0 )
b0 (
b0 '
bx &
0%
b0 $
b0 #
0"
b0 !
$end
#1
1"
1V
1S
1L
1O
1K
1D
1G
1C
1<
1?
1;
b1111 0
14
0T
0M
0E
0=
17
1W
1P
1H
1@
18
1R
1J
1B
1:
13
b11111 1
b0 !
b0 .
b0 /
05
1%
b1 *
b1 )
b0 &
b0 +
#2
0S
0K
0C
0"
0L
0D
0T
0V
0M
0O
0E
0G
0<
0W
0P
0H
0@
0?
0=
0R
0J
0B
0:
0;
b1 1
b0 0
b1 !
b1 .
b1 /
04
07
15
0%
b1 $
b1 -
b1 (
b0 *
b10 )
b100000 &
b100000 +
#3
0"
0V
0S
0L
0O
0K
0D
0G
0C
0<
1T
1M
1E
0?
1W
1P
1H
1@
08
1=
1R
1J
1B
1:
03
0;
b11110 1
b0 0
b11111 !
b11111 .
b11111 /
04
07
15
1%
b1 *
b11 )
b1 &
b1 +
#4
0T
0M
0E
0W
0P
0H
0R
0J
0B
b10 1
b10 !
b10 .
b10 /
05
0%
b10 $
b10 -
b10 (
b0 *
b100 )
b11111 &
b11111 +
#5
1;
b1 0
14
1T
1M
1E
1=
17
1W
1P
1H
0@
18
1R
1J
1B
0:
13
b11101 1
b11110 !
b11110 .
b11110 /
05
1%
b1 *
b101 )
b10 &
b10 +
#6
0T
0M
0E
0W
0P
0H
1@
1=
0R
0J
0B
1:
0;
b11 1
b0 0
b11 !
b11 .
b11 /
04
07
15
0%
b11 $
b11 -
b11 (
b0 *
b110 )
b11110 &
b11110 +
#7
0"
0V
0S
0L
0O
0K
0D
0G
0C
1T
1M
1E
0<
1W
1P
1H
0@
08
0?
0=
1R
1J
1B
0:
03
0;
b11100 1
b0 0
b11101 !
b11101 .
b11101 /
04
07
15
1%
b1 *
b111 )
b11 &
b11 +
#8
0T
0M
0W
0P
0R
0J
b100 1
b100 !
b100 .
b100 /
05
0%
b100 $
b100 -
b100 (
b0 *
b1000 )
b11101 &
b11101 +
#9
1C
1<
1?
1;
b11 0
14
1T
1M
1E
0=
17
1W
1P
0H
1@
18
1R
1J
0B
1:
13
b11011 1
b11100 !
b11100 .
b11100 /
05
1%
b1 *
b1001 )
b100 &
b100 +
#10
0K
0C
0D
0T
0M
1E
0G
0<
0W
0P
1H
0@
0?
0=
0R
0J
1B
0:
0;
b101 1
b0 0
b101 !
b101 .
b101 /
04
07
15
0%
b101 $
b101 -
b101 (
b0 *
b1010 )
b11100 &
b11100 +
#11
0C
0<
1T
1M
0E
0?
1W
1P
0H
1@
08
1=
1R
1J
0B
1:
03
0;
b11010 1
b0 0
b11011 !
b11011 .
b11011 /
04
07
15
1%
b1 *
b1011 )
b101 &
b101 +
#12
0T
0M
1E
0W
0P
1H
0R
0J
1B
b110 1
b110 !
b110 .
b110 /
05
0%
b110 $
b110 -
b110 (
b0 *
b1100 )
b11011 &
b11011 +
#13
1;
b1 0
14
1T
1M
0E
1=
17
1W
1P
0H
0@
18
1R
1J
0B
0:
13
b11001 1
b11010 !
b11010 .
b11010 /
05
1%
b1 *
b1101 )
b110 &
b110 +
#14
0T
0M
1E
0W
0P
1H
1@
1=
0R
0J
1B
1:
0;
b111 1
b0 0
b111 !
b111 .
b111 /
04
07
15
0%
b111 $
b111 -
b111 (
b0 *
b1110 )
b11010 &
b11010 +
#15
0C
1T
1M
0E
0<
1W
1P
0H
0@
08
0?
0=
1R
1J
0B
0:
03
0;
b11000 1
b0 0
b11001 !
b11001 .
b11001 /
04
07
15
1%
b1 *
b1111 )
b111 &
b111 +
#16
0T
0W
0R
b1000 1
b1000 !
b1000 .
b1000 /
05
0%
b1000 $
b1000 -
b1000 (
b0 *
b10000 )
b11001 &
b11001 +
#17
1K
1D
1G
1C
1<
1?
1;
b111 0
14
1T
1M
0E
0=
17
1W
0P
1H
1@
18
1R
0J
1B
1:
13
b10111 1
b11000 !
b11000 .
b11000 /
05
1%
b1 *
b10001 )
b1000 &
b1000 +
#18
0S
0K
0C
0L
0D
0T
1M
0O
0E
0G
0<
0W
1P
0H
0@
0?
0=
0R
1J
0B
0:
0;
b1001 1
b0 0
b1001 !
b1001 .
b1001 /
04
07
15
0%
b1001 $
b1001 -
b1001 (
b0 *
b10010 )
b11000 &
b11000 +
#19
0K
0D
0G
0C
0<
1T
0M
1E
0?
1W
0P
1H
1@
08
1=
1R
0J
1B
1:
03
0;
b10110 1
b0 0
b10111 !
b10111 .
b10111 /
04
07
15
1%
b1 *
b10011 )
b1001 &
b1001 +
#20
0T
1M
0E
0W
1P
0H
0R
1J
0B
b1010 1
b1010 !
b1010 .
b1010 /
05
0%
b1010 $
b1010 -
b1010 (
b0 *
b10100 )
b10111 &
b10111 +
#21
1;
b1 0
14
1T
0M
1E
1=
17
1W
0P
1H
0@
18
1R
0J
1B
0:
13
b10101 1
b10110 !
b10110 .
b10110 /
05
1%
b1 *
b10101 )
b1010 &
b1010 +
#22
0T
1M
0E
0W
1P
0H
1@
1=
0R
1J
0B
1:
0;
b1011 1
b0 0
b1011 !
b1011 .
b1011 /
04
07
15
0%
b1011 $
b1011 -
b1011 (
b0 *
b10110 )
b10110 &
b10110 +
#23
0K
0D
0G
0C
1T
0M
1E
0<
1W
0P
1H
0@
08
0?
0=
1R
0J
1B
0:
03
0;
b10100 1
b0 0
b10101 !
b10101 .
b10101 /
04
07
15
1%
b1 *
b10111 )
b1011 &
b1011 +
#24
0T
1M
0W
1P
0R
1J
b1100 1
b1100 !
b1100 .
b1100 /
05
0%
b1100 $
b1100 -
b1100 (
b0 *
b11000 )
b10101 &
b10101 +
#25
1C
1<
1?
1;
b11 0
14
1T
0M
1E
0=
17
1W
0P
0H
1@
18
1R
0J
0B
1:
13
b10011 1
b10100 !
b10100 .
b10100 /
05
1%
b1 *
b11001 )
b1100 &
b1100 +
#26
0S
0L
0O
0K
0C
0D
0T
1M
1E
0G
0<
0W
1P
1H
0@
0?
0=
0R
1J
1B
0:
0;
b1101 1
b0 0
b1101 !
b1101 .
b1101 /
04
07
15
0%
b1101 $
b1101 -
b1101 (
b0 *
b11010 )
b10100 &
b10100 +
#27
0C
0<
1T
0M
0E
0?
1W
0P
0H
1@
08
1=
1R
0J
0B
1:
03
0;
b10010 1
b0 0
b10011 !
b10011 .
b10011 /
04
07
15
1%
b1 *
b11011 )
b1101 &
b1101 +
#28
0T
1M
1E
0W
1P
1H
0R
1J
1B
b1110 1
b1110 !
b1110 .
b1110 /
05
0%
b1110 $
b1110 -
b1110 (
b0 *
b11100 )
b10011 &
b10011 +
#29
1;
b1 0
14
1T
0M
0E
1=
17
1W
0P
0H
0@
18
1R
0J
0B
0:
13
b10001 1
b10010 !
b10010 .
b10010 /
05
1%
b1 *
b11101 )
b1110 &
b1110 +
#30
0T
1M
1E
0W
1P
1H
1@
1=
0R
1J
1B
1:
0;
b1111 1
b0 0
b1111 !
b1111 .
b1111 /
04
07
15
0%
b1111 $
b1111 -
b1111 (
b0 *
b11110 )
b10010 &
b10010 +
#31
0C
1T
0M
0E
0<
1W
0P
0H
0@
08
0?
0=
1R
0J
0B
0:
03
0;
b10000 1
b0 0
b10001 !
b10001 .
b10001 /
04
07
15
1%
b1 *
b11111 )
b1111 &
b1111 +
#32
b10000 !
b10000 .
b10000 /
05
0%
b10000 $
b10000 -
b10000 (
b0 *
b100000 )
b10001 &
b10001 +
#33
1S
1L
1O
1K
1D
1G
1C
1<
1?
1;
b1111 0
14
1T
0M
0E
0=
17
0W
1P
1H
1@
18
0R
1J
1B
1:
13
b1111 1
b10000 !
b10000 .
b10000 /
05
1%
b1 *
b100001 )
b10000 &
b10000 +
#34
0S
0K
0C
0"
0L
0D
1T
0V
0M
0O
0E
0G
0<
1W
0P
0H
0@
0?
0=
1R
0J
0B
0:
0;
b10001 1
b0 0
b10001 !
b10001 .
b10001 /
04
07
15
0%
b10001 $
b10001 -
b10001 (
b0 *
b100010 )
#35
0S
0L
0O
0K
0D
0G
0C
0<
0T
1M
1E
0?
0W
1P
1H
1@
08
1=
0R
1J
1B
1:
03
0;
b1110 1
b0 0
b1111 !
b1111 .
b1111 /
04
07
15
1%
b1 *
b100011 )
b10001 &
b10001 +
#36
1T
0M
0E
1W
0P
0H
1R
0J
0B
b10010 1
b10010 !
b10010 .
b10010 /
05
0%
b10010 $
b10010 -
b10010 (
b0 *
b100100 )
b1111 &
b1111 +
#37
1;
b1 0
14
0T
1M
1E
1=
17
0W
1P
1H
0@
18
0R
1J
1B
0:
13
b1101 1
b1110 !
b1110 .
b1110 /
05
1%
b1 *
b100101 )
b10010 &
b10010 +
#38
1T
0M
0E
1W
0P
0H
1@
1=
1R
0J
0B
1:
0;
b10011 1
b0 0
b10011 !
b10011 .
b10011 /
04
07
15
0%
b10011 $
b10011 -
b10011 (
b0 *
b100110 )
b1110 &
b1110 +
#39
0S
0L
0O
0K
0D
0G
0C
0T
1M
1E
0<
0W
1P
1H
0@
08
0?
0=
0R
1J
1B
0:
03
0;
b1100 1
b0 0
b1101 !
b1101 .
b1101 /
04
07
15
1%
b1 *
b100111 )
b10011 &
b10011 +
#40
1T
0M
1W
0P
1R
0J
b10100 1
b10100 !
b10100 .
b10100 /
05
0%
b10100 $
b10100 -
b10100 (
b0 *
b101000 )
b1101 &
b1101 +
#41
1C
1<
1?
1;
b11 0
14
0T
1M
1E
0=
17
0W
1P
0H
1@
18
0R
1J
0B
1:
13
b1011 1
b1100 !
b1100 .
b1100 /
05
1%
b1 *
b101001 )
b10100 &
b10100 +
#42
0K
0C
0D
1T
0M
1E
0G
0<
1W
0P
1H
0@
0?
0=
1R
0J
1B
0:
0;
b10101 1
b0 0
b10101 !
b10101 .
b10101 /
04
07
15
0%
b10101 $
b10101 -
b10101 (
b0 *
b101010 )
b1100 &
b1100 +
#43
0C
0<
0T
1M
0E
0?
0W
1P
0H
1@
08
1=
0R
1J
0B
1:
03
0;
b1010 1
b0 0
b1011 !
b1011 .
b1011 /
04
07
15
1%
b1 *
b101011 )
b10101 &
b10101 +
#44
1T
0M
1E
1W
0P
1H
1R
0J
1B
b10110 1
b10110 !
b10110 .
b10110 /
05
0%
b10110 $
b10110 -
b10110 (
b0 *
b101100 )
b1011 &
b1011 +
#45
1;
b1 0
14
0T
1M
0E
1=
17
0W
1P
0H
0@
18
0R
1J
0B
0:
13
b1001 1
b1010 !
b1010 .
b1010 /
05
1%
b1 *
b101101 )
b10110 &
b10110 +
#46
1T
0M
1E
1W
0P
1H
1@
1=
1R
0J
1B
1:
0;
b10111 1
b0 0
b10111 !
b10111 .
b10111 /
04
07
15
0%
b10111 $
b10111 -
b10111 (
b0 *
b101110 )
b1010 &
b1010 +
#47
0C
0T
1M
0E
0<
0W
1P
0H
0@
08
0?
0=
0R
1J
0B
0:
03
0;
b1000 1
b0 0
b1001 !
b1001 .
b1001 /
04
07
15
1%
b1 *
b101111 )
b10111 &
b10111 +
#48
1T
1W
1R
b11000 1
b11000 !
b11000 .
b11000 /
05
0%
b11000 $
b11000 -
b11000 (
b0 *
b110000 )
b1001 &
b1001 +
#49
1K
1D
1G
1C
1<
1?
1;
b111 0
14
0T
1M
0E
0=
17
0W
0P
1H
1@
18
0R
0J
1B
1:
13
b111 1
b1000 !
b1000 .
b1000 /
05
1%
b1 *
b110001 )
b11000 &
b11000 +
#50
0"
0V
0S
0K
0C
0L
0D
1T
1M
0O
0E
0G
0<
1W
1P
0H
0@
0?
0=
1R
1J
0B
0:
0;
b11001 1
b0 0
b11001 !
b11001 .
b11001 /
04
07
15
0%
b11001 $
b11001 -
b11001 (
b0 *
b110010 )
b1000 &
b1000 +
#51
0K
0D
0G
0C
0<
0T
0M
1E
0?
0W
0P
1H
1@
08
1=
0R
0J
1B
1:
03
0;
b110 1
b0 0
b111 !
b111 .
b111 /
04
07
15
1%
b1 *
b110011 )
b11001 &
b11001 +
#52
1T
1M
0E
1W
1P
0H
1R
1J
0B
b11010 1
b11010 !
b11010 .
b11010 /
05
0%
b11010 $
b11010 -
b11010 (
b0 *
b110100 )
b111 &
b111 +
#53
1;
b1 0
14
0T
0M
1E
1=
17
0W
0P
1H
0@
18
0R
0J
1B
0:
13
b101 1
b110 !
b110 .
b110 /
05
1%
b1 *
b110101 )
b11010 &
b11010 +
#54
1T
1M
0E
1W
1P
0H
1@
1=
1R
1J
0B
1:
0;
b11011 1
b0 0
b11011 !
b11011 .
b11011 /
04
07
15
0%
b11011 $
b11011 -
b11011 (
b0 *
b110110 )
b110 &
b110 +
#55
0K
0D
0G
0C
0T
0M
1E
0<
0W
0P
1H
0@
08
0?
0=
0R
0J
1B
0:
03
0;
b100 1
b0 0
b101 !
b101 .
b101 /
04
07
15
1%
b1 *
b110111 )
b11011 &
b11011 +
#56
1T
1M
1W
1P
1R
1J
b11100 1
b11100 !
b11100 .
b11100 /
05
0%
b11100 $
b11100 -
b11100 (
b0 *
b111000 )
b101 &
b101 +
#57
1C
1<
1?
1;
b11 0
14
0T
0M
1E
0=
17
0W
0P
0H
1@
18
0R
0J
0B
1:
13
b11 1
b100 !
b100 .
b100 /
05
1%
b1 *
b111001 )
b11100 &
b11100 +
#58
0"
0V
0S
0L
0O
0K
0C
0D
1T
1M
1E
0G
0<
1W
1P
1H
0@
0?
0=
1R
1J
1B
0:
0;
b11101 1
b0 0
b11101 !
b11101 .
b11101 /
04
07
15
0%
b11101 $
b11101 -
b11101 (
b0 *
b111010 )
b100 &
b100 +
#59
0C
0<
0T
0M
0E
0?
0W
0P
0H
1@
08
1=
0R
0J
0B
1:
03
0;
b10 1
b0 0
b11 !
b11 .
b11 /
04
07
15
1%
b1 *
b111011 )
b11101 &
b11101 +
#60
1T
1M
1E
1W
1P
1H
1R
1J
1B
b11110 1
b11110 !
b11110 .
b11110 /
05
0%
b11110 $
b11110 -
b11110 (
b0 *
b111100 )
b11 &
b11 +
#61
1;
b1 0
14
0T
0M
0E
1=
17
0W
0P
0H
0@
18
0R
0J
0B
0:
13
b1 1
b10 !
b10 .
b10 /
05
1%
b1 *
b111101 )
b11110 &
b11110 +
#62
1T
1M
1E
1W
1P
1H
1@
1=
1R
1J
1B
1:
0;
b11111 1
b0 0
b11111 !
b11111 .
b11111 /
04
07
15
0%
b11111 $
b11111 -
b11111 (
b0 *
b111110 )
b10 &
b10 +
#63
0C
0T
0M
0E
0<
0W
0P
0H
0@
08
0?
0=
0R
0J
0B
0:
03
0;
b0 1
b0 0
b1 !
b1 .
b1 /
04
07
15
1%
b1 *
b111111 )
b11111 &
b11111 +
#64
b1 !
b1 .
b1 /
18
15
12
0%
b0 $
b0 -
b1 #
b1 ,
b1 '
b0 (
b0 *
b1000000 )
b1 &
b1 +
#65
1"
1V
1S
1L
1O
1K
1D
1G
1C
1<
0T
0M
0E
1?
1W
1P
1H
1@
16
08
0=
1R
1J
1B
1:
13
1;
b11111 1
b1111 0
b1 !
b1 .
b1 /
14
07
15
1%
b1 *
b1000001 )
#66
0S
0K
0C
b1 0
0"
0L
0D
0<
0T
0V
0M
0O
0E
0G
1=
0?
0W
0P
0H
0@
0R
0J
0B
0:
b1 1
b10 !
b10 .
b10 /
05
0%
b1 $
b1 -
b1 (
b0 *
b1000010 )
b100001 &
b100001 +
#67
1"
1V
1S
1L
1O
1K
1D
1G
1C
b1111 0
1<
0T
0M
0E
0=
1?
17
1W
1P
1H
1@
06
18
1R
1J
1B
1:
03
b11110 1
b0 !
b0 .
b0 /
05
1%
b1 *
b1000011 )
b10 &
b10 +
#68
0S
0K
0C
0"
0L
0D
0T
0V
0M
0O
0E
0G
0<
0W
0P
0H
0?
1=
0R
0J
0B
0;
b10 1
b0 0
b11 !
b11 .
b11 /
04
07
15
0%
b10 $
b10 -
b10 (
b0 *
b1000100 )
b100000 &
b100000 +
#69
0"
0V
0S
0L
0O
0K
0D
0G
0C
1T
1M
1E
0<
1W
1P
1H
0@
16
08
0?
1=
1R
1J
1B
0:
13
1;
b11101 1
b1 0
b11111 !
b11111 .
b11111 /
14
07
15
1%
b1 *
b1000101 )
b11 &
b11 +
#70
1C
b11 0
1<
0T
0M
1E
0=
1?
0W
0P
0H
1@
0R
0J
0B
1:
b11 1
b100 !
b100 .
b100 /
05
0%
b11 $
b11 -
b11 (
b0 *
b1000110 )
b11111 &
b11111 +
#71
0"
0V
0S
0L
0O
0K
0C
b1 0
0D
0<
1T
1M
1E
0G
1=
0?
17
1W
1P
1H
0@
06
18
1R
1J
1B
0:
03
b11100 1
b11110 !
b11110 .
b11110 /
05
1%
b1 *
b1000111 )
b100 &
b100 +
#72
0T
0M
0W
0P
0=
0R
0J
0;
b100 1
b0 0
b101 !
b101 .
b101 /
04
07
15
0%
b100 $
b100 -
b100 (
b0 *
b1001000 )
b11110 &
b11110 +
#73
1C
1<
1T
1M
1E
1?
1W
1P
0H
1@
16
08
0=
1R
1J
0B
1:
13
1;
b11011 1
b11 0
b11101 !
b11101 .
b11101 /
14
07
15
1%
b1 *
b1001001 )
b101 &
b101 +
#74
0K
0C
b1 0
0D
0<
0T
0M
1E
0G
1=
0?
0W
0P
1H
0@
0R
0J
1B
0:
b101 1
b110 !
b110 .
b110 /
05
0%
b101 $
b101 -
b101 (
b0 *
b1001010 )
b11101 &
b11101 +
#75
1C
b11 0
1<
1T
1M
1E
0=
1?
17
1W
1P
0H
1@
06
18
1R
1J
0B
1:
03
b11010 1
b11100 !
b11100 .
b11100 /
05
1%
b1 *
b1001011 )
b110 &
b110 +
#76
0K
0C
0D
0T
0M
1E
0G
0<
0W
0P
1H
0?
1=
0R
0J
1B
0;
b110 1
b0 0
b111 !
b111 .
b111 /
04
07
15
0%
b110 $
b110 -
b110 (
b0 *
b1001100 )
b11100 &
b11100 +
#77
0C
1T
1M
0E
0<
1W
1P
0H
0@
16
08
0?
1=
1R
1J
0B
0:
13
1;
b11001 1
b1 0
b11011 !
b11011 .
b11011 /
14
07
15
1%
b1 *
b1001101 )
b111 &
b111 +
#78
1K
1D
1G
1C
b111 0
1<
0T
1M
0E
0=
1?
0W
0P
1H
1@
0R
0J
1B
1:
b111 1
b1000 !
b1000 .
b1000 /
05
0%
b111 $
b111 -
b111 (
b0 *
b1001110 )
b11011 &
b11011 +
#79
0"
0V
0S
0K
0C
b1 0
0L
0D
0<
1T
1M
0O
0E
0G
1=
0?
17
1W
1P
0H
0@
06
18
1R
1J
0B
0:
03
b11000 1
b11010 !
b11010 .
b11010 /
05
1%
b1 *
b1001111 )
b1000 &
b1000 +
#80
0T
0W
0=
0R
0;
b1000 1
b0 0
b1001 !
b1001 .
b1001 /
04
07
15
0%
b1000 $
b1000 -
b1000 (
b0 *
b1010000 )
b11010 &
b11010 +
#81
1K
1D
1G
1C
1<
1T
1M
0E
1?
1W
0P
1H
1@
16
08
0=
1R
0J
1B
1:
13
1;
b10111 1
b111 0
b11001 !
b11001 .
b11001 /
14
07
15
1%
b1 *
b1010001 )
b1001 &
b1001 +
#82
0S
0K
0C
b1 0
0L
0D
0<
0T
1M
0O
0E
0G
1=
0?
0W
1P
0H
0@
0R
1J
0B
0:
b1001 1
b1010 !
b1010 .
b1010 /
05
0%
b1001 $
b1001 -
b1001 (
b0 *
b1010010 )
b11001 &
b11001 +
#83
1K
1D
1G
1C
b111 0
1<
1T
1M
0E
0=
1?
17
1W
0P
1H
1@
06
18
1R
0J
1B
1:
03
b10110 1
b11000 !
b11000 .
b11000 /
05
1%
b1 *
b1010011 )
b1010 &
b1010 +
#84
0S
0K
0C
0L
0D
0T
1M
0O
0E
0G
0<
0W
1P
0H
0?
1=
0R
1J
0B
0;
b1010 1
b0 0
b1011 !
b1011 .
b1011 /
04
07
15
0%
b1010 $
b1010 -
b1010 (
b0 *
b1010100 )
b11000 &
b11000 +
#85
0K
0D
0G
0C
1T
0M
1E
0<
1W
0P
1H
0@
16
08
0?
1=
1R
0J
1B
0:
13
1;
b10101 1
b1 0
b10111 !
b10111 .
b10111 /
14
07
15
1%
b1 *
b1010101 )
b1011 &
b1011 +
#86
1C
b11 0
1<
0T
1M
1E
0=
1?
0W
1P
0H
1@
0R
1J
0B
1:
b1011 1
b1100 !
b1100 .
b1100 /
05
0%
b1011 $
b1011 -
b1011 (
b0 *
b1010110 )
b10111 &
b10111 +
#87
0K
0C
b1 0
0D
0<
1T
0M
1E
0G
1=
0?
17
1W
0P
1H
0@
06
18
1R
0J
1B
0:
03
b10100 1
b10110 !
b10110 .
b10110 /
05
1%
b1 *
b1010111 )
b1100 &
b1100 +
#88
0T
1M
0W
1P
0=
0R
1J
0;
b1100 1
b0 0
b1101 !
b1101 .
b1101 /
04
07
15
0%
b1100 $
b1100 -
b1100 (
b0 *
b1011000 )
b10110 &
b10110 +
#89
1C
1<
1T
0M
1E
1?
1W
0P
0H
1@
16
08
0=
1R
0J
0B
1:
13
1;
b10011 1
b11 0
b10101 !
b10101 .
b10101 /
14
07
15
1%
b1 *
b1011001 )
b1101 &
b1101 +
#90
0S
0L
0O
0K
0C
b1 0
0D
0<
0T
1M
1E
0G
1=
0?
0W
1P
1H
0@
0R
1J
1B
0:
b1101 1
b1110 !
b1110 .
b1110 /
05
0%
b1101 $
b1101 -
b1101 (
b0 *
b1011010 )
b10101 &
b10101 +
#91
1C
b11 0
1<
1T
0M
1E
0=
1?
17
1W
0P
0H
1@
06
18
1R
0J
0B
1:
03
b10010 1
b10100 !
b10100 .
b10100 /
05
1%
b1 *
b1011011 )
b1110 &
b1110 +
#92
0S
0L
0O
0K
0C
0D
0T
1M
1E
0G
0<
0W
1P
1H
0?
1=
0R
1J
1B
0;
b1110 1
b0 0
b1111 !
b1111 .
b1111 /
04
07
15
0%
b1110 $
b1110 -
b1110 (
b0 *
b1011100 )
b10100 &
b10100 +
#93
0C
1T
0M
0E
0<
1W
0P
0H
0@
16
08
0?
1=
1R
0J
0B
0:
13
1;
b10001 1
b1 0
b10011 !
b10011 .
b10011 /
14
07
15
1%
b1 *
b1011101 )
b1111 &
b1111 +
#94
1S
1L
1O
1K
1D
1G
1C
b1111 0
1<
1T
0M
0E
0=
1?
0W
1P
1H
1@
0R
1J
1B
1:
b1111 1
b10000 !
b10000 .
b10000 /
05
0%
b1111 $
b1111 -
b1111 (
b0 *
b1011110 )
b10011 &
b10011 +
#95
0S
0K
0C
b1 0
0"
0L
0D
0<
1T
0V
0M
0O
0E
0G
1=
0?
17
1W
0P
0H
0@
06
18
1R
0J
0B
0:
03
b10000 1
b10010 !
b10010 .
b10010 /
05
1%
b1 *
b1011111 )
b10000 &
b10000 +
#96
0=
0;
b0 0
b10001 !
b10001 .
b10001 /
04
07
15
0%
b10000 $
b10000 -
b10000 (
b0 *
b1100000 )
b10010 &
b10010 +
#97
1S
1L
1O
1K
1D
1G
1C
1<
1T
0M
0E
1?
0W
1P
1H
1@
16
08
0=
0R
1J
1B
1:
13
1;
b1111 1
b1111 0
b10001 !
b10001 .
b10001 /
14
07
15
1%
b1 *
b1100001 )
b10001 &
b10001 +
#98
0S
0K
0C
b1 0
0"
0L
0D
0<
1T
0V
0M
0O
0E
0G
1=
0?
1W
0P
0H
0@
1R
0J
0B
0:
b10001 1
b10010 !
b10010 .
b10010 /
05
0%
b10001 $
b10001 -
b10001 (
b0 *
b1100010 )
#99
1S
1L
1O
1K
1D
1G
1C
b1111 0
1<
1T
0M
0E
0=
1?
17
0W
1P
1H
1@
06
18
0R
1J
1B
1:
03
b1110 1
b10000 !
b10000 .
b10000 /
05
1%
b1 *
b1100011 )
b10010 &
b10010 +
#100
0S
0K
0C
0"
0L
0D
1T
0V
0M
0O
0E
0G
0<
1W
0P
0H
0?
1=
1R
0J
0B
0;
b10010 1
b0 0
b10011 !
b10011 .
b10011 /
04
07
15
0%
b10010 $
b10010 -
b10010 (
b0 *
b1100100 )
b10000 &
b10000 +
#101
0S
0L
0O
0K
0D
0G
0C
0T
1M
1E
0<
0W
1P
1H
0@
16
08
0?
1=
0R
1J
1B
0:
13
1;
b1101 1
b1 0
b1111 !
b1111 .
b1111 /
14
07
15
1%
b1 *
b1100101 )
b10011 &
b10011 +
#102
1C
b11 0
1<
1T
0M
1E
0=
1?
1W
0P
0H
1@
1R
0J
0B
1:
b10011 1
b10100 !
b10100 .
b10100 /
05
0%
b10011 $
b10011 -
b10011 (
b0 *
b1100110 )
b1111 &
b1111 +
#103
0S
0L
0O
0K
0C
b1 0
0D
0<
0T
1M
1E
0G
1=
0?
17
0W
1P
1H
0@
06
18
0R
1J
1B
0:
03
b1100 1
b1110 !
b1110 .
b1110 /
05
1%
b1 *
b1100111 )
b10100 &
b10100 +
#104
1T
0M
1W
0P
0=
1R
0J
0;
b10100 1
b0 0
b10101 !
b10101 .
b10101 /
04
07
15
0%
b10100 $
b10100 -
b10100 (
b0 *
b1101000 )
b1110 &
b1110 +
#105
1C
1<
0T
1M
1E
1?
0W
1P
0H
1@
16
08
0=
0R
1J
0B
1:
13
1;
b1011 1
b11 0
b1101 !
b1101 .
b1101 /
14
07
15
1%
b1 *
b1101001 )
b10101 &
b10101 +
#106
0K
0C
b1 0
0D
0<
1T
0M
1E
0G
1=
0?
1W
0P
1H
0@
1R
0J
1B
0:
b10101 1
b10110 !
b10110 .
b10110 /
05
0%
b10101 $
b10101 -
b10101 (
b0 *
b1101010 )
b1101 &
b1101 +
#107
1C
b11 0
1<
0T
1M
1E
0=
1?
17
0W
1P
0H
1@
06
18
0R
1J
0B
1:
03
b1010 1
b1100 !
b1100 .
b1100 /
05
1%
b1 *
b1101011 )
b10110 &
b10110 +
#108
0K
0C
0D
1T
0M
1E
0G
0<
1W
0P
1H
0?
1=
1R
0J
1B
0;
b10110 1
b0 0
b10111 !
b10111 .
b10111 /
04
07
15
0%
b10110 $
b10110 -
b10110 (
b0 *
b1101100 )
b1100 &
b1100 +
#109
0C
0T
1M
0E
0<
0W
1P
0H
0@
16
08
0?
1=
0R
1J
0B
0:
13
1;
b1001 1
b1 0
b1011 !
b1011 .
b1011 /
14
07
15
1%
b1 *
b1101101 )
b10111 &
b10111 +
#110
1K
1D
1G
1C
b111 0
1<
1T
1M
0E
0=
1?
1W
0P
1H
1@
1R
0J
1B
1:
b10111 1
b11000 !
b11000 .
b11000 /
05
0%
b10111 $
b10111 -
b10111 (
b0 *
b1101110 )
b1011 &
b1011 +
#111
0S
0K
0C
b1 0
0L
0D
0<
0T
1M
0O
0E
0G
1=
0?
17
0W
1P
0H
0@
06
18
0R
1J
0B
0:
03
b1000 1
b1010 !
b1010 .
b1010 /
05
1%
b1 *
b1101111 )
b11000 &
b11000 +
#112
1T
1W
0=
1R
0;
b11000 1
b0 0
b11001 !
b11001 .
b11001 /
04
07
15
0%
b11000 $
b11000 -
b11000 (
b0 *
b1110000 )
b1010 &
b1010 +
#113
1K
1D
1G
1C
1<
0T
1M
0E
1?
0W
0P
1H
1@
16
08
0=
0R
0J
1B
1:
13
1;
b111 1
b111 0
b1001 !
b1001 .
b1001 /
14
07
15
1%
b1 *
b1110001 )
b11001 &
b11001 +
#114
0"
0V
0S
0K
0C
b1 0
0L
0D
0<
1T
1M
0O
0E
0G
1=
0?
1W
1P
0H
0@
1R
1J
0B
0:
b11001 1
b11010 !
b11010 .
b11010 /
05
0%
b11001 $
b11001 -
b11001 (
b0 *
b1110010 )
b1001 &
b1001 +
#115
1K
1D
1G
1C
b111 0
1<
0T
1M
0E
0=
1?
17
0W
0P
1H
1@
06
18
0R
0J
1B
1:
03
b110 1
b1000 !
b1000 .
b1000 /
05
1%
b1 *
b1110011 )
b11010 &
b11010 +
#116
0"
0V
0S
0K
0C
0L
0D
1T
1M
0O
0E
0G
0<
1W
1P
0H
0?
1=
1R
1J
0B
0;
b11010 1
b0 0
b11011 !
b11011 .
b11011 /
04
07
15
0%
b11010 $
b11010 -
b11010 (
b0 *
b1110100 )
b1000 &
b1000 +
#117
0K
0D
0G
0C
0T
0M
1E
0<
0W
0P
1H
0@
16
08
0?
1=
0R
0J
1B
0:
13
1;
b101 1
b1 0
b111 !
b111 .
b111 /
14
07
15
1%
b1 *
b1110101 )
b11011 &
b11011 +
#118
1C
b11 0
1<
1T
1M
1E
0=
1?
1W
1P
0H
1@
1R
1J
0B
1:
b11011 1
b11100 !
b11100 .
b11100 /
05
0%
b11011 $
b11011 -
b11011 (
b0 *
b1110110 )
b111 &
b111 +
#119
0K
0C
b1 0
0D
0<
0T
0M
1E
0G
1=
0?
17
0W
0P
1H
0@
06
18
0R
0J
1B
0:
03
b100 1
b110 !
b110 .
b110 /
05
1%
b1 *
b1110111 )
b11100 &
b11100 +
#120
1T
1M
1W
1P
0=
1R
1J
0;
b11100 1
b0 0
b11101 !
b11101 .
b11101 /
04
07
15
0%
b11100 $
b11100 -
b11100 (
b0 *
b1111000 )
b110 &
b110 +
#121
1C
1<
0T
0M
1E
1?
0W
0P
0H
1@
16
08
0=
0R
0J
0B
1:
13
1;
b11 1
b11 0
b101 !
b101 .
b101 /
14
07
15
1%
b1 *
b1111001 )
b11101 &
b11101 +
#122
0"
0V
0S
0L
0O
0K
0C
b1 0
0D
0<
1T
1M
1E
0G
1=
0?
1W
1P
1H
0@
1R
1J
1B
0:
b11101 1
b11110 !
b11110 .
b11110 /
05
0%
b11101 $
b11101 -
b11101 (
b0 *
b1111010 )
b101 &
b101 +
#123
1C
b11 0
1<
0T
0M
1E
0=
1?
17
0W
0P
0H
1@
06
18
0R
0J
0B
1:
03
b10 1
b100 !
b100 .
b100 /
05
1%
b1 *
b1111011 )
b11110 &
b11110 +
#124
0"
0V
0S
0L
0O
0K
0C
0D
1T
1M
1E
0G
0<
1W
1P
1H
0?
1=
1R
1J
1B
0;
b11110 1
b0 0
b11111 !
b11111 .
b11111 /
04
07
15
0%
b11110 $
b11110 -
b11110 (
b0 *
b1111100 )
b100 &
b100 +
#125
0C
0T
0M
0E
0<
0W
0P
0H
0@
16
08
0?
1=
0R
0J
0B
0:
13
1;
b1 1
b1 0
b11 !
b11 .
b11 /
14
07
15
1%
b1 *
b1111101 )
b11111 &
b11111 +
#126
1"
1V
1S
1L
1O
1K
1D
1G
1C
b1111 0
1<
0T
0M
0E
0=
1?
1W
1P
1H
1@
1R
1J
1B
1:
b11111 1
b0 !
b0 .
b0 /
05
0%
b11111 $
b11111 -
b11111 (
b0 *
b1111110 )
b11 &
b11 +
#127
0S
0K
0C
b1 0
0"
0L
0D
0<
0T
0V
0M
0O
0E
0G
1=
0?
17
0W
0P
0H
0@
06
18
0R
0J
0B
0:
03
b0 1
b10 !
b10 .
b10 /
05
1%
b1 *
b1111111 )
b100000 &
b100000 +
#128
0E
0C
0;
0<
b0 0
b10 !
b10 .
b10 /
1=
0?
04
08
1@
07
05
02
19
0%
b0 $
b0 -
b10 #
b10 ,
b10 '
b0 (
b0 *
b10000000 )
b10 &
b10 +
#129
1"
1V
1S
1L
1O
1K
1D
1G
1C
1;
b1111 0
14
0T
0M
0E
1<
1=
17
1W
1P
1H
1>
0@
18
1R
1J
1B
1:
13
b11111 1
b10 !
b10 .
b10 /
05
1%
b1 *
b10000001 )
#130
0S
0K
0C
0"
0L
0D
0T
0V
0M
0O
0E
0G
0<
0W
0P
0H
0>
1@
1=
0R
0J
0B
0:
0;
b1 1
b0 0
b11 !
b11 .
b11 /
04
07
15
0%
b1 $
b1 -
b1 (
b0 *
b10000010 )
b100010 &
b100010 +
#131
1"
1V
1S
1L
1O
1K
1D
1G
1C
0T
0M
0E
1<
1W
1P
1H
1>
0@
08
0?
0=
1R
1J
1B
1:
03
0;
b11110 1
b1110 0
b1 !
b1 .
b1 /
04
07
15
1%
b1 *
b10000011 )
b11 &
b11 +
#132
0S
0K
b10 0
0"
0L
0D
0T
0V
0M
0O
1E
0G
0W
0P
0H
0R
0J
0B
b10 1
b100 !
b100 .
b100 /
05
0%
b10 $
b10 -
b10 (
b0 *
b10000100 )
b100001 &
b100001 +
#133
1"
1V
1S
1L
1O
1K
1?
1C
1;
1D
b1111 0
14
0T
0M
0E
1G
1<
0=
17
1W
1P
1H
0>
1@
18
1R
1J
1B
0:
13
b11101 1
b0 !
b0 .
b0 /
05
1%
b1 *
b10000101 )
b100 &
b100 +
#134
0S
0K
0"
0L
0D
0T
0V
0M
0O
1E
0G
0W
0P
0H
1>
0@
0?
0=
0R
0J
0B
1:
0;
b11 1
b10 0
b101 !
b101 .
b101 /
04
07
15
0%
b11 $
b11 -
b11 (
b0 *
b10000110 )
b100000 &
b100000 +
#135
0"
0V
0S
0C
0L
0<
0O
0K
0D
1T
1M
1E
0G
0?
1W
1P
1H
0>
1@
08
1=
1R
1J
1B
0:
03
0;
b11100 1
b0 0
b11111 !
b11111 .
b11111 /
04
07
15
1%
b1 *
b10000111 )
b101 &
b101 +
#136
0T
0M
0W
0P
0R
0J
b100 1
b110 !
b110 .
b110 /
05
0%
b100 $
b100 -
b100 (
b0 *
b10001000 )
b11111 &
b11111 +
#137
1C
1;
b11 0
14
1T
1M
1E
1<
1=
17
1W
1P
0H
1>
0@
18
1R
1J
0B
1:
13
b11011 1
b11110 !
b11110 .
b11110 /
05
1%
b1 *
b10001001 )
b110 &
b110 +
#138
0K
0C
0D
0T
0M
1E
0G
0<
0W
0P
1H
0>
1@
1=
0R
0J
1B
0:
0;
b101 1
b0 0
b111 !
b111 .
b111 /
04
07
15
0%
b101 $
b101 -
b101 (
b0 *
b10001010 )
b11110 &
b11110 +
#139
1C
1T
1M
1E
1<
1W
1P
0H
1>
0@
08
0?
0=
1R
1J
0B
1:
03
0;
b11010 1
b10 0
b11101 !
b11101 .
b11101 /
04
07
15
1%
b1 *
b10001011 )
b111 &
b111 +
#140
1K
b110 0
1D
0T
1M
0E
1G
0W
0P
1H
0R
0J
1B
b110 1
b1000 !
b1000 .
b1000 /
05
0%
b110 $
b110 -
b110 (
b0 *
b10001100 )
b11101 &
b11101 +
#141
0"
0V
0S
0K
1?
1C
1;
0L
0D
b11 0
14
1T
1M
0O
1E
0G
1<
0=
17
1W
1P
0H
0>
1@
18
1R
1J
0B
0:
13
b11001 1
b11100 !
b11100 .
b11100 /
05
1%
b1 *
b10001101 )
b1000 &
b1000 +
#142
1K
1D
0T
1M
0E
1G
0W
0P
1H
1>
0@
0?
0=
0R
0J
1B
1:
0;
b111 1
b110 0
b1001 !
b1001 .
b1001 /
04
07
15
0%
b111 $
b111 -
b111 (
b0 *
b10001110 )
b11100 &
b11100 +
#143
0C
0"
0<
0V
0S
0K
0L
0D
1T
1M
0O
0E
0G
0?
1W
1P
0H
0>
1@
08
1=
1R
1J
0B
0:
03
0;
b11000 1
b0 0
b11011 !
b11011 .
b11011 /
04
07
15
1%
b1 *
b10001111 )
b1001 &
b1001 +
#144
0T
0W
0R
b1000 1
b1010 !
b1010 .
b1010 /
05
0%
b1000 $
b1000 -
b1000 (
b0 *
b10010000 )
b11011 &
b11011 +
#145
1K
1D
1G
1C
1;
b111 0
14
1T
1M
0E
1<
1=
17
1W
0P
1H
1>
0@
18
1R
0J
1B
1:
13
b10111 1
b11010 !
b11010 .
b11010 /
05
1%
b1 *
b10010001 )
b1010 &
b1010 +
#146
0S
0K
0C
0L
0D
0T
1M
0O
0E
0G
0<
0W
1P
0H
0>
1@
1=
0R
1J
0B
0:
0;
b1001 1
b0 0
b1011 !
b1011 .
b1011 /
04
07
15
0%
b1001 $
b1001 -
b1001 (
b0 *
b10010010 )
b11010 &
b11010 +
#147
1K
1D
1G
1C
1T
1M
0E
1<
1W
0P
1H
1>
0@
08
0?
0=
1R
0J
1B
1:
03
0;
b10110 1
b110 0
b11001 !
b11001 .
b11001 /
04
07
15
1%
b1 *
b10010011 )
b1011 &
b1011 +
#148
0S
0K
b10 0
0L
0D
0T
1M
0O
1E
0G
0W
1P
0H
0R
1J
0B
b1010 1
b1100 !
b1100 .
b1100 /
05
0%
b1010 $
b1010 -
b1010 (
b0 *
b10010100 )
b11001 &
b11001 +
#149
1K
1?
1C
1;
1D
b111 0
14
1T
1M
0E
1G
1<
0=
17
1W
0P
1H
0>
1@
18
1R
0J
1B
0:
13
b10101 1
b11000 !
b11000 .
b11000 /
05
1%
b1 *
b10010101 )
b1100 &
b1100 +
#150
0S
0K
0L
0D
0T
1M
0O
1E
0G
0W
1P
0H
1>
0@
0?
0=
0R
1J
0B
1:
0;
b1011 1
b10 0
b1101 !
b1101 .
b1101 /
04
07
15
0%
b1011 $
b1011 -
b1011 (
b0 *
b10010110 )
b11000 &
b11000 +
#151
0C
0<
0K
0D
1T
0M
1E
0G
0?
1W
0P
1H
0>
1@
08
1=
1R
0J
1B
0:
03
0;
b10100 1
b0 0
b10111 !
b10111 .
b10111 /
04
07
15
1%
b1 *
b10010111 )
b1101 &
b1101 +
#152
0T
1M
0W
1P
0R
1J
b1100 1
b1110 !
b1110 .
b1110 /
05
0%
b1100 $
b1100 -
b1100 (
b0 *
b10011000 )
b10111 &
b10111 +
#153
1C
1;
b11 0
14
1T
0M
1E
1<
1=
17
1W
0P
0H
1>
0@
18
1R
0J
0B
1:
13
b10011 1
b10110 !
b10110 .
b10110 /
05
1%
b1 *
b10011001 )
b1110 &
b1110 +
#154
0S
0L
0O
0K
0C
0D
0T
1M
1E
0G
0<
0W
1P
1H
0>
1@
1=
0R
1J
1B
0:
0;
b1101 1
b0 0
b1111 !
b1111 .
b1111 /
04
07
15
0%
b1101 $
b1101 -
b1101 (
b0 *
b10011010 )
b10110 &
b10110 +
#155
1C
1T
0M
1E
1<
1W
0P
0H
1>
0@
08
0?
0=
1R
0J
0B
1:
03
0;
b10010 1
b10 0
b10101 !
b10101 .
b10101 /
04
07
15
1%
b1 *
b10011011 )
b1111 &
b1111 +
#156
1S
1L
1O
1K
b1110 0
1D
1T
0M
0E
1G
0W
1P
1H
0R
1J
1B
b1110 1
b10000 !
b10000 .
b10000 /
05
0%
b1110 $
b1110 -
b1110 (
b0 *
b10011100 )
b10101 &
b10101 +
#157
0S
0K
1?
1C
1;
0"
0L
0D
b11 0
14
1T
0V
0M
0O
1E
0G
1<
0=
17
1W
0P
0H
0>
1@
18
1R
0J
0B
0:
13
b10001 1
b10100 !
b10100 .
b10100 /
05
1%
b1 *
b10011101 )
b10000 &
b10000 +
#158
1S
1L
1O
1K
1D
1T
0M
0E
1G
0W
1P
1H
1>
0@
0?
0=
0R
1J
1B
1:
0;
b1111 1
b1110 0
b10001 !
b10001 .
b10001 /
04
07
15
0%
b1111 $
b1111 -
b1111 (
b0 *
b10011110 )
b10100 &
b10100 +
#159
0C
0<
0S
0K
0"
0L
0D
1T
0V
0M
0O
0E
0G
0?
1W
0P
0H
0>
1@
08
1=
1R
0J
0B
0:
03
0;
b10000 1
b0 0
b10011 !
b10011 .
b10011 /
04
07
15
1%
b1 *
b10011111 )
b10001 &
b10001 +
#160
b10010 !
b10010 .
b10010 /
05
0%
b10000 $
b10000 -
b10000 (
b0 *
b10100000 )
b10011 &
b10011 +
#161
1S
1L
1O
1K
1D
1G
1C
1;
b1111 0
14
1T
0M
0E
1<
1=
17
0W
1P
1H
1>
0@
18
0R
1J
1B
1:
13
b1111 1
b10010 !
b10010 .
b10010 /
05
1%
b1 *
b10100001 )
b10010 &
b10010 +
#162
0S
0K
0C
0"
0L
0D
1T
0V
0M
0O
0E
0G
0<
1W
0P
0H
0>
1@
1=
1R
0J
0B
0:
0;
b10001 1
b0 0
b10011 !
b10011 .
b10011 /
04
07
15
0%
b10001 $
b10001 -
b10001 (
b0 *
b10100010 )
#163
1S
1L
1O
1K
1D
1G
1C
1T
0M
0E
1<
0W
1P
1H
1>
0@
08
0?
0=
0R
1J
1B
1:
03
0;
b1110 1
b1110 0
b10001 !
b10001 .
b10001 /
04
07
15
1%
b1 *
b10100011 )
b10011 &
b10011 +
#164
0S
0K
b10 0
0"
0L
0D
1T
0V
0M
0O
1E
0G
1W
0P
0H
1R
0J
0B
b10010 1
b10100 !
b10100 .
b10100 /
05
0%
b10010 $
b10010 -
b10010 (
b0 *
b10100100 )
b10001 &
b10001 +
#165
1S
1L
1O
1K
1?
1C
1;
1D
b1111 0
14
1T
0M
0E
1G
1<
0=
17
0W
1P
1H
0>
1@
18
0R
1J
1B
0:
13
b1101 1
b10000 !
b10000 .
b10000 /
05
1%
b1 *
b10100101 )
b10100 &
b10100 +
#166
0S
0K
0"
0L
0D
1T
0V
0M
0O
1E
0G
1W
0P
0H
1>
0@
0?
0=
1R
0J
0B
1:
0;
b10011 1
b10 0
b10101 !
b10101 .
b10101 /
04
07
15
0%
b10011 $
b10011 -
b10011 (
b0 *
b10100110 )
b10000 &
b10000 +
#167
0S
0C
0L
0<
0O
0K
0D
0T
1M
1E
0G
0?
0W
1P
1H
0>
1@
08
1=
0R
1J
1B
0:
03
0;
b1100 1
b0 0
b1111 !
b1111 .
b1111 /
04
07
15
1%
b1 *
b10100111 )
b10101 &
b10101 +
#168
1T
0M
1W
0P
1R
0J
b10100 1
b10110 !
b10110 .
b10110 /
05
0%
b10100 $
b10100 -
b10100 (
b0 *
b10101000 )
b1111 &
b1111 +
#169
1C
1;
b11 0
14
0T
1M
1E
1<
1=
17
0W
1P
0H
1>
0@
18
0R
1J
0B
1:
13
b1011 1
b1110 !
b1110 .
b1110 /
05
1%
b1 *
b10101001 )
b10110 &
b10110 +
#170
0K
0C
0D
1T
0M
1E
0G
0<
1W
0P
1H
0>
1@
1=
1R
0J
1B
0:
0;
b10101 1
b0 0
b10111 !
b10111 .
b10111 /
04
07
15
0%
b10101 $
b10101 -
b10101 (
b0 *
b10101010 )
b1110 &
b1110 +
#171
1C
0T
1M
1E
1<
0W
1P
0H
1>
0@
08
0?
0=
0R
1J
0B
1:
03
0;
b1010 1
b10 0
b1101 !
b1101 .
b1101 /
04
07
15
1%
b1 *
b10101011 )
b10111 &
b10111 +
#172
1K
b110 0
1D
1T
1M
0E
1G
1W
0P
1H
1R
0J
1B
b10110 1
b11000 !
b11000 .
b11000 /
05
0%
b10110 $
b10110 -
b10110 (
b0 *
b10101100 )
b1101 &
b1101 +
#173
0S
0K
1?
1C
1;
0L
0D
b11 0
14
0T
1M
0O
1E
0G
1<
0=
17
0W
1P
0H
0>
1@
18
0R
1J
0B
0:
13
b1001 1
b1100 !
b1100 .
b1100 /
05
1%
b1 *
b10101101 )
b11000 &
b11000 +
#174
1K
1D
1T
1M
0E
1G
1W
0P
1H
1>
0@
0?
0=
1R
0J
1B
1:
0;
b10111 1
b110 0
b11001 !
b11001 .
b11001 /
04
07
15
0%
b10111 $
b10111 -
b10111 (
b0 *
b10101110 )
b1100 &
b1100 +
#175
0C
0<
0S
0K
0L
0D
0T
1M
0O
0E
0G
0?
0W
1P
0H
0>
1@
08
1=
0R
1J
0B
0:
03
0;
b1000 1
b0 0
b1011 !
b1011 .
b1011 /
04
07
15
1%
b1 *
b10101111 )
b11001 &
b11001 +
#176
1T
1W
1R
b11000 1
b11010 !
b11010 .
b11010 /
05
0%
b11000 $
b11000 -
b11000 (
b0 *
b10110000 )
b1011 &
b1011 +
#177
1K
1D
1G
1C
1;
b111 0
14
0T
1M
0E
1<
1=
17
0W
0P
1H
1>
0@
18
0R
0J
1B
1:
13
b111 1
b1010 !
b1010 .
b1010 /
05
1%
b1 *
b10110001 )
b11010 &
b11010 +
#178
0"
0V
0S
0K
0C
0L
0D
1T
1M
0O
0E
0G
0<
1W
1P
0H
0>
1@
1=
1R
1J
0B
0:
0;
b11001 1
b0 0
b11011 !
b11011 .
b11011 /
04
07
15
0%
b11001 $
b11001 -
b11001 (
b0 *
b10110010 )
b1010 &
b1010 +
#179
1K
1D
1G
1C
0T
1M
0E
1<
0W
0P
1H
1>
0@
08
0?
0=
0R
0J
1B
1:
03
0;
b110 1
b110 0
b1001 !
b1001 .
b1001 /
04
07
15
1%
b1 *
b10110011 )
b11011 &
b11011 +
#180
0"
0V
0S
0K
b10 0
0L
0D
1T
1M
0O
1E
0G
1W
1P
0H
1R
1J
0B
b11010 1
b11100 !
b11100 .
b11100 /
05
0%
b11010 $
b11010 -
b11010 (
b0 *
b10110100 )
b1001 &
b1001 +
#181
1K
1?
1C
1;
1D
b111 0
14
0T
1M
0E
1G
1<
0=
17
0W
0P
1H
0>
1@
18
0R
0J
1B
0:
13
b101 1
b1000 !
b1000 .
b1000 /
05
1%
b1 *
b10110101 )
b11100 &
b11100 +
#182
0"
0V
0S
0K
0L
0D
1T
1M
0O
1E
0G
1W
1P
0H
1>
0@
0?
0=
1R
1J
0B
1:
0;
b11011 1
b10 0
b11101 !
b11101 .
b11101 /
04
07
15
0%
b11011 $
b11011 -
b11011 (
b0 *
b10110110 )
b1000 &
b1000 +
#183
0C
0<
0K
0D
0T
0M
1E
0G
0?
0W
0P
1H
0>
1@
08
1=
0R
0J
1B
0:
03
0;
b100 1
b0 0
b111 !
b111 .
b111 /
04
07
15
1%
b1 *
b10110111 )
b11101 &
b11101 +
#184
1T
1M
1W
1P
1R
1J
b11100 1
b11110 !
b11110 .
b11110 /
05
0%
b11100 $
b11100 -
b11100 (
b0 *
b10111000 )
b111 &
b111 +
#185
1C
1;
b11 0
14
0T
0M
1E
1<
1=
17
0W
0P
0H
1>
0@
18
0R
0J
0B
1:
13
b11 1
b110 !
b110 .
b110 /
05
1%
b1 *
b10111001 )
b11110 &
b11110 +
#186
0"
0V
0S
0L
0O
0K
0C
0D
1T
1M
1E
0G
0<
1W
1P
1H
0>
1@
1=
1R
1J
1B
0:
0;
b11101 1
b0 0
b11111 !
b11111 .
b11111 /
04
07
15
0%
b11101 $
b11101 -
b11101 (
b0 *
b10111010 )
b110 &
b110 +
#187
1C
0T
0M
1E
1<
0W
0P
0H
1>
0@
08
0?
0=
0R
0J
0B
1:
03
0;
b10 1
b10 0
b101 !
b101 .
b101 /
04
07
15
1%
b1 *
b10111011 )
b11111 &
b11111 +
#188
1"
1V
1S
1L
1O
1K
b1110 0
1D
0T
0M
0E
1G
1W
1P
1H
1R
1J
1B
b11110 1
b0 !
b0 .
b0 /
05
0%
b11110 $
b11110 -
b11110 (
b0 *
b10111100 )
b101 &
b101 +
#189
0S
0K
1?
1C
1;
0"
0L
0D
b11 0
14
0T
0V
0M
0O
1E
0G
1<
0=
17
0W
0P
0H
0>
1@
18
0R
0J
0B
0:
13
b1 1
b100 !
b100 .
b100 /
05
1%
b1 *
b10111101 )
b100000 &
b100000 +
#190
1"
1V
1S
1L
1O
1K
1D
0T
0M
0E
1G
1W
1P
1H
1>
0@
0?
0=
1R
1J
1B
1:
0;
b11111 1
b1110 0
b1 !
b1 .
b1 /
04
07
15
0%
b11111 $
b11111 -
b11111 (
b0 *
b10111110 )
b100 &
b100 +
#191
0C
0<
0S
0K
0"
0L
0D
0T
0V
0M
0O
0E
0G
0?
0W
0P
0H
0>
1@
08
1=
0R
0J
0B
0:
03
0;
b0 1
b0 0
b11 !
b11 .
b11 /
04
07
15
1%
b1 *
b10111111 )
b100001 &
b100001 +
#192
b11 !
b11 .
b11 /
18
15
12
0%
b0 $
b0 -
b11 #
b11 ,
b11 '
b0 (
b0 *
b11000000 )
b11 &
b11 +
#193
1"
1V
1S
1L
1O
1K
1D
1G
1C
0T
0M
0E
1<
1W
1P
1H
1>
0@
16
08
0?
1=
1R
1J
1B
1:
13
1;
b11111 1
b1111 0
b11 !
b11 .
b11 /
14
07
15
1%
b1 *
b11000001 )
#194
0S
0K
b11 0
0"
0L
0D
0T
0V
0M
0O
1E
0G
0=
1?
0W
0P
0H
0>
1@
0R
0J
0B
0:
b1 1
b100 !
b100 .
b100 /
05
0%
b1 $
b1 -
b1 (
b0 *
b11000010 )
b100011 &
b100011 +
#195
1"
1V
1S
1L
1O
1K
b1111 0
1D
0T
0M
0E
1G
1=
0?
17
1W
1P
1H
1>
0@
06
18
1R
1J
1B
1:
03
b11110 1
b10 !
b10 .
b10 /
05
1%
b1 *
b11000011 )
b100 &
b100 +
#196
0S
0K
0"
0L
0D
0T
0V
0M
0O
1E
0G
0W
0P
0H
0=
0R
0J
0B
0;
b10 1
b10 0
b101 !
b101 .
b101 /
04
07
15
0%
b10 $
b10 -
b10 (
b0 *
b11000100 )
b100010 &
b100010 +
#197
1"
1V
1S
1L
1O
1K
1D
0T
0M
0E
1G
1?
1W
1P
1H
0>
1@
16
08
0=
1R
1J
1B
0:
13
1;
b11101 1
b1111 0
b1 !
b1 .
b1 /
14
07
15
1%
b1 *
b11000101 )
b101 &
b101 +
#198
0S
0K
b11 0
0"
0L
0D
0T
0V
0M
0O
1E
0G
1=
0?
0W
0P
0H
1>
0@
0R
0J
0B
1:
b11 1
b110 !
b110 .
b110 /
05
0%
b11 $
b11 -
b11 (
b0 *
b11000110 )
b100001 &
b100001 +
#199
1"
1V
1S
1L
1O
1K
b1111 0
1D
0T
0M
0E
1G
0=
1?
17
1W
1P
1H
0>
1@
06
18
1R
1J
1B
0:
03
b11100 1
b0 !
b0 .
b0 /
05
1%
b1 *
b11000111 )
b110 &
b110 +
#200
0K
0D
0S
0G
1E
0C
0"
0L
0T
0V
0M
0O
0<
0W
0P
0?
1=
0R
0J
0;
b100 1
b0 0
b111 !
b111 .
b111 /
04
07
15
0%
b100 $
b100 -
b100 (
b0 *
b11001000 )
b100000 &
b100000 +
#201
1C
1T
1M
1E
1<
1W
1P
0H
1>
0@
16
08
0?
1=
1R
1J
0B
1:
13
1;
b11011 1
b11 0
b11111 !
b11111 .
b11111 /
14
07
15
1%
b1 *
b11001001 )
b111 &
b111 +
#202
1K
b111 0
1D
0T
1M
0E
1G
0=
1?
0W
0P
1H
0>
1@
0R
0J
1B
0:
b101 1
b1000 !
b1000 .
b1000 /
05
0%
b101 $
b101 -
b101 (
b0 *
b11001010 )
b11111 &
b11111 +
#203
0"
0V
0S
0K
b11 0
0L
0D
1T
1M
0O
1E
0G
1=
0?
17
1W
1P
0H
1>
0@
06
18
1R
1J
0B
1:
03
b11010 1
b11110 !
b11110 .
b11110 /
05
1%
b1 *
b11001011 )
b1000 &
b1000 +
#204
1K
1D
0T
1M
0E
1G
0W
0P
1H
0=
0R
0J
1B
0;
b110 1
b110 0
b1001 !
b1001 .
b1001 /
04
07
15
0%
b110 $
b110 -
b110 (
b0 *
b11001100 )
b11110 &
b11110 +
#205
0"
0V
0S
0K
0L
0D
1T
1M
0O
1E
0G
1?
1W
1P
0H
0>
1@
16
08
0=
1R
1J
0B
0:
13
1;
b11001 1
b11 0
b11101 !
b11101 .
b11101 /
14
07
15
1%
b1 *
b11001101 )
b1001 &
b1001 +
#206
1K
b111 0
1D
0T
1M
0E
1G
1=
0?
0W
0P
1H
1>
0@
0R
0J
1B
1:
b111 1
b1010 !
b1010 .
b1010 /
05
0%
b111 $
b111 -
b111 (
b0 *
b11001110 )
b11101 &
b11101 +
#207
0"
0V
0S
0K
b11 0
0L
0D
1T
1M
0O
1E
0G
0=
1?
17
1W
1P
0H
0>
1@
06
18
1R
1J
0B
0:
03
b11000 1
b11100 !
b11100 .
b11100 /
05
1%
b1 *
b11001111 )
b1010 &
b1010 +
#208
0E
0C
0T
0<
0W
0?
1=
0R
0;
b1000 1
b0 0
b1011 !
b1011 .
b1011 /
04
07
15
0%
b1000 $
b1000 -
b1000 (
b0 *
b11010000 )
b11100 &
b11100 +
#209
1K
1D
1G
1C
1T
1M
0E
1<
1W
0P
1H
1>
0@
16
08
0?
1=
1R
0J
1B
1:
13
1;
b10111 1
b111 0
b11011 !
b11011 .
b11011 /
14
07
15
1%
b1 *
b11010001 )
b1011 &
b1011 +
#210
0S
0K
b11 0
0L
0D
0T
1M
0O
1E
0G
0=
1?
0W
1P
0H
0>
1@
0R
1J
0B
0:
b1001 1
b1100 !
b1100 .
b1100 /
05
0%
b1001 $
b1001 -
b1001 (
b0 *
b11010010 )
b11011 &
b11011 +
#211
1K
b111 0
1D
1T
1M
0E
1G
1=
0?
17
1W
0P
1H
1>
0@
06
18
1R
0J
1B
1:
03
b10110 1
b11010 !
b11010 .
b11010 /
05
1%
b1 *
b11010011 )
b1100 &
b1100 +
#212
0S
0K
0L
0D
0T
1M
0O
1E
0G
0W
1P
0H
0=
0R
1J
0B
0;
b1010 1
b10 0
b1101 !
b1101 .
b1101 /
04
07
15
0%
b1010 $
b1010 -
b1010 (
b0 *
b11010100 )
b11010 &
b11010 +
#213
1K
1D
1T
1M
0E
1G
1?
1W
0P
1H
0>
1@
16
08
0=
1R
0J
1B
0:
13
1;
b10101 1
b111 0
b11001 !
b11001 .
b11001 /
14
07
15
1%
b1 *
b11010101 )
b1101 &
b1101 +
#214
0S
0K
b11 0
0L
0D
0T
1M
0O
1E
0G
1=
0?
0W
1P
0H
1>
0@
0R
1J
0B
1:
b1011 1
b1110 !
b1110 .
b1110 /
05
0%
b1011 $
b1011 -
b1011 (
b0 *
b11010110 )
b11001 &
b11001 +
#215
1K
b111 0
1D
1T
1M
0E
1G
0=
1?
17
1W
0P
1H
0>
1@
06
18
1R
0J
1B
0:
03
b10100 1
b11000 !
b11000 .
b11000 /
05
1%
b1 *
b11010111 )
b1110 &
b1110 +
#216
0K
0D
0S
0G
1E
0C
0L
0T
1M
0O
0<
0W
1P
0?
1=
0R
1J
0;
b1100 1
b0 0
b1111 !
b1111 .
b1111 /
04
07
15
0%
b1100 $
b1100 -
b1100 (
b0 *
b11011000 )
b11000 &
b11000 +
#217
1C
1T
0M
1E
1<
1W
0P
0H
1>
0@
16
08
0?
1=
1R
0J
0B
1:
13
1;
b10011 1
b11 0
b10111 !
b10111 .
b10111 /
14
07
15
1%
b1 *
b11011001 )
b1111 &
b1111 +
#218
1S
1L
1O
1K
b1111 0
1D
1T
0M
0E
1G
0=
1?
0W
1P
1H
0>
1@
0R
1J
1B
0:
b1101 1
b10000 !
b10000 .
b10000 /
05
0%
b1101 $
b1101 -
b1101 (
b0 *
b11011010 )
b10111 &
b10111 +
#219
0S
0K
b11 0
0"
0L
0D
1T
0V
0M
0O
1E
0G
1=
0?
17
1W
0P
0H
1>
0@
06
18
1R
0J
0B
1:
03
b10010 1
b10110 !
b10110 .
b10110 /
05
1%
b1 *
b11011011 )
b10000 &
b10000 +
#220
1S
1L
1O
1K
1D
1T
0M
0E
1G
0W
1P
1H
0=
0R
1J
1B
0;
b1110 1
b1110 0
b10001 !
b10001 .
b10001 /
04
07
15
0%
b1110 $
b1110 -
b1110 (
b0 *
b11011100 )
b10110 &
b10110 +
#221
0S
0K
0"
0L
0D
1T
0V
0M
0O
1E
0G
1?
1W
0P
0H
0>
1@
16
08
0=
1R
0J
0B
0:
13
1;
b10001 1
b11 0
b10101 !
b10101 .
b10101 /
14
07
15
1%
b1 *
b11011101 )
b10001 &
b10001 +
#222
1S
1L
1O
1K
b1111 0
1D
1T
0M
0E
1G
1=
0?
0W
1P
1H
1>
0@
0R
1J
1B
1:
b1111 1
b10010 !
b10010 .
b10010 /
05
0%
b1111 $
b1111 -
b1111 (
b0 *
b11011110 )
b10101 &
b10101 +
#223
0S
0K
b11 0
0"
0L
0D
1T
0V
0M
0O
1E
0G
0=
1?
17
1W
0P
0H
0>
1@
06
18
1R
0J
0B
0:
03
b10000 1
b10100 !
b10100 .
b10100 /
05
1%
b1 *
b11011111 )
b10010 &
b10010 +
#224
0E
0C
0<
0?
1=
0;
b0 0
b10011 !
b10011 .
b10011 /
04
07
15
0%
b10000 $
b10000 -
b10000 (
b0 *
b11100000 )
b10100 &
b10100 +
#225
1S
1L
1O
1K
1D
1G
1C
1T
0M
0E
1<
0W
1P
1H
1>
0@
16
08
0?
1=
0R
1J
1B
1:
13
1;
b1111 1
b1111 0
b10011 !
b10011 .
b10011 /
14
07
15
1%
b1 *
b11100001 )
b10011 &
b10011 +
#226
0S
0K
b11 0
0"
0L
0D
1T
0V
0M
0O
1E
0G
0=
1?
1W
0P
0H
0>
1@
1R
0J
0B
0:
b10001 1
b10100 !
b10100 .
b10100 /
05
0%
b10001 $
b10001 -
b10001 (
b0 *
b11100010 )
#227
1S
1L
1O
1K
b1111 0
1D
1T
0M
0E
1G
1=
0?
17
0W
1P
1H
1>
0@
06
18
0R
1J
1B
1:
03
b1110 1
b10010 !
b10010 .
b10010 /
05
1%
b1 *
b11100011 )
b10100 &
b10100 +
#228
0S
0K
0"
0L
0D
1T
0V
0M
0O
1E
0G
1W
0P
0H
0=
1R
0J
0B
0;
b10010 1
b10 0
b10101 !
b10101 .
b10101 /
04
07
15
0%
b10010 $
b10010 -
b10010 (
b0 *
b11100100 )
b10010 &
b10010 +
#229
1S
1L
1O
1K
1D
1T
0M
0E
1G
1?
0W
1P
1H
0>
1@
16
08
0=
0R
1J
1B
0:
13
1;
b1101 1
b1111 0
b10001 !
b10001 .
b10001 /
14
07
15
1%
b1 *
b11100101 )
b10101 &
b10101 +
#230
0S
0K
b11 0
0"
0L
0D
1T
0V
0M
0O
1E
0G
1=
0?
1W
0P
0H
1>
0@
1R
0J
0B
1:
b10011 1
b10110 !
b10110 .
b10110 /
05
0%
b10011 $
b10011 -
b10011 (
b0 *
b11100110 )
b10001 &
b10001 +
#231
1S
1L
1O
1K
b1111 0
1D
1T
0M
0E
1G
0=
1?
17
0W
1P
1H
0>
1@
06
18
0R
1J
1B
0:
03
b1100 1
b10000 !
b10000 .
b10000 /
05
1%
b1 *
b11100111 )
b10110 &
b10110 +
#232
0K
0D
0S
0G
1E
0C
0"
0L
1T
0V
0M
0O
0<
1W
0P
0?
1=
1R
0J
0;
b10100 1
b0 0
b10111 !
b10111 .
b10111 /
04
07
15
0%
b10100 $
b10100 -
b10100 (
b0 *
b11101000 )
b10000 &
b10000 +
#233
1C
0T
1M
1E
1<
0W
1P
0H
1>
0@
16
08
0?
1=
0R
1J
0B
1:
13
1;
b1011 1
b11 0
b1111 !
b1111 .
b1111 /
14
07
15
1%
b1 *
b11101001 )
b10111 &
b10111 +
#234
1K
b111 0
1D
1T
1M
0E
1G
0=
1?
1W
0P
1H
0>
1@
1R
0J
1B
0:
b10101 1
b11000 !
b11000 .
b11000 /
05
0%
b10101 $
b10101 -
b10101 (
b0 *
b11101010 )
b1111 &
b1111 +
#235
0S
0K
b11 0
0L
0D
0T
1M
0O
1E
0G
1=
0?
17
0W
1P
0H
1>
0@
06
18
0R
1J
0B
1:
03
b1010 1
b1110 !
b1110 .
b1110 /
05
1%
b1 *
b11101011 )
b11000 &
b11000 +
#236
1K
1D
1T
1M
0E
1G
1W
0P
1H
0=
1R
0J
1B
0;
b10110 1
b110 0
b11001 !
b11001 .
b11001 /
04
07
15
0%
b10110 $
b10110 -
b10110 (
b0 *
b11101100 )
b1110 &
b1110 +
#237
0S
0K
0L
0D
0T
1M
0O
1E
0G
1?
0W
1P
0H
0>
1@
16
08
0=
0R
1J
0B
0:
13
1;
b1001 1
b11 0
b1101 !
b1101 .
b1101 /
14
07
15
1%
b1 *
b11101101 )
b11001 &
b11001 +
#238
1K
b111 0
1D
1T
1M
0E
1G
1=
0?
1W
0P
1H
1>
0@
1R
0J
1B
1:
b10111 1
b11010 !
b11010 .
b11010 /
05
0%
b10111 $
b10111 -
b10111 (
b0 *
b11101110 )
b1101 &
b1101 +
#239
0S
0K
b11 0
0L
0D
0T
1M
0O
1E
0G
0=
1?
17
0W
1P
0H
0>
1@
06
18
0R
1J
0B
0:
03
b1000 1
b1100 !
b1100 .
b1100 /
05
1%
b1 *
b11101111 )
b11010 &
b11010 +
#240
0E
0C
1T
0<
1W
0?
1=
1R
0;
b11000 1
b0 0
b11011 !
b11011 .
b11011 /
04
07
15
0%
b11000 $
b11000 -
b11000 (
b0 *
b11110000 )
b1100 &
b1100 +
#241
1K
1D
1G
1C
0T
1M
0E
1<
0W
0P
1H
1>
0@
16
08
0?
1=
0R
0J
1B
1:
13
1;
b111 1
b111 0
b1011 !
b1011 .
b1011 /
14
07
15
1%
b1 *
b11110001 )
b11011 &
b11011 +
#242
0"
0V
0S
0K
b11 0
0L
0D
1T
1M
0O
1E
0G
0=
1?
1W
1P
0H
0>
1@
1R
1J
0B
0:
b11001 1
b11100 !
b11100 .
b11100 /
05
0%
b11001 $
b11001 -
b11001 (
b0 *
b11110010 )
b1011 &
b1011 +
#243
1K
b111 0
1D
0T
1M
0E
1G
1=
0?
17
0W
0P
1H
1>
0@
06
18
0R
0J
1B
1:
03
b110 1
b1010 !
b1010 .
b1010 /
05
1%
b1 *
b11110011 )
b11100 &
b11100 +
#244
0"
0V
0S
0K
0L
0D
1T
1M
0O
1E
0G
1W
1P
0H
0=
1R
1J
0B
0;
b11010 1
b10 0
b11101 !
b11101 .
b11101 /
04
07
15
0%
b11010 $
b11010 -
b11010 (
b0 *
b11110100 )
b1010 &
b1010 +
#245
1K
1D
0T
1M
0E
1G
1?
0W
0P
1H
0>
1@
16
08
0=
0R
0J
1B
0:
13
1;
b101 1
b111 0
b1001 !
b1001 .
b1001 /
14
07
15
1%
b1 *
b11110101 )
b11101 &
b11101 +
#246
0"
0V
0S
0K
b11 0
0L
0D
1T
1M
0O
1E
0G
1=
0?
1W
1P
0H
1>
0@
1R
1J
0B
1:
b11011 1
b11110 !
b11110 .
b11110 /
05
0%
b11011 $
b11011 -
b11011 (
b0 *
b11110110 )
b1001 &
b1001 +
#247
1K
b111 0
1D
0T
1M
0E
1G
0=
1?
17
0W
0P
1H
0>
1@
06
18
0R
0J
1B
0:
03
b100 1
b1000 !
b1000 .
b1000 /
05
1%
b1 *
b11110111 )
b11110 &
b11110 +
#248
0K
0"
0V
0D
0S
0G
1E
0C
0L
1T
1M
0O
0<
1W
1P
0?
1=
1R
1J
0;
b11100 1
b0 0
b11111 !
b11111 .
b11111 /
04
07
15
0%
b11100 $
b11100 -
b11100 (
b0 *
b11111000 )
b1000 &
b1000 +
#249
1C
0T
0M
1E
1<
0W
0P
0H
1>
0@
16
08
0?
1=
0R
0J
0B
1:
13
1;
b11 1
b11 0
b111 !
b111 .
b111 /
14
07
15
1%
b1 *
b11111001 )
b11111 &
b11111 +
#250
1"
1V
1S
1L
1O
1K
b1111 0
1D
0T
0M
0E
1G
0=
1?
1W
1P
1H
0>
1@
1R
1J
1B
0:
b11101 1
b0 !
b0 .
b0 /
05
0%
b11101 $
b11101 -
b11101 (
b0 *
b11111010 )
b111 &
b111 +
#251
0S
0K
b11 0
0"
0L
0D
0T
0V
0M
0O
1E
0G
1=
0?
17
0W
0P
0H
1>
0@
06
18
0R
0J
0B
1:
03
b10 1
b110 !
b110 .
b110 /
05
1%
b1 *
b11111011 )
b100000 &
b100000 +
#252
1"
1V
1S
1L
1O
1K
1D
0T
0M
0E
1G
1W
1P
1H
0=
1R
1J
1B
0;
b11110 1
b1110 0
b1 !
b1 .
b1 /
04
07
15
0%
b11110 $
b11110 -
b11110 (
b0 *
b11111100 )
b110 &
b110 +
#253
0S
0K
0"
0L
0D
0T
0V
0M
0O
1E
0G
1?
0W
0P
0H
0>
1@
16
08
0=
0R
0J
0B
0:
13
1;
b1 1
b11 0
b101 !
b101 .
b101 /
14
07
15
1%
b1 *
b11111101 )
b100001 &
b100001 +
#254
1"
1V
1S
1L
1O
1K
b1111 0
1D
0T
0M
0E
1G
1=
0?
1W
1P
1H
1>
0@
1R
1J
1B
1:
b11111 1
b10 !
b10 .
b10 /
05
0%
b11111 $
b11111 -
b11111 (
b0 *
b11111110 )
b101 &
b101 +
#255
0S
0K
b11 0
0"
0L
0D
0T
0V
0M
0O
1E
0G
0=
1?
17
0W
0P
0H
0>
1@
06
18
0R
0J
0B
0:
03
b0 1
b100 !
b100 .
b100 /
05
1%
b1 *
b11111111 )
b100010 &
b100010 +
#256
0M
0K
0C
0;
0<
0D
b0 0
b100 !
b100 .
b100 /
0=
0?
1E
0G
04
08
0@
1H
07
05
02
09
1A
0%
b0 $
b0 -
b100 #
b100 ,
b100 '
b0 (
b0 *
b100000000 )
b100 &
b100 +
#257
1"
1V
1S
1C
1L
1<
1O
1?
1K
1;
b1111 0
14
0T
0M
1D
1E
0=
17
1W
1P
1F
0H
1@
18
1R
1J
1B
1:
13
b11111 1
b100 !
b100 .
b100 /
05
1%
b1 *
b100000001 )
#258
0K
0D
0S
0C
0"
0L
0T
0V
0M
0O
1E
0G
0<
0W
0P
0F
1H
0@
0?
0=
0R
0J
0B
0:
0;
b1 1
b0 0
b101 !
b101 .
b101 /
04
07
15
0%
b1 $
b1 -
b1 (
b0 *
b100000010 )
b100100 &
b100100 +
#259
1"
1V
1S
1L
1O
1K
0C
0<
0T
0M
1D
0E
0?
1W
1P
1F
0H
1@
08
1=
1R
1J
1B
1:
03
0;
b11110 1
b1100 0
b11 !
b11 .
b11 /
04
07
15
1%
b1 *
b100000011 )
b101 &
b101 +
#260
0S
0K
0"
0L
b0 0
0T
0V
0M
0O
0D
1E
0W
0P
0F
1H
0R
0J
0B
b10 1
b110 !
b110 .
b110 /
05
0%
b10 $
b10 -
b10 (
b0 *
b100000100 )
b100011 &
b100011 +
#261
1"
1V
1S
1L
1O
1K
1;
b1101 0
14
0T
0M
1D
0E
1=
17
1W
1P
1F
0H
0@
18
1R
1J
1B
0:
13
b11101 1
b10 !
b10 .
b10 /
05
1%
b1 *
b100000101 )
b110 &
b110 +
#262
0S
0K
0"
0L
0T
0V
0M
0O
0D
1E
0W
0P
0F
1H
1@
1=
0R
0J
0B
1:
0;
b11 1
b0 0
b111 !
b111 .
b111 /
04
07
15
0%
b11 $
b11 -
b11 (
b0 *
b100000110 )
b100010 &
b100010 +
#263
1"
1V
1S
1L
1O
1K
0C
0T
0M
1D
0E
0<
1W
1P
1F
0H
0@
08
0?
0=
1R
1J
1B
0:
03
0;
b11100 1
b1100 0
b1 !
b1 .
b1 /
04
07
15
1%
b1 *
b100000111 )
b111 &
b111 +
#264
0S
b100 0
0"
0L
0T
0V
1M
0O
0W
0P
0R
0J
b100 1
b1000 !
b1000 .
b1000 /
05
0%
b100 $
b100 -
b100 (
b0 *
b100001000 )
b100001 &
b100001 +
#265
1G
1C
1"
1V
1<
1S
1?
1K
1;
1L
b1111 0
14
0T
0M
1O
1D
0E
0=
17
1W
1P
0F
1H
1@
18
1R
1J
0B
1:
13
b11011 1
b0 !
b0 .
b0 /
05
1%
b1 *
b100001001 )
b1000 &
b1000 +
#266
0S
0C
0"
0L
0T
0V
1M
0O
0E
0G
0<
0W
0P
1F
0H
0@
0?
0=
0R
0J
1B
0:
0;
b101 1
b100 0
b1001 !
b1001 .
b1001 /
04
07
15
0%
b101 $
b101 -
b101 (
b0 *
b100001010 )
b100000 &
b100000 +
#267
0"
0V
0S
0G
0K
0C
0L
0<
1T
1M
0O
0D
1E
0?
1W
1P
0F
1H
1@
08
1=
1R
1J
0B
1:
03
0;
b11010 1
b0 0
b11111 !
b11111 .
b11111 /
04
07
15
1%
b1 *
b100001011 )
b1001 &
b1001 +
#268
1K
b100 0
0T
1M
1D
0E
0W
0P
1F
0H
0R
0J
1B
b110 1
b1010 !
b1010 .
b1010 /
05
0%
b110 $
b110 -
b110 (
b0 *
b100001100 )
b11111 &
b11111 +
#269
0"
0V
0S
0K
1;
0L
b1 0
14
1T
1M
0O
0D
1E
1=
17
1W
1P
0F
1H
0@
18
1R
1J
0B
0:
13
b11001 1
b11110 !
b11110 .
b11110 /
05
1%
b1 *
b100001101 )
b1010 &
b1010 +
#270
1K
0T
1M
1D
0E
0W
0P
1F
0H
1@
1=
0R
0J
1B
1:
0;
b111 1
b100 0
b1011 !
b1011 .
b1011 /
04
07
15
0%
b111 $
b111 -
b111 (
b0 *
b100001110 )
b11110 &
b11110 +
#271
0"
0V
0S
0G
0K
0C
0L
1T
1M
0O
0D
1E
0<
1W
1P
0F
1H
0@
08
0?
0=
1R
1J
0B
0:
03
0;
b11000 1
b0 0
b11101 !
b11101 .
b11101 /
04
07
15
1%
b1 *
b100001111 )
b1011 &
b1011 +
#272
0T
0W
0R
b1000 1
b1100 !
b1100 .
b1100 /
05
0%
b1000 $
b1000 -
b1000 (
b0 *
b100010000 )
b11101 &
b11101 +
#273
1C
1<
1?
1K
1;
b111 0
14
1T
1M
1D
1E
0=
17
1W
0P
1F
0H
1@
18
1R
0J
1B
1:
13
b10111 1
b11100 !
b11100 .
b11100 /
05
1%
b1 *
b100010001 )
b1100 &
b1100 +
#274
0K
0D
0S
0C
0L
0T
1M
0O
1E
0G
0<
0W
1P
0F
1H
0@
0?
0=
0R
1J
0B
0:
0;
b1001 1
b0 0
b1101 !
b1101 .
b1101 /
04
07
15
0%
b1001 $
b1001 -
b1001 (
b0 *
b100010010 )
b11100 &
b11100 +
#275
1K
0C
0<
1T
1M
1D
0E
0?
1W
0P
1F
0H
1@
08
1=
1R
0J
1B
1:
03
0;
b10110 1
b100 0
b11011 !
b11011 .
b11011 /
04
07
15
1%
b1 *
b100010011 )
b1101 &
b1101 +
#276
0S
0K
0L
b0 0
0T
1M
0O
0D
1E
0W
1P
0F
1H
0R
1J
0B
b1010 1
b1110 !
b1110 .
b1110 /
05
0%
b1010 $
b1010 -
b1010 (
b0 *
b100010100 )
b11011 &
b11011 +
#277
1K
1;
b101 0
14
1T
1M
1D
0E
1=
17
1W
0P
1F
0H
0@
18
1R
0J
1B
0:
13
b10101 1
b11010 !
b11010 .
b11010 /
05
1%
b1 *
b100010101 )
b1110 &
b1110 +
#278
0S
0K
0L
0T
1M
0O
0D
1E
0W
1P
0F
1H
1@
1=
0R
1J
0B
1:
0;
b1011 1
b0 0
b1111 !
b1111 .
b1111 /
04
07
15
0%
b1011 $
b1011 -
b1011 (
b0 *
b100010110 )
b11010 &
b11010 +
#279
1K
0C
1T
1M
1D
0E
0<
1W
0P
1F
0H
0@
08
0?
0=
1R
0J
1B
0:
03
0;
b10100 1
b100 0
b11001 !
b11001 .
b11001 /
04
07
15
1%
b1 *
b100010111 )
b1111 &
b1111 +
#280
1S
b1100 0
1L
1T
0M
1O
0W
1P
0R
1J
b1100 1
b10000 !
b10000 .
b10000 /
05
0%
b1100 $
b1100 -
b1100 (
b0 *
b100011000 )
b11001 &
b11001 +
#281
1G
1C
1<
0S
1?
1K
1;
0"
0L
b111 0
14
1T
0V
1M
0O
1D
0E
0=
17
1W
0P
0F
1H
1@
18
1R
0J
0B
1:
13
b10011 1
b11000 !
b11000 .
b11000 /
05
1%
b1 *
b100011001 )
b10000 &
b10000 +
#282
1S
0C
1L
1T
0M
1O
0E
0G
0<
0W
1P
1F
0H
0@
0?
0=
0R
1J
1B
0:
0;
b1101 1
b1100 0
b10001 !
b10001 .
b10001 /
04
07
15
0%
b1101 $
b1101 -
b1101 (
b0 *
b100011010 )
b11000 &
b11000 +
#283
0S
0G
0K
0C
0"
0L
0<
1T
0V
0M
0O
0D
1E
0?
1W
0P
0F
1H
1@
08
1=
1R
0J
0B
1:
03
0;
b10010 1
b0 0
b10111 !
b10111 .
b10111 /
04
07
15
1%
b1 *
b100011011 )
b10001 &
b10001 +
#284
1S
1L
1O
1K
b1100 0
1T
0M
1D
0E
0W
1P
1F
0H
0R
1J
1B
b1110 1
b10010 !
b10010 .
b10010 /
05
0%
b1110 $
b1110 -
b1110 (
b0 *
b100011100 )
b10111 &
b10111 +
#285
0S
0K
1;
0"
0L
b1 0
14
1T
0V
0M
0O
0D
1E
1=
17
1W
0P
0F
1H
0@
18
1R
0J
0B
0:
13
b10001 1
b10110 !
b10110 .
b10110 /
05
1%
b1 *
b100011101 )
b10010 &
b10010 +
#286
1S
1L
1O
1K
1T
0M
1D
0E
0W
1P
1F
0H
1@
1=
0R
1J
1B
1:
0;
b1111 1
b1100 0
b10011 !
b10011 .
b10011 /
04
07
15
0%
b1111 $
b1111 -
b1111 (
b0 *
b100011110 )
b10110 &
b10110 +
#287
0S
0G
0K
0C
0"
0L
1T
0V
0M
0O
0D
1E
0<
1W
0P
0F
1H
0@
08
0?
0=
1R
0J
0B
0:
03
0;
b10000 1
b0 0
b10101 !
b10101 .
b10101 /
04
07
15
1%
b1 *
b100011111 )
b10011 &
b10011 +
#288
b10100 !
b10100 .
b10100 /
05
0%
b10000 $
b10000 -
b10000 (
b0 *
b100100000 )
b10101 &
b10101 +
#289
1S
1C
1L
1<
1O
1?
1K
1;
b1111 0
14
1T
0M
1D
1E
0=
17
0W
1P
1F
0H
1@
18
0R
1J
1B
1:
13
b1111 1
b10100 !
b10100 .
b10100 /
05
1%
b1 *
b100100001 )
b10100 &
b10100 +
#290
0K
0D
0S
0C
0"
0L
1T
0V
0M
0O
1E
0G
0<
1W
0P
0F
1H
0@
0?
0=
1R
0J
0B
0:
0;
b10001 1
b0 0
b10101 !
b10101 .
b10101 /
04
07
15
0%
b10001 $
b10001 -
b10001 (
b0 *
b100100010 )
#291
1S
1L
1O
1K
0C
0<
1T
0M
1D
0E
0?
0W
1P
1F
0H
1@
08
1=
0R
1J
1B
1:
03
0;
b1110 1
b1100 0
b10011 !
b10011 .
b10011 /
04
07
15
1%
b1 *
b100100011 )
b10101 &
b10101 +
#292
0S
0K
0"
0L
b0 0
1T
0V
0M
0O
0D
1E
1W
0P
0F
1H
1R
0J
0B
b10010 1
b10110 !
b10110 .
b10110 /
05
0%
b10010 $
b10010 -
b10010 (
b0 *
b100100100 )
b10011 &
b10011 +
#293
1S
1L
1O
1K
1;
b1101 0
14
1T
0M
1D
0E
1=
17
0W
1P
1F
0H
0@
18
0R
1J
1B
0:
13
b1101 1
b10010 !
b10010 .
b10010 /
05
1%
b1 *
b100100101 )
b10110 &
b10110 +
#294
0S
0K
0"
0L
1T
0V
0M
0O
0D
1E
1W
0P
0F
1H
1@
1=
1R
0J
0B
1:
0;
b10011 1
b0 0
b10111 !
b10111 .
b10111 /
04
07
15
0%
b10011 $
b10011 -
b10011 (
b0 *
b100100110 )
b10010 &
b10010 +
#295
1S
1L
1O
1K
0C
1T
0M
1D
0E
0<
0W
1P
1F
0H
0@
08
0?
0=
0R
1J
1B
0:
03
0;
b1100 1
b1100 0
b10001 !
b10001 .
b10001 /
04
07
15
1%
b1 *
b100100111 )
b10111 &
b10111 +
#296
0S
b100 0
0"
0L
1T
0V
1M
0O
1W
0P
1R
0J
b10100 1
b11000 !
b11000 .
b11000 /
05
0%
b10100 $
b10100 -
b10100 (
b0 *
b100101000 )
b10001 &
b10001 +
#297
1G
1C
1<
1S
1?
1K
1;
1L
b1111 0
14
1T
0M
1O
1D
0E
0=
17
0W
1P
0F
1H
1@
18
0R
1J
0B
1:
13
b1011 1
b10000 !
b10000 .
b10000 /
05
1%
b1 *
b100101001 )
b11000 &
b11000 +
#298
0S
0C
0"
0L
1T
0V
1M
0O
0E
0G
0<
1W
0P
1F
0H
0@
0?
0=
1R
0J
1B
0:
0;
b10101 1
b100 0
b11001 !
b11001 .
b11001 /
04
07
15
0%
b10101 $
b10101 -
b10101 (
b0 *
b100101010 )
b10000 &
b10000 +
#299
0S
0G
0K
0C
0L
0<
0T
1M
0O
0D
1E
0?
0W
1P
0F
1H
1@
08
1=
0R
1J
0B
1:
03
0;
b1010 1
b0 0
b1111 !
b1111 .
b1111 /
04
07
15
1%
b1 *
b100101011 )
b11001 &
b11001 +
#300
1K
b100 0
1T
1M
1D
0E
1W
0P
1F
0H
1R
0J
1B
b10110 1
b11010 !
b11010 .
b11010 /
05
0%
b10110 $
b10110 -
b10110 (
b0 *
b100101100 )
b1111 &
b1111 +
#301
0S
0K
1;
0L
b1 0
14
0T
1M
0O
0D
1E
1=
17
0W
1P
0F
1H
0@
18
0R
1J
0B
0:
13
b1001 1
b1110 !
b1110 .
b1110 /
05
1%
b1 *
b100101101 )
b11010 &
b11010 +
#302
1K
1T
1M
1D
0E
1W
0P
1F
0H
1@
1=
1R
0J
1B
1:
0;
b10111 1
b100 0
b11011 !
b11011 .
b11011 /
04
07
15
0%
b10111 $
b10111 -
b10111 (
b0 *
b100101110 )
b1110 &
b1110 +
#303
0S
0G
0K
0C
0L
0T
1M
0O
0D
1E
0<
0W
1P
0F
1H
0@
08
0?
0=
0R
1J
0B
0:
03
0;
b1000 1
b0 0
b1101 !
b1101 .
b1101 /
04
07
15
1%
b1 *
b100101111 )
b11011 &
b11011 +
#304
1T
1W
1R
b11000 1
b11100 !
b11100 .
b11100 /
05
0%
b11000 $
b11000 -
b11000 (
b0 *
b100110000 )
b1101 &
b1101 +
#305
1C
1<
1?
1K
1;
b111 0
14
0T
1M
1D
1E
0=
17
0W
0P
1F
0H
1@
18
0R
0J
1B
1:
13
b111 1
b1100 !
b1100 .
b1100 /
05
1%
b1 *
b100110001 )
b11100 &
b11100 +
#306
0K
0"
0V
0D
0S
0C
0L
1T
1M
0O
1E
0G
0<
1W
1P
0F
1H
0@
0?
0=
1R
1J
0B
0:
0;
b11001 1
b0 0
b11101 !
b11101 .
b11101 /
04
07
15
0%
b11001 $
b11001 -
b11001 (
b0 *
b100110010 )
b1100 &
b1100 +
#307
1K
0C
0<
0T
1M
1D
0E
0?
0W
0P
1F
0H
1@
08
1=
0R
0J
1B
1:
03
0;
b110 1
b100 0
b1011 !
b1011 .
b1011 /
04
07
15
1%
b1 *
b100110011 )
b11101 &
b11101 +
#308
0"
0V
0S
0K
0L
b0 0
1T
1M
0O
0D
1E
1W
1P
0F
1H
1R
1J
0B
b11010 1
b11110 !
b11110 .
b11110 /
05
0%
b11010 $
b11010 -
b11010 (
b0 *
b100110100 )
b1011 &
b1011 +
#309
1K
1;
b101 0
14
0T
1M
1D
0E
1=
17
0W
0P
1F
0H
0@
18
0R
0J
1B
0:
13
b101 1
b1010 !
b1010 .
b1010 /
05
1%
b1 *
b100110101 )
b11110 &
b11110 +
#310
0"
0V
0S
0K
0L
1T
1M
0O
0D
1E
1W
1P
0F
1H
1@
1=
1R
1J
0B
1:
0;
b11011 1
b0 0
b11111 !
b11111 .
b11111 /
04
07
15
0%
b11011 $
b11011 -
b11011 (
b0 *
b100110110 )
b1010 &
b1010 +
#311
1K
0C
0T
1M
1D
0E
0<
0W
0P
1F
0H
0@
08
0?
0=
0R
0J
1B
0:
03
0;
b100 1
b100 0
b1001 !
b1001 .
b1001 /
04
07
15
1%
b1 *
b100110111 )
b11111 &
b11111 +
#312
1"
1V
1S
b1100 0
1L
0T
0M
1O
1W
1P
1R
1J
b11100 1
b0 !
b0 .
b0 /
05
0%
b11100 $
b11100 -
b11100 (
b0 *
b100111000 )
b1001 &
b1001 +
#313
1G
1C
1<
0S
1?
1K
1;
0"
0L
b111 0
14
0T
0V
1M
0O
1D
0E
0=
17
0W
0P
0F
1H
1@
18
0R
0J
0B
1:
13
b11 1
b1000 !
b1000 .
b1000 /
05
1%
b1 *
b100111001 )
b100000 &
b100000 +
#314
1"
1V
1S
0C
1L
0T
0M
1O
0E
0G
0<
1W
1P
1F
0H
0@
0?
0=
1R
1J
1B
0:
0;
b11101 1
b1100 0
b1 !
b1 .
b1 /
04
07
15
0%
b11101 $
b11101 -
b11101 (
b0 *
b100111010 )
b1000 &
b1000 +
#315
0S
0G
0K
0C
0"
0L
0<
0T
0V
0M
0O
0D
1E
0?
0W
0P
0F
1H
1@
08
1=
0R
0J
0B
1:
03
0;
b10 1
b0 0
b111 !
b111 .
b111 /
04
07
15
1%
b1 *
b100111011 )
b100001 &
b100001 +
#316
1"
1V
1S
1L
1O
1K
b1100 0
0T
0M
1D
0E
1W
1P
1F
0H
1R
1J
1B
b11110 1
b10 !
b10 .
b10 /
05
0%
b11110 $
b11110 -
b11110 (
b0 *
b100111100 )
b111 &
b111 +
#317
0S
0K
1;
0"
0L
b1 0
14
0T
0V
0M
0O
0D
1E
1=
17
0W
0P
0F
1H
0@
18
0R
0J
0B
0:
13
b1 1
b110 !
b110 .
b110 /
05
1%
b1 *
b100111101 )
b100010 &
b100010 +
#318
1"
1V
1S
1L
1O
1K
0T
0M
1D
0E
1W
1P
1F
0H
1@
1=
1R
1J
1B
1:
0;
b11111 1
b1100 0
b11 !
b11 .
b11 /
04
07
15
0%
b11111 $
b11111 -
b11111 (
b0 *
b100111110 )
b110 &
b110 +
#319
0S
0G
0K
0C
0"
0L
0T
0V
0M
0O
0D
1E
0<
0W
0P
0F
1H
0@
08
0?
0=
0R
0J
0B
0:
03
0;
b0 1
b0 0
b101 !
b101 .
b101 /
04
07
15
1%
b1 *
b100111111 )
b100011 &
b100011 +
#320
b101 !
b101 .
b101 /
18
15
12
0%
b0 $
b0 -
b101 #
b101 ,
b101 '
b0 (
b0 *
b101000000 )
b101 &
b101 +
#321
1"
1V
1S
1L
1O
1K
1C
1<
0T
0M
1D
1E
1?
1W
1P
1F
0H
1@
16
08
0=
1R
1J
1B
1:
13
1;
b11111 1
b1111 0
b101 !
b101 .
b101 /
14
07
15
1%
b1 *
b101000001 )
#322
0K
0D
0S
0C
b1 0
0"
0L
0<
0T
0V
0M
0O
1E
0G
1=
0?
0W
0P
0F
1H
0@
0R
0J
0B
0:
b1 1
b110 !
b110 .
b110 /
05
0%
b1 $
b1 -
b1 (
b0 *
b101000010 )
b100101 &
b100101 +
#323
1"
1V
1S
1L
1O
1K
1C
b1111 0
1<
0T
0M
1D
1E
0=
1?
17
1W
1P
1F
0H
1@
06
18
1R
1J
1B
1:
03
b11110 1
b100 !
b100 .
b100 /
05
1%
b1 *
b101000011 )
b110 &
b110 +
#324
0K
0D
0S
0C
0"
0L
0T
0V
0M
0O
1E
0G
0<
0W
0P
0F
1H
0?
1=
0R
0J
0B
0;
b10 1
b0 0
b111 !
b111 .
b111 /
04
07
15
0%
b10 $
b10 -
b10 (
b0 *
b101000100 )
b100100 &
b100100 +
#325
1"
1V
1S
1L
1O
1K
0C
0T
0M
1D
0E
0<
1W
1P
1F
0H
0@
16
08
0?
1=
1R
1J
1B
0:
13
1;
b11101 1
b1101 0
b11 !
b11 .
b11 /
14
07
15
1%
b1 *
b101000101 )
b111 &
b111 +
#326
0S
1G
1K
1C
0"
0L
b111 0
1<
0T
0V
1M
0O
1D
0E
0=
1?
0W
0P
0F
1H
1@
0R
0J
0B
1:
b11 1
b1000 !
b1000 .
b1000 /
05
0%
b11 $
b11 -
b11 (
b0 *
b101000110 )
b100011 &
b100011 +
#327
1"
1V
1S
0C
b1101 0
1L
0<
0T
0M
1O
0E
0G
1=
0?
17
1W
1P
1F
0H
0@
06
18
1R
1J
1B
0:
03
b11100 1
b10 !
b10 .
b10 /
05
1%
b1 *
b101000111 )
b1000 &
b1000 +
#328
0S
0"
0L
0T
0V
1M
0O
0W
0P
0=
0R
0J
0;
b100 1
b100 0
b1001 !
b1001 .
b1001 /
04
07
15
0%
b100 $
b100 -
b100 (
b0 *
b101001000 )
b100010 &
b100010 +
#329
1"
1V
1S
1G
1K
1C
1L
1<
0T
0M
1O
1D
0E
1?
1W
1P
0F
1H
1@
16
08
0=
1R
1J
0B
1:
13
1;
b11011 1
b1111 0
b1 !
b1 .
b1 /
14
07
15
1%
b1 *
b101001001 )
b1001 &
b1001 +
#330
0S
0C
b101 0
0"
0L
0<
0T
0V
1M
0O
0E
0G
1=
0?
0W
0P
1F
0H
0@
0R
0J
1B
0:
b101 1
b1010 !
b1010 .
b1010 /
05
0%
b101 $
b101 -
b101 (
b0 *
b101001010 )
b100001 &
b100001 +
#331
1"
1V
1S
1G
1K
1C
1L
b1111 0
1<
0T
0M
1O
1D
0E
0=
1?
17
1W
1P
0F
1H
1@
06
18
1R
1J
0B
1:
03
b11010 1
b0 !
b0 .
b0 /
05
1%
b1 *
b101001011 )
b1010 &
b1010 +
#332
0S
0C
0"
0L
0T
0V
1M
0O
0E
0G
0<
0W
0P
1F
0H
0?
1=
0R
0J
1B
0;
b110 1
b100 0
b1011 !
b1011 .
b1011 /
04
07
15
0%
b110 $
b110 -
b110 (
b0 *
b101001100 )
b100000 &
b100000 +
#333
0"
0V
0S
0G
0K
0C
0L
1T
1M
0O
0D
1E
0<
1W
1P
0F
1H
0@
16
08
0?
1=
1R
1J
0B
0:
13
1;
b11001 1
b1 0
b11111 !
b11111 .
b11111 /
14
07
15
1%
b1 *
b101001101 )
b1011 &
b1011 +
#334
1K
1C
b111 0
1<
0T
1M
1D
1E
0=
1?
0W
0P
1F
0H
1@
0R
0J
1B
1:
b111 1
b1100 !
b1100 .
b1100 /
05
0%
b111 $
b111 -
b111 (
b0 *
b101001110 )
b11111 &
b11111 +
#335
0K
0"
0D
0V
0S
0C
b1 0
0L
0<
1T
1M
0O
1E
0G
1=
0?
17
1W
1P
0F
1H
0@
06
18
1R
1J
0B
0:
03
b11000 1
b11110 !
b11110 .
b11110 /
05
1%
b1 *
b101001111 )
b1100 &
b1100 +
#336
0T
0W
0=
0R
0;
b1000 1
b0 0
b1101 !
b1101 .
b1101 /
04
07
15
0%
b1000 $
b1000 -
b1000 (
b0 *
b101010000 )
b11110 &
b11110 +
#337
1K
1C
1<
1T
1M
1D
1E
1?
1W
0P
1F
0H
1@
16
08
0=
1R
0J
1B
1:
13
1;
b10111 1
b111 0
b11101 !
b11101 .
b11101 /
14
07
15
1%
b1 *
b101010001 )
b1101 &
b1101 +
#338
0K
0D
0S
0C
b1 0
0L
0<
0T
1M
0O
1E
0G
1=
0?
0W
1P
0F
1H
0@
0R
1J
0B
0:
b1001 1
b1110 !
b1110 .
b1110 /
05
0%
b1001 $
b1001 -
b1001 (
b0 *
b101010010 )
b11101 &
b11101 +
#339
1K
1C
b111 0
1<
1T
1M
1D
1E
0=
1?
17
1W
0P
1F
0H
1@
06
18
1R
0J
1B
1:
03
b10110 1
b11100 !
b11100 .
b11100 /
05
1%
b1 *
b101010011 )
b1110 &
b1110 +
#340
0K
0D
0S
0C
0L
0T
1M
0O
1E
0G
0<
0W
1P
0F
1H
0?
1=
0R
1J
0B
0;
b1010 1
b0 0
b1111 !
b1111 .
b1111 /
04
07
15
0%
b1010 $
b1010 -
b1010 (
b0 *
b101010100 )
b11100 &
b11100 +
#341
1K
0C
1T
1M
1D
0E
0<
1W
0P
1F
0H
0@
16
08
0?
1=
1R
0J
1B
0:
13
1;
b10101 1
b101 0
b11011 !
b11011 .
b11011 /
14
07
15
1%
b1 *
b101010101 )
b1111 &
b1111 +
#342
1S
1G
1K
1C
1L
b1111 0
1<
1T
0M
1O
1D
0E
0=
1?
0W
1P
0F
1H
1@
0R
1J
0B
1:
b1011 1
b10000 !
b10000 .
b10000 /
05
0%
b1011 $
b1011 -
b1011 (
b0 *
b101010110 )
b11011 &
b11011 +
#343
0S
0C
b101 0
0"
0L
0<
1T
0V
1M
0O
0E
0G
1=
0?
17
1W
0P
1F
0H
0@
06
18
1R
0J
1B
0:
03
b10100 1
b11010 !
b11010 .
b11010 /
05
1%
b1 *
b101010111 )
b10000 &
b10000 +
#344
1S
1L
1T
0M
1O
0W
1P
0=
0R
1J
0;
b1100 1
b1100 0
b10001 !
b10001 .
b10001 /
04
07
15
0%
b1100 $
b1100 -
b1100 (
b0 *
b101011000 )
b11010 &
b11010 +
#345
0S
1G
1K
1C
0"
0L
1<
1T
0V
1M
0O
1D
0E
1?
1W
0P
0F
1H
1@
16
08
0=
1R
0J
0B
1:
13
1;
b10011 1
b111 0
b11001 !
b11001 .
b11001 /
14
07
15
1%
b1 *
b101011001 )
b10001 &
b10001 +
#346
1S
0C
b1101 0
1L
0<
1T
0M
1O
0E
0G
1=
0?
0W
1P
1F
0H
0@
0R
1J
1B
0:
b1101 1
b10010 !
b10010 .
b10010 /
05
0%
b1101 $
b1101 -
b1101 (
b0 *
b101011010 )
b11001 &
b11001 +
#347
0S
1G
1K
1C
0"
0L
b111 0
1<
1T
0V
1M
0O
1D
0E
0=
1?
17
1W
0P
0F
1H
1@
06
18
1R
0J
0B
1:
03
b10010 1
b11000 !
b11000 .
b11000 /
05
1%
b1 *
b101011011 )
b10010 &
b10010 +
#348
1S
0C
1L
1T
0M
1O
0E
0G
0<
0W
1P
1F
0H
0?
1=
0R
1J
1B
0;
b1110 1
b1100 0
b10011 !
b10011 .
b10011 /
04
07
15
0%
b1110 $
b1110 -
b1110 (
b0 *
b101011100 )
b11000 &
b11000 +
#349
0S
0G
0K
0C
0"
0L
1T
0V
0M
0O
0D
1E
0<
1W
0P
0F
1H
0@
16
08
0?
1=
1R
0J
0B
0:
13
1;
b10001 1
b1 0
b10111 !
b10111 .
b10111 /
14
07
15
1%
b1 *
b101011101 )
b10011 &
b10011 +
#350
1S
1L
1O
1K
1C
b1111 0
1<
1T
0M
1D
1E
0=
1?
0W
1P
1F
0H
1@
0R
1J
1B
1:
b1111 1
b10100 !
b10100 .
b10100 /
05
0%
b1111 $
b1111 -
b1111 (
b0 *
b101011110 )
b10111 &
b10111 +
#351
0K
0D
0S
0C
b1 0
0"
0L
0<
1T
0V
0M
0O
1E
0G
1=
0?
17
1W
0P
0F
1H
0@
06
18
1R
0J
0B
0:
03
b10000 1
b10110 !
b10110 .
b10110 /
05
1%
b1 *
b101011111 )
b10100 &
b10100 +
#352
0=
0;
b0 0
b10101 !
b10101 .
b10101 /
04
07
15
0%
b10000 $
b10000 -
b10000 (
b0 *
b101100000 )
b10110 &
b10110 +
#353
1S
1L
1O
1K
1C
1<
1T
0M
1D
1E
1?
0W
1P
1F
0H
1@
16
08
0=
0R
1J
1B
1:
13
1;
b1111 1
b1111 0
b10101 !
b10101 .
b10101 /
14
07
15
1%
b1 *
b101100001 )
b10101 &
b10101 +
#354
0K
0D
0S
0C
b1 0
0"
0L
0<
1T
0V
0M
0O
1E
0G
1=
0?
1W
0P
0F
1H
0@
1R
0J
0B
0:
b10001 1
b10110 !
b10110 .
b10110 /
05
0%
b10001 $
b10001 -
b10001 (
b0 *
b101100010 )
#355
1S
1L
1O
1K
1C
b1111 0
1<
1T
0M
1D
1E
0=
1?
17
0W
1P
1F
0H
1@
06
18
0R
1J
1B
1:
03
b1110 1
b10100 !
b10100 .
b10100 /
05
1%
b1 *
b101100011 )
b10110 &
b10110 +
#356
0K
0D
0S
0C
0"
0L
1T
0V
0M
0O
1E
0G
0<
1W
0P
0F
1H
0?
1=
1R
0J
0B
0;
b10010 1
b0 0
b10111 !
b10111 .
b10111 /
04
07
15
0%
b10010 $
b10010 -
b10010 (
b0 *
b101100100 )
b10100 &
b10100 +
#357
1S
1L
1O
1K
0C
1T
0M
1D
0E
0<
0W
1P
1F
0H
0@
16
08
0?
1=
0R
1J
1B
0:
13
1;
b1101 1
b1101 0
b10011 !
b10011 .
b10011 /
14
07
15
1%
b1 *
b101100101 )
b10111 &
b10111 +
#358
0S
1G
1K
1C
0"
0L
b111 0
1<
1T
0V
1M
0O
1D
0E
0=
1?
1W
0P
0F
1H
1@
1R
0J
0B
1:
b10011 1
b11000 !
b11000 .
b11000 /
05
0%
b10011 $
b10011 -
b10011 (
b0 *
b101100110 )
b10011 &
b10011 +
#359
1S
0C
b1101 0
1L
0<
1T
0M
1O
0E
0G
1=
0?
17
0W
1P
1F
0H
0@
06
18
0R
1J
1B
0:
03
b1100 1
b10010 !
b10010 .
b10010 /
05
1%
b1 *
b101100111 )
b11000 &
b11000 +
#360
0S
0"
0L
1T
0V
1M
0O
1W
0P
0=
1R
0J
0;
b10100 1
b100 0
b11001 !
b11001 .
b11001 /
04
07
15
0%
b10100 $
b10100 -
b10100 (
b0 *
b101101000 )
b10010 &
b10010 +
#361
1S
1G
1K
1C
1L
1<
1T
0M
1O
1D
0E
1?
0W
1P
0F
1H
1@
16
08
0=
0R
1J
0B
1:
13
1;
b1011 1
b1111 0
b10001 !
b10001 .
b10001 /
14
07
15
1%
b1 *
b101101001 )
b11001 &
b11001 +
#362
0S
0C
b101 0
0"
0L
0<
1T
0V
1M
0O
0E
0G
1=
0?
1W
0P
1F
0H
0@
1R
0J
1B
0:
b10101 1
b11010 !
b11010 .
b11010 /
05
0%
b10101 $
b10101 -
b10101 (
b0 *
b101101010 )
b10001 &
b10001 +
#363
1S
1G
1K
1C
1L
b1111 0
1<
1T
0M
1O
1D
0E
0=
1?
17
0W
1P
0F
1H
1@
06
18
0R
1J
0B
1:
03
b1010 1
b10000 !
b10000 .
b10000 /
05
1%
b1 *
b101101011 )
b11010 &
b11010 +
#364
0S
0C
0"
0L
1T
0V
1M
0O
0E
0G
0<
1W
0P
1F
0H
0?
1=
1R
0J
1B
0;
b10110 1
b100 0
b11011 !
b11011 .
b11011 /
04
07
15
0%
b10110 $
b10110 -
b10110 (
b0 *
b101101100 )
b10000 &
b10000 +
#365
0S
0G
0K
0C
0L
0T
1M
0O
0D
1E
0<
0W
1P
0F
1H
0@
16
08
0?
1=
0R
1J
0B
0:
13
1;
b1001 1
b1 0
b1111 !
b1111 .
b1111 /
14
07
15
1%
b1 *
b101101101 )
b11011 &
b11011 +
#366
1K
1C
b111 0
1<
1T
1M
1D
1E
0=
1?
1W
0P
1F
0H
1@
1R
0J
1B
1:
b10111 1
b11100 !
b11100 .
b11100 /
05
0%
b10111 $
b10111 -
b10111 (
b0 *
b101101110 )
b1111 &
b1111 +
#367
0K
0D
0S
0C
b1 0
0L
0<
0T
1M
0O
1E
0G
1=
0?
17
0W
1P
0F
1H
0@
06
18
0R
1J
0B
0:
03
b1000 1
b1110 !
b1110 .
b1110 /
05
1%
b1 *
b101101111 )
b11100 &
b11100 +
#368
1T
1W
0=
1R
0;
b11000 1
b0 0
b11101 !
b11101 .
b11101 /
04
07
15
0%
b11000 $
b11000 -
b11000 (
b0 *
b101110000 )
b1110 &
b1110 +
#369
1K
1C
1<
0T
1M
1D
1E
1?
0W
0P
1F
0H
1@
16
08
0=
0R
0J
1B
1:
13
1;
b111 1
b111 0
b1101 !
b1101 .
b1101 /
14
07
15
1%
b1 *
b101110001 )
b11101 &
b11101 +
#370
0K
0"
0D
0V
0S
0C
b1 0
0L
0<
1T
1M
0O
1E
0G
1=
0?
1W
1P
0F
1H
0@
1R
1J
0B
0:
b11001 1
b11110 !
b11110 .
b11110 /
05
0%
b11001 $
b11001 -
b11001 (
b0 *
b101110010 )
b1101 &
b1101 +
#371
1K
1C
b111 0
1<
0T
1M
1D
1E
0=
1?
17
0W
0P
1F
0H
1@
06
18
0R
0J
1B
1:
03
b110 1
b1100 !
b1100 .
b1100 /
05
1%
b1 *
b101110011 )
b11110 &
b11110 +
#372
0K
0"
0V
0D
0S
0C
0L
1T
1M
0O
1E
0G
0<
1W
1P
0F
1H
0?
1=
1R
1J
0B
0;
b11010 1
b0 0
b11111 !
b11111 .
b11111 /
04
07
15
0%
b11010 $
b11010 -
b11010 (
b0 *
b101110100 )
b1100 &
b1100 +
#373
1K
0C
0T
1M
1D
0E
0<
0W
0P
1F
0H
0@
16
08
0?
1=
0R
0J
1B
0:
13
1;
b101 1
b101 0
b1011 !
b1011 .
b1011 /
14
07
15
1%
b1 *
b101110101 )
b11111 &
b11111 +
#374
1"
1V
1S
1G
1K
1C
1L
b1111 0
1<
0T
0M
1O
1D
0E
0=
1?
1W
1P
0F
1H
1@
1R
1J
0B
1:
b11011 1
b0 !
b0 .
b0 /
05
0%
b11011 $
b11011 -
b11011 (
b0 *
b101110110 )
b1011 &
b1011 +
#375
0S
0C
b101 0
0"
0L
0<
0T
0V
1M
0O
0E
0G
1=
0?
17
0W
0P
1F
0H
0@
06
18
0R
0J
1B
0:
03
b100 1
b1010 !
b1010 .
b1010 /
05
1%
b1 *
b101110111 )
b100000 &
b100000 +
#376
1"
1V
1S
1L
0T
0M
1O
1W
1P
0=
1R
1J
0;
b11100 1
b1100 0
b1 !
b1 .
b1 /
04
07
15
0%
b11100 $
b11100 -
b11100 (
b0 *
b101111000 )
b1010 &
b1010 +
#377
0S
1G
1K
1C
0"
0L
1<
0T
0V
1M
0O
1D
0E
1?
0W
0P
0F
1H
1@
16
08
0=
0R
0J
0B
1:
13
1;
b11 1
b111 0
b1001 !
b1001 .
b1001 /
14
07
15
1%
b1 *
b101111001 )
b100001 &
b100001 +
#378
1"
1V
1S
0C
b1101 0
1L
0<
0T
0M
1O
0E
0G
1=
0?
1W
1P
1F
0H
0@
1R
1J
1B
0:
b11101 1
b10 !
b10 .
b10 /
05
0%
b11101 $
b11101 -
b11101 (
b0 *
b101111010 )
b1001 &
b1001 +
#379
0S
1G
1K
1C
0"
0L
b111 0
1<
0T
0V
1M
0O
1D
0E
0=
1?
17
0W
0P
0F
1H
1@
06
18
0R
0J
0B
1:
03
b10 1
b1000 !
b1000 .
b1000 /
05
1%
b1 *
b101111011 )
b100010 &
b100010 +
#380
1"
1V
1S
0C
1L
0T
0M
1O
0E
0G
0<
1W
1P
1F
0H
0?
1=
1R
1J
1B
0;
b11110 1
b1100 0
b11 !
b11 .
b11 /
04
07
15
0%
b11110 $
b11110 -
b11110 (
b0 *
b101111100 )
b1000 &
b1000 +
#381
0S
0G
0K
0C
0"
0L
0T
0V
0M
0O
0D
1E
0<
0W
0P
0F
1H
0@
16
08
0?
1=
0R
0J
0B
0:
13
1;
b1 1
b1 0
b111 !
b111 .
b111 /
14
07
15
1%
b1 *
b101111101 )
b100011 &
b100011 +
#382
1"
1V
1S
1L
1O
1K
1C
b1111 0
1<
0T
0M
1D
1E
0=
1?
1W
1P
1F
0H
1@
1R
1J
1B
1:
b11111 1
b100 !
b100 .
b100 /
05
0%
b11111 $
b11111 -
b11111 (
b0 *
b101111110 )
b111 &
b111 +
#383
0K
0D
0S
0C
b1 0
0"
0L
0<
0T
0V
0M
0O
1E
0G
1=
0?
17
0W
0P
0F
1H
0@
06
18
0R
0J
0B
0:
03
b0 1
b110 !
b110 .
b110 /
05
1%
b1 *
b101111111 )
b100100 &
b100100 +
#384
0M
0K
0D
0G
1E
0C
0;
0<
b0 0
b110 !
b110 .
b110 /
1=
0?
04
08
1@
07
05
02
19
0%
b0 $
b0 -
b110 #
b110 ,
b110 '
b0 (
b0 *
b110000000 )
b110 &
b110 +
#385
1"
1V
1S
1L
1O
1K
1C
1;
b1111 0
14
0T
0M
1D
1E
1<
1=
17
1W
1P
1F
0H
1>
0@
18
1R
1J
1B
1:
13
b11111 1
b110 !
b110 .
b110 /
05
1%
b1 *
b110000001 )
#386
0K
0D
0S
0C
0"
0L
0T
0V
0M
0O
1E
0G
0<
0W
0P
0F
1H
0>
1@
1=
0R
0J
0B
0:
0;
b1 1
b0 0
b111 !
b111 .
b111 /
04
07
15
0%
b1 $
b1 -
b1 (
b0 *
b110000010 )
b100110 &
b100110 +
#387
1"
1V
1S
1L
1O
1K
1C
0T
0M
1D
1E
1<
1W
1P
1F
0H
1>
0@
08
0?
0=
1R
1J
1B
1:
03
0;
b11110 1
b1110 0
b101 !
b101 .
b101 /
04
07
15
1%
b1 *
b110000011 )
b111 &
b111 +
#388
0S
b110 0
0"
0L
0T
0V
1M
0O
0E
1G
0W
0P
0F
1H
0R
0J
0B
b10 1
b1000 !
b1000 .
b1000 /
05
0%
b10 $
b10 -
b10 (
b0 *
b110000100 )
b100101 &
b100101 +
#389
1"
1V
1S
1?
1C
1;
1L
b1111 0
14
0T
0M
1O
1E
0G
1<
0=
17
1W
1P
1F
0H
0>
1@
18
1R
1J
1B
0:
13
b11101 1
b100 !
b100 .
b100 /
05
1%
b1 *
b110000101 )
b1000 &
b1000 +
#390
0S
0"
0L
0T
0V
1M
0O
0E
1G
0W
0P
0F
1H
1>
0@
0?
0=
0R
0J
0B
1:
0;
b11 1
b110 0
b1001 !
b1001 .
b1001 /
04
07
15
0%
b11 $
b11 -
b11 (
b0 *
b110000110 )
b100100 &
b100100 +
#391
0C
1"
0<
1V
1S
1L
0T
0M
1O
0E
0G
0?
1W
1P
1F
0H
0>
1@
08
1=
1R
1J
1B
0:
03
0;
b11100 1
b1100 0
b11 !
b11 .
b11 /
04
07
15
1%
b1 *
b110000111 )
b1001 &
b1001 +
#392
0S
b100 0
0"
0L
0T
0V
1M
0O
0W
0P
0R
0J
b100 1
b1010 !
b1010 .
b1010 /
05
0%
b100 $
b100 -
b100 (
b0 *
b110001000 )
b100011 &
b100011 +
#393
1"
1V
1S
1G
1K
1C
1;
1L
b1111 0
14
0T
0M
1O
1D
0E
1<
1=
17
1W
1P
0F
1H
1>
0@
18
1R
1J
0B
1:
13
b11011 1
b10 !
b10 .
b10 /
05
1%
b1 *
b110001001 )
b1010 &
b1010 +
#394
0S
0C
0"
0L
0T
0V
1M
0O
0E
0G
0<
0W
0P
1F
0H
0>
1@
1=
0R
0J
1B
0:
0;
b101 1
b100 0
b1011 !
b1011 .
b1011 /
04
07
15
0%
b101 $
b101 -
b101 (
b0 *
b110001010 )
b100010 &
b100010 +
#395
1"
1V
1S
1G
1K
1C
1L
0T
0M
1O
1D
0E
1<
1W
1P
0F
1H
1>
0@
08
0?
0=
1R
1J
0B
1:
03
0;
b11010 1
b1110 0
b1 !
b1 .
b1 /
04
07
15
1%
b1 *
b110001011 )
b1011 &
b1011 +
#396
0S
b110 0
0"
0L
0T
0V
1M
0O
1E
0G
0W
0P
1F
0H
0R
0J
1B
b110 1
b1100 !
b1100 .
b1100 /
05
0%
b110 $
b110 -
b110 (
b0 *
b110001100 )
b100001 &
b100001 +
#397
1K
1"
1V
1D
1S
1?
1C
1;
1L
b1111 0
14
0T
0M
1O
0E
1G
1<
0=
17
1W
1P
0F
1H
0>
1@
18
1R
1J
0B
0:
13
b11001 1
b0 !
b0 .
b0 /
05
1%
b1 *
b110001101 )
b1100 &
b1100 +
#398
0S
0"
0L
0T
0V
1M
0O
1E
0G
0W
0P
1F
0H
1>
0@
0?
0=
0R
0J
1B
1:
0;
b111 1
b110 0
b1101 !
b1101 .
b1101 /
04
07
15
0%
b111 $
b111 -
b111 (
b0 *
b110001110 )
b100000 &
b100000 +
#399
0K
0D
0C
0"
0<
0V
0S
0L
1T
1M
0O
1E
0G
0?
1W
1P
0F
1H
0>
1@
08
1=
1R
1J
0B
0:
03
0;
b11000 1
b0 0
b11111 !
b11111 .
b11111 /
04
07
15
1%
b1 *
b110001111 )
b1101 &
b1101 +
#400
0T
0W
0R
b1000 1
b1110 !
b1110 .
b1110 /
05
0%
b1000 $
b1000 -
b1000 (
b0 *
b110010000 )
b11111 &
b11111 +
#401
1K
1C
1;
b111 0
14
1T
1M
1D
1E
1<
1=
17
1W
0P
1F
0H
1>
0@
18
1R
0J
1B
1:
13
b10111 1
b11110 !
b11110 .
b11110 /
05
1%
b1 *
b110010001 )
b1110 &
b1110 +
#402
0K
0D
0S
0C
0L
0T
1M
0O
1E
0G
0<
0W
1P
0F
1H
0>
1@
1=
0R
1J
0B
0:
0;
b1001 1
b0 0
b1111 !
b1111 .
b1111 /
04
07
15
0%
b1001 $
b1001 -
b1001 (
b0 *
b110010010 )
b11110 &
b11110 +
#403
1K
1C
1T
1M
1D
1E
1<
1W
0P
1F
0H
1>
0@
08
0?
0=
1R
0J
1B
1:
03
0;
b10110 1
b110 0
b11101 !
b11101 .
b11101 /
04
07
15
1%
b1 *
b110010011 )
b1111 &
b1111 +
#404
1S
b1110 0
1L
1T
0M
1O
0E
1G
0W
1P
0F
1H
0R
1J
0B
b1010 1
b10000 !
b10000 .
b10000 /
05
0%
b1010 $
b1010 -
b1010 (
b0 *
b110010100 )
b11101 &
b11101 +
#405
0S
1?
1C
1;
0"
0L
b111 0
14
1T
0V
1M
0O
1E
0G
1<
0=
17
1W
0P
1F
0H
0>
1@
18
1R
0J
1B
0:
13
b10101 1
b11100 !
b11100 .
b11100 /
05
1%
b1 *
b110010101 )
b10000 &
b10000 +
#406
1S
1L
1T
0M
1O
0E
1G
0W
1P
0F
1H
1>
0@
0?
0=
0R
1J
0B
1:
0;
b1011 1
b1110 0
b10001 !
b10001 .
b10001 /
04
07
15
0%
b1011 $
b1011 -
b1011 (
b0 *
b110010110 )
b11100 &
b11100 +
#407
0C
0<
0S
0"
0L
1T
0V
1M
0O
0E
0G
0?
1W
0P
1F
0H
0>
1@
08
1=
1R
0J
1B
0:
03
0;
b10100 1
b100 0
b11011 !
b11011 .
b11011 /
04
07
15
1%
b1 *
b110010111 )
b10001 &
b10001 +
#408
1S
b1100 0
1L
1T
0M
1O
0W
1P
0R
1J
b1100 1
b10010 !
b10010 .
b10010 /
05
0%
b1100 $
b1100 -
b1100 (
b0 *
b110011000 )
b11011 &
b11011 +
#409
0S
1G
1K
1C
1;
0"
0L
b111 0
14
1T
0V
1M
0O
1D
0E
1<
1=
17
1W
0P
0F
1H
1>
0@
18
1R
0J
0B
1:
13
b10011 1
b11010 !
b11010 .
b11010 /
05
1%
b1 *
b110011001 )
b10010 &
b10010 +
#410
1S
0C
1L
1T
0M
1O
0E
0G
0<
0W
1P
1F
0H
0>
1@
1=
0R
1J
1B
0:
0;
b1101 1
b1100 0
b10011 !
b10011 .
b10011 /
04
07
15
0%
b1101 $
b1101 -
b1101 (
b0 *
b110011010 )
b11010 &
b11010 +
#411
0S
1G
1K
1C
0"
0L
1T
0V
1M
0O
1D
0E
1<
1W
0P
0F
1H
1>
0@
08
0?
0=
1R
0J
0B
1:
03
0;
b10010 1
b110 0
b11001 !
b11001 .
b11001 /
04
07
15
1%
b1 *
b110011011 )
b10011 &
b10011 +
#412
1S
b1110 0
1L
1T
0M
1O
1E
0G
0W
1P
1F
0H
0R
1J
1B
b1110 1
b10100 !
b10100 .
b10100 /
05
0%
b1110 $
b1110 -
b1110 (
b0 *
b110011100 )
b11001 &
b11001 +
#413
1K
1D
0S
1?
1C
1;
0"
0L
b111 0
14
1T
0V
1M
0O
0E
1G
1<
0=
17
1W
0P
0F
1H
0>
1@
18
1R
0J
0B
0:
13
b10001 1
b11000 !
b11000 .
b11000 /
05
1%
b1 *
b110011101 )
b10100 &
b10100 +
#414
1S
1L
1T
0M
1O
1E
0G
0W
1P
1F
0H
1>
0@
0?
0=
0R
1J
1B
1:
0;
b1111 1
b1110 0
b10101 !
b10101 .
b10101 /
04
07
15
0%
b1111 $
b1111 -
b1111 (
b0 *
b110011110 )
b11000 &
b11000 +
#415
0K
0D
0C
0<
0S
0"
0L
1T
0V
0M
0O
1E
0G
0?
1W
0P
0F
1H
0>
1@
08
1=
1R
0J
0B
0:
03
0;
b10000 1
b0 0
b10111 !
b10111 .
b10111 /
04
07
15
1%
b1 *
b110011111 )
b10101 &
b10101 +
#416
b10110 !
b10110 .
b10110 /
05
0%
b10000 $
b10000 -
b10000 (
b0 *
b110100000 )
b10111 &
b10111 +
#417
1S
1L
1O
1K
1C
1;
b1111 0
14
1T
0M
1D
1E
1<
1=
17
0W
1P
1F
0H
1>
0@
18
0R
1J
1B
1:
13
b1111 1
b10110 !
b10110 .
b10110 /
05
1%
b1 *
b110100001 )
b10110 &
b10110 +
#418
0K
0D
0S
0C
0"
0L
1T
0V
0M
0O
1E
0G
0<
1W
0P
0F
1H
0>
1@
1=
1R
0J
0B
0:
0;
b10001 1
b0 0
b10111 !
b10111 .
b10111 /
04
07
15
0%
b10001 $
b10001 -
b10001 (
b0 *
b110100010 )
#419
1S
1L
1O
1K
1C
1T
0M
1D
1E
1<
0W
1P
1F
0H
1>
0@
08
0?
0=
0R
1J
1B
1:
03
0;
b1110 1
b1110 0
b10101 !
b10101 .
b10101 /
04
07
15
1%
b1 *
b110100011 )
b10111 &
b10111 +
#420
0S
b110 0
0"
0L
1T
0V
1M
0O
0E
1G
1W
0P
0F
1H
1R
0J
0B
b10010 1
b11000 !
b11000 .
b11000 /
05
0%
b10010 $
b10010 -
b10010 (
b0 *
b110100100 )
b10101 &
b10101 +
#421
1S
1?
1C
1;
1L
b1111 0
14
1T
0M
1O
1E
0G
1<
0=
17
0W
1P
1F
0H
0>
1@
18
0R
1J
1B
0:
13
b1101 1
b10100 !
b10100 .
b10100 /
05
1%
b1 *
b110100101 )
b11000 &
b11000 +
#422
0S
0"
0L
1T
0V
1M
0O
0E
1G
1W
0P
0F
1H
1>
0@
0?
0=
1R
0J
0B
1:
0;
b10011 1
b110 0
b11001 !
b11001 .
b11001 /
04
07
15
0%
b10011 $
b10011 -
b10011 (
b0 *
b110100110 )
b10100 &
b10100 +
#423
0C
0<
1S
1L
1T
0M
1O
0E
0G
0?
0W
1P
1F
0H
0>
1@
08
1=
0R
1J
1B
0:
03
0;
b1100 1
b1100 0
b10011 !
b10011 .
b10011 /
04
07
15
1%
b1 *
b110100111 )
b11001 &
b11001 +
#424
0S
b100 0
0"
0L
1T
0V
1M
0O
1W
0P
1R
0J
b10100 1
b11010 !
b11010 .
b11010 /
05
0%
b10100 $
b10100 -
b10100 (
b0 *
b110101000 )
b10011 &
b10011 +
#425
1S
1G
1K
1C
1;
1L
b1111 0
14
1T
0M
1O
1D
0E
1<
1=
17
0W
1P
0F
1H
1>
0@
18
0R
1J
0B
1:
13
b1011 1
b10010 !
b10010 .
b10010 /
05
1%
b1 *
b110101001 )
b11010 &
b11010 +
#426
0S
0C
0"
0L
1T
0V
1M
0O
0E
0G
0<
1W
0P
1F
0H
0>
1@
1=
1R
0J
1B
0:
0;
b10101 1
b100 0
b11011 !
b11011 .
b11011 /
04
07
15
0%
b10101 $
b10101 -
b10101 (
b0 *
b110101010 )
b10010 &
b10010 +
#427
1S
1G
1K
1C
1L
1T
0M
1O
1D
0E
1<
0W
1P
0F
1H
1>
0@
08
0?
0=
0R
1J
0B
1:
03
0;
b1010 1
b1110 0
b10001 !
b10001 .
b10001 /
04
07
15
1%
b1 *
b110101011 )
b11011 &
b11011 +
#428
0S
b110 0
0"
0L
1T
0V
1M
0O
1E
0G
1W
0P
1F
0H
1R
0J
1B
b10110 1
b11100 !
b11100 .
b11100 /
05
0%
b10110 $
b10110 -
b10110 (
b0 *
b110101100 )
b10001 &
b10001 +
#429
1K
1D
1S
1?
1C
1;
1L
b1111 0
14
1T
0M
1O
0E
1G
1<
0=
17
0W
1P
0F
1H
0>
1@
18
0R
1J
0B
0:
13
b1001 1
b10000 !
b10000 .
b10000 /
05
1%
b1 *
b110101101 )
b11100 &
b11100 +
#430
0S
0"
0L
1T
0V
1M
0O
1E
0G
1W
0P
1F
0H
1>
0@
0?
0=
1R
0J
1B
1:
0;
b10111 1
b110 0
b11101 !
b11101 .
b11101 /
04
07
15
0%
b10111 $
b10111 -
b10111 (
b0 *
b110101110 )
b10000 &
b10000 +
#431
0K
0D
0C
0<
0S
0L
0T
1M
0O
1E
0G
0?
0W
1P
0F
1H
0>
1@
08
1=
0R
1J
0B
0:
03
0;
b1000 1
b0 0
b1111 !
b1111 .
b1111 /
04
07
15
1%
b1 *
b110101111 )
b11101 &
b11101 +
#432
1T
1W
1R
b11000 1
b11110 !
b11110 .
b11110 /
05
0%
b11000 $
b11000 -
b11000 (
b0 *
b110110000 )
b1111 &
b1111 +
#433
1K
1C
1;
b111 0
14
0T
1M
1D
1E
1<
1=
17
0W
0P
1F
0H
1>
0@
18
0R
0J
1B
1:
13
b111 1
b1110 !
b1110 .
b1110 /
05
1%
b1 *
b110110001 )
b11110 &
b11110 +
#434
0K
0"
0V
0D
0S
0C
0L
1T
1M
0O
1E
0G
0<
1W
1P
0F
1H
0>
1@
1=
1R
1J
0B
0:
0;
b11001 1
b0 0
b11111 !
b11111 .
b11111 /
04
07
15
0%
b11001 $
b11001 -
b11001 (
b0 *
b110110010 )
b1110 &
b1110 +
#435
1K
1C
0T
1M
1D
1E
1<
0W
0P
1F
0H
1>
0@
08
0?
0=
0R
0J
1B
1:
03
0;
b110 1
b110 0
b1101 !
b1101 .
b1101 /
04
07
15
1%
b1 *
b110110011 )
b11111 &
b11111 +
#436
1"
1V
1S
b1110 0
1L
0T
0M
1O
0E
1G
1W
1P
0F
1H
1R
1J
0B
b11010 1
b0 !
b0 .
b0 /
05
0%
b11010 $
b11010 -
b11010 (
b0 *
b110110100 )
b1101 &
b1101 +
#437
0S
1?
1C
1;
0"
0L
b111 0
14
0T
0V
1M
0O
1E
0G
1<
0=
17
0W
0P
1F
0H
0>
1@
18
0R
0J
1B
0:
13
b101 1
b1100 !
b1100 .
b1100 /
05
1%
b1 *
b110110101 )
b100000 &
b100000 +
#438
1"
1V
1S
1L
0T
0M
1O
0E
1G
1W
1P
0F
1H
1>
0@
0?
0=
1R
1J
0B
1:
0;
b11011 1
b1110 0
b1 !
b1 .
b1 /
04
07
15
0%
b11011 $
b11011 -
b11011 (
b0 *
b110110110 )
b1100 &
b1100 +
#439
0C
0<
0S
0"
0L
0T
0V
1M
0O
0E
0G
0?
0W
0P
1F
0H
0>
1@
08
1=
0R
0J
1B
0:
03
0;
b100 1
b100 0
b1011 !
b1011 .
b1011 /
04
07
15
1%
b1 *
b110110111 )
b100001 &
b100001 +
#440
1"
1V
1S
b1100 0
1L
0T
0M
1O
1W
1P
1R
1J
b11100 1
b10 !
b10 .
b10 /
05
0%
b11100 $
b11100 -
b11100 (
b0 *
b110111000 )
b1011 &
b1011 +
#441
0S
1G
1K
1C
1;
0"
0L
b111 0
14
0T
0V
1M
0O
1D
0E
1<
1=
17
0W
0P
0F
1H
1>
0@
18
0R
0J
0B
1:
13
b11 1
b1010 !
b1010 .
b1010 /
05
1%
b1 *
b110111001 )
b100010 &
b100010 +
#442
1"
1V
1S
0C
1L
0T
0M
1O
0E
0G
0<
1W
1P
1F
0H
0>
1@
1=
1R
1J
1B
0:
0;
b11101 1
b1100 0
b11 !
b11 .
b11 /
04
07
15
0%
b11101 $
b11101 -
b11101 (
b0 *
b110111010 )
b1010 &
b1010 +
#443
0S
1G
1K
1C
0"
0L
0T
0V
1M
0O
1D
0E
1<
0W
0P
0F
1H
1>
0@
08
0?
0=
0R
0J
0B
1:
03
0;
b10 1
b110 0
b1001 !
b1001 .
b1001 /
04
07
15
1%
b1 *
b110111011 )
b100011 &
b100011 +
#444
1"
1V
1S
b1110 0
1L
0T
0M
1O
1E
0G
1W
1P
1F
0H
1R
1J
1B
b11110 1
b100 !
b100 .
b100 /
05
0%
b11110 $
b11110 -
b11110 (
b0 *
b110111100 )
b1001 &
b1001 +
#445
1K
1D
0S
1?
1C
1;
0"
0L
b111 0
14
0T
0V
1M
0O
0E
1G
1<
0=
17
0W
0P
0F
1H
0>
1@
18
0R
0J
0B
0:
13
b1 1
b1000 !
b1000 .
b1000 /
05
1%
b1 *
b110111101 )
b100100 &
b100100 +
#446
1"
1V
1S
1L
0T
0M
1O
1E
0G
1W
1P
1F
0H
1>
0@
0?
0=
1R
1J
1B
1:
0;
b11111 1
b1110 0
b101 !
b101 .
b101 /
04
07
15
0%
b11111 $
b11111 -
b11111 (
b0 *
b110111110 )
b1000 &
b1000 +
#447
0K
0D
0C
0<
0S
0"
0L
0T
0V
0M
0O
1E
0G
0?
0W
0P
0F
1H
0>
1@
08
1=
0R
0J
0B
0:
03
0;
b0 1
b0 0
b111 !
b111 .
b111 /
04
07
15
1%
b1 *
b110111111 )
b100101 &
b100101 +
#448
b111 !
b111 .
b111 /
18
15
12
0%
b0 $
b0 -
b111 #
b111 ,
b111 '
b0 (
b0 *
b111000000 )
b111 &
b111 +
#449
1"
1V
1S
1L
1O
1K
1C
0T
0M
1D
1E
1<
1W
1P
1F
0H
1>
0@
16
08
0?
1=
1R
1J
1B
1:
13
1;
b11111 1
b1111 0
b111 !
b111 .
b111 /
14
07
15
1%
b1 *
b111000001 )
#450
0S
b111 0
0"
0L
0T
0V
1M
0O
0E
1G
0=
1?
0W
0P
0F
1H
0>
1@
0R
0J
0B
0:
b1 1
b1000 !
b1000 .
b1000 /
05
0%
b1 $
b1 -
b1 (
b0 *
b111000010 )
b100111 &
b100111 +
#451
1"
1V
1S
b1111 0
1L
0T
0M
1O
1E
0G
1=
0?
17
1W
1P
1F
0H
1>
0@
06
18
1R
1J
1B
1:
03
b11110 1
b110 !
b110 .
b110 /
05
1%
b1 *
b111000011 )
b1000 &
b1000 +
#452
0S
0"
0L
0T
0V
1M
0O
0E
1G
0W
0P
0F
1H
0=
0R
0J
0B
0;
b10 1
b110 0
b1001 !
b1001 .
b1001 /
04
07
15
0%
b10 $
b10 -
b10 (
b0 *
b111000100 )
b100110 &
b100110 +
#453
1"
1V
1S
1L
0T
0M
1O
1E
0G
1?
1W
1P
1F
0H
0>
1@
16
08
0=
1R
1J
1B
0:
13
1;
b11101 1
b1111 0
b101 !
b101 .
b101 /
14
07
15
1%
b1 *
b111000101 )
b1001 &
b1001 +
#454
0S
b111 0
0"
0L
0T
0V
1M
0O
0E
1G
1=
0?
0W
0P
0F
1H
1>
0@
0R
0J
0B
1:
b11 1
b1010 !
b1010 .
b1010 /
05
0%
b11 $
b11 -
b11 (
b0 *
b111000110 )
b100101 &
b100101 +
#455
1"
1V
1S
b1111 0
1L
0T
0M
1O
1E
0G
0=
1?
17
1W
1P
1F
0H
0>
1@
06
18
1R
1J
1B
0:
03
b11100 1
b100 !
b100 .
b100 /
05
1%
b1 *
b111000111 )
b1010 &
b1010 +
#456
0S
0E
0C
0"
0L
0T
0V
1M
0O
0<
0W
0P
0?
1=
0R
0J
0;
b100 1
b100 0
b1011 !
b1011 .
b1011 /
04
07
15
0%
b100 $
b100 -
b100 (
b0 *
b111001000 )
b100100 &
b100100 +
#457
1"
1V
1S
1G
1K
1C
1L
0T
0M
1O
1D
0E
1<
1W
1P
0F
1H
1>
0@
16
08
0?
1=
1R
1J
0B
1:
13
1;
b11011 1
b1111 0
b11 !
b11 .
b11 /
14
07
15
1%
b1 *
b111001001 )
b1011 &
b1011 +
#458
0S
b111 0
0"
0L
0T
0V
1M
0O
1E
0G
0=
1?
0W
0P
1F
0H
0>
1@
0R
0J
1B
0:
b101 1
b1100 !
b1100 .
b1100 /
05
0%
b101 $
b101 -
b101 (
b0 *
b111001010 )
b100011 &
b100011 +
#459
1"
1V
1S
b1111 0
1L
0T
0M
1O
0E
1G
1=
0?
17
1W
1P
0F
1H
1>
0@
06
18
1R
1J
0B
1:
03
b11010 1
b10 !
b10 .
b10 /
05
1%
b1 *
b111001011 )
b1100 &
b1100 +
#460
0S
0"
0L
0T
0V
1M
0O
1E
0G
0W
0P
1F
0H
0=
0R
0J
1B
0;
b110 1
b110 0
b1101 !
b1101 .
b1101 /
04
07
15
0%
b110 $
b110 -
b110 (
b0 *
b111001100 )
b100010 &
b100010 +
#461
1"
1V
1S
1L
0T
0M
1O
0E
1G
1?
1W
1P
0F
1H
0>
1@
16
08
0=
1R
1J
0B
0:
13
1;
b11001 1
b1111 0
b1 !
b1 .
b1 /
14
07
15
1%
b1 *
b111001101 )
b1101 &
b1101 +
#462
0S
b111 0
0"
0L
0T
0V
1M
0O
1E
0G
1=
0?
0W
0P
1F
0H
1>
0@
0R
0J
1B
1:
b111 1
b1110 !
b1110 .
b1110 /
05
0%
b111 $
b111 -
b111 (
b0 *
b111001110 )
b100001 &
b100001 +
#463
1"
1V
1S
b1111 0
1L
0T
0M
1O
0E
1G
0=
1?
17
1W
1P
0F
1H
0>
1@
06
18
1R
1J
0B
0:
03
b11000 1
b0 !
b0 .
b0 /
05
1%
b1 *
b111001111 )
b1110 &
b1110 +
#464
0S
0L
0O
1M
0K
0D
0G
1E
0C
0"
0T
0V
0<
0W
0?
1=
0R
0;
b1000 1
b0 0
b1111 !
b1111 .
b1111 /
04
07
15
0%
b1000 $
b1000 -
b1000 (
b0 *
b111010000 )
b100000 &
b100000 +
#465
1K
1C
1T
1M
1D
1E
1<
1W
0P
1F
0H
1>
0@
16
08
0?
1=
1R
0J
1B
1:
13
1;
b10111 1
b111 0
b11111 !
b11111 .
b11111 /
14
07
15
1%
b1 *
b111010001 )
b1111 &
b1111 +
#466
1S
b1111 0
1L
1T
0M
1O
0E
1G
0=
1?
0W
1P
0F
1H
0>
1@
0R
1J
0B
0:
b1001 1
b10000 !
b10000 .
b10000 /
05
0%
b1001 $
b1001 -
b1001 (
b0 *
b111010010 )
b11111 &
b11111 +
#467
0S
b111 0
0"
0L
1T
0V
1M
0O
1E
0G
1=
0?
17
1W
0P
1F
0H
1>
0@
06
18
1R
0J
1B
1:
03
b10110 1
b11110 !
b11110 .
b11110 /
05
1%
b1 *
b111010011 )
b10000 &
b10000 +
#468
1S
1L
1T
0M
1O
0E
1G
0W
1P
0F
1H
0=
0R
1J
0B
0;
b1010 1
b1110 0
b10001 !
b10001 .
b10001 /
04
07
15
0%
b1010 $
b1010 -
b1010 (
b0 *
b111010100 )
b11110 &
b11110 +
#469
0S
0"
0L
1T
0V
1M
0O
1E
0G
1?
1W
0P
1F
0H
0>
1@
16
08
0=
1R
0J
1B
0:
13
1;
b10101 1
b111 0
b11101 !
b11101 .
b11101 /
14
07
15
1%
b1 *
b111010101 )
b10001 &
b10001 +
#470
1S
b1111 0
1L
1T
0M
1O
0E
1G
1=
0?
0W
1P
0F
1H
1>
0@
0R
1J
0B
1:
b1011 1
b10010 !
b10010 .
b10010 /
05
0%
b1011 $
b1011 -
b1011 (
b0 *
b111010110 )
b11101 &
b11101 +
#471
0S
b111 0
0"
0L
1T
0V
1M
0O
1E
0G
0=
1?
17
1W
0P
1F
0H
0>
1@
06
18
1R
0J
1B
0:
03
b10100 1
b11100 !
b11100 .
b11100 /
05
1%
b1 *
b111010111 )
b10010 &
b10010 +
#472
1S
0E
0C
1L
1T
0M
1O
0<
0W
1P
0?
1=
0R
1J
0;
b1100 1
b1100 0
b10011 !
b10011 .
b10011 /
04
07
15
0%
b1100 $
b1100 -
b1100 (
b0 *
b111011000 )
b11100 &
b11100 +
#473
0S
1G
1K
1C
0"
0L
1T
0V
1M
0O
1D
0E
1<
1W
0P
0F
1H
1>
0@
16
08
0?
1=
1R
0J
0B
1:
13
1;
b10011 1
b111 0
b11011 !
b11011 .
b11011 /
14
07
15
1%
b1 *
b111011001 )
b10011 &
b10011 +
#474
1S
b1111 0
1L
1T
0M
1O
1E
0G
0=
1?
0W
1P
1F
0H
0>
1@
0R
1J
1B
0:
b1101 1
b10100 !
b10100 .
b10100 /
05
0%
b1101 $
b1101 -
b1101 (
b0 *
b111011010 )
b11011 &
b11011 +
#475
0S
b111 0
0"
0L
1T
0V
1M
0O
0E
1G
1=
0?
17
1W
0P
0F
1H
1>
0@
06
18
1R
0J
0B
1:
03
b10010 1
b11010 !
b11010 .
b11010 /
05
1%
b1 *
b111011011 )
b10100 &
b10100 +
#476
1S
1L
1T
0M
1O
1E
0G
0W
1P
1F
0H
0=
0R
1J
1B
0;
b1110 1
b1110 0
b10101 !
b10101 .
b10101 /
04
07
15
0%
b1110 $
b1110 -
b1110 (
b0 *
b111011100 )
b11010 &
b11010 +
#477
0S
0"
0L
1T
0V
1M
0O
0E
1G
1?
1W
0P
0F
1H
0>
1@
16
08
0=
1R
0J
0B
0:
13
1;
b10001 1
b111 0
b11001 !
b11001 .
b11001 /
14
07
15
1%
b1 *
b111011101 )
b10101 &
b10101 +
#478
1S
b1111 0
1L
1T
0M
1O
1E
0G
1=
0?
0W
1P
1F
0H
1>
0@
0R
1J
1B
1:
b1111 1
b10110 !
b10110 .
b10110 /
05
0%
b1111 $
b1111 -
b1111 (
b0 *
b111011110 )
b11001 &
b11001 +
#479
0S
b111 0
0"
0L
1T
0V
1M
0O
0E
1G
0=
1?
17
1W
0P
0F
1H
0>
1@
06
18
1R
0J
0B
0:
03
b10000 1
b11000 !
b11000 .
b11000 /
05
1%
b1 *
b111011111 )
b10110 &
b10110 +
#480
0M
0K
0D
0G
1E
0C
0<
0?
1=
0;
b0 0
b10111 !
b10111 .
b10111 /
04
07
15
0%
b10000 $
b10000 -
b10000 (
b0 *
b111100000 )
b11000 &
b11000 +
#481
1S
1L
1O
1K
1C
1T
0M
1D
1E
1<
0W
1P
1F
0H
1>
0@
16
08
0?
1=
0R
1J
1B
1:
13
1;
b1111 1
b1111 0
b10111 !
b10111 .
b10111 /
14
07
15
1%
b1 *
b111100001 )
b10111 &
b10111 +
#482
0S
b111 0
0"
0L
1T
0V
1M
0O
0E
1G
0=
1?
1W
0P
0F
1H
0>
1@
1R
0J
0B
0:
b10001 1
b11000 !
b11000 .
b11000 /
05
0%
b10001 $
b10001 -
b10001 (
b0 *
b111100010 )
#483
1S
b1111 0
1L
1T
0M
1O
1E
0G
1=
0?
17
0W
1P
1F
0H
1>
0@
06
18
0R
1J
1B
1:
03
b1110 1
b10110 !
b10110 .
b10110 /
05
1%
b1 *
b111100011 )
b11000 &
b11000 +
#484
0S
0"
0L
1T
0V
1M
0O
0E
1G
1W
0P
0F
1H
0=
1R
0J
0B
0;
b10010 1
b110 0
b11001 !
b11001 .
b11001 /
04
07
15
0%
b10010 $
b10010 -
b10010 (
b0 *
b111100100 )
b10110 &
b10110 +
#485
1S
1L
1T
0M
1O
1E
0G
1?
0W
1P
1F
0H
0>
1@
16
08
0=
0R
1J
1B
0:
13
1;
b1101 1
b1111 0
b10101 !
b10101 .
b10101 /
14
07
15
1%
b1 *
b111100101 )
b11001 &
b11001 +
#486
0S
b111 0
0"
0L
1T
0V
1M
0O
0E
1G
1=
0?
1W
0P
0F
1H
1>
0@
1R
0J
0B
1:
b10011 1
b11010 !
b11010 .
b11010 /
05
0%
b10011 $
b10011 -
b10011 (
b0 *
b111100110 )
b10101 &
b10101 +
#487
1S
b1111 0
1L
1T
0M
1O
1E
0G
0=
1?
17
0W
1P
1F
0H
0>
1@
06
18
0R
1J
1B
0:
03
b1100 1
b10100 !
b10100 .
b10100 /
05
1%
b1 *
b111100111 )
b11010 &
b11010 +
#488
0S
0E
0C
0"
0L
1T
0V
1M
0O
0<
1W
0P
0?
1=
1R
0J
0;
b10100 1
b100 0
b11011 !
b11011 .
b11011 /
04
07
15
0%
b10100 $
b10100 -
b10100 (
b0 *
b111101000 )
b10100 &
b10100 +
#489
1S
1G
1K
1C
1L
1T
0M
1O
1D
0E
1<
0W
1P
0F
1H
1>
0@
16
08
0?
1=
0R
1J
0B
1:
13
1;
b1011 1
b1111 0
b10011 !
b10011 .
b10011 /
14
07
15
1%
b1 *
b111101001 )
b11011 &
b11011 +
#490
0S
b111 0
0"
0L
1T
0V
1M
0O
1E
0G
0=
1?
1W
0P
1F
0H
0>
1@
1R
0J
1B
0:
b10101 1
b11100 !
b11100 .
b11100 /
05
0%
b10101 $
b10101 -
b10101 (
b0 *
b111101010 )
b10011 &
b10011 +
#491
1S
b1111 0
1L
1T
0M
1O
0E
1G
1=
0?
17
0W
1P
0F
1H
1>
0@
06
18
0R
1J
0B
1:
03
b1010 1
b10010 !
b10010 .
b10010 /
05
1%
b1 *
b111101011 )
b11100 &
b11100 +
#492
0S
0"
0L
1T
0V
1M
0O
1E
0G
1W
0P
1F
0H
0=
1R
0J
1B
0;
b10110 1
b110 0
b11101 !
b11101 .
b11101 /
04
07
15
0%
b10110 $
b10110 -
b10110 (
b0 *
b111101100 )
b10010 &
b10010 +
#493
1S
1L
1T
0M
1O
0E
1G
1?
0W
1P
0F
1H
0>
1@
16
08
0=
0R
1J
0B
0:
13
1;
b1001 1
b1111 0
b10001 !
b10001 .
b10001 /
14
07
15
1%
b1 *
b111101101 )
b11101 &
b11101 +
#494
0S
b111 0
0"
0L
1T
0V
1M
0O
1E
0G
1=
0?
1W
0P
1F
0H
1>
0@
1R
0J
1B
1:
b10111 1
b11110 !
b11110 .
b11110 /
05
0%
b10111 $
b10111 -
b10111 (
b0 *
b111101110 )
b10001 &
b10001 +
#495
1S
b1111 0
1L
1T
0M
1O
0E
1G
0=
1?
17
0W
1P
0F
1H
0>
1@
06
18
0R
1J
0B
0:
03
b1000 1
b10000 !
b10000 .
b10000 /
05
1%
b1 *
b111101111 )
b11110 &
b11110 +
#496
0S
0L
0O
1M
0K
0D
0G
1E
0C
0"
1T
0V
0<
1W
0?
1=
1R
0;
b11000 1
b0 0
b11111 !
b11111 .
b11111 /
04
07
15
0%
b11000 $
b11000 -
b11000 (
b0 *
b111110000 )
b10000 &
b10000 +
#497
1K
1C
0T
1M
1D
1E
1<
0W
0P
1F
0H
1>
0@
16
08
0?
1=
0R
0J
1B
1:
13
1;
b111 1
b111 0
b1111 !
b1111 .
b1111 /
14
07
15
1%
b1 *
b111110001 )
b11111 &
b11111 +
#498
1"
1V
1S
b1111 0
1L
0T
0M
1O
0E
1G
0=
1?
1W
1P
0F
1H
0>
1@
1R
1J
0B
0:
b11001 1
b0 !
b0 .
b0 /
05
0%
b11001 $
b11001 -
b11001 (
b0 *
b111110010 )
b1111 &
b1111 +
#499
0S
b111 0
0"
0L
0T
0V
1M
0O
1E
0G
1=
0?
17
0W
0P
1F
0H
1>
0@
06
18
0R
0J
1B
1:
03
b110 1
b1110 !
b1110 .
b1110 /
05
1%
b1 *
b111110011 )
b100000 &
b100000 +
#500
1"
1V
1S
1L
0T
0M
1O
0E
1G
1W
1P
0F
1H
0=
1R
1J
0B
0;
b11010 1
b1110 0
b1 !
b1 .
b1 /
04
07
15
0%
b11010 $
b11010 -
b11010 (
b0 *
b111110100 )
b1110 &
b1110 +
#501
0S
0"
0L
0T
0V
1M
0O
1E
0G
1?
0W
0P
1F
0H
0>
1@
16
08
0=
0R
0J
1B
0:
13
1;
b101 1
b111 0
b1101 !
b1101 .
b1101 /
14
07
15
1%
b1 *
b111110101 )
b100001 &
b100001 +
#502
1"
1V
1S
b1111 0
1L
0T
0M
1O
0E
1G
1=
0?
1W
1P
0F
1H
1>
0@
1R
1J
0B
1:
b11011 1
b10 !
b10 .
b10 /
05
0%
b11011 $
b11011 -
b11011 (
b0 *
b111110110 )
b1101 &
b1101 +
#503
0S
b111 0
0"
0L
0T
0V
1M
0O
1E
0G
0=
1?
17
0W
0P
1F
0H
0>
1@
06
18
0R
0J
1B
0:
03
b100 1
b1100 !
b1100 .
b1100 /
05
1%
b1 *
b111110111 )
b100010 &
b100010 +
#504
1"
1V
1S
0E
0C
1L
0T
0M
1O
0<
1W
1P
0?
1=
1R
1J
0;
b11100 1
b1100 0
b11 !
b11 .
b11 /
04
07
15
0%
b11100 $
b11100 -
b11100 (
b0 *
b111111000 )
b1100 &
b1100 +
#505
0S
1G
1K
1C
0"
0L
0T
0V
1M
0O
1D
0E
1<
0W
0P
0F
1H
1>
0@
16
08
0?
1=
0R
0J
0B
1:
13
1;
b11 1
b111 0
b1011 !
b1011 .
b1011 /
14
07
15
1%
b1 *
b111111001 )
b100011 &
b100011 +
#506
1"
1V
1S
b1111 0
1L
0T
0M
1O
1E
0G
0=
1?
1W
1P
1F
0H
0>
1@
1R
1J
1B
0:
b11101 1
b100 !
b100 .
b100 /
05
0%
b11101 $
b11101 -
b11101 (
b0 *
b111111010 )
b1011 &
b1011 +
#507
0S
b111 0
0"
0L
0T
0V
1M
0O
0E
1G
1=
0?
17
0W
0P
0F
1H
1>
0@
06
18
0R
0J
0B
1:
03
b10 1
b1010 !
b1010 .
b1010 /
05
1%
b1 *
b111111011 )
b100100 &
b100100 +
#508
1"
1V
1S
1L
0T
0M
1O
1E
0G
1W
1P
1F
0H
0=
1R
1J
1B
0;
b11110 1
b1110 0
b101 !
b101 .
b101 /
04
07
15
0%
b11110 $
b11110 -
b11110 (
b0 *
b111111100 )
b1010 &
b1010 +
#509
0S
0"
0L
0T
0V
1M
0O
0E
1G
1?
0W
0P
0F
1H
0>
1@
16
08
0=
0R
0J
0B
0:
13
1;
b1 1
b111 0
b1001 !
b1001 .
b1001 /
14
07
15
1%
b1 *
b111111101 )
b100101 &
b100101 +
#510
1"
1V
1S
b1111 0
1L
0T
0M
1O
1E
0G
1=
0?
1W
1P
1F
0H
1>
0@
1R
1J
1B
1:
b11111 1
b110 !
b110 .
b110 /
05
0%
b11111 $
b11111 -
b11111 (
b0 *
b111111110 )
b1001 &
b1001 +
#511
0S
b111 0
0"
0L
0T
0V
1M
0O
0E
1G
0=
1?
17
0W
0P
0F
1H
0>
1@
06
18
0R
0J
0B
0:
03
b0 1
b1000 !
b1000 .
b1000 /
05
1%
b1 *
b111111111 )
b100110 &
b100110 +
#512
0T
0S
0K
0C
0;
0<
0D
0L
b0 0
b1000 !
b1000 .
b1000 /
0=
0?
0E
0G
1M
0O
04
08
0@
0H
1P
07
05
02
09
0A
1I
0%
b0 $
b0 -
b1000 #
b1000 ,
b1000 '
b0 (
b0 *
b1000000000 )
b1000 &
b1000 +
#513
1K
1D
1G
1C
1"
1<
1V
1?
1S
1;
b1111 0
14
0T
1L
1M
0E
0=
17
1W
1N
0P
1H
1@
18
1R
1J
1B
1:
13
b11111 1
b1000 !
b1000 .
b1000 /
05
1%
b1 *
b1000000001 )
#514
0S
0L
0K
0C
0"
0D
0T
0V
1M
0O
0E
0G
0<
0W
0N
1P
0H
0@
0?
0=
0R
0J
0B
0:
0;
b1 1
b0 0
b1001 !
b1001 .
b1001 /
04
07
15
0%
b1 $
b1 -
b1 (
b0 *
b1000000010 )
b101000 &
b101000 +
#515
0K
1"
0D
1V
0G
1S
0C
0<
0T
1L
0M
1E
0?
1W
1N
0P
1H
1@
08
1=
1R
1J
1B
1:
03
0;
b11110 1
b1000 0
b111 !
b111 .
b111 /
04
07
15
1%
b1 *
b1000000011 )
b1001 &
b1001 +
#516
0S
0"
b0 0
0T
0V
0L
1M
0E
0W
0N
1P
0H
0R
0J
0B
b10 1
b1010 !
b1010 .
b1010 /
05
0%
b10 $
b10 -
b10 (
b0 *
b1000000100 )
b100111 &
b100111 +
#517
1"
1V
1S
1;
b1001 0
14
0T
1L
0M
1E
1=
17
1W
1N
0P
1H
0@
18
1R
1J
1B
0:
13
b11101 1
b110 !
b110 .
b110 /
05
1%
b1 *
b1000000101 )
b1010 &
b1010 +
#518
0S
0"
0T
0V
0L
1M
0E
0W
0N
1P
0H
1@
1=
0R
0J
0B
1:
0;
b11 1
b0 0
b1011 !
b1011 .
b1011 /
04
07
15
0%
b11 $
b11 -
b11 (
b0 *
b1000000110 )
b100110 &
b100110 +
#519
0K
1"
0D
1V
0G
1S
0C
0T
1L
0M
1E
0<
1W
1N
0P
1H
0@
08
0?
0=
1R
1J
1B
0:
03
0;
b11100 1
b1000 0
b101 !
b101 .
b101 /
04
07
15
1%
b1 *
b1000000111 )
b1011 &
b1011 +
#520
0S
0"
b0 0
0T
0V
0L
1M
0W
0N
1P
0R
0J
b100 1
b1100 !
b1100 .
b1100 /
05
0%
b100 $
b100 -
b100 (
b0 *
b1000001000 )
b100101 &
b100101 +
#521
1C
1"
1<
1V
1?
1S
1;
b1011 0
14
0T
1L
0M
1E
0=
17
1W
1N
0P
0H
1@
18
1R
1J
0B
1:
13
b11011 1
b100 !
b100 .
b100 /
05
1%
b1 *
b1000001001 )
b1100 &
b1100 +
#522
0O
0K
0S
0C
0"
0D
0T
0V
0L
1M
1E
0G
0<
0W
0N
1P
1H
0@
0?
0=
0R
0J
1B
0:
0;
b101 1
b0 0
b1101 !
b1101 .
b1101 /
04
07
15
0%
b101 $
b101 -
b101 (
b0 *
b1000001010 )
b100100 &
b100100 +
#523
1"
1V
1S
0C
0<
0T
1L
0M
0E
0?
1W
1N
0P
0H
1@
08
1=
1R
1J
0B
1:
03
0;
b11010 1
b1000 0
b11 !
b11 .
b11 /
04
07
15
1%
b1 *
b1000001011 )
b1101 &
b1101 +
#524
0S
0"
b0 0
0T
0V
0L
1M
1E
0W
0N
1P
1H
0R
0J
1B
b110 1
b1110 !
b1110 .
b1110 /
05
0%
b110 $
b110 -
b110 (
b0 *
b1000001100 )
b100011 &
b100011 +
#525
1"
1V
1S
1;
b1001 0
14
0T
1L
0M
0E
1=
17
1W
1N
0P
0H
0@
18
1R
1J
0B
0:
13
b11001 1
b10 !
b10 .
b10 /
05
1%
b1 *
b1000001101 )
b1110 &
b1110 +
#526
0S
0"
0T
0V
0L
1M
1E
0W
0N
1P
1H
1@
1=
0R
0J
1B
1:
0;
b111 1
b0 0
b1111 !
b1111 .
b1111 /
04
07
15
0%
b111 $
b111 -
b111 (
b0 *
b1000001110 )
b100010 &
b100010 +
#527
1"
1V
1S
0C
0T
1L
0M
0E
0<
1W
1N
0P
0H
0@
08
0?
0=
1R
1J
0B
0:
03
0;
b11000 1
b1000 0
b1 !
b1 .
b1 /
04
07
15
1%
b1 *
b1000001111 )
b1111 &
b1111 +
#528
0"
1T
0V
0W
0R
b1000 1
b10000 !
b10000 .
b10000 /
05
0%
b1000 $
b1000 -
b1000 (
b0 *
b1000010000 )
b100001 &
b100001 +
#529
1O
1K
1D
1G
1C
1<
1?
1S
1;
1"
b1111 0
14
0T
1V
1L
0M
0E
0=
17
1W
0N
1P
1H
1@
18
1R
0J
1B
1:
13
b10111 1
b0 !
b0 .
b0 /
05
1%
b1 *
b1000010001 )
b10000 &
b10000 +
#530
0K
0C
0"
0D
1T
0V
0M
0O
0E
0G
0<
0W
1N
0P
0H
0@
0?
0=
0R
1J
0B
0:
0;
b1001 1
b1000 0
b10001 !
b10001 .
b10001 /
04
07
15
0%
b1001 $
b1001 -
b1001 (
b0 *
b1000010010 )
b100000 &
b100000 +
#531
0O
0K
0D
0G
0S
0C
0"
0<
1T
0V
0L
1M
1E
0?
1W
0N
1P
1H
1@
08
1=
1R
0J
1B
1:
03
0;
b10110 1
b0 0
b11111 !
b11111 .
b11111 /
04
07
15
1%
b1 *
b1000010011 )
b10001 &
b10001 +
#532
1S
b1000 0
1T
1L
0M
0E
0W
1N
0P
0H
0R
1J
0B
b1010 1
b10010 !
b10010 .
b10010 /
05
0%
b1010 $
b1010 -
b1010 (
b0 *
b1000010100 )
b11111 &
b11111 +
#533
0S
1;
0"
b1 0
14
1T
0V
0L
1M
1E
1=
17
1W
0N
1P
1H
0@
18
1R
0J
1B
0:
13
b10101 1
b11110 !
b11110 .
b11110 /
05
1%
b1 *
b1000010101 )
b10010 &
b10010 +
#534
1S
1T
1L
0M
0E
0W
1N
0P
0H
1@
1=
0R
1J
0B
1:
0;
b1011 1
b1000 0
b10011 !
b10011 .
b10011 /
04
07
15
0%
b1011 $
b1011 -
b1011 (
b0 *
b1000010110 )
b11110 &
b11110 +
#535
0O
0K
0D
0G
0S
0C
0"
1T
0V
0L
1M
1E
0<
1W
0N
1P
1H
0@
08
0?
0=
1R
0J
1B
0:
03
0;
b10100 1
b0 0
b11101 !
b11101 .
b11101 /
04
07
15
1%
b1 *
b1000010111 )
b10011 &
b10011 +
#536
1S
b1000 0
1T
1L
0M
0W
1N
0P
0R
1J
b1100 1
b10100 !
b10100 .
b10100 /
05
0%
b1100 $
b1100 -
b1100 (
b0 *
b1000011000 )
b11101 &
b11101 +
#537
1C
1<
1?
0S
1;
0"
b11 0
14
1T
0V
0L
1M
1E
0=
17
1W
0N
1P
0H
1@
18
1R
0J
0B
1:
13
b10011 1
b11100 !
b11100 .
b11100 /
05
1%
b1 *
b1000011001 )
b10100 &
b10100 +
#538
0K
1S
0C
0D
1T
1L
0M
1E
0G
0<
0W
1N
0P
1H
0@
0?
0=
0R
1J
1B
0:
0;
b1101 1
b1000 0
b10101 !
b10101 .
b10101 /
04
07
15
0%
b1101 $
b1101 -
b1101 (
b0 *
b1000011010 )
b11100 &
b11100 +
#539
0S
0C
0"
0<
1T
0V
0L
1M
0E
0?
1W
0N
1P
0H
1@
08
1=
1R
0J
0B
1:
03
0;
b10010 1
b0 0
b11011 !
b11011 .
b11011 /
04
07
15
1%
b1 *
b1000011011 )
b10101 &
b10101 +
#540
1S
b1000 0
1T
1L
0M
1E
0W
1N
0P
1H
0R
1J
1B
b1110 1
b10110 !
b10110 .
b10110 /
05
0%
b1110 $
b1110 -
b1110 (
b0 *
b1000011100 )
b11011 &
b11011 +
#541
0S
1;
0"
b1 0
14
1T
0V
0L
1M
0E
1=
17
1W
0N
1P
0H
0@
18
1R
0J
0B
0:
13
b10001 1
b11010 !
b11010 .
b11010 /
05
1%
b1 *
b1000011101 )
b10110 &
b10110 +
#542
1S
1T
1L
0M
1E
0W
1N
0P
1H
1@
1=
0R
1J
1B
1:
0;
b1111 1
b1000 0
b10111 !
b10111 .
b10111 /
04
07
15
0%
b1111 $
b1111 -
b1111 (
b0 *
b1000011110 )
b11010 &
b11010 +
#543
0S
0C
0"
1T
0V
0L
1M
0E
0<
1W
0N
1P
0H
0@
08
0?
0=
1R
0J
0B
0:
03
0;
b10000 1
b0 0
b11001 !
b11001 .
b11001 /
04
07
15
1%
b1 *
b1000011111 )
b10111 &
b10111 +
#544
b11000 !
b11000 .
b11000 /
05
0%
b10000 $
b10000 -
b10000 (
b0 *
b1000100000 )
b11001 &
b11001 +
#545
1K
1D
1G
1C
1<
1?
1S
1;
b1111 0
14
1T
1L
1M
0E
0=
17
0W
1N
0P
1H
1@
18
0R
1J
1B
1:
13
b1111 1
b11000 !
b11000 .
b11000 /
05
1%
b1 *
b1000100001 )
b11000 &
b11000 +
#546
0S
0L
0K
0C
0"
0D
1T
0V
1M
0O
0E
0G
0<
1W
0N
1P
0H
0@
0?
0=
1R
0J
0B
0:
0;
b10001 1
b0 0
b11001 !
b11001 .
b11001 /
04
07
15
0%
b10001 $
b10001 -
b10001 (
b0 *
b1000100010 )
#547
0K
0D
0G
1S
0C
0<
1T
1L
0M
1E
0?
0W
1N
0P
1H
1@
08
1=
0R
1J
1B
1:
03
0;
b1110 1
b1000 0
b10111 !
b10111 .
b10111 /
04
07
15
1%
b1 *
b1000100011 )
b11001 &
b11001 +
#548
0S
0"
b0 0
1T
0V
0L
1M
0E
1W
0N
1P
0H
1R
0J
0B
b10010 1
b11010 !
b11010 .
b11010 /
05
0%
b10010 $
b10010 -
b10010 (
b0 *
b1000100100 )
b10111 &
b10111 +
#549
1S
1;
b1001 0
14
1T
1L
0M
1E
1=
17
0W
1N
0P
1H
0@
18
0R
1J
1B
0:
13
b1101 1
b10110 !
b10110 .
b10110 /
05
1%
b1 *
b1000100101 )
b11010 &
b11010 +
#550
0S
0"
1T
0V
0L
1M
0E
1W
0N
1P
0H
1@
1=
1R
0J
0B
1:
0;
b10011 1
b0 0
b11011 !
b11011 .
b11011 /
04
07
15
0%
b10011 $
b10011 -
b10011 (
b0 *
b1000100110 )
b10110 &
b10110 +
#551
0K
0D
0G
1S
0C
1T
1L
0M
1E
0<
0W
1N
0P
1H
0@
08
0?
0=
0R
1J
1B
0:
03
0;
b1100 1
b1000 0
b10101 !
b10101 .
b10101 /
04
07
15
1%
b1 *
b1000100111 )
b11011 &
b11011 +
#552
0S
0"
b0 0
1T
0V
0L
1M
1W
0N
1P
1R
0J
b10100 1
b11100 !
b11100 .
b11100 /
05
0%
b10100 $
b10100 -
b10100 (
b0 *
b1000101000 )
b10101 &
b10101 +
#553
1C
1<
1?
1S
1;
b1011 0
14
1T
1L
0M
1E
0=
17
0W
1N
0P
0H
1@
18
0R
1J
0B
1:
13
b1011 1
b10100 !
b10100 .
b10100 /
05
1%
b1 *
b1000101001 )
b11100 &
b11100 +
#554
0O
0K
0S
0C
0"
0D
1T
0V
0L
1M
1E
0G
0<
1W
0N
1P
1H
0@
0?
0=
1R
0J
1B
0:
0;
b10101 1
b0 0
b11101 !
b11101 .
b11101 /
04
07
15
0%
b10101 $
b10101 -
b10101 (
b0 *
b1000101010 )
b10100 &
b10100 +
#555
1S
0C
0<
1T
1L
0M
0E
0?
0W
1N
0P
0H
1@
08
1=
0R
1J
0B
1:
03
0;
b1010 1
b1000 0
b10011 !
b10011 .
b10011 /
04
07
15
1%
b1 *
b1000101011 )
b11101 &
b11101 +
#556
0S
0"
b0 0
1T
0V
0L
1M
1E
1W
0N
1P
1H
1R
0J
1B
b10110 1
b11110 !
b11110 .
b11110 /
05
0%
b10110 $
b10110 -
b10110 (
b0 *
b1000101100 )
b10011 &
b10011 +
#557
1S
1;
b1001 0
14
1T
1L
0M
0E
1=
17
0W
1N
0P
0H
0@
18
0R
1J
0B
0:
13
b1001 1
b10010 !
b10010 .
b10010 /
05
1%
b1 *
b1000101101 )
b11110 &
b11110 +
#558
0S
0"
1T
0V
0L
1M
1E
1W
0N
1P
1H
1@
1=
1R
0J
1B
1:
0;
b10111 1
b0 0
b11111 !
b11111 .
b11111 /
04
07
15
0%
b10111 $
b10111 -
b10111 (
b0 *
b1000101110 )
b10010 &
b10010 +
#559
1S
0C
1T
1L
0M
0E
0<
0W
1N
0P
0H
0@
08
0?
0=
0R
1J
0B
0:
03
0;
b1000 1
b1000 0
b10001 !
b10001 .
b10001 /
04
07
15
1%
b1 *
b1000101111 )
b11111 &
b11111 +
#560
1"
0T
1V
1W
1R
b11000 1
b0 !
b0 .
b0 /
05
0%
b11000 $
b11000 -
b11000 (
b0 *
b1000110000 )
b10001 &
b10001 +
#561
1O
1K
1D
1G
1C
1<
1?
1S
1;
0"
b1111 0
14
1T
0V
1L
0M
0E
0=
17
0W
0N
1P
1H
1@
18
0R
0J
1B
1:
13
b111 1
b10000 !
b10000 .
b10000 /
05
1%
b1 *
b1000110001 )
b100000 &
b100000 +
#562
0K
0C
1"
0D
0T
1V
0M
0O
0E
0G
0<
1W
1N
0P
0H
0@
0?
0=
1R
1J
0B
0:
0;
b11001 1
b1000 0
b1 !
b1 .
b1 /
04
07
15
0%
b11001 $
b11001 -
b11001 (
b0 *
b1000110010 )
b10000 &
b10000 +
#563
0O
0K
0D
0G
0S
0C
0"
0<
0T
0V
0L
1M
1E
0?
0W
0N
1P
1H
1@
08
1=
0R
0J
1B
1:
03
0;
b110 1
b0 0
b1111 !
b1111 .
b1111 /
04
07
15
1%
b1 *
b1000110011 )
b100001 &
b100001 +
#564
1"
1V
1S
b1000 0
0T
1L
0M
0E
1W
1N
0P
0H
1R
1J
0B
b11010 1
b10 !
b10 .
b10 /
05
0%
b11010 $
b11010 -
b11010 (
b0 *
b1000110100 )
b1111 &
b1111 +
#565
0S
1;
0"
b1 0
14
0T
0V
0L
1M
1E
1=
17
0W
0N
1P
1H
0@
18
0R
0J
1B
0:
13
b101 1
b1110 !
b1110 .
b1110 /
05
1%
b1 *
b1000110101 )
b100010 &
b100010 +
#566
1"
1V
1S
0T
1L
0M
0E
1W
1N
0P
0H
1@
1=
1R
1J
0B
1:
0;
b11011 1
b1000 0
b11 !
b11 .
b11 /
04
07
15
0%
b11011 $
b11011 -
b11011 (
b0 *
b1000110110 )
b1110 &
b1110 +
#567
0O
0K
0D
0G
0S
0C
0"
0T
0V
0L
1M
1E
0<
0W
0N
1P
1H
0@
08
0?
0=
0R
0J
1B
0:
03
0;
b100 1
b0 0
b1101 !
b1101 .
b1101 /
04
07
15
1%
b1 *
b1000110111 )
b100011 &
b100011 +
#568
1"
1V
1S
b1000 0
0T
1L
0M
1W
1N
0P
1R
1J
b11100 1
b100 !
b100 .
b100 /
05
0%
b11100 $
b11100 -
b11100 (
b0 *
b1000111000 )
b1101 &
b1101 +
#569
1C
1<
1?
0S
1;
0"
b11 0
14
0T
0V
0L
1M
1E
0=
17
0W
0N
1P
0H
1@
18
0R
0J
0B
1:
13
b11 1
b1100 !
b1100 .
b1100 /
05
1%
b1 *
b1000111001 )
b100100 &
b100100 +
#570
1"
0K
1V
1S
0C
0D
0T
1L
0M
1E
0G
0<
1W
1N
0P
1H
0@
0?
0=
1R
1J
1B
0:
0;
b11101 1
b1000 0
b101 !
b101 .
b101 /
04
07
15
0%
b11101 $
b11101 -
b11101 (
b0 *
b1000111010 )
b1100 &
b1100 +
#571
0S
0C
0"
0<
0T
0V
0L
1M
0E
0?
0W
0N
1P
0H
1@
08
1=
0R
0J
0B
1:
03
0;
b10 1
b0 0
b1011 !
b1011 .
b1011 /
04
07
15
1%
b1 *
b1000111011 )
b100101 &
b100101 +
#572
1"
1V
1S
b1000 0
0T
1L
0M
1E
1W
1N
0P
1H
1R
1J
1B
b11110 1
b110 !
b110 .
b110 /
05
0%
b11110 $
b11110 -
b11110 (
b0 *
b1000111100 )
b1011 &
b1011 +
#573
0S
1;
0"
b1 0
14
0T
0V
0L
1M
0E
1=
17
0W
0N
1P
0H
0@
18
0R
0J
0B
0:
13
b1 1
b1010 !
b1010 .
b1010 /
05
1%
b1 *
b1000111101 )
b100110 &
b100110 +
#574
1"
1V
1S
0T
1L
0M
1E
1W
1N
0P
1H
1@
1=
1R
1J
1B
1:
0;
b11111 1
b1000 0
b111 !
b111 .
b111 /
04
07
15
0%
b11111 $
b11111 -
b11111 (
b0 *
b1000111110 )
b1010 &
b1010 +
#575
0S
0C
0"
0T
0V
0L
1M
0E
0<
0W
0N
1P
0H
0@
08
0?
0=
0R
0J
0B
0:
03
0;
b0 1
b0 0
b1001 !
b1001 .
b1001 /
04
07
15
1%
b1 *
b1000111111 )
b100111 &
b100111 +
#576
b1001 !
b1001 .
b1001 /
18
15
12
0%
b0 $
b0 -
b1001 #
b1001 ,
b1001 '
b0 (
b0 *
b1001000000 )
b1001 &
b1001 +
#577
1K
1"
1D
1V
1G
1S
1C
1<
0T
1L
1M
0E
1?
1W
1N
0P
1H
1@
16
08
0=
1R
1J
1B
1:
13
1;
b11111 1
b1111 0
b1001 !
b1001 .
b1001 /
14
07
15
1%
b1 *
b1001000001 )
#578
0S
0L
0K
0C
b1 0
0"
0D
0<
0T
0V
1M
0O
0E
0G
1=
0?
0W
0N
1P
0H
0@
0R
0J
0B
0:
b1 1
b1010 !
b1010 .
b1010 /
05
0%
b1 $
b1 -
b1 (
b0 *
b1001000010 )
b101001 &
b101001 +
#579
1K
1"
1D
1V
1G
1S
1C
b1111 0
1<
0T
1L
1M
0E
0=
1?
17
1W
1N
0P
1H
1@
06
18
1R
1J
1B
1:
03
b11110 1
b1000 !
b1000 .
b1000 /
05
1%
b1 *
b1001000011 )
b1010 &
b1010 +
#580
0S
0L
0K
0C
0"
0D
0T
0V
1M
0O
0E
0G
0<
0W
0N
1P
0H
0?
1=
0R
0J
0B
0;
b10 1
b0 0
b1011 !
b1011 .
b1011 /
04
07
15
0%
b10 $
b10 -
b10 (
b0 *
b1001000100 )
b101000 &
b101000 +
#581
0K
1"
0D
1V
0G
1S
0C
0T
1L
0M
1E
0<
1W
1N
0P
1H
0@
16
08
0?
1=
1R
1J
1B
0:
13
1;
b11101 1
b1001 0
b111 !
b111 .
b111 /
14
07
15
1%
b1 *
b1001000101 )
b1011 &
b1011 +
#582
0S
1C
0"
b11 0
1<
0T
0V
0L
1M
1E
0=
1?
0W
0N
1P
0H
1@
0R
0J
0B
1:
b11 1
b1100 !
b1100 .
b1100 /
05
0%
b11 $
b11 -
b11 (
b0 *
b1001000110 )
b100111 &
b100111 +
#583
1"
1V
1S
0K
0C
b1001 0
0D
0<
0T
1L
0M
1E
0G
1=
0?
17
1W
1N
0P
1H
0@
06
18
1R
1J
1B
0:
03
b11100 1
b110 !
b110 .
b110 /
05
1%
b1 *
b1001000111 )
b1100 &
b1100 +
#584
0S
0"
0T
0V
0L
1M
0W
0N
1P
0=
0R
0J
0;
b100 1
b0 0
b1101 !
b1101 .
b1101 /
04
07
15
0%
b100 $
b100 -
b100 (
b0 *
b1001001000 )
b100110 &
b100110 +
#585
1"
1V
1S
1C
1<
0T
1L
0M
1E
1?
1W
1N
0P
0H
1@
16
08
0=
1R
1J
0B
1:
13
1;
b11011 1
b1011 0
b101 !
b101 .
b101 /
14
07
15
1%
b1 *
b1001001001 )
b1101 &
b1101 +
#586
0O
0S
0K
0C
0"
b1 0
0D
0<
0T
0V
0L
1M
1E
0G
1=
0?
0W
0N
1P
1H
0@
0R
0J
1B
0:
b101 1
b1110 !
b1110 .
b1110 /
05
0%
b101 $
b101 -
b101 (
b0 *
b1001001010 )
b100101 &
b100101 +
#587
1"
1V
1S
1C
b1011 0
1<
0T
1L
0M
1E
0=
1?
17
1W
1N
0P
0H
1@
06
18
1R
1J
0B
1:
03
b11010 1
b100 !
b100 .
b100 /
05
1%
b1 *
b1001001011 )
b1110 &
b1110 +
#588
0O
0K
0S
0C
0"
0D
0T
0V
0L
1M
1E
0G
0<
0W
0N
1P
1H
0?
1=
0R
0J
1B
0;
b110 1
b0 0
b1111 !
b1111 .
b1111 /
04
07
15
0%
b110 $
b110 -
b110 (
b0 *
b1001001100 )
b100100 &
b100100 +
#589
1"
1V
1S
0C
0T
1L
0M
0E
0<
1W
1N
0P
0H
0@
16
08
0?
1=
1R
1J
0B
0:
13
1;
b11001 1
b1001 0
b11 !
b11 .
b11 /
14
07
15
1%
b1 *
b1001001101 )
b1111 &
b1111 +
#590
1O
1K
1D
1G
1S
1C
0"
b1111 0
1<
1T
0V
1L
0M
0E
0=
1?
0W
0N
1P
1H
1@
0R
0J
1B
1:
b111 1
b10000 !
b10000 .
b10000 /
05
0%
b111 $
b111 -
b111 (
b0 *
b1001001110 )
b100011 &
b100011 +
#591
0K
0C
b1001 0
1"
0D
0<
0T
1V
0M
0O
0E
0G
1=
0?
17
1W
1N
0P
0H
0@
06
18
1R
1J
0B
0:
03
b11000 1
b10 !
b10 .
b10 /
05
1%
b1 *
b1001001111 )
b10000 &
b10000 +
#592
0"
1T
0V
0W
0=
0R
0;
b1000 1
b1000 0
b10001 !
b10001 .
b10001 /
04
07
15
0%
b1000 $
b1000 -
b1000 (
b0 *
b1001010000 )
b100010 &
b100010 +
#593
1O
1K
1D
1G
1S
1C
1"
1<
0T
1V
1L
0M
0E
1?
1W
0N
1P
1H
1@
16
08
0=
1R
0J
1B
1:
13
1;
b10111 1
b1111 0
b1 !
b1 .
b1 /
14
07
15
1%
b1 *
b1001010001 )
b10001 &
b10001 +
#594
0K
0C
b1001 0
0"
0D
0<
1T
0V
0M
0O
0E
0G
1=
0?
0W
1N
0P
0H
0@
0R
1J
0B
0:
b1001 1
b10010 !
b10010 .
b10010 /
05
0%
b1001 $
b1001 -
b1001 (
b0 *
b1001010010 )
b100001 &
b100001 +
#595
1O
1K
1D
1G
1S
1C
1"
b1111 0
1<
0T
1V
1L
0M
0E
0=
1?
17
1W
0N
1P
1H
1@
06
18
1R
0J
1B
1:
03
b10110 1
b0 !
b0 .
b0 /
05
1%
b1 *
b1001010011 )
b10010 &
b10010 +
#596
0K
0C
0"
0D
1T
0V
0M
0O
0E
0G
0<
0W
1N
0P
0H
0?
1=
0R
1J
0B
0;
b1010 1
b1000 0
b10011 !
b10011 .
b10011 /
04
07
15
0%
b1010 $
b1010 -
b1010 (
b0 *
b1001010100 )
b100000 &
b100000 +
#597
0O
0K
0D
0G
0S
0C
0"
1T
0V
0L
1M
1E
0<
1W
0N
1P
1H
0@
16
08
0?
1=
1R
0J
1B
0:
13
1;
b10101 1
b1 0
b11111 !
b11111 .
b11111 /
14
07
15
1%
b1 *
b1001010101 )
b10011 &
b10011 +
#598
1S
1C
b1011 0
1<
1T
1L
0M
1E
0=
1?
0W
1N
0P
0H
1@
0R
1J
0B
1:
b1011 1
b10100 !
b10100 .
b10100 /
05
0%
b1011 $
b1011 -
b1011 (
b0 *
b1001010110 )
b11111 &
b11111 +
#599
0O
0S
0K
0C
0"
b1 0
0D
0<
1T
0V
0L
1M
1E
0G
1=
0?
17
1W
0N
1P
1H
0@
06
18
1R
0J
1B
0:
03
b10100 1
b11110 !
b11110 .
b11110 /
05
1%
b1 *
b1001010111 )
b10100 &
b10100 +
#600
1S
1T
1L
0M
0W
1N
0P
0=
0R
1J
0;
b1100 1
b1000 0
b10101 !
b10101 .
b10101 /
04
07
15
0%
b1100 $
b1100 -
b1100 (
b0 *
b1001011000 )
b11110 &
b11110 +
#601
0S
1C
0"
1<
1T
0V
0L
1M
1E
1?
1W
0N
1P
0H
1@
16
08
0=
1R
0J
0B
1:
13
1;
b10011 1
b11 0
b11101 !
b11101 .
b11101 /
14
07
15
1%
b1 *
b1001011001 )
b10101 &
b10101 +
#602
1S
0K
0C
b1001 0
0D
0<
1T
1L
0M
1E
0G
1=
0?
0W
1N
0P
1H
0@
0R
1J
1B
0:
b1101 1
b10110 !
b10110 .
b10110 /
05
0%
b1101 $
b1101 -
b1101 (
b0 *
b1001011010 )
b11101 &
b11101 +
#603
0S
1C
0"
b11 0
1<
1T
0V
0L
1M
1E
0=
1?
17
1W
0N
1P
0H
1@
06
18
1R
0J
0B
1:
03
b10010 1
b11100 !
b11100 .
b11100 /
05
1%
b1 *
b1001011011 )
b10110 &
b10110 +
#604
0K
1S
0C
0D
1T
1L
0M
1E
0G
0<
0W
1N
0P
1H
0?
1=
0R
1J
1B
0;
b1110 1
b1000 0
b10111 !
b10111 .
b10111 /
04
07
15
0%
b1110 $
b1110 -
b1110 (
b0 *
b1001011100 )
b11100 &
b11100 +
#605
0S
0C
0"
1T
0V
0L
1M
0E
0<
1W
0N
1P
0H
0@
16
08
0?
1=
1R
0J
0B
0:
13
1;
b10001 1
b1 0
b11011 !
b11011 .
b11011 /
14
07
15
1%
b1 *
b1001011101 )
b10111 &
b10111 +
#606
1K
1D
1G
1S
1C
b1111 0
1<
1T
1L
1M
0E
0=
1?
0W
1N
0P
1H
1@
0R
1J
1B
1:
b1111 1
b11000 !
b11000 .
b11000 /
05
0%
b1111 $
b1111 -
b1111 (
b0 *
b1001011110 )
b11011 &
b11011 +
#607
0S
0L
0K
0C
b1 0
0"
0D
0<
1T
0V
1M
0O
0E
0G
1=
0?
17
1W
0N
1P
0H
0@
06
18
1R
0J
0B
0:
03
b10000 1
b11010 !
b11010 .
b11010 /
05
1%
b1 *
b1001011111 )
b11000 &
b11000 +
#608
0=
0;
b0 0
b11001 !
b11001 .
b11001 /
04
07
15
0%
b10000 $
b10000 -
b10000 (
b0 *
b1001100000 )
b11010 &
b11010 +
#609
1K
1D
1G
1S
1C
1<
1T
1L
1M
0E
1?
0W
1N
0P
1H
1@
16
08
0=
0R
1J
1B
1:
13
1;
b1111 1
b1111 0
b11001 !
b11001 .
b11001 /
14
07
15
1%
b1 *
b1001100001 )
b11001 &
b11001 +
#610
0S
0L
0K
0C
b1 0
0"
0D
0<
1T
0V
1M
0O
0E
0G
1=
0?
1W
0N
1P
0H
0@
1R
0J
0B
0:
b10001 1
b11010 !
b11010 .
b11010 /
05
0%
b10001 $
b10001 -
b10001 (
b0 *
b1001100010 )
#611
1K
1D
1G
1S
1C
b1111 0
1<
1T
1L
1M
0E
0=
1?
17
0W
1N
0P
1H
1@
06
18
0R
1J
1B
1:
03
b1110 1
b11000 !
b11000 .
b11000 /
05
1%
b1 *
b1001100011 )
b11010 &
b11010 +
#612
0S
0L
0K
0C
0"
0D
1T
0V
1M
0O
0E
0G
0<
1W
0N
1P
0H
0?
1=
1R
0J
0B
0;
b10010 1
b0 0
b11011 !
b11011 .
b11011 /
04
07
15
0%
b10010 $
b10010 -
b10010 (
b0 *
b1001100100 )
b11000 &
b11000 +
#613
0K
0D
0G
1S
0C
1T
1L
0M
1E
0<
0W
1N
0P
1H
0@
16
08
0?
1=
0R
1J
1B
0:
13
1;
b1101 1
b1001 0
b10111 !
b10111 .
b10111 /
14
07
15
1%
b1 *
b1001100101 )
b11011 &
b11011 +
#614
0S
1C
0"
b11 0
1<
1T
0V
0L
1M
1E
0=
1?
1W
0N
1P
0H
1@
1R
0J
0B
1:
b10011 1
b11100 !
b11100 .
b11100 /
05
0%
b10011 $
b10011 -
b10011 (
b0 *
b1001100110 )
b10111 &
b10111 +
#615
1S
0K
0C
b1001 0
0D
0<
1T
1L
0M
1E
0G
1=
0?
17
0W
1N
0P
1H
0@
06
18
0R
1J
1B
0:
03
b1100 1
b10110 !
b10110 .
b10110 /
05
1%
b1 *
b1001100111 )
b11100 &
b11100 +
#616
0S
0"
1T
0V
0L
1M
1W
0N
1P
0=
1R
0J
0;
b10100 1
b0 0
b11101 !
b11101 .
b11101 /
04
07
15
0%
b10100 $
b10100 -
b10100 (
b0 *
b1001101000 )
b10110 &
b10110 +
#617
1S
1C
1<
1T
1L
0M
1E
1?
0W
1N
0P
0H
1@
16
08
0=
0R
1J
0B
1:
13
1;
b1011 1
b1011 0
b10101 !
b10101 .
b10101 /
14
07
15
1%
b1 *
b1001101001 )
b11101 &
b11101 +
#618
0O
0S
0K
0C
0"
b1 0
0D
0<
1T
0V
0L
1M
1E
0G
1=
0?
1W
0N
1P
1H
0@
1R
0J
1B
0:
b10101 1
b11110 !
b11110 .
b11110 /
05
0%
b10101 $
b10101 -
b10101 (
b0 *
b1001101010 )
b10101 &
b10101 +
#619
1S
1C
b1011 0
1<
1T
1L
0M
1E
0=
1?
17
0W
1N
0P
0H
1@
06
18
0R
1J
0B
1:
03
b1010 1
b10100 !
b10100 .
b10100 /
05
1%
b1 *
b1001101011 )
b11110 &
b11110 +
#620
0O
0K
0S
0C
0"
0D
1T
0V
0L
1M
1E
0G
0<
1W
0N
1P
1H
0?
1=
1R
0J
1B
0;
b10110 1
b0 0
b11111 !
b11111 .
b11111 /
04
07
15
0%
b10110 $
b10110 -
b10110 (
b0 *
b1001101100 )
b10100 &
b10100 +
#621
1S
0C
1T
1L
0M
0E
0<
0W
1N
0P
0H
0@
16
08
0?
1=
0R
1J
0B
0:
13
1;
b1001 1
b1001 0
b10011 !
b10011 .
b10011 /
14
07
15
1%
b1 *
b1001101101 )
b11111 &
b11111 +
#622
1O
1K
1D
1G
1S
1C
1"
b1111 0
1<
0T
1V
1L
0M
0E
0=
1?
1W
0N
1P
1H
1@
1R
0J
1B
1:
b10111 1
b0 !
b0 .
b0 /
05
0%
b10111 $
b10111 -
b10111 (
b0 *
b1001101110 )
b10011 &
b10011 +
#623
0K
0C
b1001 0
0"
0D
0<
1T
0V
0M
0O
0E
0G
1=
0?
17
0W
1N
0P
0H
0@
06
18
0R
1J
0B
0:
03
b1000 1
b10010 !
b10010 .
b10010 /
05
1%
b1 *
b1001101111 )
b100000 &
b100000 +
#624
1"
0T
1V
1W
0=
1R
0;
b11000 1
b1000 0
b1 !
b1 .
b1 /
04
07
15
0%
b11000 $
b11000 -
b11000 (
b0 *
b1001110000 )
b10010 &
b10010 +
#625
1O
1K
1D
1G
1S
1C
0"
1<
1T
0V
1L
0M
0E
1?
0W
0N
1P
1H
1@
16
08
0=
0R
0J
1B
1:
13
1;
b111 1
b1111 0
b10001 !
b10001 .
b10001 /
14
07
15
1%
b1 *
b1001110001 )
b100001 &
b100001 +
#626
0K
0C
b1001 0
1"
0D
0<
0T
1V
0M
0O
0E
0G
1=
0?
1W
1N
0P
0H
0@
1R
1J
0B
0:
b11001 1
b10 !
b10 .
b10 /
05
0%
b11001 $
b11001 -
b11001 (
b0 *
b1001110010 )
b10001 &
b10001 +
#627
1O
1K
1D
1G
1S
1C
0"
b1111 0
1<
1T
0V
1L
0M
0E
0=
1?
17
0W
0N
1P
1H
1@
06
18
0R
0J
1B
1:
03
b110 1
b10000 !
b10000 .
b10000 /
05
1%
b1 *
b1001110011 )
b100010 &
b100010 +
#628
0K
0C
1"
0D
0T
1V
0M
0O
0E
0G
0<
1W
1N
0P
0H
0?
1=
1R
1J
0B
0;
b11010 1
b1000 0
b11 !
b11 .
b11 /
04
07
15
0%
b11010 $
b11010 -
b11010 (
b0 *
b1001110100 )
b10000 &
b10000 +
#629
0O
0K
0D
0G
0S
0C
0"
0T
0V
0L
1M
1E
0<
0W
0N
1P
1H
0@
16
08
0?
1=
0R
0J
1B
0:
13
1;
b101 1
b1 0
b1111 !
b1111 .
b1111 /
14
07
15
1%
b1 *
b1001110101 )
b100011 &
b100011 +
#630
1"
1V
1S
1C
b1011 0
1<
0T
1L
0M
1E
0=
1?
1W
1N
0P
0H
1@
1R
1J
0B
1:
b11011 1
b100 !
b100 .
b100 /
05
0%
b11011 $
b11011 -
b11011 (
b0 *
b1001110110 )
b1111 &
b1111 +
#631
0O
0S
0K
0C
0"
b1 0
0D
0<
0T
0V
0L
1M
1E
0G
1=
0?
17
0W
0N
1P
1H
0@
06
18
0R
0J
1B
0:
03
b100 1
b1110 !
b1110 .
b1110 /
05
1%
b1 *
b1001110111 )
b100100 &
b100100 +
#632
1"
1V
1S
0T
1L
0M
1W
1N
0P
0=
1R
1J
0;
b11100 1
b1000 0
b101 !
b101 .
b101 /
04
07
15
0%
b11100 $
b11100 -
b11100 (
b0 *
b1001111000 )
b1110 &
b1110 +
#633
0S
1C
0"
1<
0T
0V
0L
1M
1E
1?
0W
0N
1P
0H
1@
16
08
0=
0R
0J
0B
1:
13
1;
b11 1
b11 0
b1101 !
b1101 .
b1101 /
14
07
15
1%
b1 *
b1001111001 )
b100101 &
b100101 +
#634
1"
1V
1S
0K
0C
b1001 0
0D
0<
0T
1L
0M
1E
0G
1=
0?
1W
1N
0P
1H
0@
1R
1J
1B
0:
b11101 1
b110 !
b110 .
b110 /
05
0%
b11101 $
b11101 -
b11101 (
b0 *
b1001111010 )
b1101 &
b1101 +
#635
0S
1C
0"
b11 0
1<
0T
0V
0L
1M
1E
0=
1?
17
0W
0N
1P
0H
1@
06
18
0R
0J
0B
1:
03
b10 1
b1100 !
b1100 .
b1100 /
05
1%
b1 *
b1001111011 )
b100110 &
b100110 +
#636
1"
0K
1V
1S
0C
0D
0T
1L
0M
1E
0G
0<
1W
1N
0P
1H
0?
1=
1R
1J
1B
0;
b11110 1
b1000 0
b111 !
b111 .
b111 /
04
07
15
0%
b11110 $
b11110 -
b11110 (
b0 *
b1001111100 )
b1100 &
b1100 +
#637
0S
0C
0"
0T
0V
0L
1M
0E
0<
0W
0N
1P
0H
0@
16
08
0?
1=
0R
0J
0B
0:
13
1;
b1 1
b1 0
b1011 !
b1011 .
b1011 /
14
07
15
1%
b1 *
b1001111101 )
b100111 &
b100111 +
#638
1K
1"
1D
1V
1G
1S
1C
b1111 0
1<
0T
1L
1M
0E
0=
1?
1W
1N
0P
1H
1@
1R
1J
1B
1:
b11111 1
b1000 !
b1000 .
b1000 /
05
0%
b11111 $
b11111 -
b11111 (
b0 *
b1001111110 )
b1011 &
b1011 +
#639
0S
0L
0K
0C
b1 0
0"
0D
0<
0T
0V
1M
0O
0E
0G
1=
0?
17
0W
0N
1P
0H
0@
06
18
0R
0J
0B
0:
03
b0 1
b1010 !
b1010 .
b1010 /
05
1%
b1 *
b1001111111 )
b101000 &
b101000 +
#640
0E
0C
0;
0<
b0 0
b1010 !
b1010 .
b1010 /
1=
0?
04
08
1@
07
05
02
19
0%
b0 $
b0 -
b1010 #
b1010 ,
b1010 '
b0 (
b0 *
b1010000000 )
b1010 &
b1010 +
#641
1K
1"
1D
1V
1G
1S
1C
1;
b1111 0
14
0T
1L
1M
0E
1<
1=
17
1W
1N
0P
1H
1>
0@
18
1R
1J
1B
1:
13
b11111 1
b1010 !
b1010 .
b1010 /
05
1%
b1 *
b1010000001 )
#642
0S
0L
0K
0C
0"
0D
0T
0V
1M
0O
0E
0G
0<
0W
0N
1P
0H
0>
1@
1=
0R
0J
0B
0:
0;
b1 1
b0 0
b1011 !
b1011 .
b1011 /
04
07
15
0%
b1 $
b1 -
b1 (
b0 *
b1010000010 )
b101010 &
b101010 +
#643
1K
1"
1D
1V
1G
1S
1C
0T
1L
1M
0E
1<
1W
1N
0P
1H
1>
0@
08
0?
0=
1R
1J
1B
1:
03
0;
b11110 1
b1110 0
b1001 !
b1001 .
b1001 /
04
07
15
1%
b1 *
b1010000011 )
b1011 &
b1011 +
#644
0S
0L
0K
b10 0
0"
0D
0T
0V
1M
0O
1E
0G
0W
0N
1P
0H
0R
0J
0B
b10 1
b1100 !
b1100 .
b1100 /
05
0%
b10 $
b10 -
b10 (
b0 *
b1010000100 )
b101001 &
b101001 +
#645
1"
1K
1V
1?
1S
1C
1;
1D
b1111 0
14
0T
1L
1M
0E
1G
1<
0=
17
1W
1N
0P
1H
0>
1@
18
1R
1J
1B
0:
13
b11101 1
b1000 !
b1000 .
b1000 /
05
1%
b1 *
b1010000101 )
b1100 &
b1100 +
#646
0S
0L
0K
0"
0D
0T
0V
1M
0O
1E
0G
0W
0N
1P
0H
1>
0@
0?
0=
0R
0J
0B
1:
0;
b11 1
b10 0
b1101 !
b1101 .
b1101 /
04
07
15
0%
b11 $
b11 -
b11 (
b0 *
b1010000110 )
b101000 &
b101000 +
#647
0C
1"
0<
1V
1S
0K
0D
0T
1L
0M
1E
0G
0?
1W
1N
0P
1H
0>
1@
08
1=
1R
1J
1B
0:
03
0;
b11100 1
b1000 0
b111 !
b111 .
b111 /
04
07
15
1%
b1 *
b1010000111 )
b1101 &
b1101 +
#648
0S
0"
b0 0
0T
0V
0L
1M
0W
0N
1P
0R
0J
b100 1
b1110 !
b1110 .
b1110 /
05
0%
b100 $
b100 -
b100 (
b0 *
b1010001000 )
b100111 &
b100111 +
#649
1"
1V
1S
1C
1;
b1011 0
14
0T
1L
0M
1E
1<
1=
17
1W
1N
0P
0H
1>
0@
18
1R
1J
0B
1:
13
b11011 1
b110 !
b110 .
b110 /
05
1%
b1 *
b1010001001 )
b1110 &
b1110 +
#650
0O
0K
0S
0C
0"
0D
0T
0V
0L
1M
1E
0G
0<
0W
0N
1P
1H
0>
1@
1=
0R
0J
1B
0:
0;
b101 1
b0 0
b1111 !
b1111 .
b1111 /
04
07
15
0%
b101 $
b101 -
b101 (
b0 *
b1010001010 )
b100110 &
b100110 +
#651
1"
1V
1S
1C
0T
1L
0M
1E
1<
1W
1N
0P
0H
1>
0@
08
0?
0=
1R
1J
0B
1:
03
0;
b11010 1
b1010 0
b101 !
b101 .
b101 /
04
07
15
1%
b1 *
b1010001011 )
b1111 &
b1111 +
#652
1O
1S
1K
0"
b1110 0
1D
1T
0V
1L
0M
0E
1G
0W
0N
1P
1H
0R
0J
1B
b110 1
b10000 !
b10000 .
b10000 /
05
0%
b110 $
b110 -
b110 (
b0 *
b1010001100 )
b100101 &
b100101 +
#653
0K
1?
1C
1;
1"
0D
b1011 0
14
0T
1V
0M
0O
1E
0G
1<
0=
17
1W
1N
0P
0H
0>
1@
18
1R
1J
0B
0:
13
b11001 1
b100 !
b100 .
b100 /
05
1%
b1 *
b1010001101 )
b10000 &
b10000 +
#654
1O
1S
1K
0"
1D
1T
0V
1L
0M
0E
1G
0W
0N
1P
1H
1>
0@
0?
0=
0R
0J
1B
1:
0;
b111 1
b1110 0
b10001 !
b10001 .
b10001 /
04
07
15
0%
b111 $
b111 -
b111 (
b0 *
b1010001110 )
b100100 &
b100100 +
#655
0C
0<
0K
1"
0D
0T
1V
0M
0O
0E
0G
0?
1W
1N
0P
0H
0>
1@
08
1=
1R
1J
0B
0:
03
0;
b11000 1
b1000 0
b11 !
b11 .
b11 /
04
07
15
1%
b1 *
b1010001111 )
b10001 &
b10001 +
#656
0"
1T
0V
0W
0R
b1000 1
b10010 !
b10010 .
b10010 /
05
0%
b1000 $
b1000 -
b1000 (
b0 *
b1010010000 )
b100011 &
b100011 +
#657
1O
1K
1D
1G
1S
1C
1;
1"
b1111 0
14
0T
1V
1L
0M
0E
1<
1=
17
1W
0N
1P
1H
1>
0@
18
1R
0J
1B
1:
13
b10111 1
b10 !
b10 .
b10 /
05
1%
b1 *
b1010010001 )
b10010 &
b10010 +
#658
0K
0C
0"
0D
1T
0V
0M
0O
0E
0G
0<
0W
1N
0P
0H
0>
1@
1=
0R
1J
0B
0:
0;
b1001 1
b1000 0
b10011 !
b10011 .
b10011 /
04
07
15
0%
b1001 $
b1001 -
b1001 (
b0 *
b1010010010 )
b100010 &
b100010 +
#659
1O
1K
1D
1G
1S
1C
1"
0T
1V
1L
0M
0E
1<
1W
0N
1P
1H
1>
0@
08
0?
0=
1R
0J
1B
1:
03
0;
b10110 1
b1110 0
b1 !
b1 .
b1 /
04
07
15
1%
b1 *
b1010010011 )
b10011 &
b10011 +
#660
0K
b1010 0
0"
0D
1T
0V
0M
0O
1E
0G
0W
1N
0P
0H
0R
1J
0B
b1010 1
b10100 !
b10100 .
b10100 /
05
0%
b1010 $
b1010 -
b1010 (
b0 *
b1010010100 )
b100001 &
b100001 +
#661
1O
1K
1?
1S
1C
1;
1"
1D
b1111 0
14
0T
1V
1L
0M
0E
1G
1<
0=
17
1W
0N
1P
1H
0>
1@
18
1R
0J
1B
0:
13
b10101 1
b0 !
b0 .
b0 /
05
1%
b1 *
b1010010101 )
b10100 &
b10100 +
#662
0K
0"
0D
1T
0V
0M
0O
1E
0G
0W
1N
0P
0H
1>
0@
0?
0=
0R
1J
0B
1:
0;
b1011 1
b1010 0
b10101 !
b10101 .
b10101 /
04
07
15
0%
b1011 $
b1011 -
b1011 (
b0 *
b1010010110 )
b100000 &
b100000 +
#663
0C
0<
0O
0S
0K
0"
0D
1T
0V
0L
1M
1E
0G
0?
1W
0N
1P
1H
0>
1@
08
1=
1R
0J
1B
0:
03
0;
b10100 1
b0 0
b11111 !
b11111 .
b11111 /
04
07
15
1%
b1 *
b1010010111 )
b10101 &
b10101 +
#664
1S
b1000 0
1T
1L
0M
0W
1N
0P
0R
1J
b1100 1
b10110 !
b10110 .
b10110 /
05
0%
b1100 $
b1100 -
b1100 (
b0 *
b1010011000 )
b11111 &
b11111 +
#665
0S
1C
1;
0"
b11 0
14
1T
0V
0L
1M
1E
1<
1=
17
1W
0N
1P
0H
1>
0@
18
1R
0J
0B
1:
13
b10011 1
b11110 !
b11110 .
b11110 /
05
1%
b1 *
b1010011001 )
b10110 &
b10110 +
#666
0K
1S
0C
0D
1T
1L
0M
1E
0G
0<
0W
1N
0P
1H
0>
1@
1=
0R
1J
1B
0:
0;
b1101 1
b1000 0
b10111 !
b10111 .
b10111 /
04
07
15
0%
b1101 $
b1101 -
b1101 (
b0 *
b1010011010 )
b11110 &
b11110 +
#667
0S
1C
0"
1T
0V
0L
1M
1E
1<
1W
0N
1P
0H
1>
0@
08
0?
0=
1R
0J
0B
1:
03
0;
b10010 1
b10 0
b11101 !
b11101 .
b11101 /
04
07
15
1%
b1 *
b1010011011 )
b10111 &
b10111 +
#668
1S
1K
b1110 0
1D
1T
1L
1M
0E
1G
0W
1N
0P
1H
0R
1J
1B
b1110 1
b11000 !
b11000 .
b11000 /
05
0%
b1110 $
b1110 -
b1110 (
b0 *
b1010011100 )
b11101 &
b11101 +
#669
0S
0L
0K
1?
1C
1;
0"
0D
b11 0
14
1T
0V
1M
0O
1E
0G
1<
0=
17
1W
0N
1P
0H
0>
1@
18
1R
0J
0B
0:
13
b10001 1
b11100 !
b11100 .
b11100 /
05
1%
b1 *
b1010011101 )
b11000 &
b11000 +
#670
1S
1K
1D
1T
1L
1M
0E
1G
0W
1N
0P
1H
1>
0@
0?
0=
0R
1J
1B
1:
0;
b1111 1
b1110 0
b11001 !
b11001 .
b11001 /
04
07
15
0%
b1111 $
b1111 -
b1111 (
b0 *
b1010011110 )
b11100 &
b11100 +
#671
0S
0C
0L
0<
0K
0"
0D
1T
0V
1M
0O
0E
0G
0?
1W
0N
1P
0H
0>
1@
08
1=
1R
0J
0B
0:
03
0;
b10000 1
b0 0
b11011 !
b11011 .
b11011 /
04
07
15
1%
b1 *
b1010011111 )
b11001 &
b11001 +
#672
b11010 !
b11010 .
b11010 /
05
0%
b10000 $
b10000 -
b10000 (
b0 *
b1010100000 )
b11011 &
b11011 +
#673
1K
1D
1G
1S
1C
1;
b1111 0
14
1T
1L
1M
0E
1<
1=
17
0W
1N
0P
1H
1>
0@
18
0R
1J
1B
1:
13
b1111 1
b11010 !
b11010 .
b11010 /
05
1%
b1 *
b1010100001 )
b11010 &
b11010 +
#674
0S
0L
0K
0C
0"
0D
1T
0V
1M
0O
0E
0G
0<
1W
0N
1P
0H
0>
1@
1=
1R
0J
0B
0:
0;
b10001 1
b0 0
b11011 !
b11011 .
b11011 /
04
07
15
0%
b10001 $
b10001 -
b10001 (
b0 *
b1010100010 )
#675
1K
1D
1G
1S
1C
1T
1L
1M
0E
1<
0W
1N
0P
1H
1>
0@
08
0?
0=
0R
1J
1B
1:
03
0;
b1110 1
b1110 0
b11001 !
b11001 .
b11001 /
04
07
15
1%
b1 *
b1010100011 )
b11011 &
b11011 +
#676
0S
0L
0K
b10 0
0"
0D
1T
0V
1M
0O
1E
0G
1W
0N
1P
0H
1R
0J
0B
b10010 1
b11100 !
b11100 .
b11100 /
05
0%
b10010 $
b10010 -
b10010 (
b0 *
b1010100100 )
b11001 &
b11001 +
#677
1K
1?
1S
1C
1;
1D
b1111 0
14
1T
1L
1M
0E
1G
1<
0=
17
0W
1N
0P
1H
0>
1@
18
0R
1J
1B
0:
13
b1101 1
b11000 !
b11000 .
b11000 /
05
1%
b1 *
b1010100101 )
b11100 &
b11100 +
#678
0S
0L
0K
0"
0D
1T
0V
1M
0O
1E
0G
1W
0N
1P
0H
1>
0@
0?
0=
1R
0J
0B
1:
0;
b10011 1
b10 0
b11101 !
b11101 .
b11101 /
04
07
15
0%
b10011 $
b10011 -
b10011 (
b0 *
b1010100110 )
b11000 &
b11000 +
#679
0C
0<
1S
0K
0D
1T
1L
0M
1E
0G
0?
0W
1N
0P
1H
0>
1@
08
1=
0R
1J
1B
0:
03
0;
b1100 1
b1000 0
b10111 !
b10111 .
b10111 /
04
07
15
1%
b1 *
b1010100111 )
b11101 &
b11101 +
#680
0S
0"
b0 0
1T
0V
0L
1M
1W
0N
1P
1R
0J
b10100 1
b11110 !
b11110 .
b11110 /
05
0%
b10100 $
b10100 -
b10100 (
b0 *
b1010101000 )
b10111 &
b10111 +
#681
1S
1C
1;
b1011 0
14
1T
1L
0M
1E
1<
1=
17
0W
1N
0P
0H
1>
0@
18
0R
1J
0B
1:
13
b1011 1
b10110 !
b10110 .
b10110 /
05
1%
b1 *
b1010101001 )
b11110 &
b11110 +
#682
0O
0K
0S
0C
0"
0D
1T
0V
0L
1M
1E
0G
0<
1W
0N
1P
1H
0>
1@
1=
1R
0J
1B
0:
0;
b10101 1
b0 0
b11111 !
b11111 .
b11111 /
04
07
15
0%
b10101 $
b10101 -
b10101 (
b0 *
b1010101010 )
b10110 &
b10110 +
#683
1S
1C
1T
1L
0M
1E
1<
0W
1N
0P
0H
1>
0@
08
0?
0=
0R
1J
0B
1:
03
0;
b1010 1
b1010 0
b10101 !
b10101 .
b10101 /
04
07
15
1%
b1 *
b1010101011 )
b11111 &
b11111 +
#684
1O
1S
1K
1"
b1110 0
1D
0T
1V
1L
0M
0E
1G
1W
0N
1P
1H
1R
0J
1B
b10110 1
b0 !
b0 .
b0 /
05
0%
b10110 $
b10110 -
b10110 (
b0 *
b1010101100 )
b10101 &
b10101 +
#685
0K
1?
1C
1;
0"
0D
b1011 0
14
1T
0V
0M
0O
1E
0G
1<
0=
17
0W
1N
0P
0H
0>
1@
18
0R
1J
0B
0:
13
b1001 1
b10100 !
b10100 .
b10100 /
05
1%
b1 *
b1010101101 )
b100000 &
b100000 +
#686
1O
1S
1K
1"
1D
0T
1V
1L
0M
0E
1G
1W
0N
1P
1H
1>
0@
0?
0=
1R
0J
1B
1:
0;
b10111 1
b1110 0
b1 !
b1 .
b1 /
04
07
15
0%
b10111 $
b10111 -
b10111 (
b0 *
b1010101110 )
b10100 &
b10100 +
#687
0C
0<
0K
0"
0D
1T
0V
0M
0O
0E
0G
0?
0W
1N
0P
0H
0>
1@
08
1=
0R
1J
0B
0:
03
0;
b1000 1
b1000 0
b10011 !
b10011 .
b10011 /
04
07
15
1%
b1 *
b1010101111 )
b100001 &
b100001 +
#688
1"
0T
1V
1W
1R
b11000 1
b10 !
b10 .
b10 /
05
0%
b11000 $
b11000 -
b11000 (
b0 *
b1010110000 )
b10011 &
b10011 +
#689
1O
1K
1D
1G
1S
1C
1;
0"
b1111 0
14
1T
0V
1L
0M
0E
1<
1=
17
0W
0N
1P
1H
1>
0@
18
0R
0J
1B
1:
13
b111 1
b10010 !
b10010 .
b10010 /
05
1%
b1 *
b1010110001 )
b100010 &
b100010 +
#690
0K
0C
1"
0D
0T
1V
0M
0O
0E
0G
0<
1W
1N
0P
0H
0>
1@
1=
1R
1J
0B
0:
0;
b11001 1
b1000 0
b11 !
b11 .
b11 /
04
07
15
0%
b11001 $
b11001 -
b11001 (
b0 *
b1010110010 )
b10010 &
b10010 +
#691
1O
1K
1D
1G
1S
1C
0"
1T
0V
1L
0M
0E
1<
0W
0N
1P
1H
1>
0@
08
0?
0=
0R
0J
1B
1:
03
0;
b110 1
b1110 0
b10001 !
b10001 .
b10001 /
04
07
15
1%
b1 *
b1010110011 )
b100011 &
b100011 +
#692
0K
b1010 0
1"
0D
0T
1V
0M
0O
1E
0G
1W
1N
0P
0H
1R
1J
0B
b11010 1
b100 !
b100 .
b100 /
05
0%
b11010 $
b11010 -
b11010 (
b0 *
b1010110100 )
b10001 &
b10001 +
#693
1O
1K
1?
1S
1C
1;
0"
1D
b1111 0
14
1T
0V
1L
0M
0E
1G
1<
0=
17
0W
0N
1P
1H
0>
1@
18
0R
0J
1B
0:
13
b101 1
b10000 !
b10000 .
b10000 /
05
1%
b1 *
b1010110101 )
b100100 &
b100100 +
#694
0K
1"
0D
0T
1V
0M
0O
1E
0G
1W
1N
0P
0H
1>
0@
0?
0=
1R
1J
0B
1:
0;
b11011 1
b1010 0
b101 !
b101 .
b101 /
04
07
15
0%
b11011 $
b11011 -
b11011 (
b0 *
b1010110110 )
b10000 &
b10000 +
#695
0C
0<
0O
0S
0K
0"
0D
0T
0V
0L
1M
1E
0G
0?
0W
0N
1P
1H
0>
1@
08
1=
0R
0J
1B
0:
03
0;
b100 1
b0 0
b1111 !
b1111 .
b1111 /
04
07
15
1%
b1 *
b1010110111 )
b100101 &
b100101 +
#696
1"
1V
1S
b1000 0
0T
1L
0M
1W
1N
0P
1R
1J
b11100 1
b110 !
b110 .
b110 /
05
0%
b11100 $
b11100 -
b11100 (
b0 *
b1010111000 )
b1111 &
b1111 +
#697
0S
1C
1;
0"
b11 0
14
0T
0V
0L
1M
1E
1<
1=
17
0W
0N
1P
0H
1>
0@
18
0R
0J
0B
1:
13
b11 1
b1110 !
b1110 .
b1110 /
05
1%
b1 *
b1010111001 )
b100110 &
b100110 +
#698
1"
0K
1V
1S
0C
0D
0T
1L
0M
1E
0G
0<
1W
1N
0P
1H
0>
1@
1=
1R
1J
1B
0:
0;
b11101 1
b1000 0
b111 !
b111 .
b111 /
04
07
15
0%
b11101 $
b11101 -
b11101 (
b0 *
b1010111010 )
b1110 &
b1110 +
#699
0S
1C
0"
0T
0V
0L
1M
1E
1<
0W
0N
1P
0H
1>
0@
08
0?
0=
0R
0J
0B
1:
03
0;
b10 1
b10 0
b1101 !
b1101 .
b1101 /
04
07
15
1%
b1 *
b1010111011 )
b100111 &
b100111 +
#700
1"
1V
1S
1K
b1110 0
1D
0T
1L
1M
0E
1G
1W
1N
0P
1H
1R
1J
1B
b11110 1
b1000 !
b1000 .
b1000 /
05
0%
b11110 $
b11110 -
b11110 (
b0 *
b1010111100 )
b1101 &
b1101 +
#701
0S
0L
0K
1?
1C
1;
0"
0D
b11 0
14
0T
0V
1M
0O
1E
0G
1<
0=
17
0W
0N
1P
0H
0>
1@
18
0R
0J
0B
0:
13
b1 1
b1100 !
b1100 .
b1100 /
05
1%
b1 *
b1010111101 )
b101000 &
b101000 +
#702
1"
1V
1S
1K
1D
0T
1L
1M
0E
1G
1W
1N
0P
1H
1>
0@
0?
0=
1R
1J
1B
1:
0;
b11111 1
b1110 0
b1001 !
b1001 .
b1001 /
04
07
15
0%
b11111 $
b11111 -
b11111 (
b0 *
b1010111110 )
b1100 &
b1100 +
#703
0S
0C
0L
0<
0K
0"
0D
0T
0V
1M
0O
0E
0G
0?
0W
0N
1P
0H
0>
1@
08
1=
0R
0J
0B
0:
03
0;
b0 1
b0 0
b1011 !
b1011 .
b1011 /
04
07
15
1%
b1 *
b1010111111 )
b101001 &
b101001 +
#704
b1011 !
b1011 .
b1011 /
18
15
12
0%
b0 $
b0 -
b1011 #
b1011 ,
b1011 '
b0 (
b0 *
b1011000000 )
b1011 &
b1011 +
#705
1K
1"
1D
1V
1G
1S
1C
0T
1L
1M
0E
1<
1W
1N
0P
1H
1>
0@
16
08
0?
1=
1R
1J
1B
1:
13
1;
b11111 1
b1111 0
b1011 !
b1011 .
b1011 /
14
07
15
1%
b1 *
b1011000001 )
#706
0S
0L
0K
b11 0
0"
0D
0T
0V
1M
0O
1E
0G
0=
1?
0W
0N
1P
0H
0>
1@
0R
0J
0B
0:
b1 1
b1100 !
b1100 .
b1100 /
05
0%
b1 $
b1 -
b1 (
b0 *
b1011000010 )
b101011 &
b101011 +
#707
1"
1V
1S
1K
b1111 0
1D
0T
1L
1M
0E
1G
1=
0?
17
1W
1N
0P
1H
1>
0@
06
18
1R
1J
1B
1:
03
b11110 1
b1010 !
b1010 .
b1010 /
05
1%
b1 *
b1011000011 )
b1100 &
b1100 +
#708
0S
0L
0K
0"
0D
0T
0V
1M
0O
1E
0G
0W
0N
1P
0H
0=
0R
0J
0B
0;
b10 1
b10 0
b1101 !
b1101 .
b1101 /
04
07
15
0%
b10 $
b10 -
b10 (
b0 *
b1011000100 )
b101010 &
b101010 +
#709
1"
1V
1S
1K
1D
0T
1L
1M
0E
1G
1?
1W
1N
0P
1H
0>
1@
16
08
0=
1R
1J
1B
0:
13
1;
b11101 1
b1111 0
b1001 !
b1001 .
b1001 /
14
07
15
1%
b1 *
b1011000101 )
b1101 &
b1101 +
#710
0S
0L
0K
b11 0
0"
0D
0T
0V
1M
0O
1E
0G
1=
0?
0W
0N
1P
0H
1>
0@
0R
0J
0B
1:
b11 1
b1110 !
b1110 .
b1110 /
05
0%
b11 $
b11 -
b11 (
b0 *
b1011000110 )
b101001 &
b101001 +
#711
1"
1V
1S
1K
b1111 0
1D
0T
1L
1M
0E
1G
0=
1?
17
1W
1N
0P
1H
0>
1@
06
18
1R
1J
1B
0:
03
b11100 1
b1000 !
b1000 .
b1000 /
05
1%
b1 *
b1011000111 )
b1110 &
b1110 +
#712
0S
0L
0K
0D
0G
1E
0C
0"
0T
0V
1M
0O
0<
0W
0N
1P
0?
1=
0R
0J
0;
b100 1
b0 0
b1111 !
b1111 .
b1111 /
04
07
15
0%
b100 $
b100 -
b100 (
b0 *
b1011001000 )
b101000 &
b101000 +
#713
1"
1V
1S
1C
0T
1L
0M
1E
1<
1W
1N
0P
0H
1>
0@
16
08
0?
1=
1R
1J
0B
1:
13
1;
b11011 1
b1011 0
b111 !
b111 .
b111 /
14
07
15
1%
b1 *
b1011001001 )
b1111 &
b1111 +
#714
1O
1S
1K
0"
b1111 0
1D
1T
0V
1L
0M
0E
1G
0=
1?
0W
0N
1P
1H
0>
1@
0R
0J
1B
0:
b101 1
b10000 !
b10000 .
b10000 /
05
0%
b101 $
b101 -
b101 (
b0 *
b1011001010 )
b100111 &
b100111 +
#715
0K
b1011 0
1"
0D
0T
1V
0M
0O
1E
0G
1=
0?
17
1W
1N
0P
0H
1>
0@
06
18
1R
1J
0B
1:
03
b11010 1
b110 !
b110 .
b110 /
05
1%
b1 *
b1011001011 )
b10000 &
b10000 +
#716
1O
1S
1K
0"
1D
1T
0V
1L
0M
0E
1G
0W
0N
1P
1H
0=
0R
0J
1B
0;
b110 1
b1110 0
b10001 !
b10001 .
b10001 /
04
07
15
0%
b110 $
b110 -
b110 (
b0 *
b1011001100 )
b100110 &
b100110 +
#717
0K
1"
0D
0T
1V
0M
0O
1E
0G
1?
1W
1N
0P
0H
0>
1@
16
08
0=
1R
1J
0B
0:
13
1;
b11001 1
b1011 0
b101 !
b101 .
b101 /
14
07
15
1%
b1 *
b1011001101 )
b10001 &
b10001 +
#718
1O
1S
1K
0"
b1111 0
1D
1T
0V
1L
0M
0E
1G
1=
0?
0W
0N
1P
1H
1>
0@
0R
0J
1B
1:
b111 1
b10010 !
b10010 .
b10010 /
05
0%
b111 $
b111 -
b111 (
b0 *
b1011001110 )
b100101 &
b100101 +
#719
0K
b1011 0
1"
0D
0T
1V
0M
0O
1E
0G
0=
1?
17
1W
1N
0P
0H
0>
1@
06
18
1R
1J
0B
0:
03
b11000 1
b100 !
b100 .
b100 /
05
1%
b1 *
b1011001111 )
b10010 &
b10010 +
#720
0E
0C
0"
1T
0V
0<
0W
0?
1=
0R
0;
b1000 1
b1000 0
b10011 !
b10011 .
b10011 /
04
07
15
0%
b1000 $
b1000 -
b1000 (
b0 *
b1011010000 )
b100100 &
b100100 +
#721
1O
1K
1D
1G
1S
1C
1"
0T
1V
1L
0M
0E
1<
1W
0N
1P
1H
1>
0@
16
08
0?
1=
1R
0J
1B
1:
13
1;
b10111 1
b1111 0
b11 !
b11 .
b11 /
14
07
15
1%
b1 *
b1011010001 )
b10011 &
b10011 +
#722
0K
b1011 0
0"
0D
1T
0V
0M
0O
1E
0G
0=
1?
0W
1N
0P
0H
0>
1@
0R
1J
0B
0:
b1001 1
b10100 !
b10100 .
b10100 /
05
0%
b1001 $
b1001 -
b1001 (
b0 *
b1011010010 )
b100011 &
b100011 +
#723
1O
1S
1K
1"
b1111 0
1D
0T
1V
1L
0M
0E
1G
1=
0?
17
1W
0N
1P
1H
1>
0@
06
18
1R
0J
1B
1:
03
b10110 1
b10 !
b10 .
b10 /
05
1%
b1 *
b1011010011 )
b10100 &
b10100 +
#724
0K
0"
0D
1T
0V
0M
0O
1E
0G
0W
1N
0P
0H
0=
0R
1J
0B
0;
b1010 1
b1010 0
b10101 !
b10101 .
b10101 /
04
07
15
0%
b1010 $
b1010 -
b1010 (
b0 *
b1011010100 )
b100010 &
b100010 +
#725
1O
1S
1K
1"
1D
0T
1V
1L
0M
0E
1G
1?
1W
0N
1P
1H
0>
1@
16
08
0=
1R
0J
1B
0:
13
1;
b10101 1
b1111 0
b1 !
b1 .
b1 /
14
07
15
1%
b1 *
b1011010101 )
b10101 &
b10101 +
#726
0K
b1011 0
0"
0D
1T
0V
0M
0O
1E
0G
1=
0?
0W
1N
0P
0H
1>
0@
0R
1J
0B
1:
b1011 1
b10110 !
b10110 .
b10110 /
05
0%
b1011 $
b1011 -
b1011 (
b0 *
b1011010110 )
b100001 &
b100001 +
#727
1O
1S
1K
1"
b1111 0
1D
0T
1V
1L
0M
0E
1G
0=
1?
17
1W
0N
1P
1H
0>
1@
06
18
1R
0J
1B
0:
03
b10100 1
b0 !
b0 .
b0 /
05
1%
b1 *
b1011010111 )
b10110 &
b10110 +
#728
0K
0D
0G
1E
0C
0"
1T
0V
0M
0O
0<
0W
1N
0P
0?
1=
0R
1J
0;
b1100 1
b1000 0
b10111 !
b10111 .
b10111 /
04
07
15
0%
b1100 $
b1100 -
b1100 (
b0 *
b1011011000 )
b100000 &
b100000 +
#729
0S
1C
0"
1T
0V
0L
1M
1E
1<
1W
0N
1P
0H
1>
0@
16
08
0?
1=
1R
0J
0B
1:
13
1;
b10011 1
b11 0
b11111 !
b11111 .
b11111 /
14
07
15
1%
b1 *
b1011011001 )
b10111 &
b10111 +
#730
1S
1K
b1111 0
1D
1T
1L
1M
0E
1G
0=
1?
0W
1N
0P
1H
0>
1@
0R
1J
1B
0:
b1101 1
b11000 !
b11000 .
b11000 /
05
0%
b1101 $
b1101 -
b1101 (
b0 *
b1011011010 )
b11111 &
b11111 +
#731
0S
0L
0K
b11 0
0"
0D
1T
0V
1M
0O
1E
0G
1=
0?
17
1W
0N
1P
0H
1>
0@
06
18
1R
0J
0B
1:
03
b10010 1
b11110 !
b11110 .
b11110 /
05
1%
b1 *
b1011011011 )
b11000 &
b11000 +
#732
1S
1K
1D
1T
1L
1M
0E
1G
0W
1N
0P
1H
0=
0R
1J
1B
0;
b1110 1
b1110 0
b11001 !
b11001 .
b11001 /
04
07
15
0%
b1110 $
b1110 -
b1110 (
b0 *
b1011011100 )
b11110 &
b11110 +
#733
0S
0L
0K
0"
0D
1T
0V
1M
0O
1E
0G
1?
1W
0N
1P
0H
0>
1@
16
08
0=
1R
0J
0B
0:
13
1;
b10001 1
b11 0
b11101 !
b11101 .
b11101 /
14
07
15
1%
b1 *
b1011011101 )
b11001 &
b11001 +
#734
1S
1K
b1111 0
1D
1T
1L
1M
0E
1G
1=
0?
0W
1N
0P
1H
1>
0@
0R
1J
1B
1:
b1111 1
b11010 !
b11010 .
b11010 /
05
0%
b1111 $
b1111 -
b1111 (
b0 *
b1011011110 )
b11101 &
b11101 +
#735
0S
0L
0K
b11 0
0"
0D
1T
0V
1M
0O
1E
0G
0=
1?
17
1W
0N
1P
0H
0>
1@
06
18
1R
0J
0B
0:
03
b10000 1
b11100 !
b11100 .
b11100 /
05
1%
b1 *
b1011011111 )
b11010 &
b11010 +
#736
0E
0C
0<
0?
1=
0;
b0 0
b11011 !
b11011 .
b11011 /
04
07
15
0%
b10000 $
b10000 -
b10000 (
b0 *
b1011100000 )
b11100 &
b11100 +
#737
1K
1D
1G
1S
1C
1T
1L
1M
0E
1<
0W
1N
0P
1H
1>
0@
16
08
0?
1=
0R
1J
1B
1:
13
1;
b1111 1
b1111 0
b11011 !
b11011 .
b11011 /
14
07
15
1%
b1 *
b1011100001 )
b11011 &
b11011 +
#738
0S
0L
0K
b11 0
0"
0D
1T
0V
1M
0O
1E
0G
0=
1?
1W
0N
1P
0H
0>
1@
1R
0J
0B
0:
b10001 1
b11100 !
b11100 .
b11100 /
05
0%
b10001 $
b10001 -
b10001 (
b0 *
b1011100010 )
#739
1S
1K
b1111 0
1D
1T
1L
1M
0E
1G
1=
0?
17
0W
1N
0P
1H
1>
0@
06
18
0R
1J
1B
1:
03
b1110 1
b11010 !
b11010 .
b11010 /
05
1%
b1 *
b1011100011 )
b11100 &
b11100 +
#740
0S
0L
0K
0"
0D
1T
0V
1M
0O
1E
0G
1W
0N
1P
0H
0=
1R
0J
0B
0;
b10010 1
b10 0
b11101 !
b11101 .
b11101 /
04
07
15
0%
b10010 $
b10010 -
b10010 (
b0 *
b1011100100 )
b11010 &
b11010 +
#741
1S
1K
1D
1T
1L
1M
0E
1G
1?
0W
1N
0P
1H
0>
1@
16
08
0=
0R
1J
1B
0:
13
1;
b1101 1
b1111 0
b11001 !
b11001 .
b11001 /
14
07
15
1%
b1 *
b1011100101 )
b11101 &
b11101 +
#742
0S
0L
0K
b11 0
0"
0D
1T
0V
1M
0O
1E
0G
1=
0?
1W
0N
1P
0H
1>
0@
1R
0J
0B
1:
b10011 1
b11110 !
b11110 .
b11110 /
05
0%
b10011 $
b10011 -
b10011 (
b0 *
b1011100110 )
b11001 &
b11001 +
#743
1S
1K
b1111 0
1D
1T
1L
1M
0E
1G
0=
1?
17
0W
1N
0P
1H
0>
1@
06
18
0R
1J
1B
0:
03
b1100 1
b11000 !
b11000 .
b11000 /
05
1%
b1 *
b1011100111 )
b11110 &
b11110 +
#744
0S
0L
0K
0D
0G
1E
0C
0"
1T
0V
1M
0O
0<
1W
0N
1P
0?
1=
1R
0J
0;
b10100 1
b0 0
b11111 !
b11111 .
b11111 /
04
07
15
0%
b10100 $
b10100 -
b10100 (
b0 *
b1011101000 )
b11000 &
b11000 +
#745
1S
1C
1T
1L
0M
1E
1<
0W
1N
0P
0H
1>
0@
16
08
0?
1=
0R
1J
0B
1:
13
1;
b1011 1
b1011 0
b10111 !
b10111 .
b10111 /
14
07
15
1%
b1 *
b1011101001 )
b11111 &
b11111 +
#746
1O
1S
1K
1"
b1111 0
1D
0T
1V
1L
0M
0E
1G
0=
1?
1W
0N
1P
1H
0>
1@
1R
0J
1B
0:
b10101 1
b0 !
b0 .
b0 /
05
0%
b10101 $
b10101 -
b10101 (
b0 *
b1011101010 )
b10111 &
b10111 +
#747
0K
b1011 0
0"
0D
1T
0V
0M
0O
1E
0G
1=
0?
17
0W
1N
0P
0H
1>
0@
06
18
0R
1J
0B
1:
03
b1010 1
b10110 !
b10110 .
b10110 /
05
1%
b1 *
b1011101011 )
b100000 &
b100000 +
#748
1O
1S
1K
1"
1D
0T
1V
1L
0M
0E
1G
1W
0N
1P
1H
0=
1R
0J
1B
0;
b10110 1
b1110 0
b1 !
b1 .
b1 /
04
07
15
0%
b10110 $
b10110 -
b10110 (
b0 *
b1011101100 )
b10110 &
b10110 +
#749
0K
0"
0D
1T
0V
0M
0O
1E
0G
1?
0W
1N
0P
0H
0>
1@
16
08
0=
0R
1J
0B
0:
13
1;
b1001 1
b1011 0
b10101 !
b10101 .
b10101 /
14
07
15
1%
b1 *
b1011101101 )
b100001 &
b100001 +
#750
1O
1S
1K
1"
b1111 0
1D
0T
1V
1L
0M
0E
1G
1=
0?
1W
0N
1P
1H
1>
0@
1R
0J
1B
1:
b10111 1
b10 !
b10 .
b10 /
05
0%
b10111 $
b10111 -
b10111 (
b0 *
b1011101110 )
b10101 &
b10101 +
#751
0K
b1011 0
0"
0D
1T
0V
0M
0O
1E
0G
0=
1?
17
0W
1N
0P
0H
0>
1@
06
18
0R
1J
0B
0:
03
b1000 1
b10100 !
b10100 .
b10100 /
05
1%
b1 *
b1011101111 )
b100010 &
b100010 +
#752
0E
0C
1"
0T
1V
0<
1W
0?
1=
1R
0;
b11000 1
b1000 0
b11 !
b11 .
b11 /
04
07
15
0%
b11000 $
b11000 -
b11000 (
b0 *
b1011110000 )
b10100 &
b10100 +
#753
1O
1K
1D
1G
1S
1C
0"
1T
0V
1L
0M
0E
1<
0W
0N
1P
1H
1>
0@
16
08
0?
1=
0R
0J
1B
1:
13
1;
b111 1
b1111 0
b10011 !
b10011 .
b10011 /
14
07
15
1%
b1 *
b1011110001 )
b100011 &
b100011 +
#754
0K
b1011 0
1"
0D
0T
1V
0M
0O
1E
0G
0=
1?
1W
1N
0P
0H
0>
1@
1R
1J
0B
0:
b11001 1
b100 !
b100 .
b100 /
05
0%
b11001 $
b11001 -
b11001 (
b0 *
b1011110010 )
b10011 &
b10011 +
#755
1O
1S
1K
0"
b1111 0
1D
1T
0V
1L
0M
0E
1G
1=
0?
17
0W
0N
1P
1H
1>
0@
06
18
0R
0J
1B
1:
03
b110 1
b10010 !
b10010 .
b10010 /
05
1%
b1 *
b1011110011 )
b100100 &
b100100 +
#756
0K
1"
0D
0T
1V
0M
0O
1E
0G
1W
1N
0P
0H
0=
1R
1J
0B
0;
b11010 1
b1010 0
b101 !
b101 .
b101 /
04
07
15
0%
b11010 $
b11010 -
b11010 (
b0 *
b1011110100 )
b10010 &
b10010 +
#757
1O
1S
1K
0"
1D
1T
0V
1L
0M
0E
1G
1?
0W
0N
1P
1H
0>
1@
16
08
0=
0R
0J
1B
0:
13
1;
b101 1
b1111 0
b10001 !
b10001 .
b10001 /
14
07
15
1%
b1 *
b1011110101 )
b100101 &
b100101 +
#758
0K
b1011 0
1"
0D
0T
1V
0M
0O
1E
0G
1=
0?
1W
1N
0P
0H
1>
0@
1R
1J
0B
1:
b11011 1
b110 !
b110 .
b110 /
05
0%
b11011 $
b11011 -
b11011 (
b0 *
b1011110110 )
b10001 &
b10001 +
#759
1O
1S
1K
0"
b1111 0
1D
1T
0V
1L
0M
0E
1G
0=
1?
17
0W
0N
1P
1H
0>
1@
06
18
0R
0J
1B
0:
03
b100 1
b10000 !
b10000 .
b10000 /
05
1%
b1 *
b1011110111 )
b100110 &
b100110 +
#760
0K
0D
0G
1E
0C
1"
0T
1V
0M
0O
0<
1W
1N
0P
0?
1=
1R
1J
0;
b11100 1
b1000 0
b111 !
b111 .
b111 /
04
07
15
0%
b11100 $
b11100 -
b11100 (
b0 *
b1011111000 )
b10000 &
b10000 +
#761
0S
1C
0"
0T
0V
0L
1M
1E
1<
0W
0N
1P
0H
1>
0@
16
08
0?
1=
0R
0J
0B
1:
13
1;
b11 1
b11 0
b1111 !
b1111 .
b1111 /
14
07
15
1%
b1 *
b1011111001 )
b100111 &
b100111 +
#762
1"
1V
1S
1K
b1111 0
1D
0T
1L
1M
0E
1G
0=
1?
1W
1N
0P
1H
0>
1@
1R
1J
1B
0:
b11101 1
b1000 !
b1000 .
b1000 /
05
0%
b11101 $
b11101 -
b11101 (
b0 *
b1011111010 )
b1111 &
b1111 +
#763
0S
0L
0K
b11 0
0"
0D
0T
0V
1M
0O
1E
0G
1=
0?
17
0W
0N
1P
0H
1>
0@
06
18
0R
0J
0B
1:
03
b10 1
b1110 !
b1110 .
b1110 /
05
1%
b1 *
b1011111011 )
b101000 &
b101000 +
#764
1"
1V
1S
1K
1D
0T
1L
1M
0E
1G
1W
1N
0P
1H
0=
1R
1J
1B
0;
b11110 1
b1110 0
b1001 !
b1001 .
b1001 /
04
07
15
0%
b11110 $
b11110 -
b11110 (
b0 *
b1011111100 )
b1110 &
b1110 +
#765
0S
0L
0K
0"
0D
0T
0V
1M
0O
1E
0G
1?
0W
0N
1P
0H
0>
1@
16
08
0=
0R
0J
0B
0:
13
1;
b1 1
b11 0
b1101 !
b1101 .
b1101 /
14
07
15
1%
b1 *
b1011111101 )
b101001 &
b101001 +
#766
1"
1V
1S
1K
b1111 0
1D
0T
1L
1M
0E
1G
1=
0?
1W
1N
0P
1H
1>
0@
1R
1J
1B
1:
b11111 1
b1010 !
b1010 .
b1010 /
05
0%
b11111 $
b11111 -
b11111 (
b0 *
b1011111110 )
b1101 &
b1101 +
#767
0S
0L
0K
b11 0
0"
0D
0T
0V
1M
0O
1E
0G
0=
1?
17
0W
0N
1P
0H
0>
1@
06
18
0R
0J
0B
0:
03
b0 1
b1100 !
b1100 .
b1100 /
05
1%
b1 *
b1011111111 )
b101010 &
b101010 +
#768
0T
0S
0L
0O
1M
0K
0C
0;
0<
0D
b0 0
b1100 !
b1100 .
b1100 /
0=
0?
1E
0G
04
08
0@
1H
07
05
02
09
1A
0%
b0 $
b0 -
b1100 #
b1100 ,
b1100 '
b0 (
b0 *
b1100000000 )
b1100 &
b1100 +
#769
1C
1"
1<
1V
1?
1S
1K
1;
b1111 0
14
0T
1L
1M
1D
1E
0=
17
1W
1N
0P
1F
0H
1@
18
1R
1J
1B
1:
13
b11111 1
b1100 !
b1100 .
b1100 /
05
1%
b1 *
b1100000001 )
#770
0S
0L
0K
0D
0C
0"
0T
0V
1M
0O
1E
0G
0<
0W
0N
1P
0F
1H
0@
0?
0=
0R
0J
0B
0:
0;
b1 1
b0 0
b1101 !
b1101 .
b1101 /
04
07
15
0%
b1 $
b1 -
b1 (
b0 *
b1100000010 )
b101100 &
b101100 +
#771
1"
1V
1S
1K
0C
0<
0T
1L
1M
1D
0E
0?
1W
1N
0P
1F
0H
1@
08
1=
1R
1J
1B
1:
03
0;
b11110 1
b1100 0
b1011 !
b1011 .
b1011 /
04
07
15
1%
b1 *
b1100000011 )
b1101 &
b1101 +
#772
0S
0L
0K
0"
b0 0
0T
0V
1M
0O
0D
1E
0W
0N
1P
0F
1H
0R
0J
0B
b10 1
b1110 !
b1110 .
b1110 /
05
0%
b10 $
b10 -
b10 (
b0 *
b1100000100 )
b101011 &
b101011 +
#773
1"
1V
1S
1K
1;
b1101 0
14
0T
1L
1M
1D
0E
1=
17
1W
1N
0P
1F
0H
0@
18
1R
1J
1B
0:
13
b11101 1
b1010 !
b1010 .
b1010 /
05
1%
b1 *
b1100000101 )
b1110 &
b1110 +
#774
0S
0L
0K
0"
0T
0V
1M
0O
0D
1E
0W
0N
1P
0F
1H
1@
1=
0R
0J
0B
1:
0;
b11 1
b0 0
b1111 !
b1111 .
b1111 /
04
07
15
0%
b11 $
b11 -
b11 (
b0 *
b1100000110 )
b101010 &
b101010 +
#775
1"
1V
1S
1K
0C
0T
1L
1M
1D
0E
0<
1W
1N
0P
1F
0H
0@
08
0?
0=
1R
1J
1B
0:
03
0;
b11100 1
b1100 0
b1001 !
b1001 .
b1001 /
04
07
15
1%
b1 *
b1100000111 )
b1111 &
b1111 +
#776
0"
1T
0V
0M
1O
0W
0N
1P
0R
0J
b100 1
b10000 !
b10000 .
b10000 /
05
0%
b100 $
b100 -
b100 (
b0 *
b1100001000 )
b101001 &
b101001 +
#777
1G
1C
1<
1?
1K
1;
1"
b1111 0
14
0T
1V
1M
0O
1D
0E
0=
17
1W
1N
0P
0F
1H
1@
18
1R
1J
0B
1:
13
b11011 1
b1000 !
b1000 .
b1000 /
05
1%
b1 *
b1100001001 )
b10000 &
b10000 +
#778
0C
0"
1T
0V
0M
1O
0E
0G
0<
0W
0N
1P
1F
0H
0@
0?
0=
0R
0J
1B
0:
0;
b101 1
b1100 0
b10001 !
b10001 .
b10001 /
04
07
15
0%
b101 $
b101 -
b101 (
b0 *
b1100001010 )
b101000 &
b101000 +
#779
0G
0K
0C
1"
0<
0T
1V
0M
0O
0D
1E
0?
1W
1N
0P
0F
1H
1@
08
1=
1R
1J
0B
1:
03
0;
b11010 1
b1000 0
b111 !
b111 .
b111 /
04
07
15
1%
b1 *
b1100001011 )
b10001 &
b10001 +
#780
1O
1S
1K
0"
b1100 0
1T
0V
1L
0M
1D
0E
0W
0N
1P
1F
0H
0R
0J
1B
b110 1
b10010 !
b10010 .
b10010 /
05
0%
b110 $
b110 -
b110 (
b0 *
b1100001100 )
b100111 &
b100111 +
#781
0K
1;
1"
b1001 0
14
0T
1V
0M
0O
0D
1E
1=
17
1W
1N
0P
0F
1H
0@
18
1R
1J
0B
0:
13
b11001 1
b110 !
b110 .
b110 /
05
1%
b1 *
b1100001101 )
b10010 &
b10010 +
#782
1O
1S
1K
0"
1T
0V
1L
0M
1D
0E
0W
0N
1P
1F
0H
1@
1=
0R
0J
1B
1:
0;
b111 1
b1100 0
b10011 !
b10011 .
b10011 /
04
07
15
0%
b111 $
b111 -
b111 (
b0 *
b1100001110 )
b100110 &
b100110 +
#783
0G
0K
0C
1"
0T
1V
0M
0O
0D
1E
0<
1W
1N
0P
0F
1H
0@
08
0?
0=
1R
1J
0B
0:
03
0;
b11000 1
b1000 0
b101 !
b101 .
b101 /
04
07
15
1%
b1 *
b1100001111 )
b10011 &
b10011 +
#784
0"
1T
0V
0W
0R
b1000 1
b10100 !
b10100 .
b10100 /
05
0%
b1000 $
b1000 -
b1000 (
b0 *
b1100010000 )
b100101 &
b100101 +
#785
1C
1<
1O
1?
1S
1K
1;
1"
b1111 0
14
0T
1V
1L
0M
1D
1E
0=
17
1W
0N
1P
1F
0H
1@
18
1R
0J
1B
1:
13
b10111 1
b100 !
b100 .
b100 /
05
1%
b1 *
b1100010001 )
b10100 &
b10100 +
#786
0K
0D
0C
0"
1T
0V
0M
0O
1E
0G
0<
0W
1N
0P
0F
1H
0@
0?
0=
0R
1J
0B
0:
0;
b1001 1
b1000 0
b10101 !
b10101 .
b10101 /
04
07
15
0%
b1001 $
b1001 -
b1001 (
b0 *
b1100010010 )
b100100 &
b100100 +
#787
1O
1S
1K
0C
1"
0<
0T
1V
1L
0M
1D
0E
0?
1W
0N
1P
1F
0H
1@
08
1=
1R
0J
1B
1:
03
0;
b10110 1
b1100 0
b11 !
b11 .
b11 /
04
07
15
1%
b1 *
b1100010011 )
b10101 &
b10101 +
#788
0K
0"
b1000 0
1T
0V
0M
0O
0D
1E
0W
1N
0P
0F
1H
0R
1J
0B
b1010 1
b10110 !
b10110 .
b10110 /
05
0%
b1010 $
b1010 -
b1010 (
b0 *
b1100010100 )
b100011 &
b100011 +
#789
1O
1S
1K
1;
1"
b1101 0
14
0T
1V
1L
0M
1D
0E
1=
17
1W
0N
1P
1F
0H
0@
18
1R
0J
1B
0:
13
b10101 1
b10 !
b10 .
b10 /
05
1%
b1 *
b1100010101 )
b10110 &
b10110 +
#790
0K
0"
1T
0V
0M
0O
0D
1E
0W
1N
0P
0F
1H
1@
1=
0R
1J
0B
1:
0;
b1011 1
b1000 0
b10111 !
b10111 .
b10111 /
04
07
15
0%
b1011 $
b1011 -
b1011 (
b0 *
b1100010110 )
b100010 &
b100010 +
#791
1O
1S
1K
0C
1"
0T
1V
1L
0M
1D
0E
0<
1W
0N
1P
1F
0H
0@
08
0?
0=
1R
0J
1B
0:
03
0;
b10100 1
b1100 0
b1 !
b1 .
b1 /
04
07
15
1%
b1 *
b1100010111 )
b10111 &
b10111 +
#792
0"
1T
0V
1M
0O
0W
1N
0P
0R
1J
b1100 1
b11000 !
b11000 .
b11000 /
05
0%
b1100 $
b1100 -
b1100 (
b0 *
b1100011000 )
b100001 &
b100001 +
#793
1G
1S
1C
1L
1<
1?
1K
1;
1"
b1111 0
14
0T
1V
0M
1O
1D
0E
0=
17
1W
0N
1P
0F
1H
1@
18
1R
0J
0B
1:
13
b10011 1
b0 !
b0 .
b0 /
05
1%
b1 *
b1100011001 )
b11000 &
b11000 +
#794
0C
0"
1T
0V
1M
0O
0E
0G
0<
0W
1N
0P
1F
0H
0@
0?
0=
0R
1J
1B
0:
0;
b1101 1
b1100 0
b11001 !
b11001 .
b11001 /
04
07
15
0%
b1101 $
b1101 -
b1101 (
b0 *
b1100011010 )
b100000 &
b100000 +
#795
0S
0L
0G
0K
0C
0"
0<
1T
0V
1M
0O
0D
1E
0?
1W
0N
1P
0F
1H
1@
08
1=
1R
0J
0B
1:
03
0;
b10010 1
b0 0
b11111 !
b11111 .
b11111 /
04
07
15
1%
b1 *
b1100011011 )
b11001 &
b11001 +
#796
1S
1K
b1100 0
1T
1L
1M
1D
0E
0W
1N
0P
1F
0H
0R
1J
1B
b1110 1
b11010 !
b11010 .
b11010 /
05
0%
b1110 $
b1110 -
b1110 (
b0 *
b1100011100 )
b11111 &
b11111 +
#797
0S
0L
0K
1;
0"
b1 0
14
1T
0V
1M
0O
0D
1E
1=
17
1W
0N
1P
0F
1H
0@
18
1R
0J
0B
0:
13
b10001 1
b11110 !
b11110 .
b11110 /
05
1%
b1 *
b1100011101 )
b11010 &
b11010 +
#798
1S
1K
1T
1L
1M
1D
0E
0W
1N
0P
1F
0H
1@
1=
0R
1J
1B
1:
0;
b1111 1
b1100 0
b11011 !
b11011 .
b11011 /
04
07
15
0%
b1111 $
b1111 -
b1111 (
b0 *
b1100011110 )
b11110 &
b11110 +
#799
0S
0L
0G
0K
0C
0"
1T
0V
1M
0O
0D
1E
0<
1W
0N
1P
0F
1H
0@
08
0?
0=
1R
0J
0B
0:
03
0;
b10000 1
b0 0
b11101 !
b11101 .
b11101 /
04
07
15
1%
b1 *
b1100011111 )
b11011 &
b11011 +
#800
b11100 !
b11100 .
b11100 /
05
0%
b10000 $
b10000 -
b10000 (
b0 *
b1100100000 )
b11101 &
b11101 +
#801
1C
1<
1?
1S
1K
1;
b1111 0
14
1T
1L
1M
1D
1E
0=
17
0W
1N
0P
1F
0H
1@
18
0R
1J
1B
1:
13
b1111 1
b11100 !
b11100 .
b11100 /
05
1%
b1 *
b1100100001 )
b11100 &
b11100 +
#802
0S
0L
0K
0D
0C
0"
1T
0V
1M
0O
1E
0G
0<
1W
0N
1P
0F
1H
0@
0?
0=
1R
0J
0B
0:
0;
b10001 1
b0 0
b11101 !
b11101 .
b11101 /
04
07
15
0%
b10001 $
b10001 -
b10001 (
b0 *
b1100100010 )
#803
1S
1K
0C
0<
1T
1L
1M
1D
0E
0?
0W
1N
0P
1F
0H
1@
08
1=
0R
1J
1B
1:
03
0;
b1110 1
b1100 0
b11011 !
b11011 .
b11011 /
04
07
15
1%
b1 *
b1100100011 )
b11101 &
b11101 +
#804
0S
0L
0K
0"
b0 0
1T
0V
1M
0O
0D
1E
1W
0N
1P
0F
1H
1R
0J
0B
b10010 1
b11110 !
b11110 .
b11110 /
05
0%
b10010 $
b10010 -
b10010 (
b0 *
b1100100100 )
b11011 &
b11011 +
#805
1S
1K
1;
b1101 0
14
1T
1L
1M
1D
0E
1=
17
0W
1N
0P
1F
0H
0@
18
0R
1J
1B
0:
13
b1101 1
b11010 !
b11010 .
b11010 /
05
1%
b1 *
b1100100101 )
b11110 &
b11110 +
#806
0S
0L
0K
0"
1T
0V
1M
0O
0D
1E
1W
0N
1P
0F
1H
1@
1=
1R
0J
0B
1:
0;
b10011 1
b0 0
b11111 !
b11111 .
b11111 /
04
07
15
0%
b10011 $
b10011 -
b10011 (
b0 *
b1100100110 )
b11010 &
b11010 +
#807
1S
1K
0C
1T
1L
1M
1D
0E
0<
0W
1N
0P
1F
0H
0@
08
0?
0=
0R
1J
1B
0:
03
0;
b1100 1
b1100 0
b11001 !
b11001 .
b11001 /
04
07
15
1%
b1 *
b1100100111 )
b11111 &
b11111 +
#808
1"
0T
1V
0M
1O
1W
0N
1P
1R
0J
b10100 1
b0 !
b0 .
b0 /
05
0%
b10100 $
b10100 -
b10100 (
b0 *
b1100101000 )
b11001 &
b11001 +
#809
1G
1C
1<
1?
1K
1;
0"
b1111 0
14
1T
0V
1M
0O
1D
0E
0=
17
0W
1N
0P
0F
1H
1@
18
0R
1J
0B
1:
13
b1011 1
b11000 !
b11000 .
b11000 /
05
1%
b1 *
b1100101001 )
b100000 &
b100000 +
#810
0C
1"
0T
1V
0M
1O
0E
0G
0<
1W
0N
1P
1F
0H
0@
0?
0=
1R
0J
1B
0:
0;
b10101 1
b1100 0
b1 !
b1 .
b1 /
04
07
15
0%
b10101 $
b10101 -
b10101 (
b0 *
b1100101010 )
b11000 &
b11000 +
#811
0G
0K
0C
0"
0<
1T
0V
0M
0O
0D
1E
0?
0W
1N
0P
0F
1H
1@
08
1=
0R
1J
0B
1:
03
0;
b1010 1
b1000 0
b10111 !
b10111 .
b10111 /
04
07
15
1%
b1 *
b1100101011 )
b100001 &
b100001 +
#812
1O
1S
1K
1"
b1100 0
0T
1V
1L
0M
1D
0E
1W
0N
1P
1F
0H
1R
0J
1B
b10110 1
b10 !
b10 .
b10 /
05
0%
b10110 $
b10110 -
b10110 (
b0 *
b1100101100 )
b10111 &
b10111 +
#813
0K
1;
0"
b1001 0
14
1T
0V
0M
0O
0D
1E
1=
17
0W
1N
0P
0F
1H
0@
18
0R
1J
0B
0:
13
b1001 1
b10110 !
b10110 .
b10110 /
05
1%
b1 *
b1100101101 )
b100010 &
b100010 +
#814
1O
1S
1K
1"
0T
1V
1L
0M
1D
0E
1W
0N
1P
1F
0H
1@
1=
1R
0J
1B
1:
0;
b10111 1
b1100 0
b11 !
b11 .
b11 /
04
07
15
0%
b10111 $
b10111 -
b10111 (
b0 *
b1100101110 )
b10110 &
b10110 +
#815
0G
0K
0C
0"
1T
0V
0M
0O
0D
1E
0<
0W
1N
0P
0F
1H
0@
08
0?
0=
0R
1J
0B
0:
03
0;
b1000 1
b1000 0
b10101 !
b10101 .
b10101 /
04
07
15
1%
b1 *
b1100101111 )
b100011 &
b100011 +
#816
1"
0T
1V
1W
1R
b11000 1
b100 !
b100 .
b100 /
05
0%
b11000 $
b11000 -
b11000 (
b0 *
b1100110000 )
b10101 &
b10101 +
#817
1C
1<
1O
1?
1S
1K
1;
0"
b1111 0
14
1T
0V
1L
0M
1D
1E
0=
17
0W
0N
1P
1F
0H
1@
18
0R
0J
1B
1:
13
b111 1
b10100 !
b10100 .
b10100 /
05
1%
b1 *
b1100110001 )
b100100 &
b100100 +
#818
0K
0D
0C
1"
0T
1V
0M
0O
1E
0G
0<
1W
1N
0P
0F
1H
0@
0?
0=
1R
1J
0B
0:
0;
b11001 1
b1000 0
b101 !
b101 .
b101 /
04
07
15
0%
b11001 $
b11001 -
b11001 (
b0 *
b1100110010 )
b10100 &
b10100 +
#819
1O
1S
1K
0C
0"
0<
1T
0V
1L
0M
1D
0E
0?
0W
0N
1P
1F
0H
1@
08
1=
0R
0J
1B
1:
03
0;
b110 1
b1100 0
b10011 !
b10011 .
b10011 /
04
07
15
1%
b1 *
b1100110011 )
b100101 &
b100101 +
#820
0K
1"
b1000 0
0T
1V
0M
0O
0D
1E
1W
1N
0P
0F
1H
1R
1J
0B
b11010 1
b110 !
b110 .
b110 /
05
0%
b11010 $
b11010 -
b11010 (
b0 *
b1100110100 )
b10011 &
b10011 +
#821
1O
1S
1K
1;
0"
b1101 0
14
1T
0V
1L
0M
1D
0E
1=
17
0W
0N
1P
1F
0H
0@
18
0R
0J
1B
0:
13
b101 1
b10010 !
b10010 .
b10010 /
05
1%
b1 *
b1100110101 )
b100110 &
b100110 +
#822
0K
1"
0T
1V
0M
0O
0D
1E
1W
1N
0P
0F
1H
1@
1=
1R
1J
0B
1:
0;
b11011 1
b1000 0
b111 !
b111 .
b111 /
04
07
15
0%
b11011 $
b11011 -
b11011 (
b0 *
b1100110110 )
b10010 &
b10010 +
#823
1O
1S
1K
0C
0"
1T
0V
1L
0M
1D
0E
0<
0W
0N
1P
1F
0H
0@
08
0?
0=
0R
0J
1B
0:
03
0;
b100 1
b1100 0
b10001 !
b10001 .
b10001 /
04
07
15
1%
b1 *
b1100110111 )
b100111 &
b100111 +
#824
1"
0T
1V
1M
0O
1W
1N
0P
1R
1J
b11100 1
b1000 !
b1000 .
b1000 /
05
0%
b11100 $
b11100 -
b11100 (
b0 *
b1100111000 )
b10001 &
b10001 +
#825
1G
1S
1C
1L
1<
1?
1K
1;
0"
b1111 0
14
1T
0V
0M
1O
1D
0E
0=
17
0W
0N
1P
0F
1H
1@
18
0R
0J
0B
1:
13
b11 1
b10000 !
b10000 .
b10000 /
05
1%
b1 *
b1100111001 )
b101000 &
b101000 +
#826
0C
1"
0T
1V
1M
0O
0E
0G
0<
1W
1N
0P
1F
0H
0@
0?
0=
1R
1J
1B
0:
0;
b11101 1
b1100 0
b1001 !
b1001 .
b1001 /
04
07
15
0%
b11101 $
b11101 -
b11101 (
b0 *
b1100111010 )
b10000 &
b10000 +
#827
0S
0L
0G
0K
0C
0"
0<
0T
0V
1M
0O
0D
1E
0?
0W
0N
1P
0F
1H
1@
08
1=
0R
0J
0B
1:
03
0;
b10 1
b0 0
b1111 !
b1111 .
b1111 /
04
07
15
1%
b1 *
b1100111011 )
b101001 &
b101001 +
#828
1"
1V
1S
1K
b1100 0
0T
1L
1M
1D
0E
1W
1N
0P
1F
0H
1R
1J
1B
b11110 1
b1010 !
b1010 .
b1010 /
05
0%
b11110 $
b11110 -
b11110 (
b0 *
b1100111100 )
b1111 &
b1111 +
#829
0S
0L
0K
1;
0"
b1 0
14
0T
0V
1M
0O
0D
1E
1=
17
0W
0N
1P
0F
1H
0@
18
0R
0J
0B
0:
13
b1 1
b1110 !
b1110 .
b1110 /
05
1%
b1 *
b1100111101 )
b101010 &
b101010 +
#830
1"
1V
1S
1K
0T
1L
1M
1D
0E
1W
1N
0P
1F
0H
1@
1=
1R
1J
1B
1:
0;
b11111 1
b1100 0
b1011 !
b1011 .
b1011 /
04
07
15
0%
b11111 $
b11111 -
b11111 (
b0 *
b1100111110 )
b1110 &
b1110 +
#831
0S
0L
0G
0K
0C
0"
0T
0V
1M
0O
0D
1E
0<
0W
0N
1P
0F
1H
0@
08
0?
0=
0R
0J
0B
0:
03
0;
b0 1
b0 0
b1101 !
b1101 .
b1101 /
04
07
15
1%
b1 *
b1100111111 )
b101011 &
b101011 +
#832
b1101 !
b1101 .
b1101 /
18
15
12
0%
b0 $
b0 -
b1101 #
b1101 ,
b1101 '
b0 (
b0 *
b1101000000 )
b1101 &
b1101 +
#833
1"
1V
1S
1K
1C
1<
0T
1L
1M
1D
1E
1?
1W
1N
0P
1F
0H
1@
16
08
0=
1R
1J
1B
1:
13
1;
b11111 1
b1111 0
b1101 !
b1101 .
b1101 /
14
07
15
1%
b1 *
b1101000001 )
#834
0S
0L
0K
0D
0C
b1 0
0"
0<
0T
0V
1M
0O
1E
0G
1=
0?
0W
0N
1P
0F
1H
0@
0R
0J
0B
0:
b1 1
b1110 !
b1110 .
b1110 /
05
0%
b1 $
b1 -
b1 (
b0 *
b1101000010 )
b101101 &
b101101 +
#835
1"
1V
1S
1K
1C
b1111 0
1<
0T
1L
1M
1D
1E
0=
1?
17
1W
1N
0P
1F
0H
1@
06
18
1R
1J
1B
1:
03
b11110 1
b1100 !
b1100 .
b1100 /
05
1%
b1 *
b1101000011 )
b1110 &
b1110 +
#836
0S
0L
0K
0D
0C
0"
0T
0V
1M
0O
1E
0G
0<
0W
0N
1P
0F
1H
0?
1=
0R
0J
0B
0;
b10 1
b0 0
b1111 !
b1111 .
b1111 /
04
07
15
0%
b10 $
b10 -
b10 (
b0 *
b1101000100 )
b101100 &
b101100 +
#837
1"
1V
1S
1K
0C
0T
1L
1M
1D
0E
0<
1W
1N
0P
1F
0H
0@
16
08
0?
1=
1R
1J
1B
0:
13
1;
b11101 1
b1101 0
b1011 !
b1011 .
b1011 /
14
07
15
1%
b1 *
b1101000101 )
b1111 &
b1111 +
#838
1S
1L
1G
1K
1C
0"
b1111 0
1<
1T
0V
0M
1O
1D
0E
0=
1?
0W
0N
1P
0F
1H
1@
0R
0J
0B
1:
b11 1
b10000 !
b10000 .
b10000 /
05
0%
b11 $
b11 -
b11 (
b0 *
b1101000110 )
b101011 &
b101011 +
#839
0C
b1101 0
1"
0<
0T
1V
1M
0O
0E
0G
1=
0?
17
1W
1N
0P
1F
0H
0@
06
18
1R
1J
1B
0:
03
b11100 1
b1010 !
b1010 .
b1010 /
05
1%
b1 *
b1101000111 )
b10000 &
b10000 +
#840
0"
1T
0V
0M
1O
0W
0N
1P
0=
0R
0J
0;
b100 1
b1100 0
b10001 !
b10001 .
b10001 /
04
07
15
0%
b100 $
b100 -
b100 (
b0 *
b1101001000 )
b101010 &
b101010 +
#841
1G
1K
1C
1"
1<
0T
1V
1M
0O
1D
0E
1?
1W
1N
0P
0F
1H
1@
16
08
0=
1R
1J
0B
1:
13
1;
b11011 1
b1111 0
b1001 !
b1001 .
b1001 /
14
07
15
1%
b1 *
b1101001001 )
b10001 &
b10001 +
#842
0C
b1101 0
0"
0<
1T
0V
0M
1O
0E
0G
1=
0?
0W
0N
1P
1F
0H
0@
0R
0J
1B
0:
b101 1
b10010 !
b10010 .
b10010 /
05
0%
b101 $
b101 -
b101 (
b0 *
b1101001010 )
b101001 &
b101001 +
#843
1G
1K
1C
1"
b1111 0
1<
0T
1V
1M
0O
1D
0E
0=
1?
17
1W
1N
0P
0F
1H
1@
06
18
1R
1J
0B
1:
03
b11010 1
b1000 !
b1000 .
b1000 /
05
1%
b1 *
b1101001011 )
b10010 &
b10010 +
#844
0C
0"
1T
0V
0M
1O
0E
0G
0<
0W
0N
1P
1F
0H
0?
1=
0R
0J
1B
0;
b110 1
b1100 0
b10011 !
b10011 .
b10011 /
04
07
15
0%
b110 $
b110 -
b110 (
b0 *
b1101001100 )
b101000 &
b101000 +
#845
0G
0K
0C
1"
0T
1V
0M
0O
0D
1E
0<
1W
1N
0P
0F
1H
0@
16
08
0?
1=
1R
1J
0B
0:
13
1;
b11001 1
b1001 0
b111 !
b111 .
b111 /
14
07
15
1%
b1 *
b1101001101 )
b10011 &
b10011 +
#846
1O
1S
1K
1C
0"
b1111 0
1<
1T
0V
1L
0M
1D
1E
0=
1?
0W
0N
1P
1F
0H
1@
0R
0J
1B
1:
b111 1
b10100 !
b10100 .
b10100 /
05
0%
b111 $
b111 -
b111 (
b0 *
b1101001110 )
b100111 &
b100111 +
#847
0K
0D
0C
b1001 0
1"
0<
0T
1V
0M
0O
1E
0G
1=
0?
17
1W
1N
0P
0F
1H
0@
06
18
1R
1J
0B
0:
03
b11000 1
b110 !
b110 .
b110 /
05
1%
b1 *
b1101001111 )
b10100 &
b10100 +
#848
0"
1T
0V
0W
0=
0R
0;
b1000 1
b1000 0
b10101 !
b10101 .
b10101 /
04
07
15
0%
b1000 $
b1000 -
b1000 (
b0 *
b1101010000 )
b100110 &
b100110 +
#849
1O
1S
1K
1C
1"
1<
0T
1V
1L
0M
1D
1E
1?
1W
0N
1P
1F
0H
1@
16
08
0=
1R
0J
1B
1:
13
1;
b10111 1
b1111 0
b101 !
b101 .
b101 /
14
07
15
1%
b1 *
b1101010001 )
b10101 &
b10101 +
#850
0K
0D
0C
b1001 0
0"
0<
1T
0V
0M
0O
1E
0G
1=
0?
0W
1N
0P
0F
1H
0@
0R
1J
0B
0:
b1001 1
b10110 !
b10110 .
b10110 /
05
0%
b1001 $
b1001 -
b1001 (
b0 *
b1101010010 )
b100101 &
b100101 +
#851
1O
1S
1K
1C
1"
b1111 0
1<
0T
1V
1L
0M
1D
1E
0=
1?
17
1W
0N
1P
1F
0H
1@
06
18
1R
0J
1B
1:
03
b10110 1
b100 !
b100 .
b100 /
05
1%
b1 *
b1101010011 )
b10110 &
b10110 +
#852
0K
0D
0C
0"
1T
0V
0M
0O
1E
0G
0<
0W
1N
0P
0F
1H
0?
1=
0R
1J
0B
0;
b1010 1
b1000 0
b10111 !
b10111 .
b10111 /
04
07
15
0%
b1010 $
b1010 -
b1010 (
b0 *
b1101010100 )
b100100 &
b100100 +
#853
1O
1S
1K
0C
1"
0T
1V
1L
0M
1D
0E
0<
1W
0N
1P
1F
0H
0@
16
08
0?
1=
1R
0J
1B
0:
13
1;
b10101 1
b1101 0
b11 !
b11 .
b11 /
14
07
15
1%
b1 *
b1101010101 )
b10111 &
b10111 +
#854
1G
1K
1C
0"
b1111 0
1<
1T
0V
1M
0O
1D
0E
0=
1?
0W
1N
0P
0F
1H
1@
0R
1J
0B
1:
b1011 1
b11000 !
b11000 .
b11000 /
05
0%
b1011 $
b1011 -
b1011 (
b0 *
b1101010110 )
b100011 &
b100011 +
#855
0C
b1101 0
1"
0<
0T
1V
0M
1O
0E
0G
1=
0?
17
1W
0N
1P
1F
0H
0@
06
18
1R
0J
1B
0:
03
b10100 1
b10 !
b10 .
b10 /
05
1%
b1 *
b1101010111 )
b11000 &
b11000 +
#856
0"
1T
0V
1M
0O
0W
1N
0P
0=
0R
1J
0;
b1100 1
b1100 0
b11001 !
b11001 .
b11001 /
04
07
15
0%
b1100 $
b1100 -
b1100 (
b0 *
b1101011000 )
b100010 &
b100010 +
#857
1S
1L
1G
1K
1C
1"
1<
0T
1V
0M
1O
1D
0E
1?
1W
0N
1P
0F
1H
1@
16
08
0=
1R
0J
0B
1:
13
1;
b10011 1
b1111 0
b1 !
b1 .
b1 /
14
07
15
1%
b1 *
b1101011001 )
b11001 &
b11001 +
#858
0C
b1101 0
0"
0<
1T
0V
1M
0O
0E
0G
1=
0?
0W
1N
0P
1F
0H
0@
0R
1J
1B
0:
b1101 1
b11010 !
b11010 .
b11010 /
05
0%
b1101 $
b1101 -
b1101 (
b0 *
b1101011010 )
b100001 &
b100001 +
#859
1S
1L
1G
1K
1C
1"
b1111 0
1<
0T
1V
0M
1O
1D
0E
0=
1?
17
1W
0N
1P
0F
1H
1@
06
18
1R
0J
0B
1:
03
b10010 1
b0 !
b0 .
b0 /
05
1%
b1 *
b1101011011 )
b11010 &
b11010 +
#860
0C
0"
1T
0V
1M
0O
0E
0G
0<
0W
1N
0P
1F
0H
0?
1=
0R
1J
1B
0;
b1110 1
b1100 0
b11011 !
b11011 .
b11011 /
04
07
15
0%
b1110 $
b1110 -
b1110 (
b0 *
b1101011100 )
b100000 &
b100000 +
#861
0S
0L
0G
0K
0C
0"
1T
0V
1M
0O
0D
1E
0<
1W
0N
1P
0F
1H
0@
16
08
0?
1=
1R
0J
0B
0:
13
1;
b10001 1
b1 0
b11111 !
b11111 .
b11111 /
14
07
15
1%
b1 *
b1101011101 )
b11011 &
b11011 +
#862
1S
1K
1C
b1111 0
1<
1T
1L
1M
1D
1E
0=
1?
0W
1N
0P
1F
0H
1@
0R
1J
1B
1:
b1111 1
b11100 !
b11100 .
b11100 /
05
0%
b1111 $
b1111 -
b1111 (
b0 *
b1101011110 )
b11111 &
b11111 +
#863
0S
0L
0K
0D
0C
b1 0
0"
0<
1T
0V
1M
0O
1E
0G
1=
0?
17
1W
0N
1P
0F
1H
0@
06
18
1R
0J
0B
0:
03
b10000 1
b11110 !
b11110 .
b11110 /
05
1%
b1 *
b1101011111 )
b11100 &
b11100 +
#864
0=
0;
b0 0
b11101 !
b11101 .
b11101 /
04
07
15
0%
b10000 $
b10000 -
b10000 (
b0 *
b1101100000 )
b11110 &
b11110 +
#865
1S
1K
1C
1<
1T
1L
1M
1D
1E
1?
0W
1N
0P
1F
0H
1@
16
08
0=
0R
1J
1B
1:
13
1;
b1111 1
b1111 0
b11101 !
b11101 .
b11101 /
14
07
15
1%
b1 *
b1101100001 )
b11101 &
b11101 +
#866
0S
0L
0K
0D
0C
b1 0
0"
0<
1T
0V
1M
0O
1E
0G
1=
0?
1W
0N
1P
0F
1H
0@
1R
0J
0B
0:
b10001 1
b11110 !
b11110 .
b11110 /
05
0%
b10001 $
b10001 -
b10001 (
b0 *
b1101100010 )
#867
1S
1K
1C
b1111 0
1<
1T
1L
1M
1D
1E
0=
1?
17
0W
1N
0P
1F
0H
1@
06
18
0R
1J
1B
1:
03
b1110 1
b11100 !
b11100 .
b11100 /
05
1%
b1 *
b1101100011 )
b11110 &
b11110 +
#868
0S
0L
0K
0D
0C
0"
1T
0V
1M
0O
1E
0G
0<
1W
0N
1P
0F
1H
0?
1=
1R
0J
0B
0;
b10010 1
b0 0
b11111 !
b11111 .
b11111 /
04
07
15
0%
b10010 $
b10010 -
b10010 (
b0 *
b1101100100 )
b11100 &
b11100 +
#869
1S
1K
0C
1T
1L
1M
1D
0E
0<
0W
1N
0P
1F
0H
0@
16
08
0?
1=
0R
1J
1B
0:
13
1;
b1101 1
b1101 0
b11011 !
b11011 .
b11011 /
14
07
15
1%
b1 *
b1101100101 )
b11111 &
b11111 +
#870
1S
1L
1G
1K
1C
1"
b1111 0
1<
0T
1V
0M
1O
1D
0E
0=
1?
1W
0N
1P
0F
1H
1@
1R
0J
0B
1:
b10011 1
b0 !
b0 .
b0 /
05
0%
b10011 $
b10011 -
b10011 (
b0 *
b1101100110 )
b11011 &
b11011 +
#871
0C
b1101 0
0"
0<
1T
0V
1M
0O
0E
0G
1=
0?
17
0W
1N
0P
1F
0H
0@
06
18
0R
1J
1B
0:
03
b1100 1
b11010 !
b11010 .
b11010 /
05
1%
b1 *
b1101100111 )
b100000 &
b100000 +
#872
1"
0T
1V
0M
1O
1W
0N
1P
0=
1R
0J
0;
b10100 1
b1100 0
b1 !
b1 .
b1 /
04
07
15
0%
b10100 $
b10100 -
b10100 (
b0 *
b1101101000 )
b11010 &
b11010 +
#873
1G
1K
1C
0"
1<
1T
0V
1M
0O
1D
0E
1?
0W
1N
0P
0F
1H
1@
16
08
0=
0R
1J
0B
1:
13
1;
b1011 1
b1111 0
b11001 !
b11001 .
b11001 /
14
07
15
1%
b1 *
b1101101001 )
b100001 &
b100001 +
#874
0C
b1101 0
1"
0<
0T
1V
0M
1O
0E
0G
1=
0?
1W
0N
1P
1F
0H
0@
1R
0J
1B
0:
b10101 1
b10 !
b10 .
b10 /
05
0%
b10101 $
b10101 -
b10101 (
b0 *
b1101101010 )
b11001 &
b11001 +
#875
1G
1K
1C
0"
b1111 0
1<
1T
0V
1M
0O
1D
0E
0=
1?
17
0W
1N
0P
0F
1H
1@
06
18
0R
1J
0B
1:
03
b1010 1
b11000 !
b11000 .
b11000 /
05
1%
b1 *
b1101101011 )
b100010 &
b100010 +
#876
0C
1"
0T
1V
0M
1O
0E
0G
0<
1W
0N
1P
1F
0H
0?
1=
1R
0J
1B
0;
b10110 1
b1100 0
b11 !
b11 .
b11 /
04
07
15
0%
b10110 $
b10110 -
b10110 (
b0 *
b1101101100 )
b11000 &
b11000 +
#877
0G
0K
0C
0"
1T
0V
0M
0O
0D
1E
0<
0W
1N
0P
0F
1H
0@
16
08
0?
1=
0R
1J
0B
0:
13
1;
b1001 1
b1001 0
b10111 !
b10111 .
b10111 /
14
07
15
1%
b1 *
b1101101101 )
b100011 &
b100011 +
#878
1O
1S
1K
1C
1"
b1111 0
1<
0T
1V
1L
0M
1D
1E
0=
1?
1W
0N
1P
1F
0H
1@
1R
0J
1B
1:
b10111 1
b100 !
b100 .
b100 /
05
0%
b10111 $
b10111 -
b10111 (
b0 *
b1101101110 )
b10111 &
b10111 +
#879
0K
0D
0C
b1001 0
0"
0<
1T
0V
0M
0O
1E
0G
1=
0?
17
0W
1N
0P
0F
1H
0@
06
18
0R
1J
0B
0:
03
b1000 1
b10110 !
b10110 .
b10110 /
05
1%
b1 *
b1101101111 )
b100100 &
b100100 +
#880
1"
0T
1V
1W
0=
1R
0;
b11000 1
b1000 0
b101 !
b101 .
b101 /
04
07
15
0%
b11000 $
b11000 -
b11000 (
b0 *
b1101110000 )
b10110 &
b10110 +
#881
1O
1S
1K
1C
0"
1<
1T
0V
1L
0M
1D
1E
1?
0W
0N
1P
1F
0H
1@
16
08
0=
0R
0J
1B
1:
13
1;
b111 1
b1111 0
b10101 !
b10101 .
b10101 /
14
07
15
1%
b1 *
b1101110001 )
b100101 &
b100101 +
#882
0K
0D
0C
b1001 0
1"
0<
0T
1V
0M
0O
1E
0G
1=
0?
1W
1N
0P
0F
1H
0@
1R
1J
0B
0:
b11001 1
b110 !
b110 .
b110 /
05
0%
b11001 $
b11001 -
b11001 (
b0 *
b1101110010 )
b10101 &
b10101 +
#883
1O
1S
1K
1C
0"
b1111 0
1<
1T
0V
1L
0M
1D
1E
0=
1?
17
0W
0N
1P
1F
0H
1@
06
18
0R
0J
1B
1:
03
b110 1
b10100 !
b10100 .
b10100 /
05
1%
b1 *
b1101110011 )
b100110 &
b100110 +
#884
0K
0D
0C
1"
0T
1V
0M
0O
1E
0G
0<
1W
1N
0P
0F
1H
0?
1=
1R
1J
0B
0;
b11010 1
b1000 0
b111 !
b111 .
b111 /
04
07
15
0%
b11010 $
b11010 -
b11010 (
b0 *
b1101110100 )
b10100 &
b10100 +
#885
1O
1S
1K
0C
0"
1T
0V
1L
0M
1D
0E
0<
0W
0N
1P
1F
0H
0@
16
08
0?
1=
0R
0J
1B
0:
13
1;
b101 1
b1101 0
b10011 !
b10011 .
b10011 /
14
07
15
1%
b1 *
b1101110101 )
b100111 &
b100111 +
#886
1G
1K
1C
1"
b1111 0
1<
0T
1V
1M
0O
1D
0E
0=
1?
1W
1N
0P
0F
1H
1@
1R
1J
0B
1:
b11011 1
b1000 !
b1000 .
b1000 /
05
0%
b11011 $
b11011 -
b11011 (
b0 *
b1101110110 )
b10011 &
b10011 +
#887
0C
b1101 0
0"
0<
1T
0V
0M
1O
0E
0G
1=
0?
17
0W
0N
1P
1F
0H
0@
06
18
0R
0J
1B
0:
03
b100 1
b10010 !
b10010 .
b10010 /
05
1%
b1 *
b1101110111 )
b101000 &
b101000 +
#888
1"
0T
1V
1M
0O
1W
1N
0P
0=
1R
1J
0;
b11100 1
b1100 0
b1001 !
b1001 .
b1001 /
04
07
15
0%
b11100 $
b11100 -
b11100 (
b0 *
b1101111000 )
b10010 &
b10010 +
#889
1S
1L
1G
1K
1C
0"
1<
1T
0V
0M
1O
1D
0E
1?
0W
0N
1P
0F
1H
1@
16
08
0=
0R
0J
0B
1:
13
1;
b11 1
b1111 0
b10001 !
b10001 .
b10001 /
14
07
15
1%
b1 *
b1101111001 )
b101001 &
b101001 +
#890
0C
b1101 0
1"
0<
0T
1V
1M
0O
0E
0G
1=
0?
1W
1N
0P
1F
0H
0@
1R
1J
1B
0:
b11101 1
b1010 !
b1010 .
b1010 /
05
0%
b11101 $
b11101 -
b11101 (
b0 *
b1101111010 )
b10001 &
b10001 +
#891
1S
1L
1G
1K
1C
0"
b1111 0
1<
1T
0V
0M
1O
1D
0E
0=
1?
17
0W
0N
1P
0F
1H
1@
06
18
0R
0J
0B
1:
03
b10 1
b10000 !
b10000 .
b10000 /
05
1%
b1 *
b1101111011 )
b101010 &
b101010 +
#892
0C
1"
0T
1V
1M
0O
0E
0G
0<
1W
1N
0P
1F
0H
0?
1=
1R
1J
1B
0;
b11110 1
b1100 0
b1011 !
b1011 .
b1011 /
04
07
15
0%
b11110 $
b11110 -
b11110 (
b0 *
b1101111100 )
b10000 &
b10000 +
#893
0S
0L
0G
0K
0C
0"
0T
0V
1M
0O
0D
1E
0<
0W
0N
1P
0F
1H
0@
16
08
0?
1=
0R
0J
0B
0:
13
1;
b1 1
b1 0
b1111 !
b1111 .
b1111 /
14
07
15
1%
b1 *
b1101111101 )
b101011 &
b101011 +
#894
1"
1V
1S
1K
1C
b1111 0
1<
0T
1L
1M
1D
1E
0=
1?
1W
1N
0P
1F
0H
1@
1R
1J
1B
1:
b11111 1
b1100 !
b1100 .
b1100 /
05
0%
b11111 $
b11111 -
b11111 (
b0 *
b1101111110 )
b1111 &
b1111 +
#895
0S
0L
0K
0D
0C
b1 0
0"
0<
0T
0V
1M
0O
1E
0G
1=
0?
17
0W
0N
1P
0F
1H
0@
06
18
0R
0J
0B
0:
03
b0 1
b1110 !
b1110 .
b1110 /
05
1%
b1 *
b1101111111 )
b101100 &
b101100 +
#896
0T
0S
0L
0O
1M
0K
0D
0G
1E
0C
0;
0<
b0 0
b1110 !
b1110 .
b1110 /
1=
0?
04
08
1@
07
05
02
19
0%
b0 $
b0 -
b1110 #
b1110 ,
b1110 '
b0 (
b0 *
b1110000000 )
b1110 &
b1110 +
#897
1"
1V
1S
1K
1C
1;
b1111 0
14
0T
1L
1M
1D
1E
1<
1=
17
1W
1N
0P
1F
0H
1>
0@
18
1R
1J
1B
1:
13
b11111 1
b1110 !
b1110 .
b1110 /
05
1%
b1 *
b1110000001 )
#898
0S
0L
0K
0D
0C
0"
0T
0V
1M
0O
1E
0G
0<
0W
0N
1P
0F
1H
0>
1@
1=
0R
0J
0B
0:
0;
b1 1
b0 0
b1111 !
b1111 .
b1111 /
04
07
15
0%
b1 $
b1 -
b1 (
b0 *
b1110000010 )
b101110 &
b101110 +
#899
1"
1V
1S
1K
1C
0T
1L
1M
1D
1E
1<
1W
1N
0P
1F
0H
1>
0@
08
0?
0=
1R
1J
1B
1:
03
0;
b11110 1
b1110 0
b1101 !
b1101 .
b1101 /
04
07
15
1%
b1 *
b1110000011 )
b1111 &
b1111 +
#900
0"
1T
0V
0M
1O
0E
1G
0W
0N
1P
0F
1H
0R
0J
0B
b10 1
b10000 !
b10000 .
b10000 /
05
0%
b10 $
b10 -
b10 (
b0 *
b1110000100 )
b101101 &
b101101 +
#901
1?
1C
1;
1"
b1111 0
14
0T
1V
1M
0O
1E
0G
1<
0=
17
1W
1N
0P
1F
0H
0>
1@
18
1R
1J
1B
0:
13
b11101 1
b1100 !
b1100 .
b1100 /
05
1%
b1 *
b1110000101 )
b10000 &
b10000 +
#902
0"
1T
0V
0M
1O
0E
1G
0W
0N
1P
0F
1H
1>
0@
0?
0=
0R
0J
0B
1:
0;
b11 1
b1110 0
b10001 !
b10001 .
b10001 /
04
07
15
0%
b11 $
b11 -
b11 (
b0 *
b1110000110 )
b101100 &
b101100 +
#903
0C
0<
1"
0T
1V
1M
0O
0E
0G
0?
1W
1N
0P
1F
0H
0>
1@
08
1=
1R
1J
1B
0:
03
0;
b11100 1
b1100 0
b1011 !
b1011 .
b1011 /
04
07
15
1%
b1 *
b1110000111 )
b10001 &
b10001 +
#904
0"
1T
0V
0M
1O
0W
0N
1P
0R
0J
b100 1
b10010 !
b10010 .
b10010 /
05
0%
b100 $
b100 -
b100 (
b0 *
b1110001000 )
b101011 &
b101011 +
#905
1G
1K
1C
1;
1"
b1111 0
14
0T
1V
1M
0O
1D
0E
1<
1=
17
1W
1N
0P
0F
1H
1>
0@
18
1R
1J
0B
1:
13
b11011 1
b1010 !
b1010 .
b1010 /
05
1%
b1 *
b1110001001 )
b10010 &
b10010 +
#906
0C
0"
1T
0V
0M
1O
0E
0G
0<
0W
0N
1P
1F
0H
0>
1@
1=
0R
0J
1B
0:
0;
b101 1
b1100 0
b10011 !
b10011 .
b10011 /
04
07
15
0%
b101 $
b101 -
b101 (
b0 *
b1110001010 )
b101010 &
b101010 +
#907
1G
1K
1C
1"
0T
1V
1M
0O
1D
0E
1<
1W
1N
0P
0F
1H
1>
0@
08
0?
0=
1R
1J
0B
1:
03
0;
b11010 1
b1110 0
b1001 !
b1001 .
b1001 /
04
07
15
1%
b1 *
b1110001011 )
b10011 &
b10011 +
#908
0"
1T
0V
0M
1O
1E
0G
0W
0N
1P
1F
0H
0R
0J
1B
b110 1
b10100 !
b10100 .
b10100 /
05
0%
b110 $
b110 -
b110 (
b0 *
b1110001100 )
b101001 &
b101001 +
#909
1K
1D
1?
1C
1;
1"
b1111 0
14
0T
1V
1M
0O
0E
1G
1<
0=
17
1W
1N
0P
0F
1H
0>
1@
18
1R
1J
0B
0:
13
b11001 1
b1000 !
b1000 .
b1000 /
05
1%
b1 *
b1110001101 )
b10100 &
b10100 +
#910
0"
1T
0V
0M
1O
1E
0G
0W
0N
1P
1F
0H
1>
0@
0?
0=
0R
0J
1B
1:
0;
b111 1
b1110 0
b10101 !
b10101 .
b10101 /
04
07
15
0%
b111 $
b111 -
b111 (
b0 *
b1110001110 )
b101000 &
b101000 +
#911
0K
0D
0C
0<
1"
0T
1V
0M
0O
1E
0G
0?
1W
1N
0P
0F
1H
0>
1@
08
1=
1R
1J
0B
0:
03
0;
b11000 1
b1000 0
b111 !
b111 .
b111 /
04
07
15
1%
b1 *
b1110001111 )
b10101 &
b10101 +
#912
0"
1T
0V
0W
0R
b1000 1
b10110 !
b10110 .
b10110 /
05
0%
b1000 $
b1000 -
b1000 (
b0 *
b1110010000 )
b100111 &
b100111 +
#913
1O
1S
1K
1C
1;
1"
b1111 0
14
0T
1V
1L
0M
1D
1E
1<
1=
17
1W
0N
1P
1F
0H
1>
0@
18
1R
0J
1B
1:
13
b10111 1
b110 !
b110 .
b110 /
05
1%
b1 *
b1110010001 )
b10110 &
b10110 +
#914
0K
0D
0C
0"
1T
0V
0M
0O
1E
0G
0<
0W
1N
0P
0F
1H
0>
1@
1=
0R
1J
0B
0:
0;
b1001 1
b1000 0
b10111 !
b10111 .
b10111 /
04
07
15
0%
b1001 $
b1001 -
b1001 (
b0 *
b1110010010 )
b100110 &
b100110 +
#915
1O
1S
1K
1C
1"
0T
1V
1L
0M
1D
1E
1<
1W
0N
1P
1F
0H
1>
0@
08
0?
0=
1R
0J
1B
1:
03
0;
b10110 1
b1110 0
b101 !
b101 .
b101 /
04
07
15
1%
b1 *
b1110010011 )
b10111 &
b10111 +
#916
0"
1T
0V
1M
0O
0E
1G
0W
1N
0P
0F
1H
0R
1J
0B
b1010 1
b11000 !
b11000 .
b11000 /
05
0%
b1010 $
b1010 -
b1010 (
b0 *
b1110010100 )
b100101 &
b100101 +
#917
1?
1C
1;
1"
b1111 0
14
0T
1V
0M
1O
1E
0G
1<
0=
17
1W
0N
1P
1F
0H
0>
1@
18
1R
0J
1B
0:
13
b10101 1
b100 !
b100 .
b100 /
05
1%
b1 *
b1110010101 )
b11000 &
b11000 +
#918
0"
1T
0V
1M
0O
0E
1G
0W
1N
0P
0F
1H
1>
0@
0?
0=
0R
1J
0B
1:
0;
b1011 1
b1110 0
b11001 !
b11001 .
b11001 /
04
07
15
0%
b1011 $
b1011 -
b1011 (
b0 *
b1110010110 )
b100100 &
b100100 +
#919
0C
0<
1"
0T
1V
0M
1O
0E
0G
0?
1W
0N
1P
1F
0H
0>
1@
08
1=
1R
0J
1B
0:
03
0;
b10100 1
b1100 0
b11 !
b11 .
b11 /
04
07
15
1%
b1 *
b1110010111 )
b11001 &
b11001 +
#920
0"
1T
0V
1M
0O
0W
1N
0P
0R
1J
b1100 1
b11010 !
b11010 .
b11010 /
05
0%
b1100 $
b1100 -
b1100 (
b0 *
b1110011000 )
b100011 &
b100011 +
#921
1S
1L
1G
1K
1C
1;
1"
b1111 0
14
0T
1V
0M
1O
1D
0E
1<
1=
17
1W
0N
1P
0F
1H
1>
0@
18
1R
0J
0B
1:
13
b10011 1
b10 !
b10 .
b10 /
05
1%
b1 *
b1110011001 )
b11010 &
b11010 +
#922
0C
0"
1T
0V
1M
0O
0E
0G
0<
0W
1N
0P
1F
0H
0>
1@
1=
0R
1J
1B
0:
0;
b1101 1
b1100 0
b11011 !
b11011 .
b11011 /
04
07
15
0%
b1101 $
b1101 -
b1101 (
b0 *
b1110011010 )
b100010 &
b100010 +
#923
1S
1L
1G
1K
1C
1"
0T
1V
0M
1O
1D
0E
1<
1W
0N
1P
0F
1H
1>
0@
08
0?
0=
1R
0J
0B
1:
03
0;
b10010 1
b1110 0
b1 !
b1 .
b1 /
04
07
15
1%
b1 *
b1110011011 )
b11011 &
b11011 +
#924
0"
1T
0V
1M
0O
1E
0G
0W
1N
0P
1F
0H
0R
1J
1B
b1110 1
b11100 !
b11100 .
b11100 /
05
0%
b1110 $
b1110 -
b1110 (
b0 *
b1110011100 )
b100001 &
b100001 +
#925
1S
1L
1K
1D
1?
1C
1;
1"
b1111 0
14
0T
1V
0M
1O
0E
1G
1<
0=
17
1W
0N
1P
0F
1H
0>
1@
18
1R
0J
0B
0:
13
b10001 1
b0 !
b0 .
b0 /
05
1%
b1 *
b1110011101 )
b11100 &
b11100 +
#926
0"
1T
0V
1M
0O
1E
0G
0W
1N
0P
1F
0H
1>
0@
0?
0=
0R
1J
1B
1:
0;
b1111 1
b1110 0
b11101 !
b11101 .
b11101 /
04
07
15
0%
b1111 $
b1111 -
b1111 (
b0 *
b1110011110 )
b100000 &
b100000 +
#927
0S
0L
0K
0D
0C
0<
0"
1T
0V
1M
0O
1E
0G
0?
1W
0N
1P
0F
1H
0>
1@
08
1=
1R
0J
0B
0:
03
0;
b10000 1
b0 0
b11111 !
b11111 .
b11111 /
04
07
15
1%
b1 *
b1110011111 )
b11101 &
b11101 +
#928
b11110 !
b11110 .
b11110 /
05
0%
b10000 $
b10000 -
b10000 (
b0 *
b1110100000 )
b11111 &
b11111 +
#929
1S
1K
1C
1;
b1111 0
14
1T
1L
1M
1D
1E
1<
1=
17
0W
1N
0P
1F
0H
1>
0@
18
0R
1J
1B
1:
13
b1111 1
b11110 !
b11110 .
b11110 /
05
1%
b1 *
b1110100001 )
b11110 &
b11110 +
#930
0S
0L
0K
0D
0C
0"
1T
0V
1M
0O
1E
0G
0<
1W
0N
1P
0F
1H
0>
1@
1=
1R
0J
0B
0:
0;
b10001 1
b0 0
b11111 !
b11111 .
b11111 /
04
07
15
0%
b10001 $
b10001 -
b10001 (
b0 *
b1110100010 )
#931
1S
1K
1C
1T
1L
1M
1D
1E
1<
0W
1N
0P
1F
0H
1>
0@
08
0?
0=
0R
1J
1B
1:
03
0;
b1110 1
b1110 0
b11101 !
b11101 .
b11101 /
04
07
15
1%
b1 *
b1110100011 )
b11111 &
b11111 +
#932
1"
0T
1V
0M
1O
0E
1G
1W
0N
1P
0F
1H
1R
0J
0B
b10010 1
b0 !
b0 .
b0 /
05
0%
b10010 $
b10010 -
b10010 (
b0 *
b1110100100 )
b11101 &
b11101 +
#933
1?
1C
1;
0"
b1111 0
14
1T
0V
1M
0O
1E
0G
1<
0=
17
0W
1N
0P
1F
0H
0>
1@
18
0R
1J
1B
0:
13
b1101 1
b11100 !
b11100 .
b11100 /
05
1%
b1 *
b1110100101 )
b100000 &
b100000 +
#934
1"
0T
1V
0M
1O
0E
1G
1W
0N
1P
0F
1H
1>
0@
0?
0=
1R
0J
0B
1:
0;
b10011 1
b1110 0
b1 !
b1 .
b1 /
04
07
15
0%
b10011 $
b10011 -
b10011 (
b0 *
b1110100110 )
b11100 &
b11100 +
#935
0C
0<
0"
1T
0V
1M
0O
0E
0G
0?
0W
1N
0P
1F
0H
0>
1@
08
1=
0R
1J
1B
0:
03
0;
b1100 1
b1100 0
b11011 !
b11011 .
b11011 /
04
07
15
1%
b1 *
b1110100111 )
b100001 &
b100001 +
#936
1"
0T
1V
0M
1O
1W
0N
1P
1R
0J
b10100 1
b10 !
b10 .
b10 /
05
0%
b10100 $
b10100 -
b10100 (
b0 *
b1110101000 )
b11011 &
b11011 +
#937
1G
1K
1C
1;
0"
b1111 0
14
1T
0V
1M
0O
1D
0E
1<
1=
17
0W
1N
0P
0F
1H
1>
0@
18
0R
1J
0B
1:
13
b1011 1
b11010 !
b11010 .
b11010 /
05
1%
b1 *
b1110101001 )
b100010 &
b100010 +
#938
0C
1"
0T
1V
0M
1O
0E
0G
0<
1W
0N
1P
1F
0H
0>
1@
1=
1R
0J
1B
0:
0;
b10101 1
b1100 0
b11 !
b11 .
b11 /
04
07
15
0%
b10101 $
b10101 -
b10101 (
b0 *
b1110101010 )
b11010 &
b11010 +
#939
1G
1K
1C
0"
1T
0V
1M
0O
1D
0E
1<
0W
1N
0P
0F
1H
1>
0@
08
0?
0=
0R
1J
0B
1:
03
0;
b1010 1
b1110 0
b11001 !
b11001 .
b11001 /
04
07
15
1%
b1 *
b1110101011 )
b100011 &
b100011 +
#940
1"
0T
1V
0M
1O
1E
0G
1W
0N
1P
1F
0H
1R
0J
1B
b10110 1
b100 !
b100 .
b100 /
05
0%
b10110 $
b10110 -
b10110 (
b0 *
b1110101100 )
b11001 &
b11001 +
#941
1K
1D
1?
1C
1;
0"
b1111 0
14
1T
0V
1M
0O
0E
1G
1<
0=
17
0W
1N
0P
0F
1H
0>
1@
18
0R
1J
0B
0:
13
b1001 1
b11000 !
b11000 .
b11000 /
05
1%
b1 *
b1110101101 )
b100100 &
b100100 +
#942
1"
0T
1V
0M
1O
1E
0G
1W
0N
1P
1F
0H
1>
0@
0?
0=
1R
0J
1B
1:
0;
b10111 1
b1110 0
b101 !
b101 .
b101 /
04
07
15
0%
b10111 $
b10111 -
b10111 (
b0 *
b1110101110 )
b11000 &
b11000 +
#943
0K
0D
0C
0<
0"
1T
0V
0M
0O
1E
0G
0?
0W
1N
0P
0F
1H
0>
1@
08
1=
0R
1J
0B
0:
03
0;
b1000 1
b1000 0
b10111 !
b10111 .
b10111 /
04
07
15
1%
b1 *
b1110101111 )
b100101 &
b100101 +
#944
1"
0T
1V
1W
1R
b11000 1
b110 !
b110 .
b110 /
05
0%
b11000 $
b11000 -
b11000 (
b0 *
b1110110000 )
b10111 &
b10111 +
#945
1O
1S
1K
1C
1;
0"
b1111 0
14
1T
0V
1L
0M
1D
1E
1<
1=
17
0W
0N
1P
1F
0H
1>
0@
18
0R
0J
1B
1:
13
b111 1
b10110 !
b10110 .
b10110 /
05
1%
b1 *
b1110110001 )
b100110 &
b100110 +
#946
0K
0D
0C
1"
0T
1V
0M
0O
1E
0G
0<
1W
1N
0P
0F
1H
0>
1@
1=
1R
1J
0B
0:
0;
b11001 1
b1000 0
b111 !
b111 .
b111 /
04
07
15
0%
b11001 $
b11001 -
b11001 (
b0 *
b1110110010 )
b10110 &
b10110 +
#947
1O
1S
1K
1C
0"
1T
0V
1L
0M
1D
1E
1<
0W
0N
1P
1F
0H
1>
0@
08
0?
0=
0R
0J
1B
1:
03
0;
b110 1
b1110 0
b10101 !
b10101 .
b10101 /
04
07
15
1%
b1 *
b1110110011 )
b100111 &
b100111 +
#948
1"
0T
1V
1M
0O
0E
1G
1W
1N
0P
0F
1H
1R
1J
0B
b11010 1
b1000 !
b1000 .
b1000 /
05
0%
b11010 $
b11010 -
b11010 (
b0 *
b1110110100 )
b10101 &
b10101 +
#949
1?
1C
1;
0"
b1111 0
14
1T
0V
0M
1O
1E
0G
1<
0=
17
0W
0N
1P
1F
0H
0>
1@
18
0R
0J
1B
0:
13
b101 1
b10100 !
b10100 .
b10100 /
05
1%
b1 *
b1110110101 )
b101000 &
b101000 +
#950
1"
0T
1V
1M
0O
0E
1G
1W
1N
0P
0F
1H
1>
0@
0?
0=
1R
1J
0B
1:
0;
b11011 1
b1110 0
b1001 !
b1001 .
b1001 /
04
07
15
0%
b11011 $
b11011 -
b11011 (
b0 *
b1110110110 )
b10100 &
b10100 +
#951
0C
0<
0"
1T
0V
0M
1O
0E
0G
0?
0W
0N
1P
1F
0H
0>
1@
08
1=
0R
0J
1B
0:
03
0;
b100 1
b1100 0
b10011 !
b10011 .
b10011 /
04
07
15
1%
b1 *
b1110110111 )
b101001 &
b101001 +
#952
1"
0T
1V
1M
0O
1W
1N
0P
1R
1J
b11100 1
b1010 !
b1010 .
b1010 /
05
0%
b11100 $
b11100 -
b11100 (
b0 *
b1110111000 )
b10011 &
b10011 +
#953
1S
1L
1G
1K
1C
1;
0"
b1111 0
14
1T
0V
0M
1O
1D
0E
1<
1=
17
0W
0N
1P
0F
1H
1>
0@
18
0R
0J
0B
1:
13
b11 1
b10010 !
b10010 .
b10010 /
05
1%
b1 *
b1110111001 )
b101010 &
b101010 +
#954
0C
1"
0T
1V
1M
0O
0E
0G
0<
1W
1N
0P
1F
0H
0>
1@
1=
1R
1J
1B
0:
0;
b11101 1
b1100 0
b1011 !
b1011 .
b1011 /
04
07
15
0%
b11101 $
b11101 -
b11101 (
b0 *
b1110111010 )
b10010 &
b10010 +
#955
1S
1L
1G
1K
1C
0"
1T
0V
0M
1O
1D
0E
1<
0W
0N
1P
0F
1H
1>
0@
08
0?
0=
0R
0J
0B
1:
03
0;
b10 1
b1110 0
b10001 !
b10001 .
b10001 /
04
07
15
1%
b1 *
b1110111011 )
b101011 &
b101011 +
#956
1"
0T
1V
1M
0O
1E
0G
1W
1N
0P
1F
0H
1R
1J
1B
b11110 1
b1100 !
b1100 .
b1100 /
05
0%
b11110 $
b11110 -
b11110 (
b0 *
b1110111100 )
b10001 &
b10001 +
#957
1S
1L
1K
1D
1?
1C
1;
0"
b1111 0
14
1T
0V
0M
1O
0E
1G
1<
0=
17
0W
0N
1P
0F
1H
0>
1@
18
0R
0J
0B
0:
13
b1 1
b10000 !
b10000 .
b10000 /
05
1%
b1 *
b1110111101 )
b101100 &
b101100 +
#958
1"
0T
1V
1M
0O
1E
0G
1W
1N
0P
1F
0H
1>
0@
0?
0=
1R
1J
1B
1:
0;
b11111 1
b1110 0
b1101 !
b1101 .
b1101 /
04
07
15
0%
b11111 $
b11111 -
b11111 (
b0 *
b1110111110 )
b10000 &
b10000 +
#959
0S
0L
0K
0D
0C
0<
0"
0T
0V
1M
0O
1E
0G
0?
0W
0N
1P
0F
1H
0>
1@
08
1=
0R
0J
0B
0:
03
0;
b0 1
b0 0
b1111 !
b1111 .
b1111 /
04
07
15
1%
b1 *
b1110111111 )
b101101 &
b101101 +
#960
b1111 !
b1111 .
b1111 /
18
15
12
0%
b0 $
b0 -
b1111 #
b1111 ,
b1111 '
b0 (
b0 *
b1111000000 )
b1111 &
b1111 +
#961
1"
1V
1S
1K
1C
0T
1L
1M
1D
1E
1<
1W
1N
0P
1F
0H
1>
0@
16
08
0?
1=
1R
1J
1B
1:
13
1;
b11111 1
b1111 0
b1111 !
b1111 .
b1111 /
14
07
15
1%
b1 *
b1111000001 )
#962
0"
1T
0V
0M
1O
0E
1G
0=
1?
0W
0N
1P
0F
1H
0>
1@
0R
0J
0B
0:
b1 1
b10000 !
b10000 .
b10000 /
05
0%
b1 $
b1 -
b1 (
b0 *
b1111000010 )
b101111 &
b101111 +
#963
1"
0T
1V
1M
0O
1E
0G
1=
0?
17
1W
1N
0P
1F
0H
1>
0@
06
18
1R
1J
1B
1:
03
b11110 1
b1110 !
b1110 .
b1110 /
05
1%
b1 *
b1111000011 )
b10000 &
b10000 +
#964
0"
1T
0V
0M
1O
0E
1G
0W
0N
1P
0F
1H
0=
0R
0J
0B
0;
b10 1
b1110 0
b10001 !
b10001 .
b10001 /
04
07
15
0%
b10 $
b10 -
b10 (
b0 *
b1111000100 )
b101110 &
b101110 +
#965
1"
0T
1V
1M
0O
1E
0G
1?
1W
1N
0P
1F
0H
0>
1@
16
08
0=
1R
1J
1B
0:
13
1;
b11101 1
b1111 0
b1101 !
b1101 .
b1101 /
14
07
15
1%
b1 *
b1111000101 )
b10001 &
b10001 +
#966
0"
1T
0V
0M
1O
0E
1G
1=
0?
0W
0N
1P
0F
1H
1>
0@
0R
0J
0B
1:
b11 1
b10010 !
b10010 .
b10010 /
05
0%
b11 $
b11 -
b11 (
b0 *
b1111000110 )
b101101 &
b101101 +
#967
1"
0T
1V
1M
0O
1E
0G
0=
1?
17
1W
1N
0P
1F
0H
0>
1@
06
18
1R
1J
1B
0:
03
b11100 1
b1100 !
b1100 .
b1100 /
05
1%
b1 *
b1111000111 )
b10010 &
b10010 +
#968
0E
0C
0"
1T
0V
0M
1O
0<
0W
0N
1P
0?
1=
0R
0J
0;
b100 1
b1100 0
b10011 !
b10011 .
b10011 /
04
07
15
0%
b100 $
b100 -
b100 (
b0 *
b1111001000 )
b101100 &
b101100 +
#969
1G
1K
1C
1"
0T
1V
1M
0O
1D
0E
1<
1W
1N
0P
0F
1H
1>
0@
16
08
0?
1=
1R
1J
0B
1:
13
1;
b11011 1
b1111 0
b1011 !
b1011 .
b1011 /
14
07
15
1%
b1 *
b1111001001 )
b10011 &
b10011 +
#970
0"
1T
0V
0M
1O
1E
0G
0=
1?
0W
0N
1P
1F
0H
0>
1@
0R
0J
1B
0:
b101 1
b10100 !
b10100 .
b10100 /
05
0%
b101 $
b101 -
b101 (
b0 *
b1111001010 )
b101011 &
b101011 +
#971
1"
0T
1V
1M
0O
0E
1G
1=
0?
17
1W
1N
0P
0F
1H
1>
0@
06
18
1R
1J
0B
1:
03
b11010 1
b1010 !
b1010 .
b1010 /
05
1%
b1 *
b1111001011 )
b10100 &
b10100 +
#972
0"
1T
0V
0M
1O
1E
0G
0W
0N
1P
1F
0H
0=
0R
0J
1B
0;
b110 1
b1110 0
b10101 !
b10101 .
b10101 /
04
07
15
0%
b110 $
b110 -
b110 (
b0 *
b1111001100 )
b101010 &
b101010 +
#973
1"
0T
1V
1M
0O
0E
1G
1?
1W
1N
0P
0F
1H
0>
1@
16
08
0=
1R
1J
0B
0:
13
1;
b11001 1
b1111 0
b1001 !
b1001 .
b1001 /
14
07
15
1%
b1 *
b1111001101 )
b10101 &
b10101 +
#974
0"
1T
0V
0M
1O
1E
0G
1=
0?
0W
0N
1P
1F
0H
1>
0@
0R
0J
1B
1:
b111 1
b10110 !
b10110 .
b10110 /
05
0%
b111 $
b111 -
b111 (
b0 *
b1111001110 )
b101001 &
b101001 +
#975
1"
0T
1V
1M
0O
0E
1G
0=
1?
17
1W
1N
0P
0F
1H
0>
1@
06
18
1R
1J
0B
0:
03
b11000 1
b1000 !
b1000 .
b1000 /
05
1%
b1 *
b1111001111 )
b10110 &
b10110 +
#976
0M
0K
0D
0G
1E
0C
0"
1T
0V
0<
0W
0?
1=
0R
0;
b1000 1
b1000 0
b10111 !
b10111 .
b10111 /
04
07
15
0%
b1000 $
b1000 -
b1000 (
b0 *
b1111010000 )
b101000 &
b101000 +
#977
1O
1S
1K
1C
1"
0T
1V
1L
0M
1D
1E
1<
1W
0N
1P
1F
0H
1>
0@
16
08
0?
1=
1R
0J
1B
1:
13
1;
b10111 1
b1111 0
b111 !
b111 .
b111 /
14
07
15
1%
b1 *
b1111010001 )
b10111 &
b10111 +
#978
0"
1T
0V
1M
0O
0E
1G
0=
1?
0W
1N
0P
0F
1H
0>
1@
0R
1J
0B
0:
b1001 1
b11000 !
b11000 .
b11000 /
05
0%
b1001 $
b1001 -
b1001 (
b0 *
b1111010010 )
b100111 &
b100111 +
#979
1"
0T
1V
0M
1O
1E
0G
1=
0?
17
1W
0N
1P
1F
0H
1>
0@
06
18
1R
0J
1B
1:
03
b10110 1
b110 !
b110 .
b110 /
05
1%
b1 *
b1111010011 )
b11000 &
b11000 +
#980
0"
1T
0V
1M
0O
0E
1G
0W
1N
0P
0F
1H
0=
0R
1J
0B
0;
b1010 1
b1110 0
b11001 !
b11001 .
b11001 /
04
07
15
0%
b1010 $
b1010 -
b1010 (
b0 *
b1111010100 )
b100110 &
b100110 +
#981
1"
0T
1V
0M
1O
1E
0G
1?
1W
0N
1P
1F
0H
0>
1@
16
08
0=
1R
0J
1B
0:
13
1;
b10101 1
b1111 0
b101 !
b101 .
b101 /
14
07
15
1%
b1 *
b1111010101 )
b11001 &
b11001 +
#982
0"
1T
0V
1M
0O
0E
1G
1=
0?
0W
1N
0P
0F
1H
1>
0@
0R
1J
0B
1:
b1011 1
b11010 !
b11010 .
b11010 /
05
0%
b1011 $
b1011 -
b1011 (
b0 *
b1111010110 )
b100101 &
b100101 +
#983
1"
0T
1V
0M
1O
1E
0G
0=
1?
17
1W
0N
1P
1F
0H
0>
1@
06
18
1R
0J
1B
0:
03
b10100 1
b100 !
b100 .
b100 /
05
1%
b1 *
b1111010111 )
b11010 &
b11010 +
#984
0E
0C
0"
1T
0V
1M
0O
0<
0W
1N
0P
0?
1=
0R
1J
0;
b1100 1
b1100 0
b11011 !
b11011 .
b11011 /
04
07
15
0%
b1100 $
b1100 -
b1100 (
b0 *
b1111011000 )
b100100 &
b100100 +
#985
1S
1L
1G
1K
1C
1"
0T
1V
0M
1O
1D
0E
1<
1W
0N
1P
0F
1H
1>
0@
16
08
0?
1=
1R
0J
0B
1:
13
1;
b10011 1
b1111 0
b11 !
b11 .
b11 /
14
07
15
1%
b1 *
b1111011001 )
b11011 &
b11011 +
#986
0"
1T
0V
1M
0O
1E
0G
0=
1?
0W
1N
0P
1F
0H
0>
1@
0R
1J
1B
0:
b1101 1
b11100 !
b11100 .
b11100 /
05
0%
b1101 $
b1101 -
b1101 (
b0 *
b1111011010 )
b100011 &
b100011 +
#987
1"
0T
1V
0M
1O
0E
1G
1=
0?
17
1W
0N
1P
0F
1H
1>
0@
06
18
1R
0J
0B
1:
03
b10010 1
b10 !
b10 .
b10 /
05
1%
b1 *
b1111011011 )
b11100 &
b11100 +
#988
0"
1T
0V
1M
0O
1E
0G
0W
1N
0P
1F
0H
0=
0R
1J
1B
0;
b1110 1
b1110 0
b11101 !
b11101 .
b11101 /
04
07
15
0%
b1110 $
b1110 -
b1110 (
b0 *
b1111011100 )
b100010 &
b100010 +
#989
1"
0T
1V
0M
1O
0E
1G
1?
1W
0N
1P
0F
1H
0>
1@
16
08
0=
1R
0J
0B
0:
13
1;
b10001 1
b1111 0
b1 !
b1 .
b1 /
14
07
15
1%
b1 *
b1111011101 )
b11101 &
b11101 +
#990
0"
1T
0V
1M
0O
1E
0G
1=
0?
0W
1N
0P
1F
0H
1>
0@
0R
1J
1B
1:
b1111 1
b11110 !
b11110 .
b11110 /
05
0%
b1111 $
b1111 -
b1111 (
b0 *
b1111011110 )
b100001 &
b100001 +
#991
1"
0T
1V
0M
1O
0E
1G
0=
1?
17
1W
0N
1P
0F
1H
0>
1@
06
18
1R
0J
0B
0:
03
b10000 1
b0 !
b0 .
b0 /
05
1%
b1 *
b1111011111 )
b11110 &
b11110 +
#992
0"
0V
1T
0S
0L
0O
1M
0K
0D
0G
1E
0C
0<
0?
1=
0;
b0 0
b11111 !
b11111 .
b11111 /
04
07
15
0%
b10000 $
b10000 -
b10000 (
b0 *
b1111100000 )
b100000 &
b100000 +
#993
1S
1K
1C
1T
1L
1M
1D
1E
1<
0W
1N
0P
1F
0H
1>
0@
16
08
0?
1=
0R
1J
1B
1:
13
1;
b1111 1
b1111 0
b11111 !
b11111 .
b11111 /
14
07
15
1%
b1 *
b1111100001 )
b11111 &
b11111 +
#994
1"
0T
1V
0M
1O
0E
1G
0=
1?
1W
0N
1P
0F
1H
0>
1@
1R
0J
0B
0:
b10001 1
b0 !
b0 .
b0 /
05
0%
b10001 $
b10001 -
b10001 (
b0 *
b1111100010 )
#995
0"
1T
0V
1M
0O
1E
0G
1=
0?
17
0W
1N
0P
1F
0H
1>
0@
06
18
0R
1J
1B
1:
03
b1110 1
b11110 !
b11110 .
b11110 /
05
1%
b1 *
b1111100011 )
b100000 &
b100000 +
#996
1"
0T
1V
0M
1O
0E
1G
1W
0N
1P
0F
1H
0=
1R
0J
0B
0;
b10010 1
b1110 0
b1 !
b1 .
b1 /
04
07
15
0%
b10010 $
b10010 -
b10010 (
b0 *
b1111100100 )
b11110 &
b11110 +
#997
0"
1T
0V
1M
0O
1E
0G
1?
0W
1N
0P
1F
0H
0>
1@
16
08
0=
0R
1J
1B
0:
13
1;
b1101 1
b1111 0
b11101 !
b11101 .
b11101 /
14
07
15
1%
b1 *
b1111100101 )
b100001 &
b100001 +
#998
1"
0T
1V
0M
1O
0E
1G
1=
0?
1W
0N
1P
0F
1H
1>
0@
1R
0J
0B
1:
b10011 1
b10 !
b10 .
b10 /
05
0%
b10011 $
b10011 -
b10011 (
b0 *
b1111100110 )
b11101 &
b11101 +
#999
0"
1T
0V
1M
0O
1E
0G
0=
1?
17
0W
1N
0P
1F
0H
0>
1@
06
18
0R
1J
1B
0:
03
b1100 1
b11100 !
b11100 .
b11100 /
05
1%
b1 *
b1111100111 )
b100010 &
b100010 +
#1000
0E
0C
1"
0T
1V
0M
1O
0<
1W
0N
1P
0?
1=
1R
0J
0;
b10100 1
b1100 0
b11 !
b11 .
b11 /
04
07
15
0%
b10100 $
b10100 -
b10100 (
b0 *
b1111101000 )
b11100 &
b11100 +
#1001
1G
1K
1C
0"
1T
0V
1M
0O
1D
0E
1<
0W
1N
0P
0F
1H
1>
0@
16
08
0?
1=
0R
1J
0B
1:
13
1;
b1011 1
b1111 0
b11011 !
b11011 .
b11011 /
14
07
15
1%
b1 *
b1111101001 )
b100011 &
b100011 +
#1002
1"
0T
1V
0M
1O
1E
0G
0=
1?
1W
0N
1P
1F
0H
0>
1@
1R
0J
1B
0:
b10101 1
b100 !
b100 .
b100 /
05
0%
b10101 $
b10101 -
b10101 (
b0 *
b1111101010 )
b11011 &
b11011 +
#1003
0"
1T
0V
1M
0O
0E
1G
1=
0?
17
0W
1N
0P
0F
1H
1>
0@
06
18
0R
1J
0B
1:
03
b1010 1
b11010 !
b11010 .
b11010 /
05
1%
b1 *
b1111101011 )
b100100 &
b100100 +
#1004
1"
0T
1V
0M
1O
1E
0G
1W
0N
1P
1F
0H
0=
1R
0J
1B
0;
b10110 1
b1110 0
b101 !
b101 .
b101 /
04
07
15
0%
b10110 $
b10110 -
b10110 (
b0 *
b1111101100 )
b11010 &
b11010 +
#1005
0"
1T
0V
1M
0O
0E
1G
1?
0W
1N
0P
0F
1H
0>
1@
16
08
0=
0R
1J
0B
0:
13
1;
b1001 1
b1111 0
b11001 !
b11001 .
b11001 /
14
07
15
1%
b1 *
b1111101101 )
b100101 &
b100101 +
#1006
1"
0T
1V
0M
1O
1E
0G
1=
0?
1W
0N
1P
1F
0H
1>
0@
1R
0J
1B
1:
b10111 1
b110 !
b110 .
b110 /
05
0%
b10111 $
b10111 -
b10111 (
b0 *
b1111101110 )
b11001 &
b11001 +
#1007
0"
1T
0V
1M
0O
0E
1G
0=
1?
17
0W
1N
0P
0F
1H
0>
1@
06
18
0R
1J
0B
0:
03
b1000 1
b11000 !
b11000 .
b11000 /
05
1%
b1 *
b1111101111 )
b100110 &
b100110 +
#1008
0M
0K
0D
0G
1E
0C
1"
0T
1V
0<
1W
0?
1=
1R
0;
b11000 1
b1000 0
b111 !
b111 .
b111 /
04
07
15
0%
b11000 $
b11000 -
b11000 (
b0 *
b1111110000 )
b11000 &
b11000 +
#1009
1O
1S
1K
1C
0"
1T
0V
1L
0M
1D
1E
1<
0W
0N
1P
1F
0H
1>
0@
16
08
0?
1=
0R
0J
1B
1:
13
1;
b111 1
b1111 0
b10111 !
b10111 .
b10111 /
14
07
15
1%
b1 *
b1111110001 )
b100111 &
b100111 +
#1010
1"
0T
1V
1M
0O
0E
1G
0=
1?
1W
1N
0P
0F
1H
0>
1@
1R
1J
0B
0:
b11001 1
b1000 !
b1000 .
b1000 /
05
0%
b11001 $
b11001 -
b11001 (
b0 *
b1111110010 )
b10111 &
b10111 +
#1011
0"
1T
0V
0M
1O
1E
0G
1=
0?
17
0W
0N
1P
1F
0H
1>
0@
06
18
0R
0J
1B
1:
03
b110 1
b10110 !
b10110 .
b10110 /
05
1%
b1 *
b1111110011 )
b101000 &
b101000 +
#1012
1"
0T
1V
1M
0O
0E
1G
1W
1N
0P
0F
1H
0=
1R
1J
0B
0;
b11010 1
b1110 0
b1001 !
b1001 .
b1001 /
04
07
15
0%
b11010 $
b11010 -
b11010 (
b0 *
b1111110100 )
b10110 &
b10110 +
#1013
0"
1T
0V
0M
1O
1E
0G
1?
0W
0N
1P
1F
0H
0>
1@
16
08
0=
0R
0J
1B
0:
13
1;
b101 1
b1111 0
b10101 !
b10101 .
b10101 /
14
07
15
1%
b1 *
b1111110101 )
b101001 &
b101001 +
#1014
1"
0T
1V
1M
0O
0E
1G
1=
0?
1W
1N
0P
0F
1H
1>
0@
1R
1J
0B
1:
b11011 1
b1010 !
b1010 .
b1010 /
05
0%
b11011 $
b11011 -
b11011 (
b0 *
b1111110110 )
b10101 &
b10101 +
#1015
0"
1T
0V
0M
1O
1E
0G
0=
1?
17
0W
0N
1P
1F
0H
0>
1@
06
18
0R
0J
1B
0:
03
b100 1
b10100 !
b10100 .
b10100 /
05
1%
b1 *
b1111110111 )
b101010 &
b101010 +
#1016
0E
0C
1"
0T
1V
1M
0O
0<
1W
1N
0P
0?
1=
1R
1J
0;
b11100 1
b1100 0
b1011 !
b1011 .
b1011 /
04
07
15
0%
b11100 $
b11100 -
b11100 (
b0 *
b1111111000 )
b10100 &
b10100 +
#1017
1S
1L
1G
1K
1C
0"
1T
0V
0M
1O
1D
0E
1<
0W
0N
1P
0F
1H
1>
0@
16
08
0?
1=
0R
0J
0B
1:
13
1;
b11 1
b1111 0
b10011 !
b10011 .
b10011 /
14
07
15
1%
b1 *
b1111111001 )
b101011 &
b101011 +
#1018
1"
0T
1V
1M
0O
1E
0G
0=
1?
1W
1N
0P
1F
0H
0>
1@
1R
1J
1B
0:
b11101 1
b1100 !
b1100 .
b1100 /
05
0%
b11101 $
b11101 -
b11101 (
b0 *
b1111111010 )
b10011 &
b10011 +
#1019
0"
1T
0V
0M
1O
0E
1G
1=
0?
17
0W
0N
1P
0F
1H
1>
0@
06
18
0R
0J
0B
1:
03
b10 1
b10010 !
b10010 .
b10010 /
05
1%
b1 *
b1111111011 )
b101100 &
b101100 +
#1020
1"
0T
1V
1M
0O
1E
0G
1W
1N
0P
1F
0H
0=
1R
1J
1B
0;
b11110 1
b1110 0
b1101 !
b1101 .
b1101 /
04
07
15
0%
b11110 $
b11110 -
b11110 (
b0 *
b1111111100 )
b10010 &
b10010 +
#1021
0"
1T
0V
0M
1O
0E
1G
1?
0W
0N
1P
0F
1H
0>
1@
16
08
0=
0R
0J
0B
0:
13
1;
b1 1
b1111 0
b10001 !
b10001 .
b10001 /
14
07
15
1%
b1 *
b1111111101 )
b101101 &
b101101 +
#1022
1"
0T
1V
1M
0O
1E
0G
1=
0?
1W
1N
0P
1F
0H
1>
0@
1R
1J
1B
1:
b11111 1
b1110 !
b1110 .
b1110 /
05
0%
b11111 $
b11111 -
b11111 (
b0 *
b1111111110 )
b10001 &
b10001 +
#1023
0"
1T
0V
0M
1O
0E
1G
0=
1?
17
0W
0N
1P
0F
1H
0>
1@
06
18
0R
0J
0B
0:
03
b0 1
b10000 !
b10000 .
b10000 /
05
1%
b1 *
b1111111111 )
b101110 &
b101110 +
#1024
0S
0K
0C
0;
0<
0D
0L
0"
b0 0
b10000 !
b10000 .
b10000 /
0=
0?
0E
0G
0M
0O
1T
0V
04
08
0@
0H
0P
1W
07
05
02
09
0A
0I
1Q
0%
b0 $
b0 -
b10000 #
b10000 ,
b10000 '
b0 (
b0 *
b10000000000 )
b10000 &
b10000 +
#1025
1S
1L
1O
1K
1D
1G
1C
1<
1?
1;
b1111 0
14
1"
1T
0M
0E
0=
17
1U
0W
1P
1H
1@
18
1R
1J
1B
1:
13
b11111 1
b10000 !
b10000 .
b10000 /
05
1%
b1 *
b10000000001 )
#1026
0"
0S
0K
0C
0L
0D
1T
0V
0M
0O
0E
0G
0<
0U
1W
0P
0H
0@
0?
0=
0R
0J
0B
0:
0;
b1 1
b0 0
b10001 !
b10001 .
b10001 /
04
07
15
0%
b1 $
b1 -
b1 (
b0 *
b10000000010 )
b110000 &
b110000 +
#1027
0S
0L
0O
0K
0D
0G
0C
0<
1"
0T
1M
1E
0?
1U
0W
1P
1H
1@
08
1=
1R
1J
1B
1:
03
0;
b11110 1
b0 0
b1111 !
b1111 .
b1111 /
04
07
15
1%
b1 *
b10000000011 )
b10001 &
b10001 +
#1028
0"
1T
0M
0E
0U
1W
0P
0H
0R
0J
0B
b10 1
b10010 !
b10010 .
b10010 /
05
0%
b10 $
b10 -
b10 (
b0 *
b10000000100 )
b101111 &
b101111 +
#1029
1;
b1 0
14
1"
0T
1M
1E
1=
17
1U
0W
1P
1H
0@
18
1R
1J
1B
0:
13
b11101 1
b1110 !
b1110 .
b1110 /
05
1%
b1 *
b10000000101 )
b10010 &
b10010 +
#1030
0"
1T
0M
0E
0U
1W
0P
0H
1@
1=
0R
0J
0B
1:
0;
b11 1
b0 0
b10011 !
b10011 .
b10011 /
04
07
15
0%
b11 $
b11 -
b11 (
b0 *
b10000000110 )
b101110 &
b101110 +
#1031
0S
0L
0O
0K
0D
0G
0C
1"
0T
1M
1E
0<
1U
0W
1P
1H
0@
08
0?
0=
1R
1J
1B
0:
03
0;
b11100 1
b0 0
b1101 !
b1101 .
b1101 /
04
07
15
1%
b1 *
b10000000111 )
b10011 &
b10011 +
#1032
0"
1T
0M
0U
1W
0P
0R
0J
b100 1
b10100 !
b10100 .
b10100 /
05
0%
b100 $
b100 -
b100 (
b0 *
b10000001000 )
b101101 &
b101101 +
#1033
1C
1<
1?
1;
b11 0
14
1"
0T
1M
1E
0=
17
1U
0W
1P
0H
1@
18
1R
1J
0B
1:
13
b11011 1
b1100 !
b1100 .
b1100 /
05
1%
b1 *
b10000001001 )
b10100 &
b10100 +
#1034
0K
0C
0D
0"
1T
0M
1E
0G
0<
0U
1W
0P
1H
0@
0?
0=
0R
0J
1B
0:
0;
b101 1
b0 0
b10101 !
b10101 .
b10101 /
04
07
15
0%
b101 $
b101 -
b101 (
b0 *
b10000001010 )
b101100 &
b101100 +
#1035
0C
0<
1"
0T
1M
0E
0?
1U
0W
1P
0H
1@
08
1=
1R
1J
0B
1:
03
0;
b11010 1
b0 0
b1011 !
b1011 .
b1011 /
04
07
15
1%
b1 *
b10000001011 )
b10101 &
b10101 +
#1036
0"
1T
0M
1E
0U
1W
0P
1H
0R
0J
1B
b110 1
b10110 !
b10110 .
b10110 /
05
0%
b110 $
b110 -
b110 (
b0 *
b10000001100 )
b101011 &
b101011 +
#1037
1;
b1 0
14
1"
0T
1M
0E
1=
17
1U
0W
1P
0H
0@
18
1R
1J
0B
0:
13
b11001 1
b1010 !
b1010 .
b1010 /
05
1%
b1 *
b10000001101 )
b10110 &
b10110 +
#1038
0"
1T
0M
1E
0U
1W
0P
1H
1@
1=
0R
0J
1B
1:
0;
b111 1
b0 0
b10111 !
b10111 .
b10111 /
04
07
15
0%
b111 $
b111 -
b111 (
b0 *
b10000001110 )
b101010 &
b101010 +
#1039
0C
1"
0T
1M
0E
0<
1U
0W
1P
0H
0@
08
0?
0=
1R
1J
0B
0:
03
0;
b11000 1
b0 0
b1001 !
b1001 .
b1001 /
04
07
15
1%
b1 *
b10000001111 )
b10111 &
b10111 +
#1040
0"
1T
0U
1W
0R
b1000 1
b11000 !
b11000 .
b11000 /
05
0%
b1000 $
b1000 -
b1000 (
b0 *
b10000010000 )
b101001 &
b101001 +
#1041
1K
1D
1G
1C
1<
1?
1;
b111 0
14
1"
0T
1M
0E
0=
17
1U
0W
0P
1H
1@
18
1R
0J
1B
1:
13
b10111 1
b1000 !
b1000 .
b1000 /
05
1%
b1 *
b10000010001 )
b11000 &
b11000 +
#1042
0V
0S
0K
0C
0L
0D
0"
1T
1M
0O
0E
0G
0<
0U
1W
1P
0H
0@
0?
0=
0R
1J
0B
0:
0;
b1001 1
b0 0
b11001 !
b11001 .
b11001 /
04
07
15
0%
b1001 $
b1001 -
b1001 (
b0 *
b10000010010 )
b101000 &
b101000 +
#1043
0K
0D
0G
0C
0<
1"
0T
0M
1E
0?
1U
0W
0P
1H
1@
08
1=
1R
0J
1B
1:
03
0;
b10110 1
b0 0
b111 !
b111 .
b111 /
04
07
15
1%
b1 *
b10000010011 )
b11001 &
b11001 +
#1044
0"
1T
1M
0E
0U
1W
1P
0H
0R
1J
0B
b1010 1
b11010 !
b11010 .
b11010 /
05
0%
b1010 $
b1010 -
b1010 (
b0 *
b10000010100 )
b100111 &
b100111 +
#1045
1;
b1 0
14
1"
0T
0M
1E
1=
17
1U
0W
0P
1H
0@
18
1R
0J
1B
0:
13
b10101 1
b110 !
b110 .
b110 /
05
1%
b1 *
b10000010101 )
b11010 &
b11010 +
#1046
0"
1T
1M
0E
0U
1W
1P
0H
1@
1=
0R
1J
0B
1:
0;
b1011 1
b0 0
b11011 !
b11011 .
b11011 /
04
07
15
0%
b1011 $
b1011 -
b1011 (
b0 *
b10000010110 )
b100110 &
b100110 +
#1047
0K
0D
0G
0C
1"
0T
0M
1E
0<
1U
0W
0P
1H
0@
08
0?
0=
1R
0J
1B
0:
03
0;
b10100 1
b0 0
b101 !
b101 .
b101 /
04
07
15
1%
b1 *
b10000010111 )
b11011 &
b11011 +
#1048
0"
1T
1M
0U
1W
1P
0R
1J
b1100 1
b11100 !
b11100 .
b11100 /
05
0%
b1100 $
b1100 -
b1100 (
b0 *
b10000011000 )
b100101 &
b100101 +
#1049
1C
1<
1?
1;
b11 0
14
1"
0T
0M
1E
0=
17
1U
0W
0P
0H
1@
18
1R
0J
0B
1:
13
b10011 1
b100 !
b100 .
b100 /
05
1%
b1 *
b10000011001 )
b11100 &
b11100 +
#1050
0V
0S
0L
0O
0K
0C
0D
0"
1T
1M
1E
0G
0<
0U
1W
1P
1H
0@
0?
0=
0R
1J
1B
0:
0;
b1101 1
b0 0
b11101 !
b11101 .
b11101 /
04
07
15
0%
b1101 $
b1101 -
b1101 (
b0 *
b10000011010 )
b100100 &
b100100 +
#1051
0C
0<
1"
0T
0M
0E
0?
1U
0W
0P
0H
1@
08
1=
1R
0J
0B
1:
03
0;
b10010 1
b0 0
b11 !
b11 .
b11 /
04
07
15
1%
b1 *
b10000011011 )
b11101 &
b11101 +
#1052
0"
1T
1M
1E
0U
1W
1P
1H
0R
1J
1B
b1110 1
b11110 !
b11110 .
b11110 /
05
0%
b1110 $
b1110 -
b1110 (
b0 *
b10000011100 )
b100011 &
b100011 +
#1053
1;
b1 0
14
1"
0T
0M
0E
1=
17
1U
0W
0P
0H
0@
18
1R
0J
0B
0:
13
b10001 1
b10 !
b10 .
b10 /
05
1%
b1 *
b10000011101 )
b11110 &
b11110 +
#1054
0"
1T
1M
1E
0U
1W
1P
1H
1@
1=
0R
1J
1B
1:
0;
b1111 1
b0 0
b11111 !
b11111 .
b11111 /
04
07
15
0%
b1111 $
b1111 -
b1111 (
b0 *
b10000011110 )
b100010 &
b100010 +
#1055
0C
1"
0T
0M
0E
0<
1U
0W
0P
0H
0@
08
0?
0=
1R
0J
0B
0:
03
0;
b10000 1
b0 0
b1 !
b1 .
b1 /
04
07
15
1%
b1 *
b10000011111 )
b11111 &
b11111 +
#1056
b0 !
b0 .
b0 /
05
0%
b10000 $
b10000 -
b10000 (
b0 *
b10000100000 )
b100001 &
b100001 +
#1057
1V
1S
1L
1O
1K
1D
1G
1C
1<
1?
1;
b1111 0
14
1"
0T
0M
0E
0=
17
0U
1W
1P
1H
1@
18
0R
1J
1B
1:
13
b1111 1
b0 !
b0 .
b0 /
05
1%
b1 *
b10000100001 )
b100000 &
b100000 +
#1058
0S
0K
0C
0L
0D
0T
0V
0M
0O
0E
0G
0<
1U
0W
0P
0H
0@
0?
0=
1R
0J
0B
0:
0;
b10001 1
b0 0
b1 !
b1 .
b1 /
04
07
15
0%
b10001 $
b10001 -
b10001 (
b0 *
b10000100010 )
#1059
0V
0S
0L
0O
0K
0D
0G
0C
0<
0"
1T
1M
1E
0?
0U
1W
1P
1H
1@
08
1=
0R
1J
1B
1:
03
0;
b1110 1
b0 0
b11111 !
b11111 .
b11111 /
04
07
15
1%
b1 *
b10000100011 )
b100001 &
b100001 +
#1060
1"
0T
0M
0E
1U
0W
0P
0H
1R
0J
0B
b10010 1
b10 !
b10 .
b10 /
05
0%
b10010 $
b10010 -
b10010 (
b0 *
b10000100100 )
b11111 &
b11111 +
#1061
1;
b1 0
14
0"
1T
1M
1E
1=
17
0U
1W
1P
1H
0@
18
0R
1J
1B
0:
13
b1101 1
b11110 !
b11110 .
b11110 /
05
1%
b1 *
b10000100101 )
b100010 &
b100010 +
#1062
1"
0T
0M
0E
1U
0W
0P
0H
1@
1=
1R
0J
0B
1:
0;
b10011 1
b0 0
b11 !
b11 .
b11 /
04
07
15
0%
b10011 $
b10011 -
b10011 (
b0 *
b10000100110 )
b11110 &
b11110 +
#1063
0V
0S
0L
0O
0K
0D
0G
0C
0"
1T
1M
1E
0<
0U
1W
1P
1H
0@
08
0?
0=
0R
1J
1B
0:
03
0;
b1100 1
b0 0
b11101 !
b11101 .
b11101 /
04
07
15
1%
b1 *
b10000100111 )
b100011 &
b100011 +
#1064
1"
0T
0M
1U
0W
0P
1R
0J
b10100 1
b100 !
b100 .
b100 /
05
0%
b10100 $
b10100 -
b10100 (
b0 *
b10000101000 )
b11101 &
b11101 +
#1065
1C
1<
1?
1;
b11 0
14
0"
1T
1M
1E
0=
17
0U
1W
1P
0H
1@
18
0R
1J
0B
1:
13
b1011 1
b11100 !
b11100 .
b11100 /
05
1%
b1 *
b10000101001 )
b100100 &
b100100 +
#1066
0K
0C
0D
1"
0T
0M
1E
0G
0<
1U
0W
0P
1H
0@
0?
0=
1R
0J
1B
0:
0;
b10101 1
b0 0
b101 !
b101 .
b101 /
04
07
15
0%
b10101 $
b10101 -
b10101 (
b0 *
b10000101010 )
b11100 &
b11100 +
#1067
0C
0<
0"
1T
1M
0E
0?
0U
1W
1P
0H
1@
08
1=
0R
1J
0B
1:
03
0;
b1010 1
b0 0
b11011 !
b11011 .
b11011 /
04
07
15
1%
b1 *
b10000101011 )
b100101 &
b100101 +
#1068
1"
0T
0M
1E
1U
0W
0P
1H
1R
0J
1B
b10110 1
b110 !
b110 .
b110 /
05
0%
b10110 $
b10110 -
b10110 (
b0 *
b10000101100 )
b11011 &
b11011 +
#1069
1;
b1 0
14
0"
1T
1M
0E
1=
17
0U
1W
1P
0H
0@
18
0R
1J
0B
0:
13
b1001 1
b11010 !
b11010 .
b11010 /
05
1%
b1 *
b10000101101 )
b100110 &
b100110 +
#1070
1"
0T
0M
1E
1U
0W
0P
1H
1@
1=
1R
0J
1B
1:
0;
b10111 1
b0 0
b111 !
b111 .
b111 /
04
07
15
0%
b10111 $
b10111 -
b10111 (
b0 *
b10000101110 )
b11010 &
b11010 +
#1071
0C
0"
1T
1M
0E
0<
0U
1W
1P
0H
0@
08
0?
0=
0R
1J
0B
0:
03
0;
b1000 1
b0 0
b11001 !
b11001 .
b11001 /
04
07
15
1%
b1 *
b10000101111 )
b100111 &
b100111 +
#1072
1"
0T
1U
0W
1R
b11000 1
b1000 !
b1000 .
b1000 /
05
0%
b11000 $
b11000 -
b11000 (
b0 *
b10000110000 )
b11001 &
b11001 +
#1073
1K
1D
1G
1C
1<
1?
1;
b111 0
14
0"
1T
1M
0E
0=
17
0U
1W
0P
1H
1@
18
0R
0J
1B
1:
13
b111 1
b11000 !
b11000 .
b11000 /
05
1%
b1 *
b10000110001 )
b101000 &
b101000 +
#1074
0S
0K
0C
0L
0D
1"
0T
1M
0O
0E
0G
0<
1U
0W
1P
0H
0@
0?
0=
1R
1J
0B
0:
0;
b11001 1
b0 0
b1001 !
b1001 .
b1001 /
04
07
15
0%
b11001 $
b11001 -
b11001 (
b0 *
b10000110010 )
b11000 &
b11000 +
#1075
0K
0D
0G
0C
0<
0"
1T
0M
1E
0?
0U
1W
0P
1H
1@
08
1=
0R
0J
1B
1:
03
0;
b110 1
b0 0
b10111 !
b10111 .
b10111 /
04
07
15
1%
b1 *
b10000110011 )
b101001 &
b101001 +
#1076
1"
0T
1M
0E
1U
0W
1P
0H
1R
1J
0B
b11010 1
b1010 !
b1010 .
b1010 /
05
0%
b11010 $
b11010 -
b11010 (
b0 *
b10000110100 )
b10111 &
b10111 +
#1077
1;
b1 0
14
0"
1T
0M
1E
1=
17
0U
1W
0P
1H
0@
18
0R
0J
1B
0:
13
b101 1
b10110 !
b10110 .
b10110 /
05
1%
b1 *
b10000110101 )
b101010 &
b101010 +
#1078
1"
0T
1M
0E
1U
0W
1P
0H
1@
1=
1R
1J
0B
1:
0;
b11011 1
b0 0
b1011 !
b1011 .
b1011 /
04
07
15
0%
b11011 $
b11011 -
b11011 (
b0 *
b10000110110 )
b10110 &
b10110 +
#1079
0K
0D
0G
0C
0"
1T
0M
1E
0<
0U
1W
0P
1H
0@
08
0?
0=
0R
0J
1B
0:
03
0;
b100 1
b0 0
b10101 !
b10101 .
b10101 /
04
07
15
1%
b1 *
b10000110111 )
b101011 &
b101011 +
#1080
1"
0T
1M
1U
0W
1P
1R
1J
b11100 1
b1100 !
b1100 .
b1100 /
05
0%
b11100 $
b11100 -
b11100 (
b0 *
b10000111000 )
b10101 &
b10101 +
#1081
1C
1<
1?
1;
b11 0
14
0"
1T
0M
1E
0=
17
0U
1W
0P
0H
1@
18
0R
0J
0B
1:
13
b11 1
b10100 !
b10100 .
b10100 /
05
1%
b1 *
b10000111001 )
b101100 &
b101100 +
#1082
0S
0L
0O
0K
0C
0D
1"
0T
1M
1E
0G
0<
1U
0W
1P
1H
0@
0?
0=
1R
1J
1B
0:
0;
b11101 1
b0 0
b1101 !
b1101 .
b1101 /
04
07
15
0%
b11101 $
b11101 -
b11101 (
b0 *
b10000111010 )
b10100 &
b10100 +
#1083
0C
0<
0"
1T
0M
0E
0?
0U
1W
0P
0H
1@
08
1=
0R
0J
0B
1:
03
0;
b10 1
b0 0
b10011 !
b10011 .
b10011 /
04
07
15
1%
b1 *
b10000111011 )
b101101 &
b101101 +
#1084
1"
0T
1M
1E
1U
0W
1P
1H
1R
1J
1B
b11110 1
b1110 !
b1110 .
b1110 /
05
0%
b11110 $
b11110 -
b11110 (
b0 *
b10000111100 )
b10011 &
b10011 +
#1085
1;
b1 0
14
0"
1T
0M
0E
1=
17
0U
1W
0P
0H
0@
18
0R
0J
0B
0:
13
b1 1
b10010 !
b10010 .
b10010 /
05
1%
b1 *
b10000111101 )
b101110 &
b101110 +
#1086
1"
0T
1M
1E
1U
0W
1P
1H
1@
1=
1R
1J
1B
1:
0;
b11111 1
b0 0
b1111 !
b1111 .
b1111 /
04
07
15
0%
b11111 $
b11111 -
b11111 (
b0 *
b10000111110 )
b10010 &
b10010 +
#1087
0C
0"
1T
0M
0E
0<
0U
1W
0P
0H
0@
08
0?
0=
0R
0J
0B
0:
03
0;
b0 1
b0 0
b10001 !
b10001 .
b10001 /
04
07
15
1%
b1 *
b10000111111 )
b101111 &
b101111 +
#1088
b10001 !
b10001 .
b10001 /
18
15
12
0%
b0 $
b0 -
b10001 #
b10001 ,
b10001 '
b0 (
b0 *
b10001000000 )
b10001 &
b10001 +
#1089
1S
1L
1O
1K
1D
1G
1C
1<
1"
1T
0M
0E
1?
1U
0W
1P
1H
1@
16
08
0=
1R
1J
1B
1:
13
1;
b11111 1
b1111 0
b10001 !
b10001 .
b10001 /
14
07
15
1%
b1 *
b10001000001 )
#1090
0"
0S
0K
0C
b1 0
0L
0D
0<
1T
0V
0M
0O
0E
0G
1=
0?
0U
1W
0P
0H
0@
0R
0J
0B
0:
b1 1
b10010 !
b10010 .
b10010 /
05
0%
b1 $
b1 -
b1 (
b0 *
b10001000010 )
b110001 &
b110001 +
#1091
1S
1L
1O
1K
1D
1G
1C
b1111 0
1<
1"
1T
0M
0E
0=
1?
17
1U
0W
1P
1H
1@
06
18
1R
1J
1B
1:
03
b11110 1
b10000 !
b10000 .
b10000 /
05
1%
b1 *
b10001000011 )
b10010 &
b10010 +
#1092
0"
0S
0K
0C
0L
0D
1T
0V
0M
0O
0E
0G
0<
0U
1W
0P
0H
0?
1=
0R
0J
0B
0;
b10 1
b0 0
b10011 !
b10011 .
b10011 /
04
07
15
0%
b10 $
b10 -
b10 (
b0 *
b10001000100 )
b110000 &
b110000 +
#1093
0S
0L
0O
0K
0D
0G
0C
1"
0T
1M
1E
0<
1U
0W
1P
1H
0@
16
08
0?
1=
1R
1J
1B
0:
13
1;
b11101 1
b1 0
b1111 !
b1111 .
b1111 /
14
07
15
1%
b1 *
b10001000101 )
b10011 &
b10011 +
#1094
1C
b11 0
1<
0"
1T
0M
1E
0=
1?
0U
1W
0P
0H
1@
0R
0J
0B
1:
b11 1
b10100 !
b10100 .
b10100 /
05
0%
b11 $
b11 -
b11 (
b0 *
b10001000110 )
b101111 &
b101111 +
#1095
0S
0L
0O
0K
0C
b1 0
0D
0<
1"
0T
1M
1E
0G
1=
0?
17
1U
0W
1P
1H
0@
06
18
1R
1J
1B
0:
03
b11100 1
b1110 !
b1110 .
b1110 /
05
1%
b1 *
b10001000111 )
b10100 &
b10100 +
#1096
0"
1T
0M
0U
1W
0P
0=
0R
0J
0;
b100 1
b0 0
b10101 !
b10101 .
b10101 /
04
07
15
0%
b100 $
b100 -
b100 (
b0 *
b10001001000 )
b101110 &
b101110 +
#1097
1C
1<
1"
0T
1M
1E
1?
1U
0W
1P
0H
1@
16
08
0=
1R
1J
0B
1:
13
1;
b11011 1
b11 0
b1101 !
b1101 .
b1101 /
14
07
15
1%
b1 *
b10001001001 )
b10101 &
b10101 +
#1098
0K
0C
b1 0
0D
0<
0"
1T
0M
1E
0G
1=
0?
0U
1W
0P
1H
0@
0R
0J
1B
0:
b101 1
b10110 !
b10110 .
b10110 /
05
0%
b101 $
b101 -
b101 (
b0 *
b10001001010 )
b101101 &
b101101 +
#1099
1C
b11 0
1<
1"
0T
1M
1E
0=
1?
17
1U
0W
1P
0H
1@
06
18
1R
1J
0B
1:
03
b11010 1
b1100 !
b1100 .
b1100 /
05
1%
b1 *
b10001001011 )
b10110 &
b10110 +
#1100
0K
0C
0D
0"
1T
0M
1E
0G
0<
0U
1W
0P
1H
0?
1=
0R
0J
1B
0;
b110 1
b0 0
b10111 !
b10111 .
b10111 /
04
07
15
0%
b110 $
b110 -
b110 (
b0 *
b10001001100 )
b101100 &
b101100 +
#1101
0C
1"
0T
1M
0E
0<
1U
0W
1P
0H
0@
16
08
0?
1=
1R
1J
0B
0:
13
1;
b11001 1
b1 0
b1011 !
b1011 .
b1011 /
14
07
15
1%
b1 *
b10001001101 )
b10111 &
b10111 +
#1102
1K
1D
1G
1C
b111 0
1<
0"
1T
1M
0E
0=
1?
0U
1W
0P
1H
1@
0R
0J
1B
1:
b111 1
b11000 !
b11000 .
b11000 /
05
0%
b111 $
b111 -
b111 (
b0 *
b10001001110 )
b101011 &
b101011 +
#1103
0S
0K
0C
b1 0
0L
0D
0<
1"
0T
1M
0O
0E
0G
1=
0?
17
1U
0W
1P
0H
0@
06
18
1R
1J
0B
0:
03
b11000 1
b1010 !
b1010 .
b1010 /
05
1%
b1 *
b10001001111 )
b11000 &
b11000 +
#1104
0"
1T
0U
1W
0=
0R
0;
b1000 1
b0 0
b11001 !
b11001 .
b11001 /
04
07
15
0%
b1000 $
b1000 -
b1000 (
b0 *
b10001010000 )
b101010 &
b101010 +
#1105
1K
1D
1G
1C
1<
1"
0T
1M
0E
1?
1U
0W
0P
1H
1@
16
08
0=
1R
0J
1B
1:
13
1;
b10111 1
b111 0
b1001 !
b1001 .
b1001 /
14
07
15
1%
b1 *
b10001010001 )
b11001 &
b11001 +
#1106
0V
0S
0K
0C
b1 0
0L
0D
0<
0"
1T
1M
0O
0E
0G
1=
0?
0U
1W
1P
0H
0@
0R
1J
0B
0:
b1001 1
b11010 !
b11010 .
b11010 /
05
0%
b1001 $
b1001 -
b1001 (
b0 *
b10001010010 )
b101001 &
b101001 +
#1107
1K
1D
1G
1C
b111 0
1<
1"
0T
1M
0E
0=
1?
17
1U
0W
0P
1H
1@
06
18
1R
0J
1B
1:
03
b10110 1
b1000 !
b1000 .
b1000 /
05
1%
b1 *
b10001010011 )
b11010 &
b11010 +
#1108
0V
0S
0K
0C
0L
0D
0"
1T
1M
0O
0E
0G
0<
0U
1W
1P
0H
0?
1=
0R
1J
0B
0;
b1010 1
b0 0
b11011 !
b11011 .
b11011 /
04
07
15
0%
b1010 $
b1010 -
b1010 (
b0 *
b10001010100 )
b101000 &
b101000 +
#1109
0K
0D
0G
0C
1"
0T
0M
1E
0<
1U
0W
0P
1H
0@
16
08
0?
1=
1R
0J
1B
0:
13
1;
b10101 1
b1 0
b111 !
b111 .
b111 /
14
07
15
1%
b1 *
b10001010101 )
b11011 &
b11011 +
#1110
1C
b11 0
1<
0"
1T
1M
1E
0=
1?
0U
1W
1P
0H
1@
0R
1J
0B
1:
b1011 1
b11100 !
b11100 .
b11100 /
05
0%
b1011 $
b1011 -
b1011 (
b0 *
b10001010110 )
b100111 &
b100111 +
#1111
0K
0C
b1 0
0D
0<
1"
0T
0M
1E
0G
1=
0?
17
1U
0W
0P
1H
0@
06
18
1R
0J
1B
0:
03
b10100 1
b110 !
b110 .
b110 /
05
1%
b1 *
b10001010111 )
b11100 &
b11100 +
#1112
0"
1T
1M
0U
1W
1P
0=
0R
1J
0;
b1100 1
b0 0
b11101 !
b11101 .
b11101 /
04
07
15
0%
b1100 $
b1100 -
b1100 (
b0 *
b10001011000 )
b100110 &
b100110 +
#1113
1C
1<
1"
0T
0M
1E
1?
1U
0W
0P
0H
1@
16
08
0=
1R
0J
0B
1:
13
1;
b10011 1
b11 0
b101 !
b101 .
b101 /
14
07
15
1%
b1 *
b10001011001 )
b11101 &
b11101 +
#1114
0V
0S
0L
0O
0K
0C
b1 0
0D
0<
0"
1T
1M
1E
0G
1=
0?
0U
1W
1P
1H
0@
0R
1J
1B
0:
b1101 1
b11110 !
b11110 .
b11110 /
05
0%
b1101 $
b1101 -
b1101 (
b0 *
b10001011010 )
b100101 &
b100101 +
#1115
1C
b11 0
1<
1"
0T
0M
1E
0=
1?
17
1U
0W
0P
0H
1@
06
18
1R
0J
0B
1:
03
b10010 1
b100 !
b100 .
b100 /
05
1%
b1 *
b10001011011 )
b11110 &
b11110 +
#1116
0V
0S
0L
0O
0K
0C
0D
0"
1T
1M
1E
0G
0<
0U
1W
1P
1H
0?
1=
0R
1J
1B
0;
b1110 1
b0 0
b11111 !
b11111 .
b11111 /
04
07
15
0%
b1110 $
b1110 -
b1110 (
b0 *
b10001011100 )
b100100 &
b100100 +
#1117
0C
1"
0T
0M
0E
0<
1U
0W
0P
0H
0@
16
08
0?
1=
1R
0J
0B
0:
13
1;
b10001 1
b1 0
b11 !
b11 .
b11 /
14
07
15
1%
b1 *
b10001011101 )
b11111 &
b11111 +
#1118
1V
1S
1L
1O
1K
1D
1G
1C
b1111 0
1<
1"
0T
0M
0E
0=
1?
0U
1W
1P
1H
1@
0R
1J
1B
1:
b1111 1
b0 !
b0 .
b0 /
05
0%
b1111 $
b1111 -
b1111 (
b0 *
b10001011110 )
b100011 &
b100011 +
#1119
0S
0K
0C
b1 0
0L
0D
0<
0T
0V
0M
0O
0E
0G
1=
0?
17
1U
0W
0P
0H
0@
06
18
1R
0J
0B
0:
03
b10000 1
b10 !
b10 .
b10 /
05
1%
b1 *
b10001011111 )
b100000 &
b100000 +
#1120
0=
0;
b0 0
b1 !
b1 .
b1 /
04
07
15
0%
b10000 $
b10000 -
b10000 (
b0 *
b10001100000 )
b100010 &
b100010 +
#1121
1V
1S
1L
1O
1K
1D
1G
1C
1<
1"
0T
0M
0E
1?
0U
1W
1P
1H
1@
16
08
0=
0R
1J
1B
1:
13
1;
b1111 1
b1111 0
b1 !
b1 .
b1 /
14
07
15
1%
b1 *
b10001100001 )
b100001 &
b100001 +
#1122
0S
0K
0C
b1 0
0L
0D
0<
0T
0V
0M
0O
0E
0G
1=
0?
1U
0W
0P
0H
0@
1R
0J
0B
0:
b10001 1
b10 !
b10 .
b10 /
05
0%
b10001 $
b10001 -
b10001 (
b0 *
b10001100010 )
#1123
1V
1S
1L
1O
1K
1D
1G
1C
b1111 0
1<
1"
0T
0M
0E
0=
1?
17
0U
1W
1P
1H
1@
06
18
0R
1J
1B
1:
03
b1110 1
b0 !
b0 .
b0 /
05
1%
b1 *
b10001100011 )
b100010 &
b100010 +
#1124
0S
0K
0C
0L
0D
0T
0V
0M
0O
0E
0G
0<
1U
0W
0P
0H
0?
1=
1R
0J
0B
0;
b10010 1
b0 0
b11 !
b11 .
b11 /
04
07
15
0%
b10010 $
b10010 -
b10010 (
b0 *
b10001100100 )
b100000 &
b100000 +
#1125
0V
0S
0L
0O
0K
0D
0G
0C
0"
1T
1M
1E
0<
0U
1W
1P
1H
0@
16
08
0?
1=
0R
1J
1B
0:
13
1;
b1101 1
b1 0
b11111 !
b11111 .
b11111 /
14
07
15
1%
b1 *
b10001100101 )
b100011 &
b100011 +
#1126
1C
b11 0
1<
1"
0T
0M
1E
0=
1?
1U
0W
0P
0H
1@
1R
0J
0B
1:
b10011 1
b100 !
b100 .
b100 /
05
0%
b10011 $
b10011 -
b10011 (
b0 *
b10001100110 )
b11111 &
b11111 +
#1127
0V
0S
0L
0O
0K
0C
b1 0
0D
0<
0"
1T
1M
1E
0G
1=
0?
17
0U
1W
1P
1H
0@
06
18
0R
1J
1B
0:
03
b1100 1
b11110 !
b11110 .
b11110 /
05
1%
b1 *
b10001100111 )
b100100 &
b100100 +
#1128
1"
0T
0M
1U
0W
0P
0=
1R
0J
0;
b10100 1
b0 0
b101 !
b101 .
b101 /
04
07
15
0%
b10100 $
b10100 -
b10100 (
b0 *
b10001101000 )
b11110 &
b11110 +
#1129
1C
1<
0"
1T
1M
1E
1?
0U
1W
1P
0H
1@
16
08
0=
0R
1J
0B
1:
13
1;
b1011 1
b11 0
b11101 !
b11101 .
b11101 /
14
07
15
1%
b1 *
b10001101001 )
b100101 &
b100101 +
#1130
0K
0C
b1 0
0D
0<
1"
0T
0M
1E
0G
1=
0?
1U
0W
0P
1H
0@
1R
0J
1B
0:
b10101 1
b110 !
b110 .
b110 /
05
0%
b10101 $
b10101 -
b10101 (
b0 *
b10001101010 )
b11101 &
b11101 +
#1131
1C
b11 0
1<
0"
1T
1M
1E
0=
1?
17
0U
1W
1P
0H
1@
06
18
0R
1J
0B
1:
03
b1010 1
b11100 !
b11100 .
b11100 /
05
1%
b1 *
b10001101011 )
b100110 &
b100110 +
#1132
0K
0C
0D
1"
0T
0M
1E
0G
0<
1U
0W
0P
1H
0?
1=
1R
0J
1B
0;
b10110 1
b0 0
b111 !
b111 .
b111 /
04
07
15
0%
b10110 $
b10110 -
b10110 (
b0 *
b10001101100 )
b11100 &
b11100 +
#1133
0C
0"
1T
1M
0E
0<
0U
1W
1P
0H
0@
16
08
0?
1=
0R
1J
0B
0:
13
1;
b1001 1
b1 0
b11011 !
b11011 .
b11011 /
14
07
15
1%
b1 *
b10001101101 )
b100111 &
b100111 +
#1134
1K
1D
1G
1C
b111 0
1<
1"
0T
1M
0E
0=
1?
1U
0W
0P
1H
1@
1R
0J
1B
1:
b10111 1
b1000 !
b1000 .
b1000 /
05
0%
b10111 $
b10111 -
b10111 (
b0 *
b10001101110 )
b11011 &
b11011 +
#1135
0V
0S
0K
0C
b1 0
0L
0D
0<
0"
1T
1M
0O
0E
0G
1=
0?
17
0U
1W
1P
0H
0@
06
18
0R
1J
0B
0:
03
b1000 1
b11010 !
b11010 .
b11010 /
05
1%
b1 *
b10001101111 )
b101000 &
b101000 +
#1136
1"
0T
1U
0W
0=
1R
0;
b11000 1
b0 0
b1001 !
b1001 .
b1001 /
04
07
15
0%
b11000 $
b11000 -
b11000 (
b0 *
b10001110000 )
b11010 &
b11010 +
#1137
1K
1D
1G
1C
1<
0"
1T
1M
0E
1?
0U
1W
0P
1H
1@
16
08
0=
0R
0J
1B
1:
13
1;
b111 1
b111 0
b11001 !
b11001 .
b11001 /
14
07
15
1%
b1 *
b10001110001 )
b101001 &
b101001 +
#1138
0S
0K
0C
b1 0
0L
0D
0<
1"
0T
1M
0O
0E
0G
1=
0?
1U
0W
1P
0H
0@
1R
1J
0B
0:
b11001 1
b1010 !
b1010 .
b1010 /
05
0%
b11001 $
b11001 -
b11001 (
b0 *
b10001110010 )
b11001 &
b11001 +
#1139
1K
1D
1G
1C
b111 0
1<
0"
1T
1M
0E
0=
1?
17
0U
1W
0P
1H
1@
06
18
0R
0J
1B
1:
03
b110 1
b11000 !
b11000 .
b11000 /
05
1%
b1 *
b10001110011 )
b101010 &
b101010 +
#1140
0S
0K
0C
0L
0D
1"
0T
1M
0O
0E
0G
0<
1U
0W
1P
0H
0?
1=
1R
1J
0B
0;
b11010 1
b0 0
b1011 !
b1011 .
b1011 /
04
07
15
0%
b11010 $
b11010 -
b11010 (
b0 *
b10001110100 )
b11000 &
b11000 +
#1141
0K
0D
0G
0C
0"
1T
0M
1E
0<
0U
1W
0P
1H
0@
16
08
0?
1=
0R
0J
1B
0:
13
1;
b101 1
b1 0
b10111 !
b10111 .
b10111 /
14
07
15
1%
b1 *
b10001110101 )
b101011 &
b101011 +
#1142
1C
b11 0
1<
1"
0T
1M
1E
0=
1?
1U
0W
1P
0H
1@
1R
1J
0B
1:
b11011 1
b1100 !
b1100 .
b1100 /
05
0%
b11011 $
b11011 -
b11011 (
b0 *
b10001110110 )
b10111 &
b10111 +
#1143
0K
0C
b1 0
0D
0<
0"
1T
0M
1E
0G
1=
0?
17
0U
1W
0P
1H
0@
06
18
0R
0J
1B
0:
03
b100 1
b10110 !
b10110 .
b10110 /
05
1%
b1 *
b10001110111 )
b101100 &
b101100 +
#1144
1"
0T
1M
1U
0W
1P
0=
1R
1J
0;
b11100 1
b0 0
b1101 !
b1101 .
b1101 /
04
07
15
0%
b11100 $
b11100 -
b11100 (
b0 *
b10001111000 )
b10110 &
b10110 +
#1145
1C
1<
0"
1T
0M
1E
1?
0U
1W
0P
0H
1@
16
08
0=
0R
0J
0B
1:
13
1;
b11 1
b11 0
b10101 !
b10101 .
b10101 /
14
07
15
1%
b1 *
b10001111001 )
b101101 &
b101101 +
#1146
0S
0L
0O
0K
0C
b1 0
0D
0<
1"
0T
1M
1E
0G
1=
0?
1U
0W
1P
1H
0@
1R
1J
1B
0:
b11101 1
b1110 !
b1110 .
b1110 /
05
0%
b11101 $
b11101 -
b11101 (
b0 *
b10001111010 )
b10101 &
b10101 +
#1147
1C
b11 0
1<
0"
1T
0M
1E
0=
1?
17
0U
1W
0P
0H
1@
06
18
0R
0J
0B
1:
03
b10 1
b10100 !
b10100 .
b10100 /
05
1%
b1 *
b10001111011 )
b101110 &
b101110 +
#1148
0S
0L
0O
0K
0C
0D
1"
0T
1M
1E
0G
0<
1U
0W
1P
1H
0?
1=
1R
1J
1B
0;
b11110 1
b0 0
b1111 !
b1111 .
b1111 /
04
07
15
0%
b11110 $
b11110 -
b11110 (
b0 *
b10001111100 )
b10100 &
b10100 +
#1149
0C
0"
1T
0M
0E
0<
0U
1W
0P
0H
0@
16
08
0?
1=
0R
0J
0B
0:
13
1;
b1 1
b1 0
b10011 !
b10011 .
b10011 /
14
07
15
1%
b1 *
b10001111101 )
b101111 &
b101111 +
#1150
1S
1L
1O
1K
1D
1G
1C
b1111 0
1<
1"
1T
0M
0E
0=
1?
1U
0W
1P
1H
1@
1R
1J
1B
1:
b11111 1
b10000 !
b10000 .
b10000 /
05
0%
b11111 $
b11111 -
b11111 (
b0 *
b10001111110 )
b10011 &
b10011 +
#1151
0"
0S
0K
0C
b1 0
0L
0D
0<
1T
0V
0M
0O
0E
0G
1=
0?
17
0U
1W
0P
0H
0@
06
18
0R
0J
0B
0:
03
b0 1
b10010 !
b10010 .
b10010 /
05
1%
b1 *
b10001111111 )
b110000 &
b110000 +
#1152
0E
0C
0;
0<
b0 0
b10010 !
b10010 .
b10010 /
1=
0?
04
08
1@
07
05
02
19
0%
b0 $
b0 -
b10010 #
b10010 ,
b10010 '
b0 (
b0 *
b10010000000 )
b10010 &
b10010 +
#1153
1S
1L
1O
1K
1D
1G
1C
1;
b1111 0
14
1"
1T
0M
0E
1<
1=
17
1U
0W
1P
1H
1>
0@
18
1R
1J
1B
1:
13
b11111 1
b10010 !
b10010 .
b10010 /
05
1%
b1 *
b10010000001 )
#1154
0"
0S
0K
0C
0L
0D
1T
0V
0M
0O
0E
0G
0<
0U
1W
0P
0H
0>
1@
1=
0R
0J
0B
0:
0;
b1 1
b0 0
b10011 !
b10011 .
b10011 /
04
07
15
0%
b1 $
b1 -
b1 (
b0 *
b10010000010 )
b110010 &
b110010 +
#1155
1S
1L
1O
1K
1D
1G
1C
1"
1T
0M
0E
1<
1U
0W
1P
1H
1>
0@
08
0?
0=
1R
1J
1B
1:
03
0;
b11110 1
b1110 0
b10001 !
b10001 .
b10001 /
04
07
15
1%
b1 *
b10010000011 )
b10011 &
b10011 +
#1156
0"
0S
0K
b10 0
0L
0D
1T
0V
0M
0O
1E
0G
0U
1W
0P
0H
0R
0J
0B
b10 1
b10100 !
b10100 .
b10100 /
05
0%
b10 $
b10 -
b10 (
b0 *
b10010000100 )
b110001 &
b110001 +
#1157
1S
1L
1O
1K
1?
1C
1;
1D
b1111 0
14
1"
1T
0M
0E
1G
1<
0=
17
1U
0W
1P
1H
0>
1@
18
1R
1J
1B
0:
13
b11101 1
b10000 !
b10000 .
b10000 /
05
1%
b1 *
b10010000101 )
b10100 &
b10100 +
#1158
0"
0S
0K
0L
0D
1T
0V
0M
0O
1E
0G
0U
1W
0P
0H
1>
0@
0?
0=
0R
0J
0B
1:
0;
b11 1
b10 0
b10101 !
b10101 .
b10101 /
04
07
15
0%
b11 $
b11 -
b11 (
b0 *
b10010000110 )
b110000 &
b110000 +
#1159
0S
0C
0L
0<
0O
0K
0D
1"
0T
1M
1E
0G
0?
1U
0W
1P
1H
0>
1@
08
1=
1R
1J
1B
0:
03
0;
b11100 1
b0 0
b1111 !
b1111 .
b1111 /
04
07
15
1%
b1 *
b10010000111 )
b10101 &
b10101 +
#1160
0"
1T
0M
0U
1W
0P
0R
0J
b100 1
b10110 !
b10110 .
b10110 /
05
0%
b100 $
b100 -
b100 (
b0 *
b10010001000 )
b101111 &
b101111 +
#1161
1C
1;
b11 0
14
1"
0T
1M
1E
1<
1=
17
1U
0W
1P
0H
1>
0@
18
1R
1J
0B
1:
13
b11011 1
b1110 !
b1110 .
b1110 /
05
1%
b1 *
b10010001001 )
b10110 &
b10110 +
#1162
0K
0C
0D
0"
1T
0M
1E
0G
0<
0U
1W
0P
1H
0>
1@
1=
0R
0J
1B
0:
0;
b101 1
b0 0
b10111 !
b10111 .
b10111 /
04
07
15
0%
b101 $
b101 -
b101 (
b0 *
b10010001010 )
b101110 &
b101110 +
#1163
1C
1"
0T
1M
1E
1<
1U
0W
1P
0H
1>
0@
08
0?
0=
1R
1J
0B
1:
03
0;
b11010 1
b10 0
b1101 !
b1101 .
b1101 /
04
07
15
1%
b1 *
b10010001011 )
b10111 &
b10111 +
#1164
1K
b110 0
1D
0"
1T
1M
0E
1G
0U
1W
0P
1H
0R
0J
1B
b110 1
b11000 !
b11000 .
b11000 /
05
0%
b110 $
b110 -
b110 (
b0 *
b10010001100 )
b101101 &
b101101 +
#1165
0S
0K
1?
1C
1;
0L
0D
b11 0
14
1"
0T
1M
0O
1E
0G
1<
0=
17
1U
0W
1P
0H
0>
1@
18
1R
1J
0B
0:
13
b11001 1
b1100 !
b1100 .
b1100 /
05
1%
b1 *
b10010001101 )
b11000 &
b11000 +
#1166
1K
1D
0"
1T
1M
0E
1G
0U
1W
0P
1H
1>
0@
0?
0=
0R
0J
1B
1:
0;
b111 1
b110 0
b11001 !
b11001 .
b11001 /
04
07
15
0%
b111 $
b111 -
b111 (
b0 *
b10010001110 )
b101100 &
b101100 +
#1167
0C
0<
0S
0K
0L
0D
1"
0T
1M
0O
0E
0G
0?
1U
0W
1P
0H
0>
1@
08
1=
1R
1J
0B
0:
03
0;
b11000 1
b0 0
b1011 !
b1011 .
b1011 /
04
07
15
1%
b1 *
b10010001111 )
b11001 &
b11001 +
#1168
0"
1T
0U
1W
0R
b1000 1
b11010 !
b11010 .
b11010 /
05
0%
b1000 $
b1000 -
b1000 (
b0 *
b10010010000 )
b101011 &
b101011 +
#1169
1K
1D
1G
1C
1;
b111 0
14
1"
0T
1M
0E
1<
1=
17
1U
0W
0P
1H
1>
0@
18
1R
0J
1B
1:
13
b10111 1
b1010 !
b1010 .
b1010 /
05
1%
b1 *
b10010010001 )
b11010 &
b11010 +
#1170
0V
0S
0K
0C
0L
0D
0"
1T
1M
0O
0E
0G
0<
0U
1W
1P
0H
0>
1@
1=
0R
1J
0B
0:
0;
b1001 1
b0 0
b11011 !
b11011 .
b11011 /
04
07
15
0%
b1001 $
b1001 -
b1001 (
b0 *
b10010010010 )
b101010 &
b101010 +
#1171
1K
1D
1G
1C
1"
0T
1M
0E
1<
1U
0W
0P
1H
1>
0@
08
0?
0=
1R
0J
1B
1:
03
0;
b10110 1
b110 0
b1001 !
b1001 .
b1001 /
04
07
15
1%
b1 *
b10010010011 )
b11011 &
b11011 +
#1172
0V
0S
0K
b10 0
0L
0D
0"
1T
1M
0O
1E
0G
0U
1W
1P
0H
0R
1J
0B
b1010 1
b11100 !
b11100 .
b11100 /
05
0%
b1010 $
b1010 -
b1010 (
b0 *
b10010010100 )
b101001 &
b101001 +
#1173
1K
1?
1C
1;
1D
b111 0
14
1"
0T
1M
0E
1G
1<
0=
17
1U
0W
0P
1H
0>
1@
18
1R
0J
1B
0:
13
b10101 1
b1000 !
b1000 .
b1000 /
05
1%
b1 *
b10010010101 )
b11100 &
b11100 +
#1174
0V
0S
0K
0L
0D
0"
1T
1M
0O
1E
0G
0U
1W
1P
0H
1>
0@
0?
0=
0R
1J
0B
1:
0;
b1011 1
b10 0
b11101 !
b11101 .
b11101 /
04
07
15
0%
b1011 $
b1011 -
b1011 (
b0 *
b10010010110 )
b101000 &
b101000 +
#1175
0C
0<
0K
0D
1"
0T
0M
1E
0G
0?
1U
0W
0P
1H
0>
1@
08
1=
1R
0J
1B
0:
03
0;
b10100 1
b0 0
b111 !
b111 .
b111 /
04
07
15
1%
b1 *
b10010010111 )
b11101 &
b11101 +
#1176
0"
1T
1M
0U
1W
1P
0R
1J
b1100 1
b11110 !
b11110 .
b11110 /
05
0%
b1100 $
b1100 -
b1100 (
b0 *
b10010011000 )
b100111 &
b100111 +
#1177
1C
1;
b11 0
14
1"
0T
0M
1E
1<
1=
17
1U
0W
0P
0H
1>
0@
18
1R
0J
0B
1:
13
b10011 1
b110 !
b110 .
b110 /
05
1%
b1 *
b10010011001 )
b11110 &
b11110 +
#1178
0V
0S
0L
0O
0K
0C
0D
0"
1T
1M
1E
0G
0<
0U
1W
1P
1H
0>
1@
1=
0R
1J
1B
0:
0;
b1101 1
b0 0
b11111 !
b11111 .
b11111 /
04
07
15
0%
b1101 $
b1101 -
b1101 (
b0 *
b10010011010 )
b100110 &
b100110 +
#1179
1C
1"
0T
0M
1E
1<
1U
0W
0P
0H
1>
0@
08
0?
0=
1R
0J
0B
1:
03
0;
b10010 1
b10 0
b101 !
b101 .
b101 /
04
07
15
1%
b1 *
b10010011011 )
b11111 &
b11111 +
#1180
1V
1S
1L
1O
1K
b1110 0
1D
1"
0T
0M
0E
1G
0U
1W
1P
1H
0R
1J
1B
b1110 1
b0 !
b0 .
b0 /
05
0%
b1110 $
b1110 -
b1110 (
b0 *
b10010011100 )
b100101 &
b100101 +
#1181
0S
0K
1?
1C
1;
0L
0D
b11 0
14
0T
0V
0M
0O
1E
0G
1<
0=
17
1U
0W
0P
0H
0>
1@
18
1R
0J
0B
0:
13
b10001 1
b100 !
b100 .
b100 /
05
1%
b1 *
b10010011101 )
b100000 &
b100000 +
#1182
1V
1S
1L
1O
1K
1D
1"
0T
0M
0E
1G
0U
1W
1P
1H
1>
0@
0?
0=
0R
1J
1B
1:
0;
b1111 1
b1110 0
b1 !
b1 .
b1 /
04
07
15
0%
b1111 $
b1111 -
b1111 (
b0 *
b10010011110 )
b100100 &
b100100 +
#1183
0C
0<
0S
0K
0L
0D
0T
0V
0M
0O
0E
0G
0?
1U
0W
0P
0H
0>
1@
08
1=
1R
0J
0B
0:
03
0;
b10000 1
b0 0
b11 !
b11 .
b11 /
04
07
15
1%
b1 *
b10010011111 )
b100001 &
b100001 +
#1184
b10 !
b10 .
b10 /
05
0%
b10000 $
b10000 -
b10000 (
b0 *
b10010100000 )
b100011 &
b100011 +
#1185
1V
1S
1L
1O
1K
1D
1G
1C
1;
b1111 0
14
1"
0T
0M
0E
1<
1=
17
0U
1W
1P
1H
1>
0@
18
0R
1J
1B
1:
13
b1111 1
b10 !
b10 .
b10 /
05
1%
b1 *
b10010100001 )
b100010 &
b100010 +
#1186
0S
0K
0C
0L
0D
0T
0V
0M
0O
0E
0G
0<
1U
0W
0P
0H
0>
1@
1=
1R
0J
0B
0:
0;
b10001 1
b0 0
b11 !
b11 .
b11 /
04
07
15
0%
b10001 $
b10001 -
b10001 (
b0 *
b10010100010 )
#1187
1V
1S
1L
1O
1K
1D
1G
1C
1"
0T
0M
0E
1<
0U
1W
1P
1H
1>
0@
08
0?
0=
0R
1J
1B
1:
03
0;
b1110 1
b1110 0
b1 !
b1 .
b1 /
04
07
15
1%
b1 *
b10010100011 )
b100011 &
b100011 +
#1188
0S
0K
b10 0
0L
0D
0T
0V
0M
0O
1E
0G
1U
0W
0P
0H
1R
0J
0B
b10010 1
b100 !
b100 .
b100 /
05
0%
b10010 $
b10010 -
b10010 (
b0 *
b10010100100 )
b100001 &
b100001 +
#1189
1V
1S
1L
1O
1K
1?
1C
1;
1D
b1111 0
14
1"
0T
0M
0E
1G
1<
0=
17
0U
1W
1P
1H
0>
1@
18
0R
1J
1B
0:
13
b1101 1
b0 !
b0 .
b0 /
05
1%
b1 *
b10010100101 )
b100100 &
b100100 +
#1190
0S
0K
0L
0D
0T
0V
0M
0O
1E
0G
1U
0W
0P
0H
1>
0@
0?
0=
1R
0J
0B
1:
0;
b10011 1
b10 0
b101 !
b101 .
b101 /
04
07
15
0%
b10011 $
b10011 -
b10011 (
b0 *
b10010100110 )
b100000 &
b100000 +
#1191
0V
0S
0C
0L
0<
0O
0K
0D
0"
1T
1M
1E
0G
0?
0U
1W
1P
1H
0>
1@
08
1=
0R
1J
1B
0:
03
0;
b1100 1
b0 0
b11111 !
b11111 .
b11111 /
04
07
15
1%
b1 *
b10010100111 )
b100101 &
b100101 +
#1192
1"
0T
0M
1U
0W
0P
1R
0J
b10100 1
b110 !
b110 .
b110 /
05
0%
b10100 $
b10100 -
b10100 (
b0 *
b10010101000 )
b11111 &
b11111 +
#1193
1C
1;
b11 0
14
0"
1T
1M
1E
1<
1=
17
0U
1W
1P
0H
1>
0@
18
0R
1J
0B
1:
13
b1011 1
b11110 !
b11110 .
b11110 /
05
1%
b1 *
b10010101001 )
b100110 &
b100110 +
#1194
0K
0C
0D
1"
0T
0M
1E
0G
0<
1U
0W
0P
1H
0>
1@
1=
1R
0J
1B
0:
0;
b10101 1
b0 0
b111 !
b111 .
b111 /
04
07
15
0%
b10101 $
b10101 -
b10101 (
b0 *
b10010101010 )
b11110 &
b11110 +
#1195
1C
0"
1T
1M
1E
1<
0U
1W
1P
0H
1>
0@
08
0?
0=
0R
1J
0B
1:
03
0;
b1010 1
b10 0
b11101 !
b11101 .
b11101 /
04
07
15
1%
b1 *
b10010101011 )
b100111 &
b100111 +
#1196
1K
b110 0
1D
1"
0T
1M
0E
1G
1U
0W
0P
1H
1R
0J
1B
b10110 1
b1000 !
b1000 .
b1000 /
05
0%
b10110 $
b10110 -
b10110 (
b0 *
b10010101100 )
b11101 &
b11101 +
#1197
0V
0S
0K
1?
1C
1;
0L
0D
b11 0
14
0"
1T
1M
0O
1E
0G
1<
0=
17
0U
1W
1P
0H
0>
1@
18
0R
1J
0B
0:
13
b1001 1
b11100 !
b11100 .
b11100 /
05
1%
b1 *
b10010101101 )
b101000 &
b101000 +
#1198
1K
1D
1"
0T
1M
0E
1G
1U
0W
0P
1H
1>
0@
0?
0=
1R
0J
1B
1:
0;
b10111 1
b110 0
b1001 !
b1001 .
b1001 /
04
07
15
0%
b10111 $
b10111 -
b10111 (
b0 *
b10010101110 )
b11100 &
b11100 +
#1199
0C
0<
0V
0S
0K
0L
0D
0"
1T
1M
0O
0E
0G
0?
0U
1W
1P
0H
0>
1@
08
1=
0R
1J
0B
0:
03
0;
b1000 1
b0 0
b11011 !
b11011 .
b11011 /
04
07
15
1%
b1 *
b10010101111 )
b101001 &
b101001 +
#1200
1"
0T
1U
0W
1R
b11000 1
b1010 !
b1010 .
b1010 /
05
0%
b11000 $
b11000 -
b11000 (
b0 *
b10010110000 )
b11011 &
b11011 +
#1201
1K
1D
1G
1C
1;
b111 0
14
0"
1T
1M
0E
1<
1=
17
0U
1W
0P
1H
1>
0@
18
0R
0J
1B
1:
13
b111 1
b11010 !
b11010 .
b11010 /
05
1%
b1 *
b10010110001 )
b101010 &
b101010 +
#1202
0S
0K
0C
0L
0D
1"
0T
1M
0O
0E
0G
0<
1U
0W
1P
0H
0>
1@
1=
1R
1J
0B
0:
0;
b11001 1
b0 0
b1011 !
b1011 .
b1011 /
04
07
15
0%
b11001 $
b11001 -
b11001 (
b0 *
b10010110010 )
b11010 &
b11010 +
#1203
1K
1D
1G
1C
0"
1T
1M
0E
1<
0U
1W
0P
1H
1>
0@
08
0?
0=
0R
0J
1B
1:
03
0;
b110 1
b110 0
b11001 !
b11001 .
b11001 /
04
07
15
1%
b1 *
b10010110011 )
b101011 &
b101011 +
#1204
0S
0K
b10 0
0L
0D
1"
0T
1M
0O
1E
0G
1U
0W
1P
0H
1R
1J
0B
b11010 1
b1100 !
b1100 .
b1100 /
05
0%
b11010 $
b11010 -
b11010 (
b0 *
b10010110100 )
b11001 &
b11001 +
#1205
1K
1?
1C
1;
1D
b111 0
14
0"
1T
1M
0E
1G
1<
0=
17
0U
1W
0P
1H
0>
1@
18
0R
0J
1B
0:
13
b101 1
b11000 !
b11000 .
b11000 /
05
1%
b1 *
b10010110101 )
b101100 &
b101100 +
#1206
0S
0K
0L
0D
1"
0T
1M
0O
1E
0G
1U
0W
1P
0H
1>
0@
0?
0=
1R
1J
0B
1:
0;
b11011 1
b10 0
b1101 !
b1101 .
b1101 /
04
07
15
0%
b11011 $
b11011 -
b11011 (
b0 *
b10010110110 )
b11000 &
b11000 +
#1207
0C
0<
0K
0D
0"
1T
0M
1E
0G
0?
0U
1W
0P
1H
0>
1@
08
1=
0R
0J
1B
0:
03
0;
b100 1
b0 0
b10111 !
b10111 .
b10111 /
04
07
15
1%
b1 *
b10010110111 )
b101101 &
b101101 +
#1208
1"
0T
1M
1U
0W
1P
1R
1J
b11100 1
b1110 !
b1110 .
b1110 /
05
0%
b11100 $
b11100 -
b11100 (
b0 *
b10010111000 )
b10111 &
b10111 +
#1209
1C
1;
b11 0
14
0"
1T
0M
1E
1<
1=
17
0U
1W
0P
0H
1>
0@
18
0R
0J
0B
1:
13
b11 1
b10110 !
b10110 .
b10110 /
05
1%
b1 *
b10010111001 )
b101110 &
b101110 +
#1210
0S
0L
0O
0K
0C
0D
1"
0T
1M
1E
0G
0<
1U
0W
1P
1H
0>
1@
1=
1R
1J
1B
0:
0;
b11101 1
b0 0
b1111 !
b1111 .
b1111 /
04
07
15
0%
b11101 $
b11101 -
b11101 (
b0 *
b10010111010 )
b10110 &
b10110 +
#1211
1C
0"
1T
0M
1E
1<
0U
1W
0P
0H
1>
0@
08
0?
0=
0R
0J
0B
1:
03
0;
b10 1
b10 0
b10101 !
b10101 .
b10101 /
04
07
15
1%
b1 *
b10010111011 )
b101111 &
b101111 +
#1212
1S
1L
1O
1K
b1110 0
1D
1"
1T
0M
0E
1G
1U
0W
1P
1H
1R
1J
1B
b11110 1
b10000 !
b10000 .
b10000 /
05
0%
b11110 $
b11110 -
b11110 (
b0 *
b10010111100 )
b10101 &
b10101 +
#1213
0"
0S
0K
1?
1C
1;
0L
0D
b11 0
14
1T
0V
0M
0O
1E
0G
1<
0=
17
0U
1W
0P
0H
0>
1@
18
0R
0J
0B
0:
13
b1 1
b10100 !
b10100 .
b10100 /
05
1%
b1 *
b10010111101 )
b110000 &
b110000 +
#1214
1S
1L
1O
1K
1D
1"
1T
0M
0E
1G
1U
0W
1P
1H
1>
0@
0?
0=
1R
1J
1B
1:
0;
b11111 1
b1110 0
b10001 !
b10001 .
b10001 /
04
07
15
0%
b11111 $
b11111 -
b11111 (
b0 *
b10010111110 )
b10100 &
b10100 +
#1215
0C
0"
0<
0S
0K
0L
0D
1T
0V
0M
0O
0E
0G
0?
0U
1W
0P
0H
0>
1@
08
1=
0R
0J
0B
0:
03
0;
b0 1
b0 0
b10011 !
b10011 .
b10011 /
04
07
15
1%
b1 *
b10010111111 )
b110001 &
b110001 +
#1216
b10011 !
b10011 .
b10011 /
18
15
12
0%
b0 $
b0 -
b10011 #
b10011 ,
b10011 '
b0 (
b0 *
b10011000000 )
b10011 &
b10011 +
#1217
1S
1L
1O
1K
1D
1G
1C
1"
1T
0M
0E
1<
1U
0W
1P
1H
1>
0@
16
08
0?
1=
1R
1J
1B
1:
13
1;
b11111 1
b1111 0
b10011 !
b10011 .
b10011 /
14
07
15
1%
b1 *
b10011000001 )
#1218
0"
0S
0K
b11 0
0L
0D
1T
0V
0M
0O
1E
0G
0=
1?
0U
1W
0P
0H
0>
1@
0R
0J
0B
0:
b1 1
b10100 !
b10100 .
b10100 /
05
0%
b1 $
b1 -
b1 (
b0 *
b10011000010 )
b110011 &
b110011 +
#1219
1S
1L
1O
1K
b1111 0
1D
1"
1T
0M
0E
1G
1=
0?
17
1U
0W
1P
1H
1>
0@
06
18
1R
1J
1B
1:
03
b11110 1
b10010 !
b10010 .
b10010 /
05
1%
b1 *
b10011000011 )
b10100 &
b10100 +
#1220
0"
0S
0K
0L
0D
1T
0V
0M
0O
1E
0G
0U
1W
0P
0H
0=
0R
0J
0B
0;
b10 1
b10 0
b10101 !
b10101 .
b10101 /
04
07
15
0%
b10 $
b10 -
b10 (
b0 *
b10011000100 )
b110010 &
b110010 +
#1221
1S
1L
1O
1K
1D
1"
1T
0M
0E
1G
1?
1U
0W
1P
1H
0>
1@
16
08
0=
1R
1J
1B
0:
13
1;
b11101 1
b1111 0
b10001 !
b10001 .
b10001 /
14
07
15
1%
b1 *
b10011000101 )
b10101 &
b10101 +
#1222
0"
0S
0K
b11 0
0L
0D
1T
0V
0M
0O
1E
0G
1=
0?
0U
1W
0P
0H
1>
0@
0R
0J
0B
1:
b11 1
b10110 !
b10110 .
b10110 /
05
0%
b11 $
b11 -
b11 (
b0 *
b10011000110 )
b110001 &
b110001 +
#1223
1S
1L
1O
1K
b1111 0
1D
1"
1T
0M
0E
1G
0=
1?
17
1U
0W
1P
1H
0>
1@
06
18
1R
1J
1B
0:
03
b11100 1
b10000 !
b10000 .
b10000 /
05
1%
b1 *
b10011000111 )
b10110 &
b10110 +
#1224
0K
0"
0D
0S
0G
1E
0C
0L
1T
0V
0M
0O
0<
0U
1W
0P
0?
1=
0R
0J
0;
b100 1
b0 0
b10111 !
b10111 .
b10111 /
04
07
15
0%
b100 $
b100 -
b100 (
b0 *
b10011001000 )
b110000 &
b110000 +
#1225
1C
1"
0T
1M
1E
1<
1U
0W
1P
0H
1>
0@
16
08
0?
1=
1R
1J
0B
1:
13
1;
b11011 1
b11 0
b1111 !
b1111 .
b1111 /
14
07
15
1%
b1 *
b10011001001 )
b10111 &
b10111 +
#1226
1K
b111 0
1D
0"
1T
1M
0E
1G
0=
1?
0U
1W
0P
1H
0>
1@
0R
0J
1B
0:
b101 1
b11000 !
b11000 .
b11000 /
05
0%
b101 $
b101 -
b101 (
b0 *
b10011001010 )
b101111 &
b101111 +
#1227
0S
0K
b11 0
0L
0D
1"
0T
1M
0O
1E
0G
1=
0?
17
1U
0W
1P
0H
1>
0@
06
18
1R
1J
0B
1:
03
b11010 1
b1110 !
b1110 .
b1110 /
05
1%
b1 *
b10011001011 )
b11000 &
b11000 +
#1228
1K
1D
0"
1T
1M
0E
1G
0U
1W
0P
1H
0=
0R
0J
1B
0;
b110 1
b110 0
b11001 !
b11001 .
b11001 /
04
07
15
0%
b110 $
b110 -
b110 (
b0 *
b10011001100 )
b101110 &
b101110 +
#1229
0S
0K
0L
0D
1"
0T
1M
0O
1E
0G
1?
1U
0W
1P
0H
0>
1@
16
08
0=
1R
1J
0B
0:
13
1;
b11001 1
b11 0
b1101 !
b1101 .
b1101 /
14
07
15
1%
b1 *
b10011001101 )
b11001 &
b11001 +
#1230
1K
b111 0
1D
0"
1T
1M
0E
1G
1=
0?
0U
1W
0P
1H
1>
0@
0R
0J
1B
1:
b111 1
b11010 !
b11010 .
b11010 /
05
0%
b111 $
b111 -
b111 (
b0 *
b10011001110 )
b101101 &
b101101 +
#1231
0S
0K
b11 0
0L
0D
1"
0T
1M
0O
1E
0G
0=
1?
17
1U
0W
1P
0H
0>
1@
06
18
1R
1J
0B
0:
03
b11000 1
b1100 !
b1100 .
b1100 /
05
1%
b1 *
b10011001111 )
b11010 &
b11010 +
#1232
0E
0C
0"
1T
0<
0U
1W
0?
1=
0R
0;
b1000 1
b0 0
b11011 !
b11011 .
b11011 /
04
07
15
0%
b1000 $
b1000 -
b1000 (
b0 *
b10011010000 )
b101100 &
b101100 +
#1233
1K
1D
1G
1C
1"
0T
1M
0E
1<
1U
0W
0P
1H
1>
0@
16
08
0?
1=
1R
0J
1B
1:
13
1;
b10111 1
b111 0
b1011 !
b1011 .
b1011 /
14
07
15
1%
b1 *
b10011010001 )
b11011 &
b11011 +
#1234
0V
0S
0K
b11 0
0L
0D
0"
1T
1M
0O
1E
0G
0=
1?
0U
1W
1P
0H
0>
1@
0R
1J
0B
0:
b1001 1
b11100 !
b11100 .
b11100 /
05
0%
b1001 $
b1001 -
b1001 (
b0 *
b10011010010 )
b101011 &
b101011 +
#1235
1K
b111 0
1D
1"
0T
1M
0E
1G
1=
0?
17
1U
0W
0P
1H
1>
0@
06
18
1R
0J
1B
1:
03
b10110 1
b1010 !
b1010 .
b1010 /
05
1%
b1 *
b10011010011 )
b11100 &
b11100 +
#1236
0V
0S
0K
0L
0D
0"
1T
1M
0O
1E
0G
0U
1W
1P
0H
0=
0R
1J
0B
0;
b1010 1
b10 0
b11101 !
b11101 .
b11101 /
04
07
15
0%
b1010 $
b1010 -
b1010 (
b0 *
b10011010100 )
b101010 &
b101010 +
#1237
1K
1D
1"
0T
1M
0E
1G
1?
1U
0W
0P
1H
0>
1@
16
08
0=
1R
0J
1B
0:
13
1;
b10101 1
b111 0
b1001 !
b1001 .
b1001 /
14
07
15
1%
b1 *
b10011010101 )
b11101 &
b11101 +
#1238
0V
0S
0K
b11 0
0L
0D
0"
1T
1M
0O
1E
0G
1=
0?
0U
1W
1P
0H
1>
0@
0R
1J
0B
1:
b1011 1
b11110 !
b11110 .
b11110 /
05
0%
b1011 $
b1011 -
b1011 (
b0 *
b10011010110 )
b101001 &
b101001 +
#1239
1K
b111 0
1D
1"
0T
1M
0E
1G
0=
1?
17
1U
0W
0P
1H
0>
1@
06
18
1R
0J
1B
0:
03
b10100 1
b1000 !
b1000 .
b1000 /
05
1%
b1 *
b10011010111 )
b11110 &
b11110 +
#1240
0K
0V
0D
0S
0G
1E
0C
0L
0"
1T
1M
0O
0<
0U
1W
1P
0?
1=
0R
1J
0;
b1100 1
b0 0
b11111 !
b11111 .
b11111 /
04
07
15
0%
b1100 $
b1100 -
b1100 (
b0 *
b10011011000 )
b101000 &
b101000 +
#1241
1C
1"
0T
0M
1E
1<
1U
0W
0P
0H
1>
0@
16
08
0?
1=
1R
0J
0B
1:
13
1;
b10011 1
b11 0
b111 !
b111 .
b111 /
14
07
15
1%
b1 *
b10011011001 )
b11111 &
b11111 +
#1242
1V
1S
1L
1O
1K
b1111 0
1D
1"
0T
0M
0E
1G
0=
1?
0U
1W
1P
1H
0>
1@
0R
1J
1B
0:
b1101 1
b0 !
b0 .
b0 /
05
0%
b1101 $
b1101 -
b1101 (
b0 *
b10011011010 )
b100111 &
b100111 +
#1243
0S
0K
b11 0
0L
0D
0T
0V
0M
0O
1E
0G
1=
0?
17
1U
0W
0P
0H
1>
0@
06
18
1R
0J
0B
1:
03
b10010 1
b110 !
b110 .
b110 /
05
1%
b1 *
b10011011011 )
b100000 &
b100000 +
#1244
1V
1S
1L
1O
1K
1D
1"
0T
0M
0E
1G
0U
1W
1P
1H
0=
0R
1J
1B
0;
b1110 1
b1110 0
b1 !
b1 .
b1 /
04
07
15
0%
b1110 $
b1110 -
b1110 (
b0 *
b10011011100 )
b100110 &
b100110 +
#1245
0S
0K
0L
0D
0T
0V
0M
0O
1E
0G
1?
1U
0W
0P
0H
0>
1@
16
08
0=
1R
0J
0B
0:
13
1;
b10001 1
b11 0
b101 !
b101 .
b101 /
14
07
15
1%
b1 *
b10011011101 )
b100001 &
b100001 +
#1246
1V
1S
1L
1O
1K
b1111 0
1D
1"
0T
0M
0E
1G
1=
0?
0U
1W
1P
1H
1>
0@
0R
1J
1B
1:
b1111 1
b10 !
b10 .
b10 /
05
0%
b1111 $
b1111 -
b1111 (
b0 *
b10011011110 )
b100101 &
b100101 +
#1247
0S
0K
b11 0
0L
0D
0T
0V
0M
0O
1E
0G
0=
1?
17
1U
0W
0P
0H
0>
1@
06
18
1R
0J
0B
0:
03
b10000 1
b100 !
b100 .
b100 /
05
1%
b1 *
b10011011111 )
b100010 &
b100010 +
#1248
0E
0C
0<
0?
1=
0;
b0 0
b11 !
b11 .
b11 /
04
07
15
0%
b10000 $
b10000 -
b10000 (
b0 *
b10011100000 )
b100100 &
b100100 +
#1249
1V
1S
1L
1O
1K
1D
1G
1C
1"
0T
0M
0E
1<
0U
1W
1P
1H
1>
0@
16
08
0?
1=
0R
1J
1B
1:
13
1;
b1111 1
b1111 0
b11 !
b11 .
b11 /
14
07
15
1%
b1 *
b10011100001 )
b100011 &
b100011 +
#1250
0S
0K
b11 0
0L
0D
0T
0V
0M
0O
1E
0G
0=
1?
1U
0W
0P
0H
0>
1@
1R
0J
0B
0:
b10001 1
b100 !
b100 .
b100 /
05
0%
b10001 $
b10001 -
b10001 (
b0 *
b10011100010 )
#1251
1V
1S
1L
1O
1K
b1111 0
1D
1"
0T
0M
0E
1G
1=
0?
17
0U
1W
1P
1H
1>
0@
06
18
0R
1J
1B
1:
03
b1110 1
b10 !
b10 .
b10 /
05
1%
b1 *
b10011100011 )
b100100 &
b100100 +
#1252
0S
0K
0L
0D
0T
0V
0M
0O
1E
0G
1U
0W
0P
0H
0=
1R
0J
0B
0;
b10010 1
b10 0
b101 !
b101 .
b101 /
04
07
15
0%
b10010 $
b10010 -
b10010 (
b0 *
b10011100100 )
b100010 &
b100010 +
#1253
1V
1S
1L
1O
1K
1D
1"
0T
0M
0E
1G
1?
0U
1W
1P
1H
0>
1@
16
08
0=
0R
1J
1B
0:
13
1;
b1101 1
b1111 0
b1 !
b1 .
b1 /
14
07
15
1%
b1 *
b10011100101 )
b100101 &
b100101 +
#1254
0S
0K
b11 0
0L
0D
0T
0V
0M
0O
1E
0G
1=
0?
1U
0W
0P
0H
1>
0@
1R
0J
0B
1:
b10011 1
b110 !
b110 .
b110 /
05
0%
b10011 $
b10011 -
b10011 (
b0 *
b10011100110 )
b100001 &
b100001 +
#1255
1V
1S
1L
1O
1K
b1111 0
1D
1"
0T
0M
0E
1G
0=
1?
17
0U
1W
1P
1H
0>
1@
06
18
0R
1J
1B
0:
03
b1100 1
b0 !
b0 .
b0 /
05
1%
b1 *
b10011100111 )
b100110 &
b100110 +
#1256
0K
0D
0S
0G
1E
0C
0L
0T
0V
0M
0O
0<
1U
0W
0P
0?
1=
1R
0J
0;
b10100 1
b0 0
b111 !
b111 .
b111 /
04
07
15
0%
b10100 $
b10100 -
b10100 (
b0 *
b10011101000 )
b100000 &
b100000 +
#1257
1C
0"
1T
1M
1E
1<
0U
1W
1P
0H
1>
0@
16
08
0?
1=
0R
1J
0B
1:
13
1;
b1011 1
b11 0
b11111 !
b11111 .
b11111 /
14
07
15
1%
b1 *
b10011101001 )
b100111 &
b100111 +
#1258
1K
b111 0
1D
1"
0T
1M
0E
1G
0=
1?
1U
0W
0P
1H
0>
1@
1R
0J
1B
0:
b10101 1
b1000 !
b1000 .
b1000 /
05
0%
b10101 $
b10101 -
b10101 (
b0 *
b10011101010 )
b11111 &
b11111 +
#1259
0V
0S
0K
b11 0
0L
0D
0"
1T
1M
0O
1E
0G
1=
0?
17
0U
1W
1P
0H
1>
0@
06
18
0R
1J
0B
1:
03
b1010 1
b11110 !
b11110 .
b11110 /
05
1%
b1 *
b10011101011 )
b101000 &
b101000 +
#1260
1K
1D
1"
0T
1M
0E
1G
1U
0W
0P
1H
0=
1R
0J
1B
0;
b10110 1
b110 0
b1001 !
b1001 .
b1001 /
04
07
15
0%
b10110 $
b10110 -
b10110 (
b0 *
b10011101100 )
b11110 &
b11110 +
#1261
0V
0S
0K
0L
0D
0"
1T
1M
0O
1E
0G
1?
0U
1W
1P
0H
0>
1@
16
08
0=
0R
1J
0B
0:
13
1;
b1001 1
b11 0
b11101 !
b11101 .
b11101 /
14
07
15
1%
b1 *
b10011101101 )
b101001 &
b101001 +
#1262
1K
b111 0
1D
1"
0T
1M
0E
1G
1=
0?
1U
0W
0P
1H
1>
0@
1R
0J
1B
1:
b10111 1
b1010 !
b1010 .
b1010 /
05
0%
b10111 $
b10111 -
b10111 (
b0 *
b10011101110 )
b11101 &
b11101 +
#1263
0V
0S
0K
b11 0
0L
0D
0"
1T
1M
0O
1E
0G
0=
1?
17
0U
1W
1P
0H
0>
1@
06
18
0R
1J
0B
0:
03
b1000 1
b11100 !
b11100 .
b11100 /
05
1%
b1 *
b10011101111 )
b101010 &
b101010 +
#1264
0E
0C
1"
0T
0<
1U
0W
0?
1=
1R
0;
b11000 1
b0 0
b1011 !
b1011 .
b1011 /
04
07
15
0%
b11000 $
b11000 -
b11000 (
b0 *
b10011110000 )
b11100 &
b11100 +
#1265
1K
1D
1G
1C
0"
1T
1M
0E
1<
0U
1W
0P
1H
1>
0@
16
08
0?
1=
0R
0J
1B
1:
13
1;
b111 1
b111 0
b11011 !
b11011 .
b11011 /
14
07
15
1%
b1 *
b10011110001 )
b101011 &
b101011 +
#1266
0S
0K
b11 0
0L
0D
1"
0T
1M
0O
1E
0G
0=
1?
1U
0W
1P
0H
0>
1@
1R
1J
0B
0:
b11001 1
b1100 !
b1100 .
b1100 /
05
0%
b11001 $
b11001 -
b11001 (
b0 *
b10011110010 )
b11011 &
b11011 +
#1267
1K
b111 0
1D
0"
1T
1M
0E
1G
1=
0?
17
0U
1W
0P
1H
1>
0@
06
18
0R
0J
1B
1:
03
b110 1
b11010 !
b11010 .
b11010 /
05
1%
b1 *
b10011110011 )
b101100 &
b101100 +
#1268
0S
0K
0L
0D
1"
0T
1M
0O
1E
0G
1U
0W
1P
0H
0=
1R
1J
0B
0;
b11010 1
b10 0
b1101 !
b1101 .
b1101 /
04
07
15
0%
b11010 $
b11010 -
b11010 (
b0 *
b10011110100 )
b11010 &
b11010 +
#1269
1K
1D
0"
1T
1M
0E
1G
1?
0U
1W
0P
1H
0>
1@
16
08
0=
0R
0J
1B
0:
13
1;
b101 1
b111 0
b11001 !
b11001 .
b11001 /
14
07
15
1%
b1 *
b10011110101 )
b101101 &
b101101 +
#1270
0S
0K
b11 0
0L
0D
1"
0T
1M
0O
1E
0G
1=
0?
1U
0W
1P
0H
1>
0@
1R
1J
0B
1:
b11011 1
b1110 !
b1110 .
b1110 /
05
0%
b11011 $
b11011 -
b11011 (
b0 *
b10011110110 )
b11001 &
b11001 +
#1271
1K
b111 0
1D
0"
1T
1M
0E
1G
0=
1?
17
0U
1W
0P
1H
0>
1@
06
18
0R
0J
1B
0:
03
b100 1
b11000 !
b11000 .
b11000 /
05
1%
b1 *
b10011110111 )
b101110 &
b101110 +
#1272
0K
0D
0S
0G
1E
0C
0L
1"
0T
1M
0O
0<
1U
0W
1P
0?
1=
1R
1J
0;
b11100 1
b0 0
b1111 !
b1111 .
b1111 /
04
07
15
0%
b11100 $
b11100 -
b11100 (
b0 *
b10011111000 )
b11000 &
b11000 +
#1273
1C
0"
1T
0M
1E
1<
0U
1W
0P
0H
1>
0@
16
08
0?
1=
0R
0J
0B
1:
13
1;
b11 1
b11 0
b10111 !
b10111 .
b10111 /
14
07
15
1%
b1 *
b10011111001 )
b101111 &
b101111 +
#1274
1S
1L
1O
1K
b1111 0
1D
1"
1T
0M
0E
1G
0=
1?
1U
0W
1P
1H
0>
1@
1R
1J
1B
0:
b11101 1
b10000 !
b10000 .
b10000 /
05
0%
b11101 $
b11101 -
b11101 (
b0 *
b10011111010 )
b10111 &
b10111 +
#1275
0"
0S
0K
b11 0
0L
0D
1T
0V
0M
0O
1E
0G
1=
0?
17
0U
1W
0P
0H
1>
0@
06
18
0R
0J
0B
1:
03
b10 1
b10110 !
b10110 .
b10110 /
05
1%
b1 *
b10011111011 )
b110000 &
b110000 +
#1276
1S
1L
1O
1K
1D
1"
1T
0M
0E
1G
1U
0W
1P
1H
0=
1R
1J
1B
0;
b11110 1
b1110 0
b10001 !
b10001 .
b10001 /
04
07
15
0%
b11110 $
b11110 -
b11110 (
b0 *
b10011111100 )
b10110 &
b10110 +
#1277
0"
0S
0K
0L
0D
1T
0V
0M
0O
1E
0G
1?
0U
1W
0P
0H
0>
1@
16
08
0=
0R
0J
0B
0:
13
1;
b1 1
b11 0
b10101 !
b10101 .
b10101 /
14
07
15
1%
b1 *
b10011111101 )
b110001 &
b110001 +
#1278
1S
1L
1O
1K
b1111 0
1D
1"
1T
0M
0E
1G
1=
0?
1U
0W
1P
1H
1>
0@
1R
1J
1B
1:
b11111 1
b10010 !
b10010 .
b10010 /
05
0%
b11111 $
b11111 -
b11111 (
b0 *
b10011111110 )
b10101 &
b10101 +
#1279
0"
0S
0K
b11 0
0L
0D
1T
0V
0M
0O
1E
0G
0=
1?
17
0U
1W
0P
0H
0>
1@
06
18
0R
0J
0B
0:
03
b0 1
b10100 !
b10100 .
b10100 /
05
1%
b1 *
b10011111111 )
b110010 &
b110010 +
#1280
0M
0K
0C
0;
0<
0D
b0 0
b10100 !
b10100 .
b10100 /
0=
0?
1E
0G
04
08
0@
1H
07
05
02
09
1A
0%
b0 $
b0 -
b10100 #
b10100 ,
b10100 '
b0 (
b0 *
b10100000000 )
b10100 &
b10100 +
#1281
1S
1C
1L
1<
1O
1?
1K
1;
b1111 0
14
1"
1T
0M
1D
1E
0=
17
1U
0W
1P
1F
0H
1@
18
1R
1J
1B
1:
13
b11111 1
b10100 !
b10100 .
b10100 /
05
1%
b1 *
b10100000001 )
#1282
0K
0"
0D
0S
0C
0L
1T
0V
0M
0O
1E
0G
0<
0U
1W
0P
0F
1H
0@
0?
0=
0R
0J
0B
0:
0;
b1 1
b0 0
b10101 !
b10101 .
b10101 /
04
07
15
0%
b1 $
b1 -
b1 (
b0 *
b10100000010 )
b110100 &
b110100 +
#1283
1S
1L
1O
1K
0C
0<
1"
1T
0M
1D
0E
0?
1U
0W
1P
1F
0H
1@
08
1=
1R
1J
1B
1:
03
0;
b11110 1
b1100 0
b10011 !
b10011 .
b10011 /
04
07
15
1%
b1 *
b10100000011 )
b10101 &
b10101 +
#1284
0"
0S
0K
0L
b0 0
1T
0V
0M
0O
0D
1E
0U
1W
0P
0F
1H
0R
0J
0B
b10 1
b10110 !
b10110 .
b10110 /
05
0%
b10 $
b10 -
b10 (
b0 *
b10100000100 )
b110011 &
b110011 +
#1285
1S
1L
1O
1K
1;
b1101 0
14
1"
1T
0M
1D
0E
1=
17
1U
0W
1P
1F
0H
0@
18
1R
1J
1B
0:
13
b11101 1
b10010 !
b10010 .
b10010 /
05
1%
b1 *
b10100000101 )
b10110 &
b10110 +
#1286
0"
0S
0K
0L
1T
0V
0M
0O
0D
1E
0U
1W
0P
0F
1H
1@
1=
0R
0J
0B
1:
0;
b11 1
b0 0
b10111 !
b10111 .
b10111 /
04
07
15
0%
b11 $
b11 -
b11 (
b0 *
b10100000110 )
b110010 &
b110010 +
#1287
1S
1L
1O
1K
0C
1"
1T
0M
1D
0E
0<
1U
0W
1P
1F
0H
0@
08
0?
0=
1R
1J
1B
0:
03
0;
b11100 1
b1100 0
b10001 !
b10001 .
b10001 /
04
07
15
1%
b1 *
b10100000111 )
b10111 &
b10111 +
#1288
0"
0S
b100 0
0L
1T
0V
1M
0O
0U
1W
0P
0R
0J
b100 1
b11000 !
b11000 .
b11000 /
05
0%
b100 $
b100 -
b100 (
b0 *
b10100001000 )
b110001 &
b110001 +
#1289
1G
1C
1<
1S
1?
1K
1;
1L
b1111 0
14
1"
1T
0M
1O
1D
0E
0=
17
1U
0W
1P
0F
1H
1@
18
1R
1J
0B
1:
13
b11011 1
b10000 !
b10000 .
b10000 /
05
1%
b1 *
b10100001001 )
b11000 &
b11000 +
#1290
0"
0S
0C
0L
1T
0V
1M
0O
0E
0G
0<
0U
1W
0P
1F
0H
0@
0?
0=
0R
0J
1B
0:
0;
b101 1
b100 0
b11001 !
b11001 .
b11001 /
04
07
15
0%
b101 $
b101 -
b101 (
b0 *
b10100001010 )
b110000 &
b110000 +
#1291
0S
0G
0K
0C
0L
0<
1"
0T
1M
0O
0D
1E
0?
1U
0W
1P
0F
1H
1@
08
1=
1R
1J
0B
1:
03
0;
b11010 1
b0 0
b1111 !
b1111 .
b1111 /
04
07
15
1%
b1 *
b10100001011 )
b11001 &
b11001 +
#1292
1K
b100 0
0"
1T
1M
1D
0E
0U
1W
0P
1F
0H
0R
0J
1B
b110 1
b11010 !
b11010 .
b11010 /
05
0%
b110 $
b110 -
b110 (
b0 *
b10100001100 )
b101111 &
b101111 +
#1293
0S
0K
1;
0L
b1 0
14
1"
0T
1M
0O
0D
1E
1=
17
1U
0W
1P
0F
1H
0@
18
1R
1J
0B
0:
13
b11001 1
b1110 !
b1110 .
b1110 /
05
1%
b1 *
b10100001101 )
b11010 &
b11010 +
#1294
1K
0"
1T
1M
1D
0E
0U
1W
0P
1F
0H
1@
1=
0R
0J
1B
1:
0;
b111 1
b100 0
b11011 !
b11011 .
b11011 /
04
07
15
0%
b111 $
b111 -
b111 (
b0 *
b10100001110 )
b101110 &
b101110 +
#1295
0S
0G
0K
0C
0L
1"
0T
1M
0O
0D
1E
0<
1U
0W
1P
0F
1H
0@
08
0?
0=
1R
1J
0B
0:
03
0;
b11000 1
b0 0
b1101 !
b1101 .
b1101 /
04
07
15
1%
b1 *
b10100001111 )
b11011 &
b11011 +
#1296
0"
1T
0U
1W
0R
b1000 1
b11100 !
b11100 .
b11100 /
05
0%
b1000 $
b1000 -
b1000 (
b0 *
b10100010000 )
b101101 &
b101101 +
#1297
1C
1<
1?
1K
1;
b111 0
14
1"
0T
1M
1D
1E
0=
17
1U
0W
0P
1F
0H
1@
18
1R
0J
1B
1:
13
b10111 1
b1100 !
b1100 .
b1100 /
05
1%
b1 *
b10100010001 )
b11100 &
b11100 +
#1298
0K
0V
0D
0S
0C
0L
0"
1T
1M
0O
1E
0G
0<
0U
1W
1P
0F
1H
0@
0?
0=
0R
1J
0B
0:
0;
b1001 1
b0 0
b11101 !
b11101 .
b11101 /
04
07
15
0%
b1001 $
b1001 -
b1001 (
b0 *
b10100010010 )
b101100 &
b101100 +
#1299
1K
0C
0<
1"
0T
1M
1D
0E
0?
1U
0W
0P
1F
0H
1@
08
1=
1R
0J
1B
1:
03
0;
b10110 1
b100 0
b1011 !
b1011 .
b1011 /
04
07
15
1%
b1 *
b10100010011 )
b11101 &
b11101 +
#1300
0V
0S
0K
0L
b0 0
0"
1T
1M
0O
0D
1E
0U
1W
1P
0F
1H
0R
1J
0B
b1010 1
b11110 !
b11110 .
b11110 /
05
0%
b1010 $
b1010 -
b1010 (
b0 *
b10100010100 )
b101011 &
b101011 +
#1301
1K
1;
b101 0
14
1"
0T
1M
1D
0E
1=
17
1U
0W
0P
1F
0H
0@
18
1R
0J
1B
0:
13
b10101 1
b1010 !
b1010 .
b1010 /
05
1%
b1 *
b10100010101 )
b11110 &
b11110 +
#1302
0V
0S
0K
0L
0"
1T
1M
0O
0D
1E
0U
1W
1P
0F
1H
1@
1=
0R
1J
0B
1:
0;
b1011 1
b0 0
b11111 !
b11111 .
b11111 /
04
07
15
0%
b1011 $
b1011 -
b1011 (
b0 *
b10100010110 )
b101010 &
b101010 +
#1303
1K
0C
1"
0T
1M
1D
0E
0<
1U
0W
0P
1F
0H
0@
08
0?
0=
1R
0J
1B
0:
03
0;
b10100 1
b100 0
b1001 !
b1001 .
b1001 /
04
07
15
1%
b1 *
b10100010111 )
b11111 &
b11111 +
#1304
1V
1S
b1100 0
1L
1"
0T
0M
1O
0U
1W
1P
0R
1J
b1100 1
b0 !
b0 .
b0 /
05
0%
b1100 $
b1100 -
b1100 (
b0 *
b10100011000 )
b101001 &
b101001 +
#1305
1G
1C
1<
0S
1?
1K
1;
0L
b111 0
14
0T
0V
1M
0O
1D
0E
0=
17
1U
0W
0P
0F
1H
1@
18
1R
0J
0B
1:
13
b10011 1
b1000 !
b1000 .
b1000 /
05
1%
b1 *
b10100011001 )
b100000 &
b100000 +
#1306
1V
1S
0C
1L
1"
0T
0M
1O
0E
0G
0<
0U
1W
1P
1F
0H
0@
0?
0=
0R
1J
1B
0:
0;
b1101 1
b1100 0
b1 !
b1 .
b1 /
04
07
15
0%
b1101 $
b1101 -
b1101 (
b0 *
b10100011010 )
b101000 &
b101000 +
#1307
0S
0G
0K
0C
0L
0<
0T
0V
0M
0O
0D
1E
0?
1U
0W
0P
0F
1H
1@
08
1=
1R
0J
0B
1:
03
0;
b10010 1
b0 0
b111 !
b111 .
b111 /
04
07
15
1%
b1 *
b10100011011 )
b100001 &
b100001 +
#1308
1V
1S
1L
1O
1K
b1100 0
1"
0T
0M
1D
0E
0U
1W
1P
1F
0H
0R
1J
1B
b1110 1
b10 !
b10 .
b10 /
05
0%
b1110 $
b1110 -
b1110 (
b0 *
b10100011100 )
b100111 &
b100111 +
#1309
0S
0K
1;
0L
b1 0
14
0T
0V
0M
0O
0D
1E
1=
17
1U
0W
0P
0F
1H
0@
18
1R
0J
0B
0:
13
b10001 1
b110 !
b110 .
b110 /
05
1%
b1 *
b10100011101 )
b100010 &
b100010 +
#1310
1V
1S
1L
1O
1K
1"
0T
0M
1D
0E
0U
1W
1P
1F
0H
1@
1=
0R
1J
1B
1:
0;
b1111 1
b1100 0
b11 !
b11 .
b11 /
04
07
15
0%
b1111 $
b1111 -
b1111 (
b0 *
b10100011110 )
b100110 &
b100110 +
#1311
0S
0G
0K
0C
0L
0T
0V
0M
0O
0D
1E
0<
1U
0W
0P
0F
1H
0@
08
0?
0=
1R
0J
0B
0:
03
0;
b10000 1
b0 0
b101 !
b101 .
b101 /
04
07
15
1%
b1 *
b10100011111 )
b100011 &
b100011 +
#1312
b100 !
b100 .
b100 /
05
0%
b10000 $
b10000 -
b10000 (
b0 *
b10100100000 )
b100101 &
b100101 +
#1313
1V
1S
1C
1L
1<
1O
1?
1K
1;
b1111 0
14
1"
0T
0M
1D
1E
0=
17
0U
1W
1P
1F
0H
1@
18
0R
1J
1B
1:
13
b1111 1
b100 !
b100 .
b100 /
05
1%
b1 *
b10100100001 )
b100100 &
b100100 +
#1314
0K
0D
0S
0C
0L
0T
0V
0M
0O
1E
0G
0<
1U
0W
0P
0F
1H
0@
0?
0=
1R
0J
0B
0:
0;
b10001 1
b0 0
b101 !
b101 .
b101 /
04
07
15
0%
b10001 $
b10001 -
b10001 (
b0 *
b10100100010 )
#1315
1V
1S
1L
1O
1K
0C
0<
1"
0T
0M
1D
0E
0?
0U
1W
1P
1F
0H
1@
08
1=
0R
1J
1B
1:
03
0;
b1110 1
b1100 0
b11 !
b11 .
b11 /
04
07
15
1%
b1 *
b10100100011 )
b100101 &
b100101 +
#1316
0S
0K
0L
b0 0
0T
0V
0M
0O
0D
1E
1U
0W
0P
0F
1H
1R
0J
0B
b10010 1
b110 !
b110 .
b110 /
05
0%
b10010 $
b10010 -
b10010 (
b0 *
b10100100100 )
b100011 &
b100011 +
#1317
1V
1S
1L
1O
1K
1;
b1101 0
14
1"
0T
0M
1D
0E
1=
17
0U
1W
1P
1F
0H
0@
18
0R
1J
1B
0:
13
b1101 1
b10 !
b10 .
b10 /
05
1%
b1 *
b10100100101 )
b100110 &
b100110 +
#1318
0S
0K
0L
0T
0V
0M
0O
0D
1E
1U
0W
0P
0F
1H
1@
1=
1R
0J
0B
1:
0;
b10011 1
b0 0
b111 !
b111 .
b111 /
04
07
15
0%
b10011 $
b10011 -
b10011 (
b0 *
b10100100110 )
b100010 &
b100010 +
#1319
1V
1S
1L
1O
1K
0C
1"
0T
0M
1D
0E
0<
0U
1W
1P
1F
0H
0@
08
0?
0=
0R
1J
1B
0:
03
0;
b1100 1
b1100 0
b1 !
b1 .
b1 /
04
07
15
1%
b1 *
b10100100111 )
b100111 &
b100111 +
#1320
0S
b100 0
0L
0T
0V
1M
0O
1U
0W
0P
1R
0J
b10100 1
b1000 !
b1000 .
b1000 /
05
0%
b10100 $
b10100 -
b10100 (
b0 *
b10100101000 )
b100001 &
b100001 +
#1321
1G
1C
1V
1<
1S
1?
1K
1;
1L
b1111 0
14
1"
0T
0M
1O
1D
0E
0=
17
0U
1W
1P
0F
1H
1@
18
0R
1J
0B
1:
13
b1011 1
b0 !
b0 .
b0 /
05
1%
b1 *
b10100101001 )
b101000 &
b101000 +
#1322
0S
0C
0L
0T
0V
1M
0O
0E
0G
0<
1U
0W
0P
1F
0H
0@
0?
0=
1R
0J
1B
0:
0;
b10101 1
b100 0
b1001 !
b1001 .
b1001 /
04
07
15
0%
b10101 $
b10101 -
b10101 (
b0 *
b10100101010 )
b100000 &
b100000 +
#1323
0V
0S
0G
0K
0C
0L
0<
0"
1T
1M
0O
0D
1E
0?
0U
1W
1P
0F
1H
1@
08
1=
0R
1J
0B
1:
03
0;
b1010 1
b0 0
b11111 !
b11111 .
b11111 /
04
07
15
1%
b1 *
b10100101011 )
b101001 &
b101001 +
#1324
1K
b100 0
1"
0T
1M
1D
0E
1U
0W
0P
1F
0H
1R
0J
1B
b10110 1
b1010 !
b1010 .
b1010 /
05
0%
b10110 $
b10110 -
b10110 (
b0 *
b10100101100 )
b11111 &
b11111 +
#1325
0V
0S
0K
1;
0L
b1 0
14
0"
1T
1M
0O
0D
1E
1=
17
0U
1W
1P
0F
1H
0@
18
0R
1J
0B
0:
13
b1001 1
b11110 !
b11110 .
b11110 /
05
1%
b1 *
b10100101101 )
b101010 &
b101010 +
#1326
1K
1"
0T
1M
1D
0E
1U
0W
0P
1F
0H
1@
1=
1R
0J
1B
1:
0;
b10111 1
b100 0
b1011 !
b1011 .
b1011 /
04
07
15
0%
b10111 $
b10111 -
b10111 (
b0 *
b10100101110 )
b11110 &
b11110 +
#1327
0V
0S
0G
0K
0C
0L
0"
1T
1M
0O
0D
1E
0<
0U
1W
1P
0F
1H
0@
08
0?
0=
0R
1J
0B
0:
03
0;
b1000 1
b0 0
b11101 !
b11101 .
b11101 /
04
07
15
1%
b1 *
b10100101111 )
b101011 &
b101011 +
#1328
1"
0T
1U
0W
1R
b11000 1
b1100 !
b1100 .
b1100 /
05
0%
b11000 $
b11000 -
b11000 (
b0 *
b10100110000 )
b11101 &
b11101 +
#1329
1C
1<
1?
1K
1;
b111 0
14
0"
1T
1M
1D
1E
0=
17
0U
1W
0P
1F
0H
1@
18
0R
0J
1B
1:
13
b111 1
b11100 !
b11100 .
b11100 /
05
1%
b1 *
b10100110001 )
b101100 &
b101100 +
#1330
0K
0D
0S
0C
0L
1"
0T
1M
0O
1E
0G
0<
1U
0W
1P
0F
1H
0@
0?
0=
1R
1J
0B
0:
0;
b11001 1
b0 0
b1101 !
b1101 .
b1101 /
04
07
15
0%
b11001 $
b11001 -
b11001 (
b0 *
b10100110010 )
b11100 &
b11100 +
#1331
1K
0C
0<
0"
1T
1M
1D
0E
0?
0U
1W
0P
1F
0H
1@
08
1=
0R
0J
1B
1:
03
0;
b110 1
b100 0
b11011 !
b11011 .
b11011 /
04
07
15
1%
b1 *
b10100110011 )
b101101 &
b101101 +
#1332
0S
0K
0L
b0 0
1"
0T
1M
0O
0D
1E
1U
0W
1P
0F
1H
1R
1J
0B
b11010 1
b1110 !
b1110 .
b1110 /
05
0%
b11010 $
b11010 -
b11010 (
b0 *
b10100110100 )
b11011 &
b11011 +
#1333
1K
1;
b101 0
14
0"
1T
1M
1D
0E
1=
17
0U
1W
0P
1F
0H
0@
18
0R
0J
1B
0:
13
b101 1
b11010 !
b11010 .
b11010 /
05
1%
b1 *
b10100110101 )
b101110 &
b101110 +
#1334
0S
0K
0L
1"
0T
1M
0O
0D
1E
1U
0W
1P
0F
1H
1@
1=
1R
1J
0B
1:
0;
b11011 1
b0 0
b1111 !
b1111 .
b1111 /
04
07
15
0%
b11011 $
b11011 -
b11011 (
b0 *
b10100110110 )
b11010 &
b11010 +
#1335
1K
0C
0"
1T
1M
1D
0E
0<
0U
1W
0P
1F
0H
0@
08
0?
0=
0R
0J
1B
0:
03
0;
b100 1
b100 0
b11001 !
b11001 .
b11001 /
04
07
15
1%
b1 *
b10100110111 )
b101111 &
b101111 +
#1336
1S
b1100 0
1L
1"
1T
0M
1O
1U
0W
1P
1R
1J
b11100 1
b10000 !
b10000 .
b10000 /
05
0%
b11100 $
b11100 -
b11100 (
b0 *
b10100111000 )
b11001 &
b11001 +
#1337
1G
1C
0"
1<
0S
1?
1K
1;
0L
b111 0
14
1T
0V
1M
0O
1D
0E
0=
17
0U
1W
0P
0F
1H
1@
18
0R
0J
0B
1:
13
b11 1
b11000 !
b11000 .
b11000 /
05
1%
b1 *
b10100111001 )
b110000 &
b110000 +
#1338
1S
0C
1L
1"
1T
0M
1O
0E
0G
0<
1U
0W
1P
1F
0H
0@
0?
0=
1R
1J
1B
0:
0;
b11101 1
b1100 0
b10001 !
b10001 .
b10001 /
04
07
15
0%
b11101 $
b11101 -
b11101 (
b0 *
b10100111010 )
b11000 &
b11000 +
#1339
0"
0S
0G
0K
0C
0L
0<
1T
0V
0M
0O
0D
1E
0?
0U
1W
0P
0F
1H
1@
08
1=
0R
0J
0B
1:
03
0;
b10 1
b0 0
b10111 !
b10111 .
b10111 /
04
07
15
1%
b1 *
b10100111011 )
b110001 &
b110001 +
#1340
1S
1L
1O
1K
b1100 0
1"
1T
0M
1D
0E
1U
0W
1P
1F
0H
1R
1J
1B
b11110 1
b10010 !
b10010 .
b10010 /
05
0%
b11110 $
b11110 -
b11110 (
b0 *
b10100111100 )
b10111 &
b10111 +
#1341
0"
0S
0K
1;
0L
b1 0
14
1T
0V
0M
0O
0D
1E
1=
17
0U
1W
0P
0F
1H
0@
18
0R
0J
0B
0:
13
b1 1
b10110 !
b10110 .
b10110 /
05
1%
b1 *
b10100111101 )
b110010 &
b110010 +
#1342
1S
1L
1O
1K
1"
1T
0M
1D
0E
1U
0W
1P
1F
0H
1@
1=
1R
1J
1B
1:
0;
b11111 1
b1100 0
b10011 !
b10011 .
b10011 /
04
07
15
0%
b11111 $
b11111 -
b11111 (
b0 *
b10100111110 )
b10110 &
b10110 +
#1343
0"
0S
0G
0K
0C
0L
1T
0V
0M
0O
0D
1E
0<
0U
1W
0P
0F
1H
0@
08
0?
0=
0R
0J
0B
0:
03
0;
b0 1
b0 0
b10101 !
b10101 .
b10101 /
04
07
15
1%
b1 *
b10100111111 )
b110011 &
b110011 +
#1344
b10101 !
b10101 .
b10101 /
18
15
12
0%
b0 $
b0 -
b10101 #
b10101 ,
b10101 '
b0 (
b0 *
b10101000000 )
b10101 &
b10101 +
#1345
1S
1L
1O
1K
1C
1<
1"
1T
0M
1D
1E
1?
1U
0W
1P
1F
0H
1@
16
08
0=
1R
1J
1B
1:
13
1;
b11111 1
b1111 0
b10101 !
b10101 .
b10101 /
14
07
15
1%
b1 *
b10101000001 )
#1346
0K
0"
0D
0S
0C
b1 0
0L
0<
1T
0V
0M
0O
1E
0G
1=
0?
0U
1W
0P
0F
1H
0@
0R
0J
0B
0:
b1 1
b10110 !
b10110 .
b10110 /
05
0%
b1 $
b1 -
b1 (
b0 *
b10101000010 )
b110101 &
b110101 +
#1347
1S
1L
1O
1K
1C
b1111 0
1<
1"
1T
0M
1D
1E
0=
1?
17
1U
0W
1P
1F
0H
1@
06
18
1R
1J
1B
1:
03
b11110 1
b10100 !
b10100 .
b10100 /
05
1%
b1 *
b10101000011 )
b10110 &
b10110 +
#1348
0K
0"
0D
0S
0C
0L
1T
0V
0M
0O
1E
0G
0<
0U
1W
0P
0F
1H
0?
1=
0R
0J
0B
0;
b10 1
b0 0
b10111 !
b10111 .
b10111 /
04
07
15
0%
b10 $
b10 -
b10 (
b0 *
b10101000100 )
b110100 &
b110100 +
#1349
1S
1L
1O
1K
0C
1"
1T
0M
1D
0E
0<
1U
0W
1P
1F
0H
0@
16
08
0?
1=
1R
1J
1B
0:
13
1;
b11101 1
b1101 0
b10011 !
b10011 .
b10011 /
14
07
15
1%
b1 *
b10101000101 )
b10111 &
b10111 +
#1350
0"
0S
1G
1K
1C
0L
b111 0
1<
1T
0V
1M
0O
1D
0E
0=
1?
0U
1W
0P
0F
1H
1@
0R
0J
0B
1:
b11 1
b11000 !
b11000 .
b11000 /
05
0%
b11 $
b11 -
b11 (
b0 *
b10101000110 )
b110011 &
b110011 +
#1351
1S
0C
b1101 0
1L
0<
1"
1T
0M
1O
0E
0G
1=
0?
17
1U
0W
1P
1F
0H
0@
06
18
1R
1J
1B
0:
03
b11100 1
b10010 !
b10010 .
b10010 /
05
1%
b1 *
b10101000111 )
b11000 &
b11000 +
#1352
0"
0S
0L
1T
0V
1M
0O
0U
1W
0P
0=
0R
0J
0;
b100 1
b100 0
b11001 !
b11001 .
b11001 /
04
07
15
0%
b100 $
b100 -
b100 (
b0 *
b10101001000 )
b110010 &
b110010 +
#1353
1S
1G
1K
1C
1L
1<
1"
1T
0M
1O
1D
0E
1?
1U
0W
1P
0F
1H
1@
16
08
0=
1R
1J
0B
1:
13
1;
b11011 1
b1111 0
b10001 !
b10001 .
b10001 /
14
07
15
1%
b1 *
b10101001001 )
b11001 &
b11001 +
#1354
0"
0S
0C
b101 0
0L
0<
1T
0V
1M
0O
0E
0G
1=
0?
0U
1W
0P
1F
0H
0@
0R
0J
1B
0:
b101 1
b11010 !
b11010 .
b11010 /
05
0%
b101 $
b101 -
b101 (
b0 *
b10101001010 )
b110001 &
b110001 +
#1355
1S
1G
1K
1C
1L
b1111 0
1<
1"
1T
0M
1O
1D
0E
0=
1?
17
1U
0W
1P
0F
1H
1@
06
18
1R
1J
0B
1:
03
b11010 1
b10000 !
b10000 .
b10000 /
05
1%
b1 *
b10101001011 )
b11010 &
b11010 +
#1356
0"
0S
0C
0L
1T
0V
1M
0O
0E
0G
0<
0U
1W
0P
1F
0H
0?
1=
0R
0J
1B
0;
b110 1
b100 0
b11011 !
b11011 .
b11011 /
04
07
15
0%
b110 $
b110 -
b110 (
b0 *
b10101001100 )
b110000 &
b110000 +
#1357
0S
0G
0K
0C
0L
1"
0T
1M
0O
0D
1E
0<
1U
0W
1P
0F
1H
0@
16
08
0?
1=
1R
1J
0B
0:
13
1;
b11001 1
b1 0
b1111 !
b1111 .
b1111 /
14
07
15
1%
b1 *
b10101001101 )
b11011 &
b11011 +
#1358
1K
1C
b111 0
1<
0"
1T
1M
1D
1E
0=
1?
0U
1W
0P
1F
0H
1@
0R
0J
1B
1:
b111 1
b11100 !
b11100 .
b11100 /
05
0%
b111 $
b111 -
b111 (
b0 *
b10101001110 )
b101111 &
b101111 +
#1359
0K
0D
0S
0C
b1 0
0L
0<
1"
0T
1M
0O
1E
0G
1=
0?
17
1U
0W
1P
0F
1H
0@
06
18
1R
1J
0B
0:
03
b11000 1
b1110 !
b1110 .
b1110 /
05
1%
b1 *
b10101001111 )
b11100 &
b11100 +
#1360
0"
1T
0U
1W
0=
0R
0;
b1000 1
b0 0
b11101 !
b11101 .
b11101 /
04
07
15
0%
b1000 $
b1000 -
b1000 (
b0 *
b10101010000 )
b101110 &
b101110 +
#1361
1K
1C
1<
1"
0T
1M
1D
1E
1?
1U
0W
0P
1F
0H
1@
16
08
0=
1R
0J
1B
1:
13
1;
b10111 1
b111 0
b1101 !
b1101 .
b1101 /
14
07
15
1%
b1 *
b10101010001 )
b11101 &
b11101 +
#1362
0K
0D
0V
0S
0C
b1 0
0L
0<
0"
1T
1M
0O
1E
0G
1=
0?
0U
1W
1P
0F
1H
0@
0R
1J
0B
0:
b1001 1
b11110 !
b11110 .
b11110 /
05
0%
b1001 $
b1001 -
b1001 (
b0 *
b10101010010 )
b101101 &
b101101 +
#1363
1K
1C
b111 0
1<
1"
0T
1M
1D
1E
0=
1?
17
1U
0W
0P
1F
0H
1@
06
18
1R
0J
1B
1:
03
b10110 1
b1100 !
b1100 .
b1100 /
05
1%
b1 *
b10101010011 )
b11110 &
b11110 +
#1364
0K
0V
0D
0S
0C
0L
0"
1T
1M
0O
1E
0G
0<
0U
1W
1P
0F
1H
0?
1=
0R
1J
0B
0;
b1010 1
b0 0
b11111 !
b11111 .
b11111 /
04
07
15
0%
b1010 $
b1010 -
b1010 (
b0 *
b10101010100 )
b101100 &
b101100 +
#1365
1K
0C
1"
0T
1M
1D
0E
0<
1U
0W
0P
1F
0H
0@
16
08
0?
1=
1R
0J
1B
0:
13
1;
b10101 1
b101 0
b1011 !
b1011 .
b1011 /
14
07
15
1%
b1 *
b10101010101 )
b11111 &
b11111 +
#1366
1V
1S
1G
1K
1C
1L
b1111 0
1<
1"
0T
0M
1O
1D
0E
0=
1?
0U
1W
1P
0F
1H
1@
0R
1J
0B
1:
b1011 1
b0 !
b0 .
b0 /
05
0%
b1011 $
b1011 -
b1011 (
b0 *
b10101010110 )
b101011 &
b101011 +
#1367
0S
0C
b101 0
0L
0<
0T
0V
1M
0O
0E
0G
1=
0?
17
1U
0W
0P
1F
0H
0@
06
18
1R
0J
1B
0:
03
b10100 1
b1010 !
b1010 .
b1010 /
05
1%
b1 *
b10101010111 )
b100000 &
b100000 +
#1368
1V
1S
1L
1"
0T
0M
1O
0U
1W
1P
0=
0R
1J
0;
b1100 1
b1100 0
b1 !
b1 .
b1 /
04
07
15
0%
b1100 $
b1100 -
b1100 (
b0 *
b10101011000 )
b101010 &
b101010 +
#1369
0S
1G
1K
1C
0L
1<
0T
0V
1M
0O
1D
0E
1?
1U
0W
0P
0F
1H
1@
16
08
0=
1R
0J
0B
1:
13
1;
b10011 1
b111 0
b1001 !
b1001 .
b1001 /
14
07
15
1%
b1 *
b10101011001 )
b100001 &
b100001 +
#1370
1V
1S
0C
b1101 0
1L
0<
1"
0T
0M
1O
0E
0G
1=
0?
0U
1W
1P
1F
0H
0@
0R
1J
1B
0:
b1101 1
b10 !
b10 .
b10 /
05
0%
b1101 $
b1101 -
b1101 (
b0 *
b10101011010 )
b101001 &
b101001 +
#1371
0S
1G
1K
1C
0L
b111 0
1<
0T
0V
1M
0O
1D
0E
0=
1?
17
1U
0W
0P
0F
1H
1@
06
18
1R
0J
0B
1:
03
b10010 1
b1000 !
b1000 .
b1000 /
05
1%
b1 *
b10101011011 )
b100010 &
b100010 +
#1372
1V
1S
0C
1L
1"
0T
0M
1O
0E
0G
0<
0U
1W
1P
1F
0H
0?
1=
0R
1J
1B
0;
b1110 1
b1100 0
b11 !
b11 .
b11 /
04
07
15
0%
b1110 $
b1110 -
b1110 (
b0 *
b10101011100 )
b101000 &
b101000 +
#1373
0S
0G
0K
0C
0L
0T
0V
0M
0O
0D
1E
0<
1U
0W
0P
0F
1H
0@
16
08
0?
1=
1R
0J
0B
0:
13
1;
b10001 1
b1 0
b111 !
b111 .
b111 /
14
07
15
1%
b1 *
b10101011101 )
b100011 &
b100011 +
#1374
1V
1S
1L
1O
1K
1C
b1111 0
1<
1"
0T
0M
1D
1E
0=
1?
0U
1W
1P
1F
0H
1@
0R
1J
1B
1:
b1111 1
b100 !
b100 .
b100 /
05
0%
b1111 $
b1111 -
b1111 (
b0 *
b10101011110 )
b100111 &
b100111 +
#1375
0K
0D
0S
0C
b1 0
0L
0<
0T
0V
0M
0O
1E
0G
1=
0?
17
1U
0W
0P
0F
1H
0@
06
18
1R
0J
0B
0:
03
b10000 1
b110 !
b110 .
b110 /
05
1%
b1 *
b10101011111 )
b100100 &
b100100 +
#1376
0=
0;
b0 0
b101 !
b101 .
b101 /
04
07
15
0%
b10000 $
b10000 -
b10000 (
b0 *
b10101100000 )
b100110 &
b100110 +
#1377
1V
1S
1L
1O
1K
1C
1<
1"
0T
0M
1D
1E
1?
0U
1W
1P
1F
0H
1@
16
08
0=
0R
1J
1B
1:
13
1;
b1111 1
b1111 0
b101 !
b101 .
b101 /
14
07
15
1%
b1 *
b10101100001 )
b100101 &
b100101 +
#1378
0K
0D
0S
0C
b1 0
0L
0<
0T
0V
0M
0O
1E
0G
1=
0?
1U
0W
0P
0F
1H
0@
1R
0J
0B
0:
b10001 1
b110 !
b110 .
b110 /
05
0%
b10001 $
b10001 -
b10001 (
b0 *
b10101100010 )
#1379
1V
1S
1L
1O
1K
1C
b1111 0
1<
1"
0T
0M
1D
1E
0=
1?
17
0U
1W
1P
1F
0H
1@
06
18
0R
1J
1B
1:
03
b1110 1
b100 !
b100 .
b100 /
05
1%
b1 *
b10101100011 )
b100110 &
b100110 +
#1380
0K
0D
0S
0C
0L
0T
0V
0M
0O
1E
0G
0<
1U
0W
0P
0F
1H
0?
1=
1R
0J
0B
0;
b10010 1
b0 0
b111 !
b111 .
b111 /
04
07
15
0%
b10010 $
b10010 -
b10010 (
b0 *
b10101100100 )
b100100 &
b100100 +
#1381
1V
1S
1L
1O
1K
0C
1"
0T
0M
1D
0E
0<
0U
1W
1P
1F
0H
0@
16
08
0?
1=
0R
1J
1B
0:
13
1;
b1101 1
b1101 0
b11 !
b11 .
b11 /
14
07
15
1%
b1 *
b10101100101 )
b100111 &
b100111 +
#1382
0S
1G
1K
1C
0L
b111 0
1<
0T
0V
1M
0O
1D
0E
0=
1?
1U
0W
0P
0F
1H
1@
1R
0J
0B
1:
b10011 1
b1000 !
b1000 .
b1000 /
05
0%
b10011 $
b10011 -
b10011 (
b0 *
b10101100110 )
b100011 &
b100011 +
#1383
1V
1S
0C
b1101 0
1L
0<
1"
0T
0M
1O
0E
0G
1=
0?
17
0U
1W
1P
1F
0H
0@
06
18
0R
1J
1B
0:
03
b1100 1
b10 !
b10 .
b10 /
05
1%
b1 *
b10101100111 )
b101000 &
b101000 +
#1384
0S
0L
0T
0V
1M
0O
1U
0W
0P
0=
1R
0J
0;
b10100 1
b100 0
b1001 !
b1001 .
b1001 /
04
07
15
0%
b10100 $
b10100 -
b10100 (
b0 *
b10101101000 )
b100010 &
b100010 +
#1385
1V
1S
1G
1K
1C
1L
1<
1"
0T
0M
1O
1D
0E
1?
0U
1W
1P
0F
1H
1@
16
08
0=
0R
1J
0B
1:
13
1;
b1011 1
b1111 0
b1 !
b1 .
b1 /
14
07
15
1%
b1 *
b10101101001 )
b101001 &
b101001 +
#1386
0S
0C
b101 0
0L
0<
0T
0V
1M
0O
0E
0G
1=
0?
1U
0W
0P
1F
0H
0@
1R
0J
1B
0:
b10101 1
b1010 !
b1010 .
b1010 /
05
0%
b10101 $
b10101 -
b10101 (
b0 *
b10101101010 )
b100001 &
b100001 +
#1387
1V
1S
1G
1K
1C
1L
b1111 0
1<
1"
0T
0M
1O
1D
0E
0=
1?
17
0U
1W
1P
0F
1H
1@
06
18
0R
1J
0B
1:
03
b1010 1
b0 !
b0 .
b0 /
05
1%
b1 *
b10101101011 )
b101010 &
b101010 +
#1388
0S
0C
0L
0T
0V
1M
0O
0E
0G
0<
1U
0W
0P
1F
0H
0?
1=
1R
0J
1B
0;
b10110 1
b100 0
b1011 !
b1011 .
b1011 /
04
07
15
0%
b10110 $
b10110 -
b10110 (
b0 *
b10101101100 )
b100000 &
b100000 +
#1389
0V
0S
0G
0K
0C
0L
0"
1T
1M
0O
0D
1E
0<
0U
1W
1P
0F
1H
0@
16
08
0?
1=
0R
1J
0B
0:
13
1;
b1001 1
b1 0
b11111 !
b11111 .
b11111 /
14
07
15
1%
b1 *
b10101101101 )
b101011 &
b101011 +
#1390
1K
1C
b111 0
1<
1"
0T
1M
1D
1E
0=
1?
1U
0W
0P
1F
0H
1@
1R
0J
1B
1:
b10111 1
b1100 !
b1100 .
b1100 /
05
0%
b10111 $
b10111 -
b10111 (
b0 *
b10101101110 )
b11111 &
b11111 +
#1391
0K
0D
0V
0S
0C
b1 0
0L
0<
0"
1T
1M
0O
1E
0G
1=
0?
17
0U
1W
1P
0F
1H
0@
06
18
0R
1J
0B
0:
03
b1000 1
b11110 !
b11110 .
b11110 /
05
1%
b1 *
b10101101111 )
b101100 &
b101100 +
#1392
1"
0T
1U
0W
0=
1R
0;
b11000 1
b0 0
b1101 !
b1101 .
b1101 /
04
07
15
0%
b11000 $
b11000 -
b11000 (
b0 *
b10101110000 )
b11110 &
b11110 +
#1393
1K
1C
1<
0"
1T
1M
1D
1E
1?
0U
1W
0P
1F
0H
1@
16
08
0=
0R
0J
1B
1:
13
1;
b111 1
b111 0
b11101 !
b11101 .
b11101 /
14
07
15
1%
b1 *
b10101110001 )
b101101 &
b101101 +
#1394
0K
0D
0S
0C
b1 0
0L
0<
1"
0T
1M
0O
1E
0G
1=
0?
1U
0W
1P
0F
1H
0@
1R
1J
0B
0:
b11001 1
b1110 !
b1110 .
b1110 /
05
0%
b11001 $
b11001 -
b11001 (
b0 *
b10101110010 )
b11101 &
b11101 +
#1395
1K
1C
b111 0
1<
0"
1T
1M
1D
1E
0=
1?
17
0U
1W
0P
1F
0H
1@
06
18
0R
0J
1B
1:
03
b110 1
b11100 !
b11100 .
b11100 /
05
1%
b1 *
b10101110011 )
b101110 &
b101110 +
#1396
0K
0D
0S
0C
0L
1"
0T
1M
0O
1E
0G
0<
1U
0W
1P
0F
1H
0?
1=
1R
1J
0B
0;
b11010 1
b0 0
b1111 !
b1111 .
b1111 /
04
07
15
0%
b11010 $
b11010 -
b11010 (
b0 *
b10101110100 )
b11100 &
b11100 +
#1397
1K
0C
0"
1T
1M
1D
0E
0<
0U
1W
0P
1F
0H
0@
16
08
0?
1=
0R
0J
1B
0:
13
1;
b101 1
b101 0
b11011 !
b11011 .
b11011 /
14
07
15
1%
b1 *
b10101110101 )
b101111 &
b101111 +
#1398
1S
1G
1K
1C
1L
b1111 0
1<
1"
1T
0M
1O
1D
0E
0=
1?
1U
0W
1P
0F
1H
1@
1R
1J
0B
1:
b11011 1
b10000 !
b10000 .
b10000 /
05
0%
b11011 $
b11011 -
b11011 (
b0 *
b10101110110 )
b11011 &
b11011 +
#1399
0"
0S
0C
b101 0
0L
0<
1T
0V
1M
0O
0E
0G
1=
0?
17
0U
1W
0P
1F
0H
0@
06
18
0R
0J
1B
0:
03
b100 1
b11010 !
b11010 .
b11010 /
05
1%
b1 *
b10101110111 )
b110000 &
b110000 +
#1400
1S
1L
1"
1T
0M
1O
1U
0W
1P
0=
1R
1J
0;
b11100 1
b1100 0
b10001 !
b10001 .
b10001 /
04
07
15
0%
b11100 $
b11100 -
b11100 (
b0 *
b10101111000 )
b11010 &
b11010 +
#1401
0"
0S
1G
1K
1C
0L
1<
1T
0V
1M
0O
1D
0E
1?
0U
1W
0P
0F
1H
1@
16
08
0=
0R
0J
0B
1:
13
1;
b11 1
b111 0
b11001 !
b11001 .
b11001 /
14
07
15
1%
b1 *
b10101111001 )
b110001 &
b110001 +
#1402
1S
0C
b1101 0
1L
0<
1"
1T
0M
1O
0E
0G
1=
0?
1U
0W
1P
1F
0H
0@
1R
1J
1B
0:
b11101 1
b10010 !
b10010 .
b10010 /
05
0%
b11101 $
b11101 -
b11101 (
b0 *
b10101111010 )
b11001 &
b11001 +
#1403
0"
0S
1G
1K
1C
0L
b111 0
1<
1T
0V
1M
0O
1D
0E
0=
1?
17
0U
1W
0P
0F
1H
1@
06
18
0R
0J
0B
1:
03
b10 1
b11000 !
b11000 .
b11000 /
05
1%
b1 *
b10101111011 )
b110010 &
b110010 +
#1404
1S
0C
1L
1"
1T
0M
1O
0E
0G
0<
1U
0W
1P
1F
0H
0?
1=
1R
1J
1B
0;
b11110 1
b1100 0
b10011 !
b10011 .
b10011 /
04
07
15
0%
b11110 $
b11110 -
b11110 (
b0 *
b10101111100 )
b11000 &
b11000 +
#1405
0"
0S
0G
0K
0C
0L
1T
0V
0M
0O
0D
1E
0<
0U
1W
0P
0F
1H
0@
16
08
0?
1=
0R
0J
0B
0:
13
1;
b1 1
b1 0
b10111 !
b10111 .
b10111 /
14
07
15
1%
b1 *
b10101111101 )
b110011 &
b110011 +
#1406
1S
1L
1O
1K
1C
b1111 0
1<
1"
1T
0M
1D
1E
0=
1?
1U
0W
1P
1F
0H
1@
1R
1J
1B
1:
b11111 1
b10100 !
b10100 .
b10100 /
05
0%
b11111 $
b11111 -
b11111 (
b0 *
b10101111110 )
b10111 &
b10111 +
#1407
0K
0"
0D
0S
0C
b1 0
0L
0<
1T
0V
0M
0O
1E
0G
1=
0?
17
0U
1W
0P
0F
1H
0@
06
18
0R
0J
0B
0:
03
b0 1
b10110 !
b10110 .
b10110 /
05
1%
b1 *
b10101111111 )
b110100 &
b110100 +
#1408
0M
0K
0D
0G
1E
0C
0;
0<
b0 0
b10110 !
b10110 .
b10110 /
1=
0?
04
08
1@
07
05
02
19
0%
b0 $
b0 -
b10110 #
b10110 ,
b10110 '
b0 (
b0 *
b10110000000 )
b10110 &
b10110 +
#1409
1S
1L
1O
1K
1C
1;
b1111 0
14
1"
1T
0M
1D
1E
1<
1=
17
1U
0W
1P
1F
0H
1>
0@
18
1R
1J
1B
1:
13
b11111 1
b10110 !
b10110 .
b10110 /
05
1%
b1 *
b10110000001 )
#1410
0K
0"
0D
0S
0C
0L
1T
0V
0M
0O
1E
0G
0<
0U
1W
0P
0F
1H
0>
1@
1=
0R
0J
0B
0:
0;
b1 1
b0 0
b10111 !
b10111 .
b10111 /
04
07
15
0%
b1 $
b1 -
b1 (
b0 *
b10110000010 )
b110110 &
b110110 +
#1411
1S
1L
1O
1K
1C
1"
1T
0M
1D
1E
1<
1U
0W
1P
1F
0H
1>
0@
08
0?
0=
1R
1J
1B
1:
03
0;
b11110 1
b1110 0
b10101 !
b10101 .
b10101 /
04
07
15
1%
b1 *
b10110000011 )
b10111 &
b10111 +
#1412
0"
0S
b110 0
0L
1T
0V
1M
0O
0E
1G
0U
1W
0P
0F
1H
0R
0J
0B
b10 1
b11000 !
b11000 .
b11000 /
05
0%
b10 $
b10 -
b10 (
b0 *
b10110000100 )
b110101 &
b110101 +
#1413
1S
1?
1C
1;
1L
b1111 0
14
1"
1T
0M
1O
1E
0G
1<
0=
17
1U
0W
1P
1F
0H
0>
1@
18
1R
1J
1B
0:
13
b11101 1
b10100 !
b10100 .
b10100 /
05
1%
b1 *
b10110000101 )
b11000 &
b11000 +
#1414
0"
0S
0L
1T
0V
1M
0O
0E
1G
0U
1W
0P
0F
1H
1>
0@
0?
0=
0R
0J
0B
1:
0;
b11 1
b110 0
b11001 !
b11001 .
b11001 /
04
07
15
0%
b11 $
b11 -
b11 (
b0 *
b10110000110 )
b110100 &
b110100 +
#1415
0C
0<
1S
1L
1"
1T
0M
1O
0E
0G
0?
1U
0W
1P
1F
0H
0>
1@
08
1=
1R
1J
1B
0:
03
0;
b11100 1
b1100 0
b10011 !
b10011 .
b10011 /
04
07
15
1%
b1 *
b10110000111 )
b11001 &
b11001 +
#1416
0"
0S
b100 0
0L
1T
0V
1M
0O
0U
1W
0P
0R
0J
b100 1
b11010 !
b11010 .
b11010 /
05
0%
b100 $
b100 -
b100 (
b0 *
b10110001000 )
b110011 &
b110011 +
#1417
1S
1G
1K
1C
1;
1L
b1111 0
14
1"
1T
0M
1O
1D
0E
1<
1=
17
1U
0W
1P
0F
1H
1>
0@
18
1R
1J
0B
1:
13
b11011 1
b10010 !
b10010 .
b10010 /
05
1%
b1 *
b10110001001 )
b11010 &
b11010 +
#1418
0"
0S
0C
0L
1T
0V
1M
0O
0E
0G
0<
0U
1W
0P
1F
0H
0>
1@
1=
0R
0J
1B
0:
0;
b101 1
b100 0
b11011 !
b11011 .
b11011 /
04
07
15
0%
b101 $
b101 -
b101 (
b0 *
b10110001010 )
b110010 &
b110010 +
#1419
1S
1G
1K
1C
1L
1"
1T
0M
1O
1D
0E
1<
1U
0W
1P
0F
1H
1>
0@
08
0?
0=
1R
1J
0B
1:
03
0;
b11010 1
b1110 0
b10001 !
b10001 .
b10001 /
04
07
15
1%
b1 *
b10110001011 )
b11011 &
b11011 +
#1420
0"
0S
b110 0
0L
1T
0V
1M
0O
1E
0G
0U
1W
0P
1F
0H
0R
0J
1B
b110 1
b11100 !
b11100 .
b11100 /
05
0%
b110 $
b110 -
b110 (
b0 *
b10110001100 )
b110001 &
b110001 +
#1421
1K
1D
1S
1?
1C
1;
1L
b1111 0
14
1"
1T
0M
1O
0E
1G
1<
0=
17
1U
0W
1P
0F
1H
0>
1@
18
1R
1J
0B
0:
13
b11001 1
b10000 !
b10000 .
b10000 /
05
1%
b1 *
b10110001101 )
b11100 &
b11100 +
#1422
0"
0S
0L
1T
0V
1M
0O
1E
0G
0U
1W
0P
1F
0H
1>
0@
0?
0=
0R
0J
1B
1:
0;
b111 1
b110 0
b11101 !
b11101 .
b11101 /
04
07
15
0%
b111 $
b111 -
b111 (
b0 *
b10110001110 )
b110000 &
b110000 +
#1423
0K
0D
0C
0<
0S
0L
1"
0T
1M
0O
1E
0G
0?
1U
0W
1P
0F
1H
0>
1@
08
1=
1R
1J
0B
0:
03
0;
b11000 1
b0 0
b1111 !
b1111 .
b1111 /
04
07
15
1%
b1 *
b10110001111 )
b11101 &
b11101 +
#1424
0"
1T
0U
1W
0R
b1000 1
b11110 !
b11110 .
b11110 /
05
0%
b1000 $
b1000 -
b1000 (
b0 *
b10110010000 )
b101111 &
b101111 +
#1425
1K
1C
1;
b111 0
14
1"
0T
1M
1D
1E
1<
1=
17
1U
0W
0P
1F
0H
1>
0@
18
1R
0J
1B
1:
13
b10111 1
b1110 !
b1110 .
b1110 /
05
1%
b1 *
b10110010001 )
b11110 &
b11110 +
#1426
0K
0V
0D
0S
0C
0L
0"
1T
1M
0O
1E
0G
0<
0U
1W
1P
0F
1H
0>
1@
1=
0R
1J
0B
0:
0;
b1001 1
b0 0
b11111 !
b11111 .
b11111 /
04
07
15
0%
b1001 $
b1001 -
b1001 (
b0 *
b10110010010 )
b101110 &
b101110 +
#1427
1K
1C
1"
0T
1M
1D
1E
1<
1U
0W
0P
1F
0H
1>
0@
08
0?
0=
1R
0J
1B
1:
03
0;
b10110 1
b110 0
b1101 !
b1101 .
b1101 /
04
07
15
1%
b1 *
b10110010011 )
b11111 &
b11111 +
#1428
1V
1S
b1110 0
1L
1"
0T
0M
1O
0E
1G
0U
1W
1P
0F
1H
0R
1J
0B
b1010 1
b0 !
b0 .
b0 /
05
0%
b1010 $
b1010 -
b1010 (
b0 *
b10110010100 )
b101101 &
b101101 +
#1429
0S
1?
1C
1;
0L
b111 0
14
0T
0V
1M
0O
1E
0G
1<
0=
17
1U
0W
0P
1F
0H
0>
1@
18
1R
0J
1B
0:
13
b10101 1
b1100 !
b1100 .
b1100 /
05
1%
b1 *
b10110010101 )
b100000 &
b100000 +
#1430
1V
1S
1L
1"
0T
0M
1O
0E
1G
0U
1W
1P
0F
1H
1>
0@
0?
0=
0R
1J
0B
1:
0;
b1011 1
b1110 0
b1 !
b1 .
b1 /
04
07
15
0%
b1011 $
b1011 -
b1011 (
b0 *
b10110010110 )
b101100 &
b101100 +
#1431
0C
0<
0S
0L
0T
0V
1M
0O
0E
0G
0?
1U
0W
0P
1F
0H
0>
1@
08
1=
1R
0J
1B
0:
03
0;
b10100 1
b100 0
b1011 !
b1011 .
b1011 /
04
07
15
1%
b1 *
b10110010111 )
b100001 &
b100001 +
#1432
1V
1S
b1100 0
1L
1"
0T
0M
1O
0U
1W
1P
0R
1J
b1100 1
b10 !
b10 .
b10 /
05
0%
b1100 $
b1100 -
b1100 (
b0 *
b10110011000 )
b101011 &
b101011 +
#1433
0S
1G
1K
1C
1;
0L
b111 0
14
0T
0V
1M
0O
1D
0E
1<
1=
17
1U
0W
0P
0F
1H
1>
0@
18
1R
0J
0B
1:
13
b10011 1
b1010 !
b1010 .
b1010 /
05
1%
b1 *
b10110011001 )
b100010 &
b100010 +
#1434
1V
1S
0C
1L
1"
0T
0M
1O
0E
0G
0<
0U
1W
1P
1F
0H
0>
1@
1=
0R
1J
1B
0:
0;
b1101 1
b1100 0
b11 !
b11 .
b11 /
04
07
15
0%
b1101 $
b1101 -
b1101 (
b0 *
b10110011010 )
b101010 &
b101010 +
#1435
0S
1G
1K
1C
0L
0T
0V
1M
0O
1D
0E
1<
1U
0W
0P
0F
1H
1>
0@
08
0?
0=
1R
0J
0B
1:
03
0;
b10010 1
b110 0
b1001 !
b1001 .
b1001 /
04
07
15
1%
b1 *
b10110011011 )
b100011 &
b100011 +
#1436
1V
1S
b1110 0
1L
1"
0T
0M
1O
1E
0G
0U
1W
1P
1F
0H
0R
1J
1B
b1110 1
b100 !
b100 .
b100 /
05
0%
b1110 $
b1110 -
b1110 (
b0 *
b10110011100 )
b101001 &
b101001 +
#1437
1K
1D
0S
1?
1C
1;
0L
b111 0
14
0T
0V
1M
0O
0E
1G
1<
0=
17
1U
0W
0P
0F
1H
0>
1@
18
1R
0J
0B
0:
13
b10001 1
b1000 !
b1000 .
b1000 /
05
1%
b1 *
b10110011101 )
b100100 &
b100100 +
#1438
1V
1S
1L
1"
0T
0M
1O
1E
0G
0U
1W
1P
1F
0H
1>
0@
0?
0=
0R
1J
1B
1:
0;
b1111 1
b1110 0
b101 !
b101 .
b101 /
04
07
15
0%
b1111 $
b1111 -
b1111 (
b0 *
b10110011110 )
b101000 &
b101000 +
#1439
0K
0D
0C
0<
0S
0L
0T
0V
0M
0O
1E
0G
0?
1U
0W
0P
0F
1H
0>
1@
08
1=
1R
0J
0B
0:
03
0;
b10000 1
b0 0
b111 !
b111 .
b111 /
04
07
15
1%
b1 *
b10110011111 )
b100101 &
b100101 +
#1440
b110 !
b110 .
b110 /
05
0%
b10000 $
b10000 -
b10000 (
b0 *
b10110100000 )
b100111 &
b100111 +
#1441
1V
1S
1L
1O
1K
1C
1;
b1111 0
14
1"
0T
0M
1D
1E
1<
1=
17
0U
1W
1P
1F
0H
1>
0@
18
0R
1J
1B
1:
13
b1111 1
b110 !
b110 .
b110 /
05
1%
b1 *
b10110100001 )
b100110 &
b100110 +
#1442
0K
0D
0S
0C
0L
0T
0V
0M
0O
1E
0G
0<
1U
0W
0P
0F
1H
0>
1@
1=
1R
0J
0B
0:
0;
b10001 1
b0 0
b111 !
b111 .
b111 /
04
07
15
0%
b10001 $
b10001 -
b10001 (
b0 *
b10110100010 )
#1443
1V
1S
1L
1O
1K
1C
1"
0T
0M
1D
1E
1<
0U
1W
1P
1F
0H
1>
0@
08
0?
0=
0R
1J
1B
1:
03
0;
b1110 1
b1110 0
b101 !
b101 .
b101 /
04
07
15
1%
b1 *
b10110100011 )
b100111 &
b100111 +
#1444
0S
b110 0
0L
0T
0V
1M
0O
0E
1G
1U
0W
0P
0F
1H
1R
0J
0B
b10010 1
b1000 !
b1000 .
b1000 /
05
0%
b10010 $
b10010 -
b10010 (
b0 *
b10110100100 )
b100101 &
b100101 +
#1445
1V
1S
1?
1C
1;
1L
b1111 0
14
1"
0T
0M
1O
1E
0G
1<
0=
17
0U
1W
1P
1F
0H
0>
1@
18
0R
1J
1B
0:
13
b1101 1
b100 !
b100 .
b100 /
05
1%
b1 *
b10110100101 )
b101000 &
b101000 +
#1446
0S
0L
0T
0V
1M
0O
0E
1G
1U
0W
0P
0F
1H
1>
0@
0?
0=
1R
0J
0B
1:
0;
b10011 1
b110 0
b1001 !
b1001 .
b1001 /
04
07
15
0%
b10011 $
b10011 -
b10011 (
b0 *
b10110100110 )
b100100 &
b100100 +
#1447
0C
0<
1V
1S
1L
1"
0T
0M
1O
0E
0G
0?
0U
1W
1P
1F
0H
0>
1@
08
1=
0R
1J
1B
0:
03
0;
b1100 1
b1100 0
b11 !
b11 .
b11 /
04
07
15
1%
b1 *
b10110100111 )
b101001 &
b101001 +
#1448
0S
b100 0
0L
0T
0V
1M
0O
1U
0W
0P
1R
0J
b10100 1
b1010 !
b1010 .
b1010 /
05
0%
b10100 $
b10100 -
b10100 (
b0 *
b10110101000 )
b100011 &
b100011 +
#1449
1V
1S
1G
1K
1C
1;
1L
b1111 0
14
1"
0T
0M
1O
1D
0E
1<
1=
17
0U
1W
1P
0F
1H
1>
0@
18
0R
1J
0B
1:
13
b1011 1
b10 !
b10 .
b10 /
05
1%
b1 *
b10110101001 )
b101010 &
b101010 +
#1450
0S
0C
0L
0T
0V
1M
0O
0E
0G
0<
1U
0W
0P
1F
0H
0>
1@
1=
1R
0J
1B
0:
0;
b10101 1
b100 0
b1011 !
b1011 .
b1011 /
04
07
15
0%
b10101 $
b10101 -
b10101 (
b0 *
b10110101010 )
b100010 &
b100010 +
#1451
1V
1S
1G
1K
1C
1L
1"
0T
0M
1O
1D
0E
1<
0U
1W
1P
0F
1H
1>
0@
08
0?
0=
0R
1J
0B
1:
03
0;
b1010 1
b1110 0
b1 !
b1 .
b1 /
04
07
15
1%
b1 *
b10110101011 )
b101011 &
b101011 +
#1452
0S
b110 0
0L
0T
0V
1M
0O
1E
0G
1U
0W
0P
1F
0H
1R
0J
1B
b10110 1
b1100 !
b1100 .
b1100 /
05
0%
b10110 $
b10110 -
b10110 (
b0 *
b10110101100 )
b100001 &
b100001 +
#1453
1K
1V
1D
1S
1?
1C
1;
1L
b1111 0
14
1"
0T
0M
1O
0E
1G
1<
0=
17
0U
1W
1P
0F
1H
0>
1@
18
0R
1J
0B
0:
13
b1001 1
b0 !
b0 .
b0 /
05
1%
b1 *
b10110101101 )
b101100 &
b101100 +
#1454
0S
0L
0T
0V
1M
0O
1E
0G
1U
0W
0P
1F
0H
1>
0@
0?
0=
1R
0J
1B
1:
0;
b10111 1
b110 0
b1101 !
b1101 .
b1101 /
04
07
15
0%
b10111 $
b10111 -
b10111 (
b0 *
b10110101110 )
b100000 &
b100000 +
#1455
0K
0D
0C
0<
0V
0S
0L
0"
1T
1M
0O
1E
0G
0?
0U
1W
1P
0F
1H
0>
1@
08
1=
0R
1J
0B
0:
03
0;
b1000 1
b0 0
b11111 !
b11111 .
b11111 /
04
07
15
1%
b1 *
b10110101111 )
b101101 &
b101101 +
#1456
1"
0T
1U
0W
1R
b11000 1
b1110 !
b1110 .
b1110 /
05
0%
b11000 $
b11000 -
b11000 (
b0 *
b10110110000 )
b11111 &
b11111 +
#1457
1K
1C
1;
b111 0
14
0"
1T
1M
1D
1E
1<
1=
17
0U
1W
0P
1F
0H
1>
0@
18
0R
0J
1B
1:
13
b111 1
b11110 !
b11110 .
b11110 /
05
1%
b1 *
b10110110001 )
b101110 &
b101110 +
#1458
0K
0D
0S
0C
0L
1"
0T
1M
0O
1E
0G
0<
1U
0W
1P
0F
1H
0>
1@
1=
1R
1J
0B
0:
0;
b11001 1
b0 0
b1111 !
b1111 .
b1111 /
04
07
15
0%
b11001 $
b11001 -
b11001 (
b0 *
b10110110010 )
b11110 &
b11110 +
#1459
1K
1C
0"
1T
1M
1D
1E
1<
0U
1W
0P
1F
0H
1>
0@
08
0?
0=
0R
0J
1B
1:
03
0;
b110 1
b110 0
b11101 !
b11101 .
b11101 /
04
07
15
1%
b1 *
b10110110011 )
b101111 &
b101111 +
#1460
1S
b1110 0
1L
1"
1T
0M
1O
0E
1G
1U
0W
1P
0F
1H
1R
1J
0B
b11010 1
b10000 !
b10000 .
b10000 /
05
0%
b11010 $
b11010 -
b11010 (
b0 *
b10110110100 )
b11101 &
b11101 +
#1461
0"
0S
1?
1C
1;
0L
b111 0
14
1T
0V
1M
0O
1E
0G
1<
0=
17
0U
1W
0P
1F
0H
0>
1@
18
0R
0J
1B
0:
13
b101 1
b11100 !
b11100 .
b11100 /
05
1%
b1 *
b10110110101 )
b110000 &
b110000 +
#1462
1S
1L
1"
1T
0M
1O
0E
1G
1U
0W
1P
0F
1H
1>
0@
0?
0=
1R
1J
0B
1:
0;
b11011 1
b1110 0
b10001 !
b10001 .
b10001 /
04
07
15
0%
b11011 $
b11011 -
b11011 (
b0 *
b10110110110 )
b11100 &
b11100 +
#1463
0C
0"
0<
0S
0L
1T
0V
1M
0O
0E
0G
0?
0U
1W
0P
1F
0H
0>
1@
08
1=
0R
0J
1B
0:
03
0;
b100 1
b100 0
b11011 !
b11011 .
b11011 /
04
07
15
1%
b1 *
b10110110111 )
b110001 &
b110001 +
#1464
1S
b1100 0
1L
1"
1T
0M
1O
1U
0W
1P
1R
1J
b11100 1
b10010 !
b10010 .
b10010 /
05
0%
b11100 $
b11100 -
b11100 (
b0 *
b10110111000 )
b11011 &
b11011 +
#1465
0"
0S
1G
1K
1C
1;
0L
b111 0
14
1T
0V
1M
0O
1D
0E
1<
1=
17
0U
1W
0P
0F
1H
1>
0@
18
0R
0J
0B
1:
13
b11 1
b11010 !
b11010 .
b11010 /
05
1%
b1 *
b10110111001 )
b110010 &
b110010 +
#1466
1S
0C
1L
1"
1T
0M
1O
0E
0G
0<
1U
0W
1P
1F
0H
0>
1@
1=
1R
1J
1B
0:
0;
b11101 1
b1100 0
b10011 !
b10011 .
b10011 /
04
07
15
0%
b11101 $
b11101 -
b11101 (
b0 *
b10110111010 )
b11010 &
b11010 +
#1467
0"
0S
1G
1K
1C
0L
1T
0V
1M
0O
1D
0E
1<
0U
1W
0P
0F
1H
1>
0@
08
0?
0=
0R
0J
0B
1:
03
0;
b10 1
b110 0
b11001 !
b11001 .
b11001 /
04
07
15
1%
b1 *
b10110111011 )
b110011 &
b110011 +
#1468
1S
b1110 0
1L
1"
1T
0M
1O
1E
0G
1U
0W
1P
1F
0H
1R
1J
1B
b11110 1
b10100 !
b10100 .
b10100 /
05
0%
b11110 $
b11110 -
b11110 (
b0 *
b10110111100 )
b11001 &
b11001 +
#1469
1K
0"
1D
0S
1?
1C
1;
0L
b111 0
14
1T
0V
1M
0O
0E
1G
1<
0=
17
0U
1W
0P
0F
1H
0>
1@
18
0R
0J
0B
0:
13
b1 1
b11000 !
b11000 .
b11000 /
05
1%
b1 *
b10110111101 )
b110100 &
b110100 +
#1470
1S
1L
1"
1T
0M
1O
1E
0G
1U
0W
1P
1F
0H
1>
0@
0?
0=
1R
1J
1B
1:
0;
b11111 1
b1110 0
b10101 !
b10101 .
b10101 /
04
07
15
0%
b11111 $
b11111 -
b11111 (
b0 *
b10110111110 )
b11000 &
b11000 +
#1471
0K
0D
0C
0"
0<
0S
0L
1T
0V
0M
0O
1E
0G
0?
0U
1W
0P
0F
1H
0>
1@
08
1=
0R
0J
0B
0:
03
0;
b0 1
b0 0
b10111 !
b10111 .
b10111 /
04
07
15
1%
b1 *
b10110111111 )
b110101 &
b110101 +
#1472
b10111 !
b10111 .
b10111 /
18
15
12
0%
b0 $
b0 -
b10111 #
b10111 ,
b10111 '
b0 (
b0 *
b10111000000 )
b10111 &
b10111 +
#1473
1S
1L
1O
1K
1C
1"
1T
0M
1D
1E
1<
1U
0W
1P
1F
0H
1>
0@
16
08
0?
1=
1R
1J
1B
1:
13
1;
b11111 1
b1111 0
b10111 !
b10111 .
b10111 /
14
07
15
1%
b1 *
b10111000001 )
#1474
0"
0S
b111 0
0L
1T
0V
1M
0O
0E
1G
0=
1?
0U
1W
0P
0F
1H
0>
1@
0R
0J
0B
0:
b1 1
b11000 !
b11000 .
b11000 /
05
0%
b1 $
b1 -
b1 (
b0 *
b10111000010 )
b110111 &
b110111 +
#1475
1S
b1111 0
1L
1"
1T
0M
1O
1E
0G
1=
0?
17
1U
0W
1P
1F
0H
1>
0@
06
18
1R
1J
1B
1:
03
b11110 1
b10110 !
b10110 .
b10110 /
05
1%
b1 *
b10111000011 )
b11000 &
b11000 +
#1476
0"
0S
0L
1T
0V
1M
0O
0E
1G
0U
1W
0P
0F
1H
0=
0R
0J
0B
0;
b10 1
b110 0
b11001 !
b11001 .
b11001 /
04
07
15
0%
b10 $
b10 -
b10 (
b0 *
b10111000100 )
b110110 &
b110110 +
#1477
1S
1L
1"
1T
0M
1O
1E
0G
1?
1U
0W
1P
1F
0H
0>
1@
16
08
0=
1R
1J
1B
0:
13
1;
b11101 1
b1111 0
b10101 !
b10101 .
b10101 /
14
07
15
1%
b1 *
b10111000101 )
b11001 &
b11001 +
#1478
0"
0S
b111 0
0L
1T
0V
1M
0O
0E
1G
1=
0?
0U
1W
0P
0F
1H
1>
0@
0R
0J
0B
1:
b11 1
b11010 !
b11010 .
b11010 /
05
0%
b11 $
b11 -
b11 (
b0 *
b10111000110 )
b110101 &
b110101 +
#1479
1S
b1111 0
1L
1"
1T
0M
1O
1E
0G
0=
1?
17
1U
0W
1P
1F
0H
0>
1@
06
18
1R
1J
1B
0:
03
b11100 1
b10100 !
b10100 .
b10100 /
05
1%
b1 *
b10111000111 )
b11010 &
b11010 +
#1480
0"
0S
0E
0C
0L
1T
0V
1M
0O
0<
0U
1W
0P
0?
1=
0R
0J
0;
b100 1
b100 0
b11011 !
b11011 .
b11011 /
04
07
15
0%
b100 $
b100 -
b100 (
b0 *
b10111001000 )
b110100 &
b110100 +
#1481
1S
1G
1K
1C
1L
1"
1T
0M
1O
1D
0E
1<
1U
0W
1P
0F
1H
1>
0@
16
08
0?
1=
1R
1J
0B
1:
13
1;
b11011 1
b1111 0
b10011 !
b10011 .
b10011 /
14
07
15
1%
b1 *
b10111001001 )
b11011 &
b11011 +
#1482
0"
0S
b111 0
0L
1T
0V
1M
0O
1E
0G
0=
1?
0U
1W
0P
1F
0H
0>
1@
0R
0J
1B
0:
b101 1
b11100 !
b11100 .
b11100 /
05
0%
b101 $
b101 -
b101 (
b0 *
b10111001010 )
b110011 &
b110011 +
#1483
1S
b1111 0
1L
1"
1T
0M
1O
0E
1G
1=
0?
17
1U
0W
1P
0F
1H
1>
0@
06
18
1R
1J
0B
1:
03
b11010 1
b10010 !
b10010 .
b10010 /
05
1%
b1 *
b10111001011 )
b11100 &
b11100 +
#1484
0"
0S
0L
1T
0V
1M
0O
1E
0G
0U
1W
0P
1F
0H
0=
0R
0J
1B
0;
b110 1
b110 0
b11101 !
b11101 .
b11101 /
04
07
15
0%
b110 $
b110 -
b110 (
b0 *
b10111001100 )
b110010 &
b110010 +
#1485
1S
1L
1"
1T
0M
1O
0E
1G
1?
1U
0W
1P
0F
1H
0>
1@
16
08
0=
1R
1J
0B
0:
13
1;
b11001 1
b1111 0
b10001 !
b10001 .
b10001 /
14
07
15
1%
b1 *
b10111001101 )
b11101 &
b11101 +
#1486
0"
0S
b111 0
0L
1T
0V
1M
0O
1E
0G
1=
0?
0U
1W
0P
1F
0H
1>
0@
0R
0J
1B
1:
b111 1
b11110 !
b11110 .
b11110 /
05
0%
b111 $
b111 -
b111 (
b0 *
b10111001110 )
b110001 &
b110001 +
#1487
1S
b1111 0
1L
1"
1T
0M
1O
0E
1G
0=
1?
17
1U
0W
1P
0F
1H
0>
1@
06
18
1R
1J
0B
0:
03
b11000 1
b10000 !
b10000 .
b10000 /
05
1%
b1 *
b10111001111 )
b11110 &
b11110 +
#1488
0"
0S
0L
0O
1M
0K
0D
0G
1E
0C
1T
0V
0<
0U
1W
0?
1=
0R
0;
b1000 1
b0 0
b11111 !
b11111 .
b11111 /
04
07
15
0%
b1000 $
b1000 -
b1000 (
b0 *
b10111010000 )
b110000 &
b110000 +
#1489
1K
1C
1"
0T
1M
1D
1E
1<
1U
0W
0P
1F
0H
1>
0@
16
08
0?
1=
1R
0J
1B
1:
13
1;
b10111 1
b111 0
b1111 !
b1111 .
b1111 /
14
07
15
1%
b1 *
b10111010001 )
b11111 &
b11111 +
#1490
1V
1S
b1111 0
1L
1"
0T
0M
1O
0E
1G
0=
1?
0U
1W
1P
0F
1H
0>
1@
0R
1J
0B
0:
b1001 1
b0 !
b0 .
b0 /
05
0%
b1001 $
b1001 -
b1001 (
b0 *
b10111010010 )
b101111 &
b101111 +
#1491
0S
b111 0
0L
0T
0V
1M
0O
1E
0G
1=
0?
17
1U
0W
0P
1F
0H
1>
0@
06
18
1R
0J
1B
1:
03
b10110 1
b1110 !
b1110 .
b1110 /
05
1%
b1 *
b10111010011 )
b100000 &
b100000 +
#1492
1V
1S
1L
1"
0T
0M
1O
0E
1G
0U
1W
1P
0F
1H
0=
0R
1J
0B
0;
b1010 1
b1110 0
b1 !
b1 .
b1 /
04
07
15
0%
b1010 $
b1010 -
b1010 (
b0 *
b10111010100 )
b101110 &
b101110 +
#1493
0S
0L
0T
0V
1M
0O
1E
0G
1?
1U
0W
0P
1F
0H
0>
1@
16
08
0=
1R
0J
1B
0:
13
1;
b10101 1
b111 0
b1101 !
b1101 .
b1101 /
14
07
15
1%
b1 *
b10111010101 )
b100001 &
b100001 +
#1494
1V
1S
b1111 0
1L
1"
0T
0M
1O
0E
1G
1=
0?
0U
1W
1P
0F
1H
1>
0@
0R
1J
0B
1:
b1011 1
b10 !
b10 .
b10 /
05
0%
b1011 $
b1011 -
b1011 (
b0 *
b10111010110 )
b101101 &
b101101 +
#1495
0S
b111 0
0L
0T
0V
1M
0O
1E
0G
0=
1?
17
1U
0W
0P
1F
0H
0>
1@
06
18
1R
0J
1B
0:
03
b10100 1
b1100 !
b1100 .
b1100 /
05
1%
b1 *
b10111010111 )
b100010 &
b100010 +
#1496
1V
1S
0E
0C
1L
1"
0T
0M
1O
0<
0U
1W
1P
0?
1=
0R
1J
0;
b1100 1
b1100 0
b11 !
b11 .
b11 /
04
07
15
0%
b1100 $
b1100 -
b1100 (
b0 *
b10111011000 )
b101100 &
b101100 +
#1497
0S
1G
1K
1C
0L
0T
0V
1M
0O
1D
0E
1<
1U
0W
0P
0F
1H
1>
0@
16
08
0?
1=
1R
0J
0B
1:
13
1;
b10011 1
b111 0
b1011 !
b1011 .
b1011 /
14
07
15
1%
b1 *
b10111011001 )
b100011 &
b100011 +
#1498
1V
1S
b1111 0
1L
1"
0T
0M
1O
1E
0G
0=
1?
0U
1W
1P
1F
0H
0>
1@
0R
1J
1B
0:
b1101 1
b100 !
b100 .
b100 /
05
0%
b1101 $
b1101 -
b1101 (
b0 *
b10111011010 )
b101011 &
b101011 +
#1499
0S
b111 0
0L
0T
0V
1M
0O
0E
1G
1=
0?
17
1U
0W
0P
0F
1H
1>
0@
06
18
1R
0J
0B
1:
03
b10010 1
b1010 !
b1010 .
b1010 /
05
1%
b1 *
b10111011011 )
b100100 &
b100100 +
#1500
1V
1S
1L
1"
0T
0M
1O
1E
0G
0U
1W
1P
1F
0H
0=
0R
1J
1B
0;
b1110 1
b1110 0
b101 !
b101 .
b101 /
04
07
15
0%
b1110 $
b1110 -
b1110 (
b0 *
b10111011100 )
b101010 &
b101010 +
#1501
0S
0L
0T
0V
1M
0O
0E
1G
1?
1U
0W
0P
0F
1H
0>
1@
16
08
0=
1R
0J
0B
0:
13
1;
b10001 1
b111 0
b1001 !
b1001 .
b1001 /
14
07
15
1%
b1 *
b10111011101 )
b100101 &
b100101 +
#1502
1V
1S
b1111 0
1L
1"
0T
0M
1O
1E
0G
1=
0?
0U
1W
1P
1F
0H
1>
0@
0R
1J
1B
1:
b1111 1
b110 !
b110 .
b110 /
05
0%
b1111 $
b1111 -
b1111 (
b0 *
b10111011110 )
b101001 &
b101001 +
#1503
0S
b111 0
0L
0T
0V
1M
0O
0E
1G
0=
1?
17
1U
0W
0P
0F
1H
0>
1@
06
18
1R
0J
0B
0:
03
b10000 1
b1000 !
b1000 .
b1000 /
05
1%
b1 *
b10111011111 )
b100110 &
b100110 +
#1504
0M
0K
0D
0G
1E
0C
0<
0?
1=
0;
b0 0
b111 !
b111 .
b111 /
04
07
15
0%
b10000 $
b10000 -
b10000 (
b0 *
b10111100000 )
b101000 &
b101000 +
#1505
1V
1S
1L
1O
1K
1C
1"
0T
0M
1D
1E
1<
0U
1W
1P
1F
0H
1>
0@
16
08
0?
1=
0R
1J
1B
1:
13
1;
b1111 1
b1111 0
b111 !
b111 .
b111 /
14
07
15
1%
b1 *
b10111100001 )
b100111 &
b100111 +
#1506
0S
b111 0
0L
0T
0V
1M
0O
0E
1G
0=
1?
1U
0W
0P
0F
1H
0>
1@
1R
0J
0B
0:
b10001 1
b1000 !
b1000 .
b1000 /
05
0%
b10001 $
b10001 -
b10001 (
b0 *
b10111100010 )
#1507
1V
1S
b1111 0
1L
1"
0T
0M
1O
1E
0G
1=
0?
17
0U
1W
1P
1F
0H
1>
0@
06
18
0R
1J
1B
1:
03
b1110 1
b110 !
b110 .
b110 /
05
1%
b1 *
b10111100011 )
b101000 &
b101000 +
#1508
0S
0L
0T
0V
1M
0O
0E
1G
1U
0W
0P
0F
1H
0=
1R
0J
0B
0;
b10010 1
b110 0
b1001 !
b1001 .
b1001 /
04
07
15
0%
b10010 $
b10010 -
b10010 (
b0 *
b10111100100 )
b100110 &
b100110 +
#1509
1V
1S
1L
1"
0T
0M
1O
1E
0G
1?
0U
1W
1P
1F
0H
0>
1@
16
08
0=
0R
1J
1B
0:
13
1;
b1101 1
b1111 0
b101 !
b101 .
b101 /
14
07
15
1%
b1 *
b10111100101 )
b101001 &
b101001 +
#1510
0S
b111 0
0L
0T
0V
1M
0O
0E
1G
1=
0?
1U
0W
0P
0F
1H
1>
0@
1R
0J
0B
1:
b10011 1
b1010 !
b1010 .
b1010 /
05
0%
b10011 $
b10011 -
b10011 (
b0 *
b10111100110 )
b100101 &
b100101 +
#1511
1V
1S
b1111 0
1L
1"
0T
0M
1O
1E
0G
0=
1?
17
0U
1W
1P
1F
0H
0>
1@
06
18
0R
1J
1B
0:
03
b1100 1
b100 !
b100 .
b100 /
05
1%
b1 *
b10111100111 )
b101010 &
b101010 +
#1512
0S
0E
0C
0L
0T
0V
1M
0O
0<
1U
0W
0P
0?
1=
1R
0J
0;
b10100 1
b100 0
b1011 !
b1011 .
b1011 /
04
07
15
0%
b10100 $
b10100 -
b10100 (
b0 *
b10111101000 )
b100100 &
b100100 +
#1513
1V
1S
1G
1K
1C
1L
1"
0T
0M
1O
1D
0E
1<
0U
1W
1P
0F
1H
1>
0@
16
08
0?
1=
0R
1J
0B
1:
13
1;
b1011 1
b1111 0
b11 !
b11 .
b11 /
14
07
15
1%
b1 *
b10111101001 )
b101011 &
b101011 +
#1514
0S
b111 0
0L
0T
0V
1M
0O
1E
0G
0=
1?
1U
0W
0P
1F
0H
0>
1@
1R
0J
1B
0:
b10101 1
b1100 !
b1100 .
b1100 /
05
0%
b10101 $
b10101 -
b10101 (
b0 *
b10111101010 )
b100011 &
b100011 +
#1515
1V
1S
b1111 0
1L
1"
0T
0M
1O
0E
1G
1=
0?
17
0U
1W
1P
0F
1H
1>
0@
06
18
0R
1J
0B
1:
03
b1010 1
b10 !
b10 .
b10 /
05
1%
b1 *
b10111101011 )
b101100 &
b101100 +
#1516
0S
0L
0T
0V
1M
0O
1E
0G
1U
0W
0P
1F
0H
0=
1R
0J
1B
0;
b10110 1
b110 0
b1101 !
b1101 .
b1101 /
04
07
15
0%
b10110 $
b10110 -
b10110 (
b0 *
b10111101100 )
b100010 &
b100010 +
#1517
1V
1S
1L
1"
0T
0M
1O
0E
1G
1?
0U
1W
1P
0F
1H
0>
1@
16
08
0=
0R
1J
0B
0:
13
1;
b1001 1
b1111 0
b1 !
b1 .
b1 /
14
07
15
1%
b1 *
b10111101101 )
b101101 &
b101101 +
#1518
0S
b111 0
0L
0T
0V
1M
0O
1E
0G
1=
0?
1U
0W
0P
1F
0H
1>
0@
1R
0J
1B
1:
b10111 1
b1110 !
b1110 .
b1110 /
05
0%
b10111 $
b10111 -
b10111 (
b0 *
b10111101110 )
b100001 &
b100001 +
#1519
1V
1S
b1111 0
1L
1"
0T
0M
1O
0E
1G
0=
1?
17
0U
1W
1P
0F
1H
0>
1@
06
18
0R
1J
0B
0:
03
b1000 1
b0 !
b0 .
b0 /
05
1%
b1 *
b10111101111 )
b101110 &
b101110 +
#1520
0S
0L
0O
1M
0K
0D
0G
1E
0C
0T
0V
0<
1U
0W
0?
1=
1R
0;
b11000 1
b0 0
b1111 !
b1111 .
b1111 /
04
07
15
0%
b11000 $
b11000 -
b11000 (
b0 *
b10111110000 )
b100000 &
b100000 +
#1521
1K
1C
0"
1T
1M
1D
1E
1<
0U
1W
0P
1F
0H
1>
0@
16
08
0?
1=
0R
0J
1B
1:
13
1;
b111 1
b111 0
b11111 !
b11111 .
b11111 /
14
07
15
1%
b1 *
b10111110001 )
b101111 &
b101111 +
#1522
1S
b1111 0
1L
1"
1T
0M
1O
0E
1G
0=
1?
1U
0W
1P
0F
1H
0>
1@
1R
1J
0B
0:
b11001 1
b10000 !
b10000 .
b10000 /
05
0%
b11001 $
b11001 -
b11001 (
b0 *
b10111110010 )
b11111 &
b11111 +
#1523
0"
0S
b111 0
0L
1T
0V
1M
0O
1E
0G
1=
0?
17
0U
1W
0P
1F
0H
1>
0@
06
18
0R
0J
1B
1:
03
b110 1
b11110 !
b11110 .
b11110 /
05
1%
b1 *
b10111110011 )
b110000 &
b110000 +
#1524
1S
1L
1"
1T
0M
1O
0E
1G
1U
0W
1P
0F
1H
0=
1R
1J
0B
0;
b11010 1
b1110 0
b10001 !
b10001 .
b10001 /
04
07
15
0%
b11010 $
b11010 -
b11010 (
b0 *
b10111110100 )
b11110 &
b11110 +
#1525
0"
0S
0L
1T
0V
1M
0O
1E
0G
1?
0U
1W
0P
1F
0H
0>
1@
16
08
0=
0R
0J
1B
0:
13
1;
b101 1
b111 0
b11101 !
b11101 .
b11101 /
14
07
15
1%
b1 *
b10111110101 )
b110001 &
b110001 +
#1526
1S
b1111 0
1L
1"
1T
0M
1O
0E
1G
1=
0?
1U
0W
1P
0F
1H
1>
0@
1R
1J
0B
1:
b11011 1
b10010 !
b10010 .
b10010 /
05
0%
b11011 $
b11011 -
b11011 (
b0 *
b10111110110 )
b11101 &
b11101 +
#1527
0"
0S
b111 0
0L
1T
0V
1M
0O
1E
0G
0=
1?
17
0U
1W
0P
1F
0H
0>
1@
06
18
0R
0J
1B
0:
03
b100 1
b11100 !
b11100 .
b11100 /
05
1%
b1 *
b10111110111 )
b110010 &
b110010 +
#1528
1S
0E
0C
1L
1"
1T
0M
1O
0<
1U
0W
1P
0?
1=
1R
1J
0;
b11100 1
b1100 0
b10011 !
b10011 .
b10011 /
04
07
15
0%
b11100 $
b11100 -
b11100 (
b0 *
b10111111000 )
b11100 &
b11100 +
#1529
0"
0S
1G
1K
1C
0L
1T
0V
1M
0O
1D
0E
1<
0U
1W
0P
0F
1H
1>
0@
16
08
0?
1=
0R
0J
0B
1:
13
1;
b11 1
b111 0
b11011 !
b11011 .
b11011 /
14
07
15
1%
b1 *
b10111111001 )
b110011 &
b110011 +
#1530
1S
b1111 0
1L
1"
1T
0M
1O
1E
0G
0=
1?
1U
0W
1P
1F
0H
0>
1@
1R
1J
1B
0:
b11101 1
b10100 !
b10100 .
b10100 /
05
0%
b11101 $
b11101 -
b11101 (
b0 *
b10111111010 )
b11011 &
b11011 +
#1531
0"
0S
b111 0
0L
1T
0V
1M
0O
0E
1G
1=
0?
17
0U
1W
0P
0F
1H
1>
0@
06
18
0R
0J
0B
1:
03
b10 1
b11010 !
b11010 .
b11010 /
05
1%
b1 *
b10111111011 )
b110100 &
b110100 +
#1532
1S
1L
1"
1T
0M
1O
1E
0G
1U
0W
1P
1F
0H
0=
1R
1J
1B
0;
b11110 1
b1110 0
b10101 !
b10101 .
b10101 /
04
07
15
0%
b11110 $
b11110 -
b11110 (
b0 *
b10111111100 )
b11010 &
b11010 +
#1533
0"
0S
0L
1T
0V
1M
0O
0E
1G
1?
0U
1W
0P
0F
1H
0>
1@
16
08
0=
0R
0J
0B
0:
13
1;
b1 1
b111 0
b11001 !
b11001 .
b11001 /
14
07
15
1%
b1 *
b10111111101 )
b110101 &
b110101 +
#1534
1S
b1111 0
1L
1"
1T
0M
1O
1E
0G
1=
0?
1U
0W
1P
1F
0H
1>
0@
1R
1J
1B
1:
b11111 1
b10110 !
b10110 .
b10110 /
05
0%
b11111 $
b11111 -
b11111 (
b0 *
b10111111110 )
b11001 &
b11001 +
#1535
0"
0S
b111 0
0L
1T
0V
1M
0O
0E
1G
0=
1?
17
0U
1W
0P
0F
1H
0>
1@
06
18
0R
0J
0B
0:
03
b0 1
b11000 !
b11000 .
b11000 /
05
1%
b1 *
b10111111111 )
b110110 &
b110110 +
#1536
0"
0V
1T
0S
0K
0C
0;
0<
0D
0L
b0 0
b11000 !
b11000 .
b11000 /
0=
0?
0E
0G
1M
0O
04
08
0@
0H
1P
07
05
02
09
0A
1I
0%
b0 $
b0 -
b11000 #
b11000 ,
b11000 '
b0 (
b0 *
b11000000000 )
b11000 &
b11000 +
#1537
1K
1D
1G
1C
1<
1?
1S
1;
b1111 0
14
1"
1T
1L
1M
0E
0=
17
1U
0W
1N
0P
1H
1@
18
1R
1J
1B
1:
13
b11111 1
b11000 !
b11000 .
b11000 /
05
1%
b1 *
b11000000001 )
#1538
0"
0S
0L
0K
0C
0D
1T
0V
1M
0O
0E
0G
0<
0U
1W
0N
1P
0H
0@
0?
0=
0R
0J
0B
0:
0;
b1 1
b0 0
b11001 !
b11001 .
b11001 /
04
07
15
0%
b1 $
b1 -
b1 (
b0 *
b11000000010 )
b111000 &
b111000 +
#1539
0K
0D
0G
1S
0C
0<
1"
1T
1L
0M
1E
0?
1U
0W
1N
0P
1H
1@
08
1=
1R
1J
1B
1:
03
0;
b11110 1
b1000 0
b10111 !
b10111 .
b10111 /
04
07
15
1%
b1 *
b11000000011 )
b11001 &
b11001 +
#1540
0"
0S
b0 0
1T
0V
0L
1M
0E
0U
1W
0N
1P
0H
0R
0J
0B
b10 1
b11010 !
b11010 .
b11010 /
05
0%
b10 $
b10 -
b10 (
b0 *
b11000000100 )
b110111 &
b110111 +
#1541
1S
1;
b1001 0
14
1"
1T
1L
0M
1E
1=
17
1U
0W
1N
0P
1H
0@
18
1R
1J
1B
0:
13
b11101 1
b10110 !
b10110 .
b10110 /
05
1%
b1 *
b11000000101 )
b11010 &
b11010 +
#1542
0"
0S
1T
0V
0L
1M
0E
0U
1W
0N
1P
0H
1@
1=
0R
0J
0B
1:
0;
b11 1
b0 0
b11011 !
b11011 .
b11011 /
04
07
15
0%
b11 $
b11 -
b11 (
b0 *
b11000000110 )
b110110 &
b110110 +
#1543
0K
0D
0G
1S
0C
1"
1T
1L
0M
1E
0<
1U
0W
1N
0P
1H
0@
08
0?
0=
1R
1J
1B
0:
03
0;
b11100 1
b1000 0
b10101 !
b10101 .
b10101 /
04
07
15
1%
b1 *
b11000000111 )
b11011 &
b11011 +
#1544
0"
0S
b0 0
1T
0V
0L
1M
0U
1W
0N
1P
0R
0J
b100 1
b11100 !
b11100 .
b11100 /
05
0%
b100 $
b100 -
b100 (
b0 *
b11000001000 )
b110101 &
b110101 +
#1545
1C
1<
1?
1S
1;
b1011 0
14
1"
1T
1L
0M
1E
0=
17
1U
0W
1N
0P
0H
1@
18
1R
1J
0B
1:
13
b11011 1
b10100 !
b10100 .
b10100 /
05
1%
b1 *
b11000001001 )
b11100 &
b11100 +
#1546
0O
0"
0K
0S
0C
0D
1T
0V
0L
1M
1E
0G
0<
0U
1W
0N
1P
1H
0@
0?
0=
0R
0J
1B
0:
0;
b101 1
b0 0
b11101 !
b11101 .
b11101 /
04
07
15
0%
b101 $
b101 -
b101 (
b0 *
b11000001010 )
b110100 &
b110100 +
#1547
1S
0C
0<
1"
1T
1L
0M
0E
0?
1U
0W
1N
0P
0H
1@
08
1=
1R
1J
0B
1:
03
0;
b11010 1
b1000 0
b10011 !
b10011 .
b10011 /
04
07
15
1%
b1 *
b11000001011 )
b11101 &
b11101 +
#1548
0"
0S
b0 0
1T
0V
0L
1M
1E
0U
1W
0N
1P
1H
0R
0J
1B
b110 1
b11110 !
b11110 .
b11110 /
05
0%
b110 $
b110 -
b110 (
b0 *
b11000001100 )
b110011 &
b110011 +
#1549
1S
1;
b1001 0
14
1"
1T
1L
0M
0E
1=
17
1U
0W
1N
0P
0H
0@
18
1R
1J
0B
0:
13
b11001 1
b10010 !
b10010 .
b10010 /
05
1%
b1 *
b11000001101 )
b11110 &
b11110 +
#1550
0"
0S
1T
0V
0L
1M
1E
0U
1W
0N
1P
1H
1@
1=
0R
0J
1B
1:
0;
b111 1
b0 0
b11111 !
b11111 .
b11111 /
04
07
15
0%
b111 $
b111 -
b111 (
b0 *
b11000001110 )
b110010 &
b110010 +
#1551
1S
0C
1"
1T
1L
0M
0E
0<
1U
0W
1N
0P
0H
0@
08
0?
0=
1R
1J
0B
0:
03
0;
b11000 1
b1000 0
b10001 !
b10001 .
b10001 /
04
07
15
1%
b1 *
b11000001111 )
b11111 &
b11111 +
#1552
0T
1V
0U
1W
0R
b1000 1
b0 !
b0 .
b0 /
05
0%
b1000 $
b1000 -
b1000 (
b0 *
b11000010000 )
b110001 &
b110001 +
#1553
1O
1K
1D
1G
1C
1<
1?
1S
1;
b1111 0
14
1T
0V
1L
0M
0E
0=
17
1U
0W
0N
1P
1H
1@
18
1R
0J
1B
1:
13
b10111 1
b10000 !
b10000 .
b10000 /
05
1%
b1 *
b11000010001 )
b100000 &
b100000 +
#1554
0K
0C
0D
0T
1V
0M
0O
0E
0G
0<
0U
1W
1N
0P
0H
0@
0?
0=
0R
1J
0B
0:
0;
b1001 1
b1000 0
b1 !
b1 .
b1 /
04
07
15
0%
b1001 $
b1001 -
b1001 (
b0 *
b11000010010 )
b110000 &
b110000 +
#1555
0O
0K
0D
0G
0S
0C
0<
0T
0V
0L
1M
1E
0?
1U
0W
0N
1P
1H
1@
08
1=
1R
0J
1B
1:
03
0;
b10110 1
b0 0
b1111 !
b1111 .
b1111 /
04
07
15
1%
b1 *
b11000010011 )
b100001 &
b100001 +
#1556
1V
1S
b1000 0
1"
0T
1L
0M
0E
0U
1W
1N
0P
0H
0R
1J
0B
b1010 1
b10 !
b10 .
b10 /
05
0%
b1010 $
b1010 -
b1010 (
b0 *
b11000010100 )
b101111 &
b101111 +
#1557
0S
1;
b1 0
14
0T
0V
0L
1M
1E
1=
17
1U
0W
0N
1P
1H
0@
18
1R
0J
1B
0:
13
b10101 1
b1110 !
b1110 .
b1110 /
05
1%
b1 *
b11000010101 )
b100010 &
b100010 +
#1558
1V
1S
1"
0T
1L
0M
0E
0U
1W
1N
0P
0H
1@
1=
0R
1J
0B
1:
0;
b1011 1
b1000 0
b11 !
b11 .
b11 /
04
07
15
0%
b1011 $
b1011 -
b1011 (
b0 *
b11000010110 )
b101110 &
b101110 +
#1559
0O
0K
0D
0G
0S
0C
0T
0V
0L
1M
1E
0<
1U
0W
0N
1P
1H
0@
08
0?
0=
1R
0J
1B
0:
03
0;
b10100 1
b0 0
b1101 !
b1101 .
b1101 /
04
07
15
1%
b1 *
b11000010111 )
b100011 &
b100011 +
#1560
1V
1S
b1000 0
1"
0T
1L
0M
0U
1W
1N
0P
0R
1J
b1100 1
b100 !
b100 .
b100 /
05
0%
b1100 $
b1100 -
b1100 (
b0 *
b11000011000 )
b101101 &
b101101 +
#1561
1C
1<
1?
0S
1;
b11 0
14
0T
0V
0L
1M
1E
0=
17
1U
0W
0N
1P
0H
1@
18
1R
0J
0B
1:
13
b10011 1
b1100 !
b1100 .
b1100 /
05
1%
b1 *
b11000011001 )
b100100 &
b100100 +
#1562
0K
1V
1S
0C
0D
1"
0T
1L
0M
1E
0G
0<
0U
1W
1N
0P
1H
0@
0?
0=
0R
1J
1B
0:
0;
b1101 1
b1000 0
b101 !
b101 .
b101 /
04
07
15
0%
b1101 $
b1101 -
b1101 (
b0 *
b11000011010 )
b101100 &
b101100 +
#1563
0S
0C
0<
0T
0V
0L
1M
0E
0?
1U
0W
0N
1P
0H
1@
08
1=
1R
0J
0B
1:
03
0;
b10010 1
b0 0
b1011 !
b1011 .
b1011 /
04
07
15
1%
b1 *
b11000011011 )
b100101 &
b100101 +
#1564
1V
1S
b1000 0
1"
0T
1L
0M
1E
0U
1W
1N
0P
1H
0R
1J
1B
b1110 1
b110 !
b110 .
b110 /
05
0%
b1110 $
b1110 -
b1110 (
b0 *
b11000011100 )
b101011 &
b101011 +
#1565
0S
1;
b1 0
14
0T
0V
0L
1M
0E
1=
17
1U
0W
0N
1P
0H
0@
18
1R
0J
0B
0:
13
b10001 1
b1010 !
b1010 .
b1010 /
05
1%
b1 *
b11000011101 )
b100110 &
b100110 +
#1566
1V
1S
1"
0T
1L
0M
1E
0U
1W
1N
0P
1H
1@
1=
0R
1J
1B
1:
0;
b1111 1
b1000 0
b111 !
b111 .
b111 /
04
07
15
0%
b1111 $
b1111 -
b1111 (
b0 *
b11000011110 )
b101010 &
b101010 +
#1567
0S
0C
0T
0V
0L
1M
0E
0<
1U
0W
0N
1P
0H
0@
08
0?
0=
1R
0J
0B
0:
03
0;
b10000 1
b0 0
b1001 !
b1001 .
b1001 /
04
07
15
1%
b1 *
b11000011111 )
b100111 &
b100111 +
#1568
b1000 !
b1000 .
b1000 /
05
0%
b10000 $
b10000 -
b10000 (
b0 *
b11000100000 )
b101001 &
b101001 +
#1569
1K
1D
1G
1C
1<
1V
1?
1S
1;
b1111 0
14
1"
0T
1L
1M
0E
0=
17
0U
1W
1N
0P
1H
1@
18
0R
1J
1B
1:
13
b1111 1
b1000 !
b1000 .
b1000 /
05
1%
b1 *
b11000100001 )
b101000 &
b101000 +
#1570
0S
0L
0K
0C
0D
0T
0V
1M
0O
0E
0G
0<
1U
0W
0N
1P
0H
0@
0?
0=
1R
0J
0B
0:
0;
b10001 1
b0 0
b1001 !
b1001 .
b1001 /
04
07
15
0%
b10001 $
b10001 -
b10001 (
b0 *
b11000100010 )
#1571
0K
0D
1V
0G
1S
0C
0<
1"
0T
1L
0M
1E
0?
0U
1W
1N
0P
1H
1@
08
1=
0R
1J
1B
1:
03
0;
b1110 1
b1000 0
b111 !
b111 .
b111 /
04
07
15
1%
b1 *
b11000100011 )
b101001 &
b101001 +
#1572
0S
b0 0
0T
0V
0L
1M
0E
1U
0W
0N
1P
0H
1R
0J
0B
b10010 1
b1010 !
b1010 .
b1010 /
05
0%
b10010 $
b10010 -
b10010 (
b0 *
b11000100100 )
b100111 &
b100111 +
#1573
1V
1S
1;
b1001 0
14
1"
0T
1L
0M
1E
1=
17
0U
1W
1N
0P
1H
0@
18
0R
1J
1B
0:
13
b1101 1
b110 !
b110 .
b110 /
05
1%
b1 *
b11000100101 )
b101010 &
b101010 +
#1574
0S
0T
0V
0L
1M
0E
1U
0W
0N
1P
0H
1@
1=
1R
0J
0B
1:
0;
b10011 1
b0 0
b1011 !
b1011 .
b1011 /
04
07
15
0%
b10011 $
b10011 -
b10011 (
b0 *
b11000100110 )
b100110 &
b100110 +
#1575
0K
0D
1V
0G
1S
0C
1"
0T
1L
0M
1E
0<
0U
1W
1N
0P
1H
0@
08
0?
0=
0R
1J
1B
0:
03
0;
b1100 1
b1000 0
b101 !
b101 .
b101 /
04
07
15
1%
b1 *
b11000100111 )
b101011 &
b101011 +
#1576
0S
b0 0
0T
0V
0L
1M
1U
0W
0N
1P
1R
0J
b10100 1
b1100 !
b1100 .
b1100 /
05
0%
b10100 $
b10100 -
b10100 (
b0 *
b11000101000 )
b100101 &
b100101 +
#1577
1C
1<
1V
1?
1S
1;
b1011 0
14
1"
0T
1L
0M
1E
0=
17
0U
1W
1N
0P
0H
1@
18
0R
1J
0B
1:
13
b1011 1
b100 !
b100 .
b100 /
05
1%
b1 *
b11000101001 )
b101100 &
b101100 +
#1578
0O
0K
0S
0C
0D
0T
0V
0L
1M
1E
0G
0<
1U
0W
0N
1P
1H
0@
0?
0=
1R
0J
1B
0:
0;
b10101 1
b0 0
b1101 !
b1101 .
b1101 /
04
07
15
0%
b10101 $
b10101 -
b10101 (
b0 *
b11000101010 )
b100100 &
b100100 +
#1579
1V
1S
0C
0<
1"
0T
1L
0M
0E
0?
0U
1W
1N
0P
0H
1@
08
1=
0R
1J
0B
1:
03
0;
b1010 1
b1000 0
b11 !
b11 .
b11 /
04
07
15
1%
b1 *
b11000101011 )
b101101 &
b101101 +
#1580
0S
b0 0
0T
0V
0L
1M
1E
1U
0W
0N
1P
1H
1R
0J
1B
b10110 1
b1110 !
b1110 .
b1110 /
05
0%
b10110 $
b10110 -
b10110 (
b0 *
b11000101100 )
b100011 &
b100011 +
#1581
1V
1S
1;
b1001 0
14
1"
0T
1L
0M
0E
1=
17
0U
1W
1N
0P
0H
0@
18
0R
1J
0B
0:
13
b1001 1
b10 !
b10 .
b10 /
05
1%
b1 *
b11000101101 )
b101110 &
b101110 +
#1582
0S
0T
0V
0L
1M
1E
1U
0W
0N
1P
1H
1@
1=
1R
0J
1B
1:
0;
b10111 1
b0 0
b1111 !
b1111 .
b1111 /
04
07
15
0%
b10111 $
b10111 -
b10111 (
b0 *
b11000101110 )
b100010 &
b100010 +
#1583
1V
1S
0C
1"
0T
1L
0M
0E
0<
0U
1W
1N
0P
0H
0@
08
0?
0=
0R
1J
0B
0:
03
0;
b1000 1
b1000 0
b1 !
b1 .
b1 /
04
07
15
1%
b1 *
b11000101111 )
b101111 &
b101111 +
#1584
1T
0V
1U
0W
1R
b11000 1
b10000 !
b10000 .
b10000 /
05
0%
b11000 $
b11000 -
b11000 (
b0 *
b11000110000 )
b100001 &
b100001 +
#1585
1O
1K
1D
1G
1C
1"
1<
1?
1S
1;
b1111 0
14
0T
1V
1L
0M
0E
0=
17
0U
1W
0N
1P
1H
1@
18
0R
0J
1B
1:
13
b111 1
b0 !
b0 .
b0 /
05
1%
b1 *
b11000110001 )
b110000 &
b110000 +
#1586
0K
0C
0D
1T
0V
0M
0O
0E
0G
0<
1U
0W
1N
0P
0H
0@
0?
0=
1R
1J
0B
0:
0;
b11001 1
b1000 0
b10001 !
b10001 .
b10001 /
04
07
15
0%
b11001 $
b11001 -
b11001 (
b0 *
b11000110010 )
b100000 &
b100000 +
#1587
0O
0K
0"
0D
0G
0S
0C
0<
1T
0V
0L
1M
1E
0?
0U
1W
0N
1P
1H
1@
08
1=
0R
0J
1B
1:
03
0;
b110 1
b0 0
b11111 !
b11111 .
b11111 /
04
07
15
1%
b1 *
b11000110011 )
b110001 &
b110001 +
#1588
1S
b1000 0
1"
1T
1L
0M
0E
1U
0W
1N
0P
0H
1R
1J
0B
b11010 1
b10010 !
b10010 .
b10010 /
05
0%
b11010 $
b11010 -
b11010 (
b0 *
b11000110100 )
b11111 &
b11111 +
#1589
0"
0S
1;
b1 0
14
1T
0V
0L
1M
1E
1=
17
0U
1W
0N
1P
1H
0@
18
0R
0J
1B
0:
13
b101 1
b11110 !
b11110 .
b11110 /
05
1%
b1 *
b11000110101 )
b110010 &
b110010 +
#1590
1S
1"
1T
1L
0M
0E
1U
0W
1N
0P
0H
1@
1=
1R
1J
0B
1:
0;
b11011 1
b1000 0
b10011 !
b10011 .
b10011 /
04
07
15
0%
b11011 $
b11011 -
b11011 (
b0 *
b11000110110 )
b11110 &
b11110 +
#1591
0O
0K
0"
0D
0G
0S
0C
1T
0V
0L
1M
1E
0<
0U
1W
0N
1P
1H
0@
08
0?
0=
0R
0J
1B
0:
03
0;
b100 1
b0 0
b11101 !
b11101 .
b11101 /
04
07
15
1%
b1 *
b11000110111 )
b110011 &
b110011 +
#1592
1S
b1000 0
1"
1T
1L
0M
1U
0W
1N
0P
1R
1J
b11100 1
b10100 !
b10100 .
b10100 /
05
0%
b11100 $
b11100 -
b11100 (
b0 *
b11000111000 )
b11101 &
b11101 +
#1593
1C
0"
1<
1?
0S
1;
b11 0
14
1T
0V
0L
1M
1E
0=
17
0U
1W
0N
1P
0H
1@
18
0R
0J
0B
1:
13
b11 1
b11100 !
b11100 .
b11100 /
05
1%
b1 *
b11000111001 )
b110100 &
b110100 +
#1594
0K
1S
0C
0D
1"
1T
1L
0M
1E
0G
0<
1U
0W
1N
0P
1H
0@
0?
0=
1R
1J
1B
0:
0;
b11101 1
b1000 0
b10101 !
b10101 .
b10101 /
04
07
15
0%
b11101 $
b11101 -
b11101 (
b0 *
b11000111010 )
b11100 &
b11100 +
#1595
0"
0S
0C
0<
1T
0V
0L
1M
0E
0?
0U
1W
0N
1P
0H
1@
08
1=
0R
0J
0B
1:
03
0;
b10 1
b0 0
b11011 !
b11011 .
b11011 /
04
07
15
1%
b1 *
b11000111011 )
b110101 &
b110101 +
#1596
1S
b1000 0
1"
1T
1L
0M
1E
1U
0W
1N
0P
1H
1R
1J
1B
b11110 1
b10110 !
b10110 .
b10110 /
05
0%
b11110 $
b11110 -
b11110 (
b0 *
b11000111100 )
b11011 &
b11011 +
#1597
0"
0S
1;
b1 0
14
1T
0V
0L
1M
0E
1=
17
0U
1W
0N
1P
0H
0@
18
0R
0J
0B
0:
13
b1 1
b11010 !
b11010 .
b11010 /
05
1%
b1 *
b11000111101 )
b110110 &
b110110 +
#1598
1S
1"
1T
1L
0M
1E
1U
0W
1N
0P
1H
1@
1=
1R
1J
1B
1:
0;
b11111 1
b1000 0
b10111 !
b10111 .
b10111 /
04
07
15
0%
b11111 $
b11111 -
b11111 (
b0 *
b11000111110 )
b11010 &
b11010 +
#1599
0"
0S
0C
1T
0V
0L
1M
0E
0<
0U
1W
0N
1P
0H
0@
08
0?
0=
0R
0J
0B
0:
03
0;
b0 1
b0 0
b11001 !
b11001 .
b11001 /
04
07
15
1%
b1 *
b11000111111 )
b110111 &
b110111 +
#1600
b11001 !
b11001 .
b11001 /
18
15
12
0%
b0 $
b0 -
b11001 #
b11001 ,
b11001 '
b0 (
b0 *
b11001000000 )
b11001 &
b11001 +
#1601
1K
1D
1G
1S
1C
1<
1"
1T
1L
1M
0E
1?
1U
0W
1N
0P
1H
1@
16
08
0=
1R
1J
1B
1:
13
1;
b11111 1
b1111 0
b11001 !
b11001 .
b11001 /
14
07
15
1%
b1 *
b11001000001 )
#1602
0"
0S
0L
0K
0C
b1 0
0D
0<
1T
0V
1M
0O
0E
0G
1=
0?
0U
1W
0N
1P
0H
0@
0R
0J
0B
0:
b1 1
b11010 !
b11010 .
b11010 /
05
0%
b1 $
b1 -
b1 (
b0 *
b11001000010 )
b111001 &
b111001 +
#1603
1K
1D
1G
1S
1C
b1111 0
1<
1"
1T
1L
1M
0E
0=
1?
17
1U
0W
1N
0P
1H
1@
06
18
1R
1J
1B
1:
03
b11110 1
b11000 !
b11000 .
b11000 /
05
1%
b1 *
b11001000011 )
b11010 &
b11010 +
#1604
0"
0S
0L
0K
0C
0D
1T
0V
1M
0O
0E
0G
0<
0U
1W
0N
1P
0H
0?
1=
0R
0J
0B
0;
b10 1
b0 0
b11011 !
b11011 .
b11011 /
04
07
15
0%
b10 $
b10 -
b10 (
b0 *
b11001000100 )
b111000 &
b111000 +
#1605
0K
0D
0G
1S
0C
1"
1T
1L
0M
1E
0<
1U
0W
1N
0P
1H
0@
16
08
0?
1=
1R
1J
1B
0:
13
1;
b11101 1
b1001 0
b10111 !
b10111 .
b10111 /
14
07
15
1%
b1 *
b11001000101 )
b11011 &
b11011 +
#1606
0"
0S
1C
b11 0
1<
1T
0V
0L
1M
1E
0=
1?
0U
1W
0N
1P
0H
1@
0R
0J
0B
1:
b11 1
b11100 !
b11100 .
b11100 /
05
0%
b11 $
b11 -
b11 (
b0 *
b11001000110 )
b110111 &
b110111 +
#1607
1S
0K
0C
b1001 0
0D
0<
1"
1T
1L
0M
1E
0G
1=
0?
17
1U
0W
1N
0P
1H
0@
06
18
1R
1J
1B
0:
03
b11100 1
b10110 !
b10110 .
b10110 /
05
1%
b1 *
b11001000111 )
b11100 &
b11100 +
#1608
0"
0S
1T
0V
0L
1M
0U
1W
0N
1P
0=
0R
0J
0;
b100 1
b0 0
b11101 !
b11101 .
b11101 /
04
07
15
0%
b100 $
b100 -
b100 (
b0 *
b11001001000 )
b110110 &
b110110 +
#1609
1S
1C
1<
1"
1T
1L
0M
1E
1?
1U
0W
1N
0P
0H
1@
16
08
0=
1R
1J
0B
1:
13
1;
b11011 1
b1011 0
b10101 !
b10101 .
b10101 /
14
07
15
1%
b1 *
b11001001001 )
b11101 &
b11101 +
#1610
0"
0O
0S
0K
0C
b1 0
0D
0<
1T
0V
0L
1M
1E
0G
1=
0?
0U
1W
0N
1P
1H
0@
0R
0J
1B
0:
b101 1
b11110 !
b11110 .
b11110 /
05
0%
b101 $
b101 -
b101 (
b0 *
b11001001010 )
b110101 &
b110101 +
#1611
1S
1C
b1011 0
1<
1"
1T
1L
0M
1E
0=
1?
17
1U
0W
1N
0P
0H
1@
06
18
1R
1J
0B
1:
03
b11010 1
b10100 !
b10100 .
b10100 /
05
1%
b1 *
b11001001011 )
b11110 &
b11110 +
#1612
0O
0"
0K
0S
0C
0D
1T
0V
0L
1M
1E
0G
0<
0U
1W
0N
1P
1H
0?
1=
0R
0J
1B
0;
b110 1
b0 0
b11111 !
b11111 .
b11111 /
04
07
15
0%
b110 $
b110 -
b110 (
b0 *
b11001001100 )
b110100 &
b110100 +
#1613
1S
0C
1"
1T
1L
0M
0E
0<
1U
0W
1N
0P
0H
0@
16
08
0?
1=
1R
1J
0B
0:
13
1;
b11001 1
b1001 0
b10011 !
b10011 .
b10011 /
14
07
15
1%
b1 *
b11001001101 )
b11111 &
b11111 +
#1614
1O
1K
1"
1D
1G
1S
1C
b1111 0
1<
0T
1V
1L
0M
0E
0=
1?
0U
1W
0N
1P
1H
1@
0R
0J
1B
1:
b111 1
b0 !
b0 .
b0 /
05
0%
b111 $
b111 -
b111 (
b0 *
b11001001110 )
b110011 &
b110011 +
#1615
0K
0C
b1001 0
0D
0<
1T
0V
0M
0O
0E
0G
1=
0?
17
1U
0W
1N
0P
0H
0@
06
18
1R
1J
0B
0:
03
b11000 1
b10010 !
b10010 .
b10010 /
05
1%
b1 *
b11001001111 )
b100000 &
b100000 +
#1616
0T
1V
0U
1W
0=
0R
0;
b1000 1
b1000 0
b1 !
b1 .
b1 /
04
07
15
0%
b1000 $
b1000 -
b1000 (
b0 *
b11001010000 )
b110010 &
b110010 +
#1617
1O
1K
1D
1G
1S
1C
1<
1T
0V
1L
0M
0E
1?
1U
0W
0N
1P
1H
1@
16
08
0=
1R
0J
1B
1:
13
1;
b10111 1
b1111 0
b10001 !
b10001 .
b10001 /
14
07
15
1%
b1 *
b11001010001 )
b100001 &
b100001 +
#1618
0K
0C
b1001 0
0D
0<
0T
1V
0M
0O
0E
0G
1=
0?
0U
1W
1N
0P
0H
0@
0R
1J
0B
0:
b1001 1
b10 !
b10 .
b10 /
05
0%
b1001 $
b1001 -
b1001 (
b0 *
b11001010010 )
b110001 &
b110001 +
#1619
1O
1K
1D
1G
1S
1C
b1111 0
1<
1T
0V
1L
0M
0E
0=
1?
17
1U
0W
0N
1P
1H
1@
06
18
1R
0J
1B
1:
03
b10110 1
b10000 !
b10000 .
b10000 /
05
1%
b1 *
b11001010011 )
b100010 &
b100010 +
#1620
0K
0C
0D
0T
1V
0M
0O
0E
0G
0<
0U
1W
1N
0P
0H
0?
1=
0R
1J
0B
0;
b1010 1
b1000 0
b11 !
b11 .
b11 /
04
07
15
0%
b1010 $
b1010 -
b1010 (
b0 *
b11001010100 )
b110000 &
b110000 +
#1621
0O
0K
0D
0G
0S
0C
0T
0V
0L
1M
1E
0<
1U
0W
0N
1P
1H
0@
16
08
0?
1=
1R
0J
1B
0:
13
1;
b10101 1
b1 0
b1111 !
b1111 .
b1111 /
14
07
15
1%
b1 *
b11001010101 )
b100011 &
b100011 +
#1622
1V
1S
1C
b1011 0
1<
1"
0T
1L
0M
1E
0=
1?
0U
1W
1N
0P
0H
1@
0R
1J
0B
1:
b1011 1
b100 !
b100 .
b100 /
05
0%
b1011 $
b1011 -
b1011 (
b0 *
b11001010110 )
b101111 &
b101111 +
#1623
0O
0S
0K
0C
b1 0
0D
0<
0T
0V
0L
1M
1E
0G
1=
0?
17
1U
0W
0N
1P
1H
0@
06
18
1R
0J
1B
0:
03
b10100 1
b1110 !
b1110 .
b1110 /
05
1%
b1 *
b11001010111 )
b100100 &
b100100 +
#1624
1V
1S
1"
0T
1L
0M
0U
1W
1N
0P
0=
0R
1J
0;
b1100 1
b1000 0
b101 !
b101 .
b101 /
04
07
15
0%
b1100 $
b1100 -
b1100 (
b0 *
b11001011000 )
b101110 &
b101110 +
#1625
0S
1C
1<
0T
0V
0L
1M
1E
1?
1U
0W
0N
1P
0H
1@
16
08
0=
1R
0J
0B
1:
13
1;
b10011 1
b11 0
b1101 !
b1101 .
b1101 /
14
07
15
1%
b1 *
b11001011001 )
b100101 &
b100101 +
#1626
1V
1S
0K
0C
b1001 0
0D
0<
1"
0T
1L
0M
1E
0G
1=
0?
0U
1W
1N
0P
1H
0@
0R
1J
1B
0:
b1101 1
b110 !
b110 .
b110 /
05
0%
b1101 $
b1101 -
b1101 (
b0 *
b11001011010 )
b101101 &
b101101 +
#1627
0S
1C
b11 0
1<
0T
0V
0L
1M
1E
0=
1?
17
1U
0W
0N
1P
0H
1@
06
18
1R
0J
0B
1:
03
b10010 1
b1100 !
b1100 .
b1100 /
05
1%
b1 *
b11001011011 )
b100110 &
b100110 +
#1628
0K
1V
1S
0C
0D
1"
0T
1L
0M
1E
0G
0<
0U
1W
1N
0P
1H
0?
1=
0R
1J
1B
0;
b1110 1
b1000 0
b111 !
b111 .
b111 /
04
07
15
0%
b1110 $
b1110 -
b1110 (
b0 *
b11001011100 )
b101100 &
b101100 +
#1629
0S
0C
0T
0V
0L
1M
0E
0<
1U
0W
0N
1P
0H
0@
16
08
0?
1=
1R
0J
0B
0:
13
1;
b10001 1
b1 0
b1011 !
b1011 .
b1011 /
14
07
15
1%
b1 *
b11001011101 )
b100111 &
b100111 +
#1630
1K
1D
1V
1G
1S
1C
b1111 0
1<
1"
0T
1L
1M
0E
0=
1?
0U
1W
1N
0P
1H
1@
0R
1J
1B
1:
b1111 1
b1000 !
b1000 .
b1000 /
05
0%
b1111 $
b1111 -
b1111 (
b0 *
b11001011110 )
b101011 &
b101011 +
#1631
0S
0L
0K
0C
b1 0
0D
0<
0T
0V
1M
0O
0E
0G
1=
0?
17
1U
0W
0N
1P
0H
0@
06
18
1R
0J
0B
0:
03
b10000 1
b1010 !
b1010 .
b1010 /
05
1%
b1 *
b11001011111 )
b101000 &
b101000 +
#1632
0=
0;
b0 0
b1001 !
b1001 .
b1001 /
04
07
15
0%
b10000 $
b10000 -
b10000 (
b0 *
b11001100000 )
b101010 &
b101010 +
#1633
1K
1D
1V
1G
1S
1C
1<
1"
0T
1L
1M
0E
1?
0U
1W
1N
0P
1H
1@
16
08
0=
0R
1J
1B
1:
13
1;
b1111 1
b1111 0
b1001 !
b1001 .
b1001 /
14
07
15
1%
b1 *
b11001100001 )
b101001 &
b101001 +
#1634
0S
0L
0K
0C
b1 0
0D
0<
0T
0V
1M
0O
0E
0G
1=
0?
1U
0W
0N
1P
0H
0@
1R
0J
0B
0:
b10001 1
b1010 !
b1010 .
b1010 /
05
0%
b10001 $
b10001 -
b10001 (
b0 *
b11001100010 )
#1635
1K
1D
1V
1G
1S
1C
b1111 0
1<
1"
0T
1L
1M
0E
0=
1?
17
0U
1W
1N
0P
1H
1@
06
18
0R
1J
1B
1:
03
b1110 1
b1000 !
b1000 .
b1000 /
05
1%
b1 *
b11001100011 )
b101010 &
b101010 +
#1636
0S
0L
0K
0C
0D
0T
0V
1M
0O
0E
0G
0<
1U
0W
0N
1P
0H
0?
1=
1R
0J
0B
0;
b10010 1
b0 0
b1011 !
b1011 .
b1011 /
04
07
15
0%
b10010 $
b10010 -
b10010 (
b0 *
b11001100100 )
b101000 &
b101000 +
#1637
0K
0D
1V
0G
1S
0C
1"
0T
1L
0M
1E
0<
0U
1W
1N
0P
1H
0@
16
08
0?
1=
0R
1J
1B
0:
13
1;
b1101 1
b1001 0
b111 !
b111 .
b111 /
14
07
15
1%
b1 *
b11001100101 )
b101011 &
b101011 +
#1638
0S
1C
b11 0
1<
0T
0V
0L
1M
1E
0=
1?
1U
0W
0N
1P
0H
1@
1R
0J
0B
1:
b10011 1
b1100 !
b1100 .
b1100 /
05
0%
b10011 $
b10011 -
b10011 (
b0 *
b11001100110 )
b100111 &
b100111 +
#1639
1V
1S
0K
0C
b1001 0
0D
0<
1"
0T
1L
0M
1E
0G
1=
0?
17
0U
1W
1N
0P
1H
0@
06
18
0R
1J
1B
0:
03
b1100 1
b110 !
b110 .
b110 /
05
1%
b1 *
b11001100111 )
b101100 &
b101100 +
#1640
0S
0T
0V
0L
1M
1U
0W
0N
1P
0=
1R
0J
0;
b10100 1
b0 0
b1101 !
b1101 .
b1101 /
04
07
15
0%
b10100 $
b10100 -
b10100 (
b0 *
b11001101000 )
b100110 &
b100110 +
#1641
1V
1S
1C
1<
1"
0T
1L
0M
1E
1?
0U
1W
1N
0P
0H
1@
16
08
0=
0R
1J
0B
1:
13
1;
b1011 1
b1011 0
b101 !
b101 .
b101 /
14
07
15
1%
b1 *
b11001101001 )
b101101 &
b101101 +
#1642
0O
0S
0K
0C
b1 0
0D
0<
0T
0V
0L
1M
1E
0G
1=
0?
1U
0W
0N
1P
1H
0@
1R
0J
1B
0:
b10101 1
b1110 !
b1110 .
b1110 /
05
0%
b10101 $
b10101 -
b10101 (
b0 *
b11001101010 )
b100101 &
b100101 +
#1643
1V
1S
1C
b1011 0
1<
1"
0T
1L
0M
1E
0=
1?
17
0U
1W
1N
0P
0H
1@
06
18
0R
1J
0B
1:
03
b1010 1
b100 !
b100 .
b100 /
05
1%
b1 *
b11001101011 )
b101110 &
b101110 +
#1644
0O
0K
0S
0C
0D
0T
0V
0L
1M
1E
0G
0<
1U
0W
0N
1P
1H
0?
1=
1R
0J
1B
0;
b10110 1
b0 0
b1111 !
b1111 .
b1111 /
04
07
15
0%
b10110 $
b10110 -
b10110 (
b0 *
b11001101100 )
b100100 &
b100100 +
#1645
1V
1S
0C
1"
0T
1L
0M
0E
0<
0U
1W
1N
0P
0H
0@
16
08
0?
1=
0R
1J
0B
0:
13
1;
b1001 1
b1001 0
b11 !
b11 .
b11 /
14
07
15
1%
b1 *
b11001101101 )
b101111 &
b101111 +
#1646
1O
1K
1D
1G
1S
1C
b1111 0
1<
1T
0V
1L
0M
0E
0=
1?
1U
0W
0N
1P
1H
1@
1R
0J
1B
1:
b10111 1
b10000 !
b10000 .
b10000 /
05
0%
b10111 $
b10111 -
b10111 (
b0 *
b11001101110 )
b100011 &
b100011 +
#1647
0K
0C
b1001 0
0D
0<
0T
1V
0M
0O
0E
0G
1=
0?
17
0U
1W
1N
0P
0H
0@
06
18
0R
1J
0B
0:
03
b1000 1
b10 !
b10 .
b10 /
05
1%
b1 *
b11001101111 )
b110000 &
b110000 +
#1648
1T
0V
1U
0W
0=
1R
0;
b11000 1
b1000 0
b10001 !
b10001 .
b10001 /
04
07
15
0%
b11000 $
b11000 -
b11000 (
b0 *
b11001110000 )
b100010 &
b100010 +
#1649
1O
1K
1"
1D
1G
1S
1C
1<
0T
1V
1L
0M
0E
1?
0U
1W
0N
1P
1H
1@
16
08
0=
0R
0J
1B
1:
13
1;
b111 1
b1111 0
b1 !
b1 .
b1 /
14
07
15
1%
b1 *
b11001110001 )
b110001 &
b110001 +
#1650
0K
0C
b1001 0
0D
0<
1T
0V
0M
0O
0E
0G
1=
0?
1U
0W
1N
0P
0H
0@
1R
1J
0B
0:
b11001 1
b10010 !
b10010 .
b10010 /
05
0%
b11001 $
b11001 -
b11001 (
b0 *
b11001110010 )
b100001 &
b100001 +
#1651
1O
1K
1"
1D
1G
1S
1C
b1111 0
1<
0T
1V
1L
0M
0E
0=
1?
17
0U
1W
0N
1P
1H
1@
06
18
0R
0J
1B
1:
03
b110 1
b0 !
b0 .
b0 /
05
1%
b1 *
b11001110011 )
b110010 &
b110010 +
#1652
0K
0C
0D
1T
0V
0M
0O
0E
0G
0<
1U
0W
1N
0P
0H
0?
1=
1R
1J
0B
0;
b11010 1
b1000 0
b10011 !
b10011 .
b10011 /
04
07
15
0%
b11010 $
b11010 -
b11010 (
b0 *
b11001110100 )
b100000 &
b100000 +
#1653
0O
0K
0"
0D
0G
0S
0C
1T
0V
0L
1M
1E
0<
0U
1W
0N
1P
1H
0@
16
08
0?
1=
0R
0J
1B
0:
13
1;
b101 1
b1 0
b11111 !
b11111 .
b11111 /
14
07
15
1%
b1 *
b11001110101 )
b110011 &
b110011 +
#1654
1S
1C
b1011 0
1<
1"
1T
1L
0M
1E
0=
1?
1U
0W
1N
0P
0H
1@
1R
1J
0B
1:
b11011 1
b10100 !
b10100 .
b10100 /
05
0%
b11011 $
b11011 -
b11011 (
b0 *
b11001110110 )
b11111 &
b11111 +
#1655
0"
0O
0S
0K
0C
b1 0
0D
0<
1T
0V
0L
1M
1E
0G
1=
0?
17
0U
1W
0N
1P
1H
0@
06
18
0R
0J
1B
0:
03
b100 1
b11110 !
b11110 .
b11110 /
05
1%
b1 *
b11001110111 )
b110100 &
b110100 +
#1656
1S
1"
1T
1L
0M
1U
0W
1N
0P
0=
1R
1J
0;
b11100 1
b1000 0
b10101 !
b10101 .
b10101 /
04
07
15
0%
b11100 $
b11100 -
b11100 (
b0 *
b11001111000 )
b11110 &
b11110 +
#1657
0"
0S
1C
1<
1T
0V
0L
1M
1E
1?
0U
1W
0N
1P
0H
1@
16
08
0=
0R
0J
0B
1:
13
1;
b11 1
b11 0
b11101 !
b11101 .
b11101 /
14
07
15
1%
b1 *
b11001111001 )
b110101 &
b110101 +
#1658
1S
0K
0C
b1001 0
0D
0<
1"
1T
1L
0M
1E
0G
1=
0?
1U
0W
1N
0P
1H
0@
1R
1J
1B
0:
b11101 1
b10110 !
b10110 .
b10110 /
05
0%
b11101 $
b11101 -
b11101 (
b0 *
b11001111010 )
b11101 &
b11101 +
#1659
0"
0S
1C
b11 0
1<
1T
0V
0L
1M
1E
0=
1?
17
0U
1W
0N
1P
0H
1@
06
18
0R
0J
0B
1:
03
b10 1
b11100 !
b11100 .
b11100 /
05
1%
b1 *
b11001111011 )
b110110 &
b110110 +
#1660
0K
1S
0C
0D
1"
1T
1L
0M
1E
0G
0<
1U
0W
1N
0P
1H
0?
1=
1R
1J
1B
0;
b11110 1
b1000 0
b10111 !
b10111 .
b10111 /
04
07
15
0%
b11110 $
b11110 -
b11110 (
b0 *
b11001111100 )
b11100 &
b11100 +
#1661
0"
0S
0C
1T
0V
0L
1M
0E
0<
0U
1W
0N
1P
0H
0@
16
08
0?
1=
0R
0J
0B
0:
13
1;
b1 1
b1 0
b11011 !
b11011 .
b11011 /
14
07
15
1%
b1 *
b11001111101 )
b110111 &
b110111 +
#1662
1K
1D
1G
1S
1C
b1111 0
1<
1"
1T
1L
1M
0E
0=
1?
1U
0W
1N
0P
1H
1@
1R
1J
1B
1:
b11111 1
b11000 !
b11000 .
b11000 /
05
0%
b11111 $
b11111 -
b11111 (
b0 *
b11001111110 )
b11011 &
b11011 +
#1663
0"
0S
0L
0K
0C
b1 0
0D
0<
1T
0V
1M
0O
0E
0G
1=
0?
17
0U
1W
0N
1P
0H
0@
06
18
0R
0J
0B
0:
03
b0 1
b11010 !
b11010 .
b11010 /
05
1%
b1 *
b11001111111 )
b111000 &
b111000 +
#1664
0E
0C
0;
0<
b0 0
b11010 !
b11010 .
b11010 /
1=
0?
04
08
1@
07
05
02
19
0%
b0 $
b0 -
b11010 #
b11010 ,
b11010 '
b0 (
b0 *
b11010000000 )
b11010 &
b11010 +
#1665
1K
1D
1G
1S
1C
1;
b1111 0
14
1"
1T
1L
1M
0E
1<
1=
17
1U
0W
1N
0P
1H
1>
0@
18
1R
1J
1B
1:
13
b11111 1
b11010 !
b11010 .
b11010 /
05
1%
b1 *
b11010000001 )
#1666
0"
0S
0L
0K
0C
0D
1T
0V
1M
0O
0E
0G
0<
0U
1W
0N
1P
0H
0>
1@
1=
0R
0J
0B
0:
0;
b1 1
b0 0
b11011 !
b11011 .
b11011 /
04
07
15
0%
b1 $
b1 -
b1 (
b0 *
b11010000010 )
b111010 &
b111010 +
#1667
1K
1D
1G
1S
1C
1"
1T
1L
1M
0E
1<
1U
0W
1N
0P
1H
1>
0@
08
0?
0=
1R
1J
1B
1:
03
0;
b11110 1
b1110 0
b11001 !
b11001 .
b11001 /
04
07
15
1%
b1 *
b11010000011 )
b11011 &
b11011 +
#1668
0"
0S
0L
0K
b10 0
0D
1T
0V
1M
0O
1E
0G
0U
1W
0N
1P
0H
0R
0J
0B
b10 1
b11100 !
b11100 .
b11100 /
05
0%
b10 $
b10 -
b10 (
b0 *
b11010000100 )
b111001 &
b111001 +
#1669
1K
1?
1S
1C
1;
1D
b1111 0
14
1"
1T
1L
1M
0E
1G
1<
0=
17
1U
0W
1N
0P
1H
0>
1@
18
1R
1J
1B
0:
13
b11101 1
b11000 !
b11000 .
b11000 /
05
1%
b1 *
b11010000101 )
b11100 &
b11100 +
#1670
0"
0S
0L
0K
0D
1T
0V
1M
0O
1E
0G
0U
1W
0N
1P
0H
1>
0@
0?
0=
0R
0J
0B
1:
0;
b11 1
b10 0
b11101 !
b11101 .
b11101 /
04
07
15
0%
b11 $
b11 -
b11 (
b0 *
b11010000110 )
b111000 &
b111000 +
#1671
0C
0<
1S
0K
0D
1"
1T
1L
0M
1E
0G
0?
1U
0W
1N
0P
1H
0>
1@
08
1=
1R
1J
1B
0:
03
0;
b11100 1
b1000 0
b10111 !
b10111 .
b10111 /
04
07
15
1%
b1 *
b11010000111 )
b11101 &
b11101 +
#1672
0"
0S
b0 0
1T
0V
0L
1M
0U
1W
0N
1P
0R
0J
b100 1
b11110 !
b11110 .
b11110 /
05
0%
b100 $
b100 -
b100 (
b0 *
b11010001000 )
b110111 &
b110111 +
#1673
1S
1C
1;
b1011 0
14
1"
1T
1L
0M
1E
1<
1=
17
1U
0W
1N
0P
0H
1>
0@
18
1R
1J
0B
1:
13
b11011 1
b10110 !
b10110 .
b10110 /
05
1%
b1 *
b11010001001 )
b11110 &
b11110 +
#1674
0O
0"
0K
0S
0C
0D
1T
0V
0L
1M
1E
0G
0<
0U
1W
0N
1P
1H
0>
1@
1=
0R
0J
1B
0:
0;
b101 1
b0 0
b11111 !
b11111 .
b11111 /
04
07
15
0%
b101 $
b101 -
b101 (
b0 *
b11010001010 )
b110110 &
b110110 +
#1675
1S
1C
1"
1T
1L
0M
1E
1<
1U
0W
1N
0P
0H
1>
0@
08
0?
0=
1R
1J
0B
1:
03
0;
b11010 1
b1010 0
b10101 !
b10101 .
b10101 /
04
07
15
1%
b1 *
b11010001011 )
b11111 &
b11111 +
#1676
1"
1O
1S
1K
b1110 0
1D
0T
1V
1L
0M
0E
1G
0U
1W
0N
1P
1H
0R
0J
1B
b110 1
b0 !
b0 .
b0 /
05
0%
b110 $
b110 -
b110 (
b0 *
b11010001100 )
b110101 &
b110101 +
#1677
0K
1?
1C
1;
0D
b1011 0
14
1T
0V
0M
0O
1E
0G
1<
0=
17
1U
0W
1N
0P
0H
0>
1@
18
1R
1J
0B
0:
13
b11001 1
b10100 !
b10100 .
b10100 /
05
1%
b1 *
b11010001101 )
b100000 &
b100000 +
#1678
1"
1O
1S
1K
1D
0T
1V
1L
0M
0E
1G
0U
1W
0N
1P
1H
1>
0@
0?
0=
0R
0J
1B
1:
0;
b111 1
b1110 0
b1 !
b1 .
b1 /
04
07
15
0%
b111 $
b111 -
b111 (
b0 *
b11010001110 )
b110100 &
b110100 +
#1679
0C
0<
0K
0D
1T
0V
0M
0O
0E
0G
0?
1U
0W
1N
0P
0H
0>
1@
08
1=
1R
1J
0B
0:
03
0;
b11000 1
b1000 0
b10011 !
b10011 .
b10011 /
04
07
15
1%
b1 *
b11010001111 )
b100001 &
b100001 +
#1680
0T
1V
0U
1W
0R
b1000 1
b10 !
b10 .
b10 /
05
0%
b1000 $
b1000 -
b1000 (
b0 *
b11010010000 )
b110011 &
b110011 +
#1681
1O
1K
1D
1G
1S
1C
1;
b1111 0
14
1T
0V
1L
0M
0E
1<
1=
17
1U
0W
0N
1P
1H
1>
0@
18
1R
0J
1B
1:
13
b10111 1
b10010 !
b10010 .
b10010 /
05
1%
b1 *
b11010010001 )
b100010 &
b100010 +
#1682
0K
0C
0D
0T
1V
0M
0O
0E
0G
0<
0U
1W
1N
0P
0H
0>
1@
1=
0R
1J
0B
0:
0;
b1001 1
b1000 0
b11 !
b11 .
b11 /
04
07
15
0%
b1001 $
b1001 -
b1001 (
b0 *
b11010010010 )
b110010 &
b110010 +
#1683
1O
1K
1D
1G
1S
1C
1T
0V
1L
0M
0E
1<
1U
0W
0N
1P
1H
1>
0@
08
0?
0=
1R
0J
1B
1:
03
0;
b10110 1
b1110 0
b10001 !
b10001 .
b10001 /
04
07
15
1%
b1 *
b11010010011 )
b100011 &
b100011 +
#1684
0K
b1010 0
0D
0T
1V
0M
0O
1E
0G
0U
1W
1N
0P
0H
0R
1J
0B
b1010 1
b100 !
b100 .
b100 /
05
0%
b1010 $
b1010 -
b1010 (
b0 *
b11010010100 )
b110001 &
b110001 +
#1685
1O
1K
1?
1S
1C
1;
1D
b1111 0
14
1T
0V
1L
0M
0E
1G
1<
0=
17
1U
0W
0N
1P
1H
0>
1@
18
1R
0J
1B
0:
13
b10101 1
b10000 !
b10000 .
b10000 /
05
1%
b1 *
b11010010101 )
b100100 &
b100100 +
#1686
0K
0D
0T
1V
0M
0O
1E
0G
0U
1W
1N
0P
0H
1>
0@
0?
0=
0R
1J
0B
1:
0;
b1011 1
b1010 0
b101 !
b101 .
b101 /
04
07
15
0%
b1011 $
b1011 -
b1011 (
b0 *
b11010010110 )
b110000 &
b110000 +
#1687
0C
0<
0O
0S
0K
0D
0T
0V
0L
1M
1E
0G
0?
1U
0W
0N
1P
1H
0>
1@
08
1=
1R
0J
1B
0:
03
0;
b10100 1
b0 0
b1111 !
b1111 .
b1111 /
04
07
15
1%
b1 *
b11010010111 )
b100101 &
b100101 +
#1688
1V
1S
b1000 0
1"
0T
1L
0M
0U
1W
1N
0P
0R
1J
b1100 1
b110 !
b110 .
b110 /
05
0%
b1100 $
b1100 -
b1100 (
b0 *
b11010011000 )
b101111 &
b101111 +
#1689
0S
1C
1;
b11 0
14
0T
0V
0L
1M
1E
1<
1=
17
1U
0W
0N
1P
0H
1>
0@
18
1R
0J
0B
1:
13
b10011 1
b1110 !
b1110 .
b1110 /
05
1%
b1 *
b11010011001 )
b100110 &
b100110 +
#1690
0K
1V
1S
0C
0D
1"
0T
1L
0M
1E
0G
0<
0U
1W
1N
0P
1H
0>
1@
1=
0R
1J
1B
0:
0;
b1101 1
b1000 0
b111 !
b111 .
b111 /
04
07
15
0%
b1101 $
b1101 -
b1101 (
b0 *
b11010011010 )
b101110 &
b101110 +
#1691
0S
1C
0T
0V
0L
1M
1E
1<
1U
0W
0N
1P
0H
1>
0@
08
0?
0=
1R
0J
0B
1:
03
0;
b10010 1
b10 0
b1101 !
b1101 .
b1101 /
04
07
15
1%
b1 *
b11010011011 )
b100111 &
b100111 +
#1692
1V
1S
1K
b1110 0
1D
1"
0T
1L
1M
0E
1G
0U
1W
1N
0P
1H
0R
1J
1B
b1110 1
b1000 !
b1000 .
b1000 /
05
0%
b1110 $
b1110 -
b1110 (
b0 *
b11010011100 )
b101101 &
b101101 +
#1693
0S
0L
0K
1?
1C
1;
0D
b11 0
14
0T
0V
1M
0O
1E
0G
1<
0=
17
1U
0W
0N
1P
0H
0>
1@
18
1R
0J
0B
0:
13
b10001 1
b1100 !
b1100 .
b1100 /
05
1%
b1 *
b11010011101 )
b101000 &
b101000 +
#1694
1V
1S
1K
1D
1"
0T
1L
1M
0E
1G
0U
1W
1N
0P
1H
1>
0@
0?
0=
0R
1J
1B
1:
0;
b1111 1
b1110 0
b1001 !
b1001 .
b1001 /
04
07
15
0%
b1111 $
b1111 -
b1111 (
b0 *
b11010011110 )
b101100 &
b101100 +
#1695
0S
0C
0L
0<
0K
0D
0T
0V
1M
0O
0E
0G
0?
1U
0W
0N
1P
0H
0>
1@
08
1=
1R
0J
0B
0:
03
0;
b10000 1
b0 0
b1011 !
b1011 .
b1011 /
04
07
15
1%
b1 *
b11010011111 )
b101001 &
b101001 +
#1696
b1010 !
b1010 .
b1010 /
05
0%
b10000 $
b10000 -
b10000 (
b0 *
b11010100000 )
b101011 &
b101011 +
#1697
1K
1D
1V
1G
1S
1C
1;
b1111 0
14
1"
0T
1L
1M
0E
1<
1=
17
0U
1W
1N
0P
1H
1>
0@
18
0R
1J
1B
1:
13
b1111 1
b1010 !
b1010 .
b1010 /
05
1%
b1 *
b11010100001 )
b101010 &
b101010 +
#1698
0S
0L
0K
0C
0D
0T
0V
1M
0O
0E
0G
0<
1U
0W
0N
1P
0H
0>
1@
1=
1R
0J
0B
0:
0;
b10001 1
b0 0
b1011 !
b1011 .
b1011 /
04
07
15
0%
b10001 $
b10001 -
b10001 (
b0 *
b11010100010 )
#1699
1K
1D
1V
1G
1S
1C
1"
0T
1L
1M
0E
1<
0U
1W
1N
0P
1H
1>
0@
08
0?
0=
0R
1J
1B
1:
03
0;
b1110 1
b1110 0
b1001 !
b1001 .
b1001 /
04
07
15
1%
b1 *
b11010100011 )
b101011 &
b101011 +
#1700
0S
0L
0K
b10 0
0D
0T
0V
1M
0O
1E
0G
1U
0W
0N
1P
0H
1R
0J
0B
b10010 1
b1100 !
b1100 .
b1100 /
05
0%
b10010 $
b10010 -
b10010 (
b0 *
b11010100100 )
b101001 &
b101001 +
#1701
1K
1V
1?
1S
1C
1;
1D
b1111 0
14
1"
0T
1L
1M
0E
1G
1<
0=
17
0U
1W
1N
0P
1H
0>
1@
18
0R
1J
1B
0:
13
b1101 1
b1000 !
b1000 .
b1000 /
05
1%
b1 *
b11010100101 )
b101100 &
b101100 +
#1702
0S
0L
0K
0D
0T
0V
1M
0O
1E
0G
1U
0W
0N
1P
0H
1>
0@
0?
0=
1R
0J
0B
1:
0;
b10011 1
b10 0
b1101 !
b1101 .
b1101 /
04
07
15
0%
b10011 $
b10011 -
b10011 (
b0 *
b11010100110 )
b101000 &
b101000 +
#1703
0C
0<
1V
1S
0K
0D
1"
0T
1L
0M
1E
0G
0?
0U
1W
1N
0P
1H
0>
1@
08
1=
0R
1J
1B
0:
03
0;
b1100 1
b1000 0
b111 !
b111 .
b111 /
04
07
15
1%
b1 *
b11010100111 )
b101101 &
b101101 +
#1704
0S
b0 0
0T
0V
0L
1M
1U
0W
0N
1P
1R
0J
b10100 1
b1110 !
b1110 .
b1110 /
05
0%
b10100 $
b10100 -
b10100 (
b0 *
b11010101000 )
b100111 &
b100111 +
#1705
1V
1S
1C
1;
b1011 0
14
1"
0T
1L
0M
1E
1<
1=
17
0U
1W
1N
0P
0H
1>
0@
18
0R
1J
0B
1:
13
b1011 1
b110 !
b110 .
b110 /
05
1%
b1 *
b11010101001 )
b101110 &
b101110 +
#1706
0O
0K
0S
0C
0D
0T
0V
0L
1M
1E
0G
0<
1U
0W
0N
1P
1H
0>
1@
1=
1R
0J
1B
0:
0;
b10101 1
b0 0
b1111 !
b1111 .
b1111 /
04
07
15
0%
b10101 $
b10101 -
b10101 (
b0 *
b11010101010 )
b100110 &
b100110 +
#1707
1V
1S
1C
1"
0T
1L
0M
1E
1<
0U
1W
1N
0P
0H
1>
0@
08
0?
0=
0R
1J
0B
1:
03
0;
b1010 1
b1010 0
b101 !
b101 .
b101 /
04
07
15
1%
b1 *
b11010101011 )
b101111 &
b101111 +
#1708
1O
1S
1K
b1110 0
1D
1T
0V
1L
0M
0E
1G
1U
0W
0N
1P
1H
1R
0J
1B
b10110 1
b10000 !
b10000 .
b10000 /
05
0%
b10110 $
b10110 -
b10110 (
b0 *
b11010101100 )
b100101 &
b100101 +
#1709
0K
1?
1C
1;
0D
b1011 0
14
0T
1V
0M
0O
1E
0G
1<
0=
17
0U
1W
1N
0P
0H
0>
1@
18
0R
1J
0B
0:
13
b1001 1
b100 !
b100 .
b100 /
05
1%
b1 *
b11010101101 )
b110000 &
b110000 +
#1710
1O
1S
1K
1D
1T
0V
1L
0M
0E
1G
1U
0W
0N
1P
1H
1>
0@
0?
0=
1R
0J
1B
1:
0;
b10111 1
b1110 0
b10001 !
b10001 .
b10001 /
04
07
15
0%
b10111 $
b10111 -
b10111 (
b0 *
b11010101110 )
b100100 &
b100100 +
#1711
0C
0<
0K
0D
0T
1V
0M
0O
0E
0G
0?
0U
1W
1N
0P
0H
0>
1@
08
1=
0R
1J
0B
0:
03
0;
b1000 1
b1000 0
b11 !
b11 .
b11 /
04
07
15
1%
b1 *
b11010101111 )
b110001 &
b110001 +
#1712
1T
0V
1U
0W
1R
b11000 1
b10010 !
b10010 .
b10010 /
05
0%
b11000 $
b11000 -
b11000 (
b0 *
b11010110000 )
b100011 &
b100011 +
#1713
1O
1K
1"
1D
1G
1S
1C
1;
b1111 0
14
0T
1V
1L
0M
0E
1<
1=
17
0U
1W
0N
1P
1H
1>
0@
18
0R
0J
1B
1:
13
b111 1
b10 !
b10 .
b10 /
05
1%
b1 *
b11010110001 )
b110010 &
b110010 +
#1714
0K
0C
0D
1T
0V
0M
0O
0E
0G
0<
1U
0W
1N
0P
0H
0>
1@
1=
1R
1J
0B
0:
0;
b11001 1
b1000 0
b10011 !
b10011 .
b10011 /
04
07
15
0%
b11001 $
b11001 -
b11001 (
b0 *
b11010110010 )
b100010 &
b100010 +
#1715
1O
1K
1"
1D
1G
1S
1C
0T
1V
1L
0M
0E
1<
0U
1W
0N
1P
1H
1>
0@
08
0?
0=
0R
0J
1B
1:
03
0;
b110 1
b1110 0
b1 !
b1 .
b1 /
04
07
15
1%
b1 *
b11010110011 )
b110011 &
b110011 +
#1716
0K
b1010 0
0D
1T
0V
0M
0O
1E
0G
1U
0W
1N
0P
0H
1R
1J
0B
b11010 1
b10100 !
b10100 .
b10100 /
05
0%
b11010 $
b11010 -
b11010 (
b0 *
b11010110100 )
b100001 &
b100001 +
#1717
1O
1"
1K
1?
1S
1C
1;
1D
b1111 0
14
0T
1V
1L
0M
0E
1G
1<
0=
17
0U
1W
0N
1P
1H
0>
1@
18
0R
0J
1B
0:
13
b101 1
b0 !
b0 .
b0 /
05
1%
b1 *
b11010110101 )
b110100 &
b110100 +
#1718
0K
0D
1T
0V
0M
0O
1E
0G
1U
0W
1N
0P
0H
1>
0@
0?
0=
1R
1J
0B
1:
0;
b11011 1
b1010 0
b10101 !
b10101 .
b10101 /
04
07
15
0%
b11011 $
b11011 -
b11011 (
b0 *
b11010110110 )
b100000 &
b100000 +
#1719
0C
0"
0<
0O
0S
0K
0D
1T
0V
0L
1M
1E
0G
0?
0U
1W
0N
1P
1H
0>
1@
08
1=
0R
0J
1B
0:
03
0;
b100 1
b0 0
b11111 !
b11111 .
b11111 /
04
07
15
1%
b1 *
b11010110111 )
b110101 &
b110101 +
#1720
1S
b1000 0
1"
1T
1L
0M
1U
0W
1N
0P
1R
1J
b11100 1
b10110 !
b10110 .
b10110 /
05
0%
b11100 $
b11100 -
b11100 (
b0 *
b11010111000 )
b11111 &
b11111 +
#1721
0"
0S
1C
1;
b11 0
14
1T
0V
0L
1M
1E
1<
1=
17
0U
1W
0N
1P
0H
1>
0@
18
0R
0J
0B
1:
13
b11 1
b11110 !
b11110 .
b11110 /
05
1%
b1 *
b11010111001 )
b110110 &
b110110 +
#1722
0K
1S
0C
0D
1"
1T
1L
0M
1E
0G
0<
1U
0W
1N
0P
1H
0>
1@
1=
1R
1J
1B
0:
0;
b11101 1
b1000 0
b10111 !
b10111 .
b10111 /
04
07
15
0%
b11101 $
b11101 -
b11101 (
b0 *
b11010111010 )
b11110 &
b11110 +
#1723
0"
0S
1C
1T
0V
0L
1M
1E
1<
0U
1W
0N
1P
0H
1>
0@
08
0?
0=
0R
0J
0B
1:
03
0;
b10 1
b10 0
b11101 !
b11101 .
b11101 /
04
07
15
1%
b1 *
b11010111011 )
b110111 &
b110111 +
#1724
1S
1K
b1110 0
1D
1"
1T
1L
1M
0E
1G
1U
0W
1N
0P
1H
1R
1J
1B
b11110 1
b11000 !
b11000 .
b11000 /
05
0%
b11110 $
b11110 -
b11110 (
b0 *
b11010111100 )
b11101 &
b11101 +
#1725
0"
0S
0L
0K
1?
1C
1;
0D
b11 0
14
1T
0V
1M
0O
1E
0G
1<
0=
17
0U
1W
0N
1P
0H
0>
1@
18
0R
0J
0B
0:
13
b1 1
b11100 !
b11100 .
b11100 /
05
1%
b1 *
b11010111101 )
b111000 &
b111000 +
#1726
1S
1K
1D
1"
1T
1L
1M
0E
1G
1U
0W
1N
0P
1H
1>
0@
0?
0=
1R
1J
1B
1:
0;
b11111 1
b1110 0
b11001 !
b11001 .
b11001 /
04
07
15
0%
b11111 $
b11111 -
b11111 (
b0 *
b11010111110 )
b11100 &
b11100 +
#1727
0"
0S
0C
0L
0<
0K
0D
1T
0V
1M
0O
0E
0G
0?
0U
1W
0N
1P
0H
0>
1@
08
1=
0R
0J
0B
0:
03
0;
b0 1
b0 0
b11011 !
b11011 .
b11011 /
04
07
15
1%
b1 *
b11010111111 )
b111001 &
b111001 +
#1728
b11011 !
b11011 .
b11011 /
18
15
12
0%
b0 $
b0 -
b11011 #
b11011 ,
b11011 '
b0 (
b0 *
b11011000000 )
b11011 &
b11011 +
#1729
1K
1D
1G
1S
1C
1"
1T
1L
1M
0E
1<
1U
0W
1N
0P
1H
1>
0@
16
08
0?
1=
1R
1J
1B
1:
13
1;
b11111 1
b1111 0
b11011 !
b11011 .
b11011 /
14
07
15
1%
b1 *
b11011000001 )
#1730
0"
0S
0L
0K
b11 0
0D
1T
0V
1M
0O
1E
0G
0=
1?
0U
1W
0N
1P
0H
0>
1@
0R
0J
0B
0:
b1 1
b11100 !
b11100 .
b11100 /
05
0%
b1 $
b1 -
b1 (
b0 *
b11011000010 )
b111011 &
b111011 +
#1731
1S
1K
b1111 0
1D
1"
1T
1L
1M
0E
1G
1=
0?
17
1U
0W
1N
0P
1H
1>
0@
06
18
1R
1J
1B
1:
03
b11110 1
b11010 !
b11010 .
b11010 /
05
1%
b1 *
b11011000011 )
b11100 &
b11100 +
#1732
0"
0S
0L
0K
0D
1T
0V
1M
0O
1E
0G
0U
1W
0N
1P
0H
0=
0R
0J
0B
0;
b10 1
b10 0
b11101 !
b11101 .
b11101 /
04
07
15
0%
b10 $
b10 -
b10 (
b0 *
b11011000100 )
b111010 &
b111010 +
#1733
1S
1K
1D
1"
1T
1L
1M
0E
1G
1?
1U
0W
1N
0P
1H
0>
1@
16
08
0=
1R
1J
1B
0:
13
1;
b11101 1
b1111 0
b11001 !
b11001 .
b11001 /
14
07
15
1%
b1 *
b11011000101 )
b11101 &
b11101 +
#1734
0"
0S
0L
0K
b11 0
0D
1T
0V
1M
0O
1E
0G
1=
0?
0U
1W
0N
1P
0H
1>
0@
0R
0J
0B
1:
b11 1
b11110 !
b11110 .
b11110 /
05
0%
b11 $
b11 -
b11 (
b0 *
b11011000110 )
b111001 &
b111001 +
#1735
1S
1K
b1111 0
1D
1"
1T
1L
1M
0E
1G
0=
1?
17
1U
0W
1N
0P
1H
0>
1@
06
18
1R
1J
1B
0:
03
b11100 1
b11000 !
b11000 .
b11000 /
05
1%
b1 *
b11011000111 )
b11110 &
b11110 +
#1736
0"
0S
0L
0K
0D
0G
1E
0C
1T
0V
1M
0O
0<
0U
1W
0N
1P
0?
1=
0R
0J
0;
b100 1
b0 0
b11111 !
b11111 .
b11111 /
04
07
15
0%
b100 $
b100 -
b100 (
b0 *
b11011001000 )
b111000 &
b111000 +
#1737
1S
1C
1"
1T
1L
0M
1E
1<
1U
0W
1N
0P
0H
1>
0@
16
08
0?
1=
1R
1J
0B
1:
13
1;
b11011 1
b1011 0
b10111 !
b10111 .
b10111 /
14
07
15
1%
b1 *
b11011001001 )
b11111 &
b11111 +
#1738
1"
1O
1S
1K
b1111 0
1D
0T
1V
1L
0M
0E
1G
0=
1?
0U
1W
0N
1P
1H
0>
1@
0R
0J
1B
0:
b101 1
b0 !
b0 .
b0 /
05
0%
b101 $
b101 -
b101 (
b0 *
b11011001010 )
b110111 &
b110111 +
#1739
0K
b1011 0
0D
1T
0V
0M
0O
1E
0G
1=
0?
17
1U
0W
1N
0P
0H
1>
0@
06
18
1R
1J
0B
1:
03
b11010 1
b10110 !
b10110 .
b10110 /
05
1%
b1 *
b11011001011 )
b100000 &
b100000 +
#1740
1"
1O
1S
1K
1D
0T
1V
1L
0M
0E
1G
0U
1W
0N
1P
1H
0=
0R
0J
1B
0;
b110 1
b1110 0
b1 !
b1 .
b1 /
04
07
15
0%
b110 $
b110 -
b110 (
b0 *
b11011001100 )
b110110 &
b110110 +
#1741
0K
0D
1T
0V
0M
0O
1E
0G
1?
1U
0W
1N
0P
0H
0>
1@
16
08
0=
1R
1J
0B
0:
13
1;
b11001 1
b1011 0
b10101 !
b10101 .
b10101 /
14
07
15
1%
b1 *
b11011001101 )
b100001 &
b100001 +
#1742
1"
1O
1S
1K
b1111 0
1D
0T
1V
1L
0M
0E
1G
1=
0?
0U
1W
0N
1P
1H
1>
0@
0R
0J
1B
1:
b111 1
b10 !
b10 .
b10 /
05
0%
b111 $
b111 -
b111 (
b0 *
b11011001110 )
b110101 &
b110101 +
#1743
0K
b1011 0
0D
1T
0V
0M
0O
1E
0G
0=
1?
17
1U
0W
1N
0P
0H
0>
1@
06
18
1R
1J
0B
0:
03
b11000 1
b10100 !
b10100 .
b10100 /
05
1%
b1 *
b11011001111 )
b100010 &
b100010 +
#1744
0E
0C
0T
1V
0<
0U
1W
0?
1=
0R
0;
b1000 1
b1000 0
b11 !
b11 .
b11 /
04
07
15
0%
b1000 $
b1000 -
b1000 (
b0 *
b11011010000 )
b110100 &
b110100 +
#1745
1O
1K
1D
1G
1S
1C
1T
0V
1L
0M
0E
1<
1U
0W
0N
1P
1H
1>
0@
16
08
0?
1=
1R
0J
1B
1:
13
1;
b10111 1
b1111 0
b10011 !
b10011 .
b10011 /
14
07
15
1%
b1 *
b11011010001 )
b100011 &
b100011 +
#1746
0K
b1011 0
0D
0T
1V
0M
0O
1E
0G
0=
1?
0U
1W
1N
0P
0H
0>
1@
0R
1J
0B
0:
b1001 1
b100 !
b100 .
b100 /
05
0%
b1001 $
b1001 -
b1001 (
b0 *
b11011010010 )
b110011 &
b110011 +
#1747
1O
1S
1K
b1111 0
1D
1T
0V
1L
0M
0E
1G
1=
0?
17
1U
0W
0N
1P
1H
1>
0@
06
18
1R
0J
1B
1:
03
b10110 1
b10010 !
b10010 .
b10010 /
05
1%
b1 *
b11011010011 )
b100100 &
b100100 +
#1748
0K
0D
0T
1V
0M
0O
1E
0G
0U
1W
1N
0P
0H
0=
0R
1J
0B
0;
b1010 1
b1010 0
b101 !
b101 .
b101 /
04
07
15
0%
b1010 $
b1010 -
b1010 (
b0 *
b11011010100 )
b110010 &
b110010 +
#1749
1O
1S
1K
1D
1T
0V
1L
0M
0E
1G
1?
1U
0W
0N
1P
1H
0>
1@
16
08
0=
1R
0J
1B
0:
13
1;
b10101 1
b1111 0
b10001 !
b10001 .
b10001 /
14
07
15
1%
b1 *
b11011010101 )
b100101 &
b100101 +
#1750
0K
b1011 0
0D
0T
1V
0M
0O
1E
0G
1=
0?
0U
1W
1N
0P
0H
1>
0@
0R
1J
0B
1:
b1011 1
b110 !
b110 .
b110 /
05
0%
b1011 $
b1011 -
b1011 (
b0 *
b11011010110 )
b110001 &
b110001 +
#1751
1O
1S
1K
b1111 0
1D
1T
0V
1L
0M
0E
1G
0=
1?
17
1U
0W
0N
1P
1H
0>
1@
06
18
1R
0J
1B
0:
03
b10100 1
b10000 !
b10000 .
b10000 /
05
1%
b1 *
b11011010111 )
b100110 &
b100110 +
#1752
0K
0D
0G
1E
0C
0T
1V
0M
0O
0<
0U
1W
1N
0P
0?
1=
0R
1J
0;
b1100 1
b1000 0
b111 !
b111 .
b111 /
04
07
15
0%
b1100 $
b1100 -
b1100 (
b0 *
b11011011000 )
b110000 &
b110000 +
#1753
0S
1C
0T
0V
0L
1M
1E
1<
1U
0W
0N
1P
0H
1>
0@
16
08
0?
1=
1R
0J
0B
1:
13
1;
b10011 1
b11 0
b1111 !
b1111 .
b1111 /
14
07
15
1%
b1 *
b11011011001 )
b100111 &
b100111 +
#1754
1V
1S
1K
b1111 0
1D
1"
0T
1L
1M
0E
1G
0=
1?
0U
1W
1N
0P
1H
0>
1@
0R
1J
1B
0:
b1101 1
b1000 !
b1000 .
b1000 /
05
0%
b1101 $
b1101 -
b1101 (
b0 *
b11011011010 )
b101111 &
b101111 +
#1755
0S
0L
0K
b11 0
0D
0T
0V
1M
0O
1E
0G
1=
0?
17
1U
0W
0N
1P
0H
1>
0@
06
18
1R
0J
0B
1:
03
b10010 1
b1110 !
b1110 .
b1110 /
05
1%
b1 *
b11011011011 )
b101000 &
b101000 +
#1756
1V
1S
1K
1D
1"
0T
1L
1M
0E
1G
0U
1W
1N
0P
1H
0=
0R
1J
1B
0;
b1110 1
b1110 0
b1001 !
b1001 .
b1001 /
04
07
15
0%
b1110 $
b1110 -
b1110 (
b0 *
b11011011100 )
b101110 &
b101110 +
#1757
0S
0L
0K
0D
0T
0V
1M
0O
1E
0G
1?
1U
0W
0N
1P
0H
0>
1@
16
08
0=
1R
0J
0B
0:
13
1;
b10001 1
b11 0
b1101 !
b1101 .
b1101 /
14
07
15
1%
b1 *
b11011011101 )
b101001 &
b101001 +
#1758
1V
1S
1K
b1111 0
1D
1"
0T
1L
1M
0E
1G
1=
0?
0U
1W
1N
0P
1H
1>
0@
0R
1J
1B
1:
b1111 1
b1010 !
b1010 .
b1010 /
05
0%
b1111 $
b1111 -
b1111 (
b0 *
b11011011110 )
b101101 &
b101101 +
#1759
0S
0L
0K
b11 0
0D
0T
0V
1M
0O
1E
0G
0=
1?
17
1U
0W
0N
1P
0H
0>
1@
06
18
1R
0J
0B
0:
03
b10000 1
b1100 !
b1100 .
b1100 /
05
1%
b1 *
b11011011111 )
b101010 &
b101010 +
#1760
0E
0C
0<
0?
1=
0;
b0 0
b1011 !
b1011 .
b1011 /
04
07
15
0%
b10000 $
b10000 -
b10000 (
b0 *
b11011100000 )
b101100 &
b101100 +
#1761
1K
1D
1V
1G
1S
1C
1"
0T
1L
1M
0E
1<
0U
1W
1N
0P
1H
1>
0@
16
08
0?
1=
0R
1J
1B
1:
13
1;
b1111 1
b1111 0
b1011 !
b1011 .
b1011 /
14
07
15
1%
b1 *
b11011100001 )
b101011 &
b101011 +
#1762
0S
0L
0K
b11 0
0D
0T
0V
1M
0O
1E
0G
0=
1?
1U
0W
0N
1P
0H
0>
1@
1R
0J
0B
0:
b10001 1
b1100 !
b1100 .
b1100 /
05
0%
b10001 $
b10001 -
b10001 (
b0 *
b11011100010 )
#1763
1V
1S
1K
b1111 0
1D
1"
0T
1L
1M
0E
1G
1=
0?
17
0U
1W
1N
0P
1H
1>
0@
06
18
0R
1J
1B
1:
03
b1110 1
b1010 !
b1010 .
b1010 /
05
1%
b1 *
b11011100011 )
b101100 &
b101100 +
#1764
0S
0L
0K
0D
0T
0V
1M
0O
1E
0G
1U
0W
0N
1P
0H
0=
1R
0J
0B
0;
b10010 1
b10 0
b1101 !
b1101 .
b1101 /
04
07
15
0%
b10010 $
b10010 -
b10010 (
b0 *
b11011100100 )
b101010 &
b101010 +
#1765
1V
1S
1K
1D
1"
0T
1L
1M
0E
1G
1?
0U
1W
1N
0P
1H
0>
1@
16
08
0=
0R
1J
1B
0:
13
1;
b1101 1
b1111 0
b1001 !
b1001 .
b1001 /
14
07
15
1%
b1 *
b11011100101 )
b101101 &
b101101 +
#1766
0S
0L
0K
b11 0
0D
0T
0V
1M
0O
1E
0G
1=
0?
1U
0W
0N
1P
0H
1>
0@
1R
0J
0B
1:
b10011 1
b1110 !
b1110 .
b1110 /
05
0%
b10011 $
b10011 -
b10011 (
b0 *
b11011100110 )
b101001 &
b101001 +
#1767
1V
1S
1K
b1111 0
1D
1"
0T
1L
1M
0E
1G
0=
1?
17
0U
1W
1N
0P
1H
0>
1@
06
18
0R
1J
1B
0:
03
b1100 1
b1000 !
b1000 .
b1000 /
05
1%
b1 *
b11011100111 )
b101110 &
b101110 +
#1768
0S
0L
0K
0D
0G
1E
0C
0T
0V
1M
0O
0<
1U
0W
0N
1P
0?
1=
1R
0J
0;
b10100 1
b0 0
b1111 !
b1111 .
b1111 /
04
07
15
0%
b10100 $
b10100 -
b10100 (
b0 *
b11011101000 )
b101000 &
b101000 +
#1769
1V
1S
1C
1"
0T
1L
0M
1E
1<
0U
1W
1N
0P
0H
1>
0@
16
08
0?
1=
0R
1J
0B
1:
13
1;
b1011 1
b1011 0
b111 !
b111 .
b111 /
14
07
15
1%
b1 *
b11011101001 )
b101111 &
b101111 +
#1770
1O
1S
1K
b1111 0
1D
1T
0V
1L
0M
0E
1G
0=
1?
1U
0W
0N
1P
1H
0>
1@
1R
0J
1B
0:
b10101 1
b10000 !
b10000 .
b10000 /
05
0%
b10101 $
b10101 -
b10101 (
b0 *
b11011101010 )
b100111 &
b100111 +
#1771
0K
b1011 0
0D
0T
1V
0M
0O
1E
0G
1=
0?
17
0U
1W
1N
0P
0H
1>
0@
06
18
0R
1J
0B
1:
03
b1010 1
b110 !
b110 .
b110 /
05
1%
b1 *
b11011101011 )
b110000 &
b110000 +
#1772
1O
1S
1K
1D
1T
0V
1L
0M
0E
1G
1U
0W
0N
1P
1H
0=
1R
0J
1B
0;
b10110 1
b1110 0
b10001 !
b10001 .
b10001 /
04
07
15
0%
b10110 $
b10110 -
b10110 (
b0 *
b11011101100 )
b100110 &
b100110 +
#1773
0K
0D
0T
1V
0M
0O
1E
0G
1?
0U
1W
1N
0P
0H
0>
1@
16
08
0=
0R
1J
0B
0:
13
1;
b1001 1
b1011 0
b101 !
b101 .
b101 /
14
07
15
1%
b1 *
b11011101101 )
b110001 &
b110001 +
#1774
1O
1S
1K
b1111 0
1D
1T
0V
1L
0M
0E
1G
1=
0?
1U
0W
0N
1P
1H
1>
0@
1R
0J
1B
1:
b10111 1
b10010 !
b10010 .
b10010 /
05
0%
b10111 $
b10111 -
b10111 (
b0 *
b11011101110 )
b100101 &
b100101 +
#1775
0K
b1011 0
0D
0T
1V
0M
0O
1E
0G
0=
1?
17
0U
1W
1N
0P
0H
0>
1@
06
18
0R
1J
0B
0:
03
b1000 1
b100 !
b100 .
b100 /
05
1%
b1 *
b11011101111 )
b110010 &
b110010 +
#1776
0E
0C
1T
0V
0<
1U
0W
0?
1=
1R
0;
b11000 1
b1000 0
b10011 !
b10011 .
b10011 /
04
07
15
0%
b11000 $
b11000 -
b11000 (
b0 *
b11011110000 )
b100100 &
b100100 +
#1777
1O
1K
1"
1D
1G
1S
1C
0T
1V
1L
0M
0E
1<
0U
1W
0N
1P
1H
1>
0@
16
08
0?
1=
0R
0J
1B
1:
13
1;
b111 1
b1111 0
b11 !
b11 .
b11 /
14
07
15
1%
b1 *
b11011110001 )
b110011 &
b110011 +
#1778
0K
b1011 0
0D
1T
0V
0M
0O
1E
0G
0=
1?
1U
0W
1N
0P
0H
0>
1@
1R
1J
0B
0:
b11001 1
b10100 !
b10100 .
b10100 /
05
0%
b11001 $
b11001 -
b11001 (
b0 *
b11011110010 )
b100011 &
b100011 +
#1779
1"
1O
1S
1K
b1111 0
1D
0T
1V
1L
0M
0E
1G
1=
0?
17
0U
1W
0N
1P
1H
1>
0@
06
18
0R
0J
1B
1:
03
b110 1
b10 !
b10 .
b10 /
05
1%
b1 *
b11011110011 )
b110100 &
b110100 +
#1780
0K
0D
1T
0V
0M
0O
1E
0G
1U
0W
1N
0P
0H
0=
1R
1J
0B
0;
b11010 1
b1010 0
b10101 !
b10101 .
b10101 /
04
07
15
0%
b11010 $
b11010 -
b11010 (
b0 *
b11011110100 )
b100010 &
b100010 +
#1781
1"
1O
1S
1K
1D
0T
1V
1L
0M
0E
1G
1?
0U
1W
0N
1P
1H
0>
1@
16
08
0=
0R
0J
1B
0:
13
1;
b101 1
b1111 0
b1 !
b1 .
b1 /
14
07
15
1%
b1 *
b11011110101 )
b110101 &
b110101 +
#1782
0K
b1011 0
0D
1T
0V
0M
0O
1E
0G
1=
0?
1U
0W
1N
0P
0H
1>
0@
1R
1J
0B
1:
b11011 1
b10110 !
b10110 .
b10110 /
05
0%
b11011 $
b11011 -
b11011 (
b0 *
b11011110110 )
b100001 &
b100001 +
#1783
1"
1O
1S
1K
b1111 0
1D
0T
1V
1L
0M
0E
1G
0=
1?
17
0U
1W
0N
1P
1H
0>
1@
06
18
0R
0J
1B
0:
03
b100 1
b0 !
b0 .
b0 /
05
1%
b1 *
b11011110111 )
b110110 &
b110110 +
#1784
0K
0D
0G
1E
0C
1T
0V
0M
0O
0<
1U
0W
1N
0P
0?
1=
1R
1J
0;
b11100 1
b1000 0
b10111 !
b10111 .
b10111 /
04
07
15
0%
b11100 $
b11100 -
b11100 (
b0 *
b11011111000 )
b100000 &
b100000 +
#1785
0"
0S
1C
1T
0V
0L
1M
1E
1<
0U
1W
0N
1P
0H
1>
0@
16
08
0?
1=
0R
0J
0B
1:
13
1;
b11 1
b11 0
b11111 !
b11111 .
b11111 /
14
07
15
1%
b1 *
b11011111001 )
b110111 &
b110111 +
#1786
1S
1K
b1111 0
1D
1"
1T
1L
1M
0E
1G
0=
1?
1U
0W
1N
0P
1H
0>
1@
1R
1J
1B
0:
b11101 1
b11000 !
b11000 .
b11000 /
05
0%
b11101 $
b11101 -
b11101 (
b0 *
b11011111010 )
b11111 &
b11111 +
#1787
0"
0S
0L
0K
b11 0
0D
1T
0V
1M
0O
1E
0G
1=
0?
17
0U
1W
0N
1P
0H
1>
0@
06
18
0R
0J
0B
1:
03
b10 1
b11110 !
b11110 .
b11110 /
05
1%
b1 *
b11011111011 )
b111000 &
b111000 +
#1788
1S
1K
1D
1"
1T
1L
1M
0E
1G
1U
0W
1N
0P
1H
0=
1R
1J
1B
0;
b11110 1
b1110 0
b11001 !
b11001 .
b11001 /
04
07
15
0%
b11110 $
b11110 -
b11110 (
b0 *
b11011111100 )
b11110 &
b11110 +
#1789
0"
0S
0L
0K
0D
1T
0V
1M
0O
1E
0G
1?
0U
1W
0N
1P
0H
0>
1@
16
08
0=
0R
0J
0B
0:
13
1;
b1 1
b11 0
b11101 !
b11101 .
b11101 /
14
07
15
1%
b1 *
b11011111101 )
b111001 &
b111001 +
#1790
1S
1K
b1111 0
1D
1"
1T
1L
1M
0E
1G
1=
0?
1U
0W
1N
0P
1H
1>
0@
1R
1J
1B
1:
b11111 1
b11010 !
b11010 .
b11010 /
05
0%
b11111 $
b11111 -
b11111 (
b0 *
b11011111110 )
b11101 &
b11101 +
#1791
0"
0S
0L
0K
b11 0
0D
1T
0V
1M
0O
1E
0G
0=
1?
17
0U
1W
0N
1P
0H
0>
1@
06
18
0R
0J
0B
0:
03
b0 1
b11100 !
b11100 .
b11100 /
05
1%
b1 *
b11011111111 )
b111010 &
b111010 +
#1792
0"
0V
1T
0S
0L
0O
1M
0K
0C
0;
0<
0D
b0 0
b11100 !
b11100 .
b11100 /
0=
0?
1E
0G
04
08
0@
1H
07
05
02
09
1A
0%
b0 $
b0 -
b11100 #
b11100 ,
b11100 '
b0 (
b0 *
b11100000000 )
b11100 &
b11100 +
#1793
1C
1<
1?
1S
1K
1;
b1111 0
14
1"
1T
1L
1M
1D
1E
0=
17
1U
0W
1N
0P
1F
0H
1@
18
1R
1J
1B
1:
13
b11111 1
b11100 !
b11100 .
b11100 /
05
1%
b1 *
b11100000001 )
#1794
0"
0S
0L
0K
0D
0C
1T
0V
1M
0O
1E
0G
0<
0U
1W
0N
1P
0F
1H
0@
0?
0=
0R
0J
0B
0:
0;
b1 1
b0 0
b11101 !
b11101 .
b11101 /
04
07
15
0%
b1 $
b1 -
b1 (
b0 *
b11100000010 )
b111100 &
b111100 +
#1795
1S
1K
0C
0<
1"
1T
1L
1M
1D
0E
0?
1U
0W
1N
0P
1F
0H
1@
08
1=
1R
1J
1B
1:
03
0;
b11110 1
b1100 0
b11011 !
b11011 .
b11011 /
04
07
15
1%
b1 *
b11100000011 )
b11101 &
b11101 +
#1796
0"
0S
0L
0K
b0 0
1T
0V
1M
0O
0D
1E
0U
1W
0N
1P
0F
1H
0R
0J
0B
b10 1
b11110 !
b11110 .
b11110 /
05
0%
b10 $
b10 -
b10 (
b0 *
b11100000100 )
b111011 &
b111011 +
#1797
1S
1K
1;
b1101 0
14
1"
1T
1L
1M
1D
0E
1=
17
1U
0W
1N
0P
1F
0H
0@
18
1R
1J
1B
0:
13
b11101 1
b11010 !
b11010 .
b11010 /
05
1%
b1 *
b11100000101 )
b11110 &
b11110 +
#1798
0"
0S
0L
0K
1T
0V
1M
0O
0D
1E
0U
1W
0N
1P
0F
1H
1@
1=
0R
0J
0B
1:
0;
b11 1
b0 0
b11111 !
b11111 .
b11111 /
04
07
15
0%
b11 $
b11 -
b11 (
b0 *
b11100000110 )
b111010 &
b111010 +
#1799
1S
1K
0C
1"
1T
1L
1M
1D
0E
0<
1U
0W
1N
0P
1F
0H
0@
08
0?
0=
1R
1J
1B
0:
03
0;
b11100 1
b1100 0
b11001 !
b11001 .
b11001 /
04
07
15
1%
b1 *
b11100000111 )
b11111 &
b11111 +
#1800
0T
1V
0M
1O
0U
1W
0N
1P
0R
0J
b100 1
b0 !
b0 .
b0 /
05
0%
b100 $
b100 -
b100 (
b0 *
b11100001000 )
b111001 &
b111001 +
#1801
1G
1C
1<
1?
1K
1;
b1111 0
14
1T
0V
1M
0O
1D
0E
0=
17
1U
0W
1N
0P
0F
1H
1@
18
1R
1J
0B
1:
13
b11011 1
b11000 !
b11000 .
b11000 /
05
1%
b1 *
b11100001001 )
b100000 &
b100000 +
#1802
0C
0T
1V
0M
1O
0E
0G
0<
0U
1W
0N
1P
1F
0H
0@
0?
0=
0R
0J
1B
0:
0;
b101 1
b1100 0
b1 !
b1 .
b1 /
04
07
15
0%
b101 $
b101 -
b101 (
b0 *
b11100001010 )
b111000 &
b111000 +
#1803
0G
0K
0C
0<
1T
0V
0M
0O
0D
1E
0?
1U
0W
1N
0P
0F
1H
1@
08
1=
1R
1J
0B
1:
03
0;
b11010 1
b1000 0
b10111 !
b10111 .
b10111 /
04
07
15
1%
b1 *
b11100001011 )
b100001 &
b100001 +
#1804
1"
1O
1S
1K
b1100 0
0T
1V
1L
0M
1D
0E
0U
1W
0N
1P
1F
0H
0R
0J
1B
b110 1
b10 !
b10 .
b10 /
05
0%
b110 $
b110 -
b110 (
b0 *
b11100001100 )
b110111 &
b110111 +
#1805
0K
1;
b1001 0
14
1T
0V
0M
0O
0D
1E
1=
17
1U
0W
1N
0P
0F
1H
0@
18
1R
1J
0B
0:
13
b11001 1
b10110 !
b10110 .
b10110 /
05
1%
b1 *
b11100001101 )
b100010 &
b100010 +
#1806
1"
1O
1S
1K
0T
1V
1L
0M
1D
0E
0U
1W
0N
1P
1F
0H
1@
1=
0R
0J
1B
1:
0;
b111 1
b1100 0
b11 !
b11 .
b11 /
04
07
15
0%
b111 $
b111 -
b111 (
b0 *
b11100001110 )
b110110 &
b110110 +
#1807
0G
0K
0C
1T
0V
0M
0O
0D
1E
0<
1U
0W
1N
0P
0F
1H
0@
08
0?
0=
1R
1J
0B
0:
03
0;
b11000 1
b1000 0
b10101 !
b10101 .
b10101 /
04
07
15
1%
b1 *
b11100001111 )
b100011 &
b100011 +
#1808
0T
1V
0U
1W
0R
b1000 1
b100 !
b100 .
b100 /
05
0%
b1000 $
b1000 -
b1000 (
b0 *
b11100010000 )
b110101 &
b110101 +
#1809
1C
1<
1O
1?
1S
1K
1;
b1111 0
14
1T
0V
1L
0M
1D
1E
0=
17
1U
0W
0N
1P
1F
0H
1@
18
1R
0J
1B
1:
13
b10111 1
b10100 !
b10100 .
b10100 /
05
1%
b1 *
b11100010001 )
b100100 &
b100100 +
#1810
0K
0D
0C
0T
1V
0M
0O
1E
0G
0<
0U
1W
1N
0P
0F
1H
0@
0?
0=
0R
1J
0B
0:
0;
b1001 1
b1000 0
b101 !
b101 .
b101 /
04
07
15
0%
b1001 $
b1001 -
b1001 (
b0 *
b11100010010 )
b110100 &
b110100 +
#1811
1O
1S
1K
0C
0<
1T
0V
1L
0M
1D
0E
0?
1U
0W
0N
1P
1F
0H
1@
08
1=
1R
0J
1B
1:
03
0;
b10110 1
b1100 0
b10011 !
b10011 .
b10011 /
04
07
15
1%
b1 *
b11100010011 )
b100101 &
b100101 +
#1812
0K
b1000 0
0T
1V
0M
0O
0D
1E
0U
1W
1N
0P
0F
1H
0R
1J
0B
b1010 1
b110 !
b110 .
b110 /
05
0%
b1010 $
b1010 -
b1010 (
b0 *
b11100010100 )
b110011 &
b110011 +
#1813
1O
1S
1K
1;
b1101 0
14
1T
0V
1L
0M
1D
0E
1=
17
1U
0W
0N
1P
1F
0H
0@
18
1R
0J
1B
0:
13
b10101 1
b10010 !
b10010 .
b10010 /
05
1%
b1 *
b11100010101 )
b100110 &
b100110 +
#1814
0K
0T
1V
0M
0O
0D
1E
0U
1W
1N
0P
0F
1H
1@
1=
0R
1J
0B
1:
0;
b1011 1
b1000 0
b111 !
b111 .
b111 /
04
07
15
0%
b1011 $
b1011 -
b1011 (
b0 *
b11100010110 )
b110010 &
b110010 +
#1815
1O
1S
1K
0C
1T
0V
1L
0M
1D
0E
0<
1U
0W
0N
1P
1F
0H
0@
08
0?
0=
1R
0J
1B
0:
03
0;
b10100 1
b1100 0
b10001 !
b10001 .
b10001 /
04
07
15
1%
b1 *
b11100010111 )
b100111 &
b100111 +
#1816
0T
1V
1M
0O
0U
1W
1N
0P
0R
1J
b1100 1
b1000 !
b1000 .
b1000 /
05
0%
b1100 $
b1100 -
b1100 (
b0 *
b11100011000 )
b110001 &
b110001 +
#1817
1G
1S
1C
1L
1<
1?
1K
1;
b1111 0
14
1T
0V
0M
1O
1D
0E
0=
17
1U
0W
0N
1P
0F
1H
1@
18
1R
0J
0B
1:
13
b10011 1
b10000 !
b10000 .
b10000 /
05
1%
b1 *
b11100011001 )
b101000 &
b101000 +
#1818
0C
0T
1V
1M
0O
0E
0G
0<
0U
1W
1N
0P
1F
0H
0@
0?
0=
0R
1J
1B
0:
0;
b1101 1
b1100 0
b1001 !
b1001 .
b1001 /
04
07
15
0%
b1101 $
b1101 -
b1101 (
b0 *
b11100011010 )
b110000 &
b110000 +
#1819
0S
0L
0G
0K
0C
0<
0T
0V
1M
0O
0D
1E
0?
1U
0W
0N
1P
0F
1H
1@
08
1=
1R
0J
0B
1:
03
0;
b10010 1
b0 0
b1111 !
b1111 .
b1111 /
04
07
15
1%
b1 *
b11100011011 )
b101001 &
b101001 +
#1820
1V
1S
1K
b1100 0
1"
0T
1L
1M
1D
0E
0U
1W
1N
0P
1F
0H
0R
1J
1B
b1110 1
b1010 !
b1010 .
b1010 /
05
0%
b1110 $
b1110 -
b1110 (
b0 *
b11100011100 )
b101111 &
b101111 +
#1821
0S
0L
0K
1;
b1 0
14
0T
0V
1M
0O
0D
1E
1=
17
1U
0W
0N
1P
0F
1H
0@
18
1R
0J
0B
0:
13
b10001 1
b1110 !
b1110 .
b1110 /
05
1%
b1 *
b11100011101 )
b101010 &
b101010 +
#1822
1V
1S
1K
1"
0T
1L
1M
1D
0E
0U
1W
1N
0P
1F
0H
1@
1=
0R
1J
1B
1:
0;
b1111 1
b1100 0
b1011 !
b1011 .
b1011 /
04
07
15
0%
b1111 $
b1111 -
b1111 (
b0 *
b11100011110 )
b101110 &
b101110 +
#1823
0S
0L
0G
0K
0C
0T
0V
1M
0O
0D
1E
0<
1U
0W
0N
1P
0F
1H
0@
08
0?
0=
1R
0J
0B
0:
03
0;
b10000 1
b0 0
b1101 !
b1101 .
b1101 /
04
07
15
1%
b1 *
b11100011111 )
b101011 &
b101011 +
#1824
b1100 !
b1100 .
b1100 /
05
0%
b10000 $
b10000 -
b10000 (
b0 *
b11100100000 )
b101101 &
b101101 +
#1825
1C
1<
1V
1?
1S
1K
1;
b1111 0
14
1"
0T
1L
1M
1D
1E
0=
17
0U
1W
1N
0P
1F
0H
1@
18
0R
1J
1B
1:
13
b1111 1
b1100 !
b1100 .
b1100 /
05
1%
b1 *
b11100100001 )
b101100 &
b101100 +
#1826
0S
0L
0K
0D
0C
0T
0V
1M
0O
1E
0G
0<
1U
0W
0N
1P
0F
1H
0@
0?
0=
1R
0J
0B
0:
0;
b10001 1
b0 0
b1101 !
b1101 .
b1101 /
04
07
15
0%
b10001 $
b10001 -
b10001 (
b0 *
b11100100010 )
#1827
1V
1S
1K
0C
0<
1"
0T
1L
1M
1D
0E
0?
0U
1W
1N
0P
1F
0H
1@
08
1=
0R
1J
1B
1:
03
0;
b1110 1
b1100 0
b1011 !
b1011 .
b1011 /
04
07
15
1%
b1 *
b11100100011 )
b101101 &
b101101 +
#1828
0S
0L
0K
b0 0
0T
0V
1M
0O
0D
1E
1U
0W
0N
1P
0F
1H
1R
0J
0B
b10010 1
b1110 !
b1110 .
b1110 /
05
0%
b10010 $
b10010 -
b10010 (
b0 *
b11100100100 )
b101011 &
b101011 +
#1829
1V
1S
1K
1;
b1101 0
14
1"
0T
1L
1M
1D
0E
1=
17
0U
1W
1N
0P
1F
0H
0@
18
0R
1J
1B
0:
13
b1101 1
b1010 !
b1010 .
b1010 /
05
1%
b1 *
b11100100101 )
b101110 &
b101110 +
#1830
0S
0L
0K
0T
0V
1M
0O
0D
1E
1U
0W
0N
1P
0F
1H
1@
1=
1R
0J
0B
1:
0;
b10011 1
b0 0
b1111 !
b1111 .
b1111 /
04
07
15
0%
b10011 $
b10011 -
b10011 (
b0 *
b11100100110 )
b101010 &
b101010 +
#1831
1V
1S
1K
0C
1"
0T
1L
1M
1D
0E
0<
0U
1W
1N
0P
1F
0H
0@
08
0?
0=
0R
1J
1B
0:
03
0;
b1100 1
b1100 0
b1001 !
b1001 .
b1001 /
04
07
15
1%
b1 *
b11100100111 )
b101111 &
b101111 +
#1832
1T
0V
0M
1O
1U
0W
0N
1P
1R
0J
b10100 1
b10000 !
b10000 .
b10000 /
05
0%
b10100 $
b10100 -
b10100 (
b0 *
b11100101000 )
b101001 &
b101001 +
#1833
1G
1C
1<
1?
1K
1;
b1111 0
14
0T
1V
1M
0O
1D
0E
0=
17
0U
1W
1N
0P
0F
1H
1@
18
0R
1J
0B
1:
13
b1011 1
b1000 !
b1000 .
b1000 /
05
1%
b1 *
b11100101001 )
b110000 &
b110000 +
#1834
0C
1T
0V
0M
1O
0E
0G
0<
1U
0W
0N
1P
1F
0H
0@
0?
0=
1R
0J
1B
0:
0;
b10101 1
b1100 0
b10001 !
b10001 .
b10001 /
04
07
15
0%
b10101 $
b10101 -
b10101 (
b0 *
b11100101010 )
b101000 &
b101000 +
#1835
0G
0K
0C
0<
0T
1V
0M
0O
0D
1E
0?
0U
1W
1N
0P
0F
1H
1@
08
1=
0R
1J
0B
1:
03
0;
b1010 1
b1000 0
b111 !
b111 .
b111 /
04
07
15
1%
b1 *
b11100101011 )
b110001 &
b110001 +
#1836
1O
1S
1K
b1100 0
1T
0V
1L
0M
1D
0E
1U
0W
0N
1P
1F
0H
1R
0J
1B
b10110 1
b10010 !
b10010 .
b10010 /
05
0%
b10110 $
b10110 -
b10110 (
b0 *
b11100101100 )
b100111 &
b100111 +
#1837
0K
1;
b1001 0
14
0T
1V
0M
0O
0D
1E
1=
17
0U
1W
1N
0P
0F
1H
0@
18
0R
1J
0B
0:
13
b1001 1
b110 !
b110 .
b110 /
05
1%
b1 *
b11100101101 )
b110010 &
b110010 +
#1838
1O
1S
1K
1T
0V
1L
0M
1D
0E
1U
0W
0N
1P
1F
0H
1@
1=
1R
0J
1B
1:
0;
b10111 1
b1100 0
b10011 !
b10011 .
b10011 /
04
07
15
0%
b10111 $
b10111 -
b10111 (
b0 *
b11100101110 )
b100110 &
b100110 +
#1839
0G
0K
0C
0T
1V
0M
0O
0D
1E
0<
0U
1W
1N
0P
0F
1H
0@
08
0?
0=
0R
1J
0B
0:
03
0;
b1000 1
b1000 0
b101 !
b101 .
b101 /
04
07
15
1%
b1 *
b11100101111 )
b110011 &
b110011 +
#1840
1T
0V
1U
0W
1R
b11000 1
b10100 !
b10100 .
b10100 /
05
0%
b11000 $
b11000 -
b11000 (
b0 *
b11100110000 )
b100101 &
b100101 +
#1841
1C
1"
1<
1O
1?
1S
1K
1;
b1111 0
14
0T
1V
1L
0M
1D
1E
0=
17
0U
1W
0N
1P
1F
0H
1@
18
0R
0J
1B
1:
13
b111 1
b100 !
b100 .
b100 /
05
1%
b1 *
b11100110001 )
b110100 &
b110100 +
#1842
0K
0D
0C
1T
0V
0M
0O
1E
0G
0<
1U
0W
1N
0P
0F
1H
0@
0?
0=
1R
1J
0B
0:
0;
b11001 1
b1000 0
b10101 !
b10101 .
b10101 /
04
07
15
0%
b11001 $
b11001 -
b11001 (
b0 *
b11100110010 )
b100100 &
b100100 +
#1843
1"
1O
1S
1K
0C
0<
0T
1V
1L
0M
1D
0E
0?
0U
1W
0N
1P
1F
0H
1@
08
1=
0R
0J
1B
1:
03
0;
b110 1
b1100 0
b11 !
b11 .
b11 /
04
07
15
1%
b1 *
b11100110011 )
b110101 &
b110101 +
#1844
0K
b1000 0
1T
0V
0M
0O
0D
1E
1U
0W
1N
0P
0F
1H
1R
1J
0B
b11010 1
b10110 !
b10110 .
b10110 /
05
0%
b11010 $
b11010 -
b11010 (
b0 *
b11100110100 )
b100011 &
b100011 +
#1845
1"
1O
1S
1K
1;
b1101 0
14
0T
1V
1L
0M
1D
0E
1=
17
0U
1W
0N
1P
1F
0H
0@
18
0R
0J
1B
0:
13
b101 1
b10 !
b10 .
b10 /
05
1%
b1 *
b11100110101 )
b110110 &
b110110 +
#1846
0K
1T
0V
0M
0O
0D
1E
1U
0W
1N
0P
0F
1H
1@
1=
1R
1J
0B
1:
0;
b11011 1
b1000 0
b10111 !
b10111 .
b10111 /
04
07
15
0%
b11011 $
b11011 -
b11011 (
b0 *
b11100110110 )
b100010 &
b100010 +
#1847
1"
1O
1S
1K
0C
0T
1V
1L
0M
1D
0E
0<
0U
1W
0N
1P
1F
0H
0@
08
0?
0=
0R
0J
1B
0:
03
0;
b100 1
b1100 0
b1 !
b1 .
b1 /
04
07
15
1%
b1 *
b11100110111 )
b110111 &
b110111 +
#1848
1T
0V
1M
0O
1U
0W
1N
0P
1R
1J
b11100 1
b11000 !
b11000 .
b11000 /
05
0%
b11100 $
b11100 -
b11100 (
b0 *
b11100111000 )
b100001 &
b100001 +
#1849
1"
1G
1S
1C
1L
1<
1?
1K
1;
b1111 0
14
0T
1V
0M
1O
1D
0E
0=
17
0U
1W
0N
1P
0F
1H
1@
18
0R
0J
0B
1:
13
b11 1
b0 !
b0 .
b0 /
05
1%
b1 *
b11100111001 )
b111000 &
b111000 +
#1850
0C
1T
0V
1M
0O
0E
0G
0<
1U
0W
1N
0P
1F
0H
0@
0?
0=
1R
1J
1B
0:
0;
b11101 1
b1100 0
b11001 !
b11001 .
b11001 /
04
07
15
0%
b11101 $
b11101 -
b11101 (
b0 *
b11100111010 )
b100000 &
b100000 +
#1851
0"
0S
0L
0G
0K
0C
0<
1T
0V
1M
0O
0D
1E
0?
0U
1W
0N
1P
0F
1H
1@
08
1=
0R
0J
0B
1:
03
0;
b10 1
b0 0
b11111 !
b11111 .
b11111 /
04
07
15
1%
b1 *
b11100111011 )
b111001 &
b111001 +
#1852
1S
1K
b1100 0
1"
1T
1L
1M
1D
0E
1U
0W
1N
0P
1F
0H
1R
1J
1B
b11110 1
b11010 !
b11010 .
b11010 /
05
0%
b11110 $
b11110 -
b11110 (
b0 *
b11100111100 )
b11111 &
b11111 +
#1853
0"
0S
0L
0K
1;
b1 0
14
1T
0V
1M
0O
0D
1E
1=
17
0U
1W
0N
1P
0F
1H
0@
18
0R
0J
0B
0:
13
b1 1
b11110 !
b11110 .
b11110 /
05
1%
b1 *
b11100111101 )
b111010 &
b111010 +
#1854
1S
1K
1"
1T
1L
1M
1D
0E
1U
0W
1N
0P
1F
0H
1@
1=
1R
1J
1B
1:
0;
b11111 1
b1100 0
b11011 !
b11011 .
b11011 /
04
07
15
0%
b11111 $
b11111 -
b11111 (
b0 *
b11100111110 )
b11110 &
b11110 +
#1855
0"
0S
0L
0G
0K
0C
1T
0V
1M
0O
0D
1E
0<
0U
1W
0N
1P
0F
1H
0@
08
0?
0=
0R
0J
0B
0:
03
0;
b0 1
b0 0
b11101 !
b11101 .
b11101 /
04
07
15
1%
b1 *
b11100111111 )
b111011 &
b111011 +
#1856
b11101 !
b11101 .
b11101 /
18
15
12
0%
b0 $
b0 -
b11101 #
b11101 ,
b11101 '
b0 (
b0 *
b11101000000 )
b11101 &
b11101 +
#1857
1S
1K
1C
1<
1"
1T
1L
1M
1D
1E
1?
1U
0W
1N
0P
1F
0H
1@
16
08
0=
1R
1J
1B
1:
13
1;
b11111 1
b1111 0
b11101 !
b11101 .
b11101 /
14
07
15
1%
b1 *
b11101000001 )
#1858
0"
0S
0L
0K
0D
0C
b1 0
0<
1T
0V
1M
0O
1E
0G
1=
0?
0U
1W
0N
1P
0F
1H
0@
0R
0J
0B
0:
b1 1
b11110 !
b11110 .
b11110 /
05
0%
b1 $
b1 -
b1 (
b0 *
b11101000010 )
b111101 &
b111101 +
#1859
1S
1K
1C
b1111 0
1<
1"
1T
1L
1M
1D
1E
0=
1?
17
1U
0W
1N
0P
1F
0H
1@
06
18
1R
1J
1B
1:
03
b11110 1
b11100 !
b11100 .
b11100 /
05
1%
b1 *
b11101000011 )
b11110 &
b11110 +
#1860
0"
0S
0L
0K
0D
0C
1T
0V
1M
0O
1E
0G
0<
0U
1W
0N
1P
0F
1H
0?
1=
0R
0J
0B
0;
b10 1
b0 0
b11111 !
b11111 .
b11111 /
04
07
15
0%
b10 $
b10 -
b10 (
b0 *
b11101000100 )
b111100 &
b111100 +
#1861
1S
1K
0C
1"
1T
1L
1M
1D
0E
0<
1U
0W
1N
0P
1F
0H
0@
16
08
0?
1=
1R
1J
1B
0:
13
1;
b11101 1
b1101 0
b11011 !
b11011 .
b11011 /
14
07
15
1%
b1 *
b11101000101 )
b11111 &
b11111 +
#1862
1"
1S
1L
1G
1K
1C
b1111 0
1<
0T
1V
0M
1O
1D
0E
0=
1?
0U
1W
0N
1P
0F
1H
1@
0R
0J
0B
1:
b11 1
b0 !
b0 .
b0 /
05
0%
b11 $
b11 -
b11 (
b0 *
b11101000110 )
b111011 &
b111011 +
#1863
0C
b1101 0
0<
1T
0V
1M
0O
0E
0G
1=
0?
17
1U
0W
1N
0P
1F
0H
0@
06
18
1R
1J
1B
0:
03
b11100 1
b11010 !
b11010 .
b11010 /
05
1%
b1 *
b11101000111 )
b100000 &
b100000 +
#1864
0T
1V
0M
1O
0U
1W
0N
1P
0=
0R
0J
0;
b100 1
b1100 0
b1 !
b1 .
b1 /
04
07
15
0%
b100 $
b100 -
b100 (
b0 *
b11101001000 )
b111010 &
b111010 +
#1865
1G
1K
1C
1<
1T
0V
1M
0O
1D
0E
1?
1U
0W
1N
0P
0F
1H
1@
16
08
0=
1R
1J
0B
1:
13
1;
b11011 1
b1111 0
b11001 !
b11001 .
b11001 /
14
07
15
1%
b1 *
b11101001001 )
b100001 &
b100001 +
#1866
0C
b1101 0
0<
0T
1V
0M
1O
0E
0G
1=
0?
0U
1W
0N
1P
1F
0H
0@
0R
0J
1B
0:
b101 1
b10 !
b10 .
b10 /
05
0%
b101 $
b101 -
b101 (
b0 *
b11101001010 )
b111001 &
b111001 +
#1867
1G
1K
1C
b1111 0
1<
1T
0V
1M
0O
1D
0E
0=
1?
17
1U
0W
1N
0P
0F
1H
1@
06
18
1R
1J
0B
1:
03
b11010 1
b11000 !
b11000 .
b11000 /
05
1%
b1 *
b11101001011 )
b100010 &
b100010 +
#1868
0C
0T
1V
0M
1O
0E
0G
0<
0U
1W
0N
1P
1F
0H
0?
1=
0R
0J
1B
0;
b110 1
b1100 0
b11 !
b11 .
b11 /
04
07
15
0%
b110 $
b110 -
b110 (
b0 *
b11101001100 )
b111000 &
b111000 +
#1869
0G
0K
0C
1T
0V
0M
0O
0D
1E
0<
1U
0W
1N
0P
0F
1H
0@
16
08
0?
1=
1R
1J
0B
0:
13
1;
b11001 1
b1001 0
b10111 !
b10111 .
b10111 /
14
07
15
1%
b1 *
b11101001101 )
b100011 &
b100011 +
#1870
1"
1O
1S
1K
1C
b1111 0
1<
0T
1V
1L
0M
1D
1E
0=
1?
0U
1W
0N
1P
1F
0H
1@
0R
0J
1B
1:
b111 1
b100 !
b100 .
b100 /
05
0%
b111 $
b111 -
b111 (
b0 *
b11101001110 )
b110111 &
b110111 +
#1871
0K
0D
0C
b1001 0
0<
1T
0V
0M
0O
1E
0G
1=
0?
17
1U
0W
1N
0P
0F
1H
0@
06
18
1R
1J
0B
0:
03
b11000 1
b10110 !
b10110 .
b10110 /
05
1%
b1 *
b11101001111 )
b100100 &
b100100 +
#1872
0T
1V
0U
1W
0=
0R
0;
b1000 1
b1000 0
b101 !
b101 .
b101 /
04
07
15
0%
b1000 $
b1000 -
b1000 (
b0 *
b11101010000 )
b110110 &
b110110 +
#1873
1O
1S
1K
1C
1<
1T
0V
1L
0M
1D
1E
1?
1U
0W
0N
1P
1F
0H
1@
16
08
0=
1R
0J
1B
1:
13
1;
b10111 1
b1111 0
b10101 !
b10101 .
b10101 /
14
07
15
1%
b1 *
b11101010001 )
b100101 &
b100101 +
#1874
0K
0D
0C
b1001 0
0<
0T
1V
0M
0O
1E
0G
1=
0?
0U
1W
1N
0P
0F
1H
0@
0R
1J
0B
0:
b1001 1
b110 !
b110 .
b110 /
05
0%
b1001 $
b1001 -
b1001 (
b0 *
b11101010010 )
b110101 &
b110101 +
#1875
1O
1S
1K
1C
b1111 0
1<
1T
0V
1L
0M
1D
1E
0=
1?
17
1U
0W
0N
1P
1F
0H
1@
06
18
1R
0J
1B
1:
03
b10110 1
b10100 !
b10100 .
b10100 /
05
1%
b1 *
b11101010011 )
b100110 &
b100110 +
#1876
0K
0D
0C
0T
1V
0M
0O
1E
0G
0<
0U
1W
1N
0P
0F
1H
0?
1=
0R
1J
0B
0;
b1010 1
b1000 0
b111 !
b111 .
b111 /
04
07
15
0%
b1010 $
b1010 -
b1010 (
b0 *
b11101010100 )
b110100 &
b110100 +
#1877
1O
1S
1K
0C
1T
0V
1L
0M
1D
0E
0<
1U
0W
0N
1P
1F
0H
0@
16
08
0?
1=
1R
0J
1B
0:
13
1;
b10101 1
b1101 0
b10011 !
b10011 .
b10011 /
14
07
15
1%
b1 *
b11101010101 )
b100111 &
b100111 +
#1878
1G
1K
1C
b1111 0
1<
0T
1V
1M
0O
1D
0E
0=
1?
0U
1W
1N
0P
0F
1H
1@
0R
1J
0B
1:
b1011 1
b1000 !
b1000 .
b1000 /
05
0%
b1011 $
b1011 -
b1011 (
b0 *
b11101010110 )
b110011 &
b110011 +
#1879
0C
b1101 0
0<
1T
0V
0M
1O
0E
0G
1=
0?
17
1U
0W
0N
1P
1F
0H
0@
06
18
1R
0J
1B
0:
03
b10100 1
b10010 !
b10010 .
b10010 /
05
1%
b1 *
b11101010111 )
b101000 &
b101000 +
#1880
0T
1V
1M
0O
0U
1W
1N
0P
0=
0R
1J
0;
b1100 1
b1100 0
b1001 !
b1001 .
b1001 /
04
07
15
0%
b1100 $
b1100 -
b1100 (
b0 *
b11101011000 )
b110010 &
b110010 +
#1881
1S
1L
1G
1K
1C
1<
1T
0V
0M
1O
1D
0E
1?
1U
0W
0N
1P
0F
1H
1@
16
08
0=
1R
0J
0B
1:
13
1;
b10011 1
b1111 0
b10001 !
b10001 .
b10001 /
14
07
15
1%
b1 *
b11101011001 )
b101001 &
b101001 +
#1882
0C
b1101 0
0<
0T
1V
1M
0O
0E
0G
1=
0?
0U
1W
1N
0P
1F
0H
0@
0R
1J
1B
0:
b1101 1
b1010 !
b1010 .
b1010 /
05
0%
b1101 $
b1101 -
b1101 (
b0 *
b11101011010 )
b110001 &
b110001 +
#1883
1S
1L
1G
1K
1C
b1111 0
1<
1T
0V
0M
1O
1D
0E
0=
1?
17
1U
0W
0N
1P
0F
1H
1@
06
18
1R
0J
0B
1:
03
b10010 1
b10000 !
b10000 .
b10000 /
05
1%
b1 *
b11101011011 )
b101010 &
b101010 +
#1884
0C
0T
1V
1M
0O
0E
0G
0<
0U
1W
1N
0P
1F
0H
0?
1=
0R
1J
1B
0;
b1110 1
b1100 0
b1011 !
b1011 .
b1011 /
04
07
15
0%
b1110 $
b1110 -
b1110 (
b0 *
b11101011100 )
b110000 &
b110000 +
#1885
0S
0L
0G
0K
0C
0T
0V
1M
0O
0D
1E
0<
1U
0W
0N
1P
0F
1H
0@
16
08
0?
1=
1R
0J
0B
0:
13
1;
b10001 1
b1 0
b1111 !
b1111 .
b1111 /
14
07
15
1%
b1 *
b11101011101 )
b101011 &
b101011 +
#1886
1V
1S
1K
1C
b1111 0
1<
1"
0T
1L
1M
1D
1E
0=
1?
0U
1W
1N
0P
1F
0H
1@
0R
1J
1B
1:
b1111 1
b1100 !
b1100 .
b1100 /
05
0%
b1111 $
b1111 -
b1111 (
b0 *
b11101011110 )
b101111 &
b101111 +
#1887
0S
0L
0K
0D
0C
b1 0
0<
0T
0V
1M
0O
1E
0G
1=
0?
17
1U
0W
0N
1P
0F
1H
0@
06
18
1R
0J
0B
0:
03
b10000 1
b1110 !
b1110 .
b1110 /
05
1%
b1 *
b11101011111 )
b101100 &
b101100 +
#1888
0=
0;
b0 0
b1101 !
b1101 .
b1101 /
04
07
15
0%
b10000 $
b10000 -
b10000 (
b0 *
b11101100000 )
b101110 &
b101110 +
#1889
1V
1S
1K
1C
1<
1"
0T
1L
1M
1D
1E
1?
0U
1W
1N
0P
1F
0H
1@
16
08
0=
0R
1J
1B
1:
13
1;
b1111 1
b1111 0
b1101 !
b1101 .
b1101 /
14
07
15
1%
b1 *
b11101100001 )
b101101 &
b101101 +
#1890
0S
0L
0K
0D
0C
b1 0
0<
0T
0V
1M
0O
1E
0G
1=
0?
1U
0W
0N
1P
0F
1H
0@
1R
0J
0B
0:
b10001 1
b1110 !
b1110 .
b1110 /
05
0%
b10001 $
b10001 -
b10001 (
b0 *
b11101100010 )
#1891
1V
1S
1K
1C
b1111 0
1<
1"
0T
1L
1M
1D
1E
0=
1?
17
0U
1W
1N
0P
1F
0H
1@
06
18
0R
1J
1B
1:
03
b1110 1
b1100 !
b1100 .
b1100 /
05
1%
b1 *
b11101100011 )
b101110 &
b101110 +
#1892
0S
0L
0K
0D
0C
0T
0V
1M
0O
1E
0G
0<
1U
0W
0N
1P
0F
1H
0?
1=
1R
0J
0B
0;
b10010 1
b0 0
b1111 !
b1111 .
b1111 /
04
07
15
0%
b10010 $
b10010 -
b10010 (
b0 *
b11101100100 )
b101100 &
b101100 +
#1893
1V
1S
1K
0C
1"
0T
1L
1M
1D
0E
0<
0U
1W
1N
0P
1F
0H
0@
16
08
0?
1=
0R
1J
1B
0:
13
1;
b1101 1
b1101 0
b1011 !
b1011 .
b1011 /
14
07
15
1%
b1 *
b11101100101 )
b101111 &
b101111 +
#1894
1S
1L
1G
1K
1C
b1111 0
1<
1T
0V
0M
1O
1D
0E
0=
1?
1U
0W
0N
1P
0F
1H
1@
1R
0J
0B
1:
b10011 1
b10000 !
b10000 .
b10000 /
05
0%
b10011 $
b10011 -
b10011 (
b0 *
b11101100110 )
b101011 &
b101011 +
#1895
0C
b1101 0
0<
0T
1V
1M
0O
0E
0G
1=
0?
17
0U
1W
1N
0P
1F
0H
0@
06
18
0R
1J
1B
0:
03
b1100 1
b1010 !
b1010 .
b1010 /
05
1%
b1 *
b11101100111 )
b110000 &
b110000 +
#1896
1T
0V
0M
1O
1U
0W
0N
1P
0=
1R
0J
0;
b10100 1
b1100 0
b10001 !
b10001 .
b10001 /
04
07
15
0%
b10100 $
b10100 -
b10100 (
b0 *
b11101101000 )
b101010 &
b101010 +
#1897
1G
1K
1C
1<
0T
1V
1M
0O
1D
0E
1?
0U
1W
1N
0P
0F
1H
1@
16
08
0=
0R
1J
0B
1:
13
1;
b1011 1
b1111 0
b1001 !
b1001 .
b1001 /
14
07
15
1%
b1 *
b11101101001 )
b110001 &
b110001 +
#1898
0C
b1101 0
0<
1T
0V
0M
1O
0E
0G
1=
0?
1U
0W
0N
1P
1F
0H
0@
1R
0J
1B
0:
b10101 1
b10010 !
b10010 .
b10010 /
05
0%
b10101 $
b10101 -
b10101 (
b0 *
b11101101010 )
b101001 &
b101001 +
#1899
1G
1K
1C
b1111 0
1<
0T
1V
1M
0O
1D
0E
0=
1?
17
0U
1W
1N
0P
0F
1H
1@
06
18
0R
1J
0B
1:
03
b1010 1
b1000 !
b1000 .
b1000 /
05
1%
b1 *
b11101101011 )
b110010 &
b110010 +
#1900
0C
1T
0V
0M
1O
0E
0G
0<
1U
0W
0N
1P
1F
0H
0?
1=
1R
0J
1B
0;
b10110 1
b1100 0
b10011 !
b10011 .
b10011 /
04
07
15
0%
b10110 $
b10110 -
b10110 (
b0 *
b11101101100 )
b101000 &
b101000 +
#1901
0G
0K
0C
0T
1V
0M
0O
0D
1E
0<
0U
1W
1N
0P
0F
1H
0@
16
08
0?
1=
0R
1J
0B
0:
13
1;
b1001 1
b1001 0
b111 !
b111 .
b111 /
14
07
15
1%
b1 *
b11101101101 )
b110011 &
b110011 +
#1902
1O
1S
1K
1C
b1111 0
1<
1T
0V
1L
0M
1D
1E
0=
1?
1U
0W
0N
1P
1F
0H
1@
1R
0J
1B
1:
b10111 1
b10100 !
b10100 .
b10100 /
05
0%
b10111 $
b10111 -
b10111 (
b0 *
b11101101110 )
b100111 &
b100111 +
#1903
0K
0D
0C
b1001 0
0<
0T
1V
0M
0O
1E
0G
1=
0?
17
0U
1W
1N
0P
0F
1H
0@
06
18
0R
1J
0B
0:
03
b1000 1
b110 !
b110 .
b110 /
05
1%
b1 *
b11101101111 )
b110100 &
b110100 +
#1904
1T
0V
1U
0W
0=
1R
0;
b11000 1
b1000 0
b10101 !
b10101 .
b10101 /
04
07
15
0%
b11000 $
b11000 -
b11000 (
b0 *
b11101110000 )
b100110 &
b100110 +
#1905
1"
1O
1S
1K
1C
1<
0T
1V
1L
0M
1D
1E
1?
0U
1W
0N
1P
1F
0H
1@
16
08
0=
0R
0J
1B
1:
13
1;
b111 1
b1111 0
b101 !
b101 .
b101 /
14
07
15
1%
b1 *
b11101110001 )
b110101 &
b110101 +
#1906
0K
0D
0C
b1001 0
0<
1T
0V
0M
0O
1E
0G
1=
0?
1U
0W
1N
0P
0F
1H
0@
1R
1J
0B
0:
b11001 1
b10110 !
b10110 .
b10110 /
05
0%
b11001 $
b11001 -
b11001 (
b0 *
b11101110010 )
b100101 &
b100101 +
#1907
1"
1O
1S
1K
1C
b1111 0
1<
0T
1V
1L
0M
1D
1E
0=
1?
17
0U
1W
0N
1P
1F
0H
1@
06
18
0R
0J
1B
1:
03
b110 1
b100 !
b100 .
b100 /
05
1%
b1 *
b11101110011 )
b110110 &
b110110 +
#1908
0K
0D
0C
1T
0V
0M
0O
1E
0G
0<
1U
0W
1N
0P
0F
1H
0?
1=
1R
1J
0B
0;
b11010 1
b1000 0
b10111 !
b10111 .
b10111 /
04
07
15
0%
b11010 $
b11010 -
b11010 (
b0 *
b11101110100 )
b100100 &
b100100 +
#1909
1"
1O
1S
1K
0C
0T
1V
1L
0M
1D
0E
0<
0U
1W
0N
1P
1F
0H
0@
16
08
0?
1=
0R
0J
1B
0:
13
1;
b101 1
b1101 0
b11 !
b11 .
b11 /
14
07
15
1%
b1 *
b11101110101 )
b110111 &
b110111 +
#1910
1G
1K
1C
b1111 0
1<
1T
0V
1M
0O
1D
0E
0=
1?
1U
0W
1N
0P
0F
1H
1@
1R
1J
0B
1:
b11011 1
b11000 !
b11000 .
b11000 /
05
0%
b11011 $
b11011 -
b11011 (
b0 *
b11101110110 )
b100011 &
b100011 +
#1911
0C
b1101 0
0<
0T
1V
0M
1O
0E
0G
1=
0?
17
0U
1W
0N
1P
1F
0H
0@
06
18
0R
0J
1B
0:
03
b100 1
b10 !
b10 .
b10 /
05
1%
b1 *
b11101110111 )
b111000 &
b111000 +
#1912
1T
0V
1M
0O
1U
0W
1N
0P
0=
1R
1J
0;
b11100 1
b1100 0
b11001 !
b11001 .
b11001 /
04
07
15
0%
b11100 $
b11100 -
b11100 (
b0 *
b11101111000 )
b100010 &
b100010 +
#1913
1"
1S
1L
1G
1K
1C
1<
0T
1V
0M
1O
1D
0E
1?
0U
1W
0N
1P
0F
1H
1@
16
08
0=
0R
0J
0B
1:
13
1;
b11 1
b1111 0
b1 !
b1 .
b1 /
14
07
15
1%
b1 *
b11101111001 )
b111001 &
b111001 +
#1914
0C
b1101 0
0<
1T
0V
1M
0O
0E
0G
1=
0?
1U
0W
1N
0P
1F
0H
0@
1R
1J
1B
0:
b11101 1
b11010 !
b11010 .
b11010 /
05
0%
b11101 $
b11101 -
b11101 (
b0 *
b11101111010 )
b100001 &
b100001 +
#1915
1"
1S
1L
1G
1K
1C
b1111 0
1<
0T
1V
0M
1O
1D
0E
0=
1?
17
0U
1W
0N
1P
0F
1H
1@
06
18
0R
0J
0B
1:
03
b10 1
b0 !
b0 .
b0 /
05
1%
b1 *
b11101111011 )
b111010 &
b111010 +
#1916
0C
1T
0V
1M
0O
0E
0G
0<
1U
0W
1N
0P
1F
0H
0?
1=
1R
1J
1B
0;
b11110 1
b1100 0
b11011 !
b11011 .
b11011 /
04
07
15
0%
b11110 $
b11110 -
b11110 (
b0 *
b11101111100 )
b100000 &
b100000 +
#1917
0"
0S
0L
0G
0K
0C
1T
0V
1M
0O
0D
1E
0<
0U
1W
0N
1P
0F
1H
0@
16
08
0?
1=
0R
0J
0B
0:
13
1;
b1 1
b1 0
b11111 !
b11111 .
b11111 /
14
07
15
1%
b1 *
b11101111101 )
b111011 &
b111011 +
#1918
1S
1K
1C
b1111 0
1<
1"
1T
1L
1M
1D
1E
0=
1?
1U
0W
1N
0P
1F
0H
1@
1R
1J
1B
1:
b11111 1
b11100 !
b11100 .
b11100 /
05
0%
b11111 $
b11111 -
b11111 (
b0 *
b11101111110 )
b11111 &
b11111 +
#1919
0"
0S
0L
0K
0D
0C
b1 0
0<
1T
0V
1M
0O
1E
0G
1=
0?
17
0U
1W
0N
1P
0F
1H
0@
06
18
0R
0J
0B
0:
03
b0 1
b11110 !
b11110 .
b11110 /
05
1%
b1 *
b11101111111 )
b111100 &
b111100 +
#1920
0"
0V
1T
0S
0L
0O
1M
0K
0D
0G
1E
0C
0;
0<
b0 0
b11110 !
b11110 .
b11110 /
1=
0?
04
08
1@
07
05
02
19
0%
b0 $
b0 -
b11110 #
b11110 ,
b11110 '
b0 (
b0 *
b11110000000 )
b11110 &
b11110 +
#1921
1S
1K
1C
1;
b1111 0
14
1"
1T
1L
1M
1D
1E
1<
1=
17
1U
0W
1N
0P
1F
0H
1>
0@
18
1R
1J
1B
1:
13
b11111 1
b11110 !
b11110 .
b11110 /
05
1%
b1 *
b11110000001 )
#1922
0"
0S
0L
0K
0D
0C
1T
0V
1M
0O
1E
0G
0<
0U
1W
0N
1P
0F
1H
0>
1@
1=
0R
0J
0B
0:
0;
b1 1
b0 0
b11111 !
b11111 .
b11111 /
04
07
15
0%
b1 $
b1 -
b1 (
b0 *
b11110000010 )
b111110 &
b111110 +
#1923
1S
1K
1C
1"
1T
1L
1M
1D
1E
1<
1U
0W
1N
0P
1F
0H
1>
0@
08
0?
0=
1R
1J
1B
1:
03
0;
b11110 1
b1110 0
b11101 !
b11101 .
b11101 /
04
07
15
1%
b1 *
b11110000011 )
b11111 &
b11111 +
#1924
0T
1V
0M
1O
0E
1G
0U
1W
0N
1P
0F
1H
0R
0J
0B
b10 1
b0 !
b0 .
b0 /
05
0%
b10 $
b10 -
b10 (
b0 *
b11110000100 )
b111101 &
b111101 +
#1925
1?
1C
1;
b1111 0
14
1T
0V
1M
0O
1E
0G
1<
0=
17
1U
0W
1N
0P
1F
0H
0>
1@
18
1R
1J
1B
0:
13
b11101 1
b11100 !
b11100 .
b11100 /
05
1%
b1 *
b11110000101 )
b100000 &
b100000 +
#1926
0T
1V
0M
1O
0E
1G
0U
1W
0N
1P
0F
1H
1>
0@
0?
0=
0R
0J
0B
1:
0;
b11 1
b1110 0
b1 !
b1 .
b1 /
04
07
15
0%
b11 $
b11 -
b11 (
b0 *
b11110000110 )
b111100 &
b111100 +
#1927
0C
0<
1T
0V
1M
0O
0E
0G
0?
1U
0W
1N
0P
1F
0H
0>
1@
08
1=
1R
1J
1B
0:
03
0;
b11100 1
b1100 0
b11011 !
b11011 .
b11011 /
04
07
15
1%
b1 *
b11110000111 )
b100001 &
b100001 +
#1928
0T
1V
0M
1O
0U
1W
0N
1P
0R
0J
b100 1
b10 !
b10 .
b10 /
05
0%
b100 $
b100 -
b100 (
b0 *
b11110001000 )
b111011 &
b111011 +
#1929
1G
1K
1C
1;
b1111 0
14
1T
0V
1M
0O
1D
0E
1<
1=
17
1U
0W
1N
0P
0F
1H
1>
0@
18
1R
1J
0B
1:
13
b11011 1
b11010 !
b11010 .
b11010 /
05
1%
b1 *
b11110001001 )
b100010 &
b100010 +
#1930
0C
0T
1V
0M
1O
0E
0G
0<
0U
1W
0N
1P
1F
0H
0>
1@
1=
0R
0J
1B
0:
0;
b101 1
b1100 0
b11 !
b11 .
b11 /
04
07
15
0%
b101 $
b101 -
b101 (
b0 *
b11110001010 )
b111010 &
b111010 +
#1931
1G
1K
1C
1T
0V
1M
0O
1D
0E
1<
1U
0W
1N
0P
0F
1H
1>
0@
08
0?
0=
1R
1J
0B
1:
03
0;
b11010 1
b1110 0
b11001 !
b11001 .
b11001 /
04
07
15
1%
b1 *
b11110001011 )
b100011 &
b100011 +
#1932
0T
1V
0M
1O
1E
0G
0U
1W
0N
1P
1F
0H
0R
0J
1B
b110 1
b100 !
b100 .
b100 /
05
0%
b110 $
b110 -
b110 (
b0 *
b11110001100 )
b111001 &
b111001 +
#1933
1K
1D
1?
1C
1;
b1111 0
14
1T
0V
1M
0O
0E
1G
1<
0=
17
1U
0W
1N
0P
0F
1H
0>
1@
18
1R
1J
0B
0:
13
b11001 1
b11000 !
b11000 .
b11000 /
05
1%
b1 *
b11110001101 )
b100100 &
b100100 +
#1934
0T
1V
0M
1O
1E
0G
0U
1W
0N
1P
1F
0H
1>
0@
0?
0=
0R
0J
1B
1:
0;
b111 1
b1110 0
b101 !
b101 .
b101 /
04
07
15
0%
b111 $
b111 -
b111 (
b0 *
b11110001110 )
b111000 &
b111000 +
#1935
0K
0D
0C
0<
1T
0V
0M
0O
1E
0G
0?
1U
0W
1N
0P
0F
1H
0>
1@
08
1=
1R
1J
0B
0:
03
0;
b11000 1
b1000 0
b10111 !
b10111 .
b10111 /
04
07
15
1%
b1 *
b11110001111 )
b100101 &
b100101 +
#1936
0T
1V
0U
1W
0R
b1000 1
b110 !
b110 .
b110 /
05
0%
b1000 $
b1000 -
b1000 (
b0 *
b11110010000 )
b110111 &
b110111 +
#1937
1O
1S
1K
1C
1;
b1111 0
14
1T
0V
1L
0M
1D
1E
1<
1=
17
1U
0W
0N
1P
1F
0H
1>
0@
18
1R
0J
1B
1:
13
b10111 1
b10110 !
b10110 .
b10110 /
05
1%
b1 *
b11110010001 )
b100110 &
b100110 +
#1938
0K
0D
0C
0T
1V
0M
0O
1E
0G
0<
0U
1W
1N
0P
0F
1H
0>
1@
1=
0R
1J
0B
0:
0;
b1001 1
b1000 0
b111 !
b111 .
b111 /
04
07
15
0%
b1001 $
b1001 -
b1001 (
b0 *
b11110010010 )
b110110 &
b110110 +
#1939
1O
1S
1K
1C
1T
0V
1L
0M
1D
1E
1<
1U
0W
0N
1P
1F
0H
1>
0@
08
0?
0=
1R
0J
1B
1:
03
0;
b10110 1
b1110 0
b10101 !
b10101 .
b10101 /
04
07
15
1%
b1 *
b11110010011 )
b100111 &
b100111 +
#1940
0T
1V
1M
0O
0E
1G
0U
1W
1N
0P
0F
1H
0R
1J
0B
b1010 1
b1000 !
b1000 .
b1000 /
05
0%
b1010 $
b1010 -
b1010 (
b0 *
b11110010100 )
b110101 &
b110101 +
#1941
1?
1C
1;
b1111 0
14
1T
0V
0M
1O
1E
0G
1<
0=
17
1U
0W
0N
1P
1F
0H
0>
1@
18
1R
0J
1B
0:
13
b10101 1
b10100 !
b10100 .
b10100 /
05
1%
b1 *
b11110010101 )
b101000 &
b101000 +
#1942
0T
1V
1M
0O
0E
1G
0U
1W
1N
0P
0F
1H
1>
0@
0?
0=
0R
1J
0B
1:
0;
b1011 1
b1110 0
b1001 !
b1001 .
b1001 /
04
07
15
0%
b1011 $
b1011 -
b1011 (
b0 *
b11110010110 )
b110100 &
b110100 +
#1943
0C
0<
1T
0V
0M
1O
0E
0G
0?
1U
0W
0N
1P
1F
0H
0>
1@
08
1=
1R
0J
1B
0:
03
0;
b10100 1
b1100 0
b10011 !
b10011 .
b10011 /
04
07
15
1%
b1 *
b11110010111 )
b101001 &
b101001 +
#1944
0T
1V
1M
0O
0U
1W
1N
0P
0R
1J
b1100 1
b1010 !
b1010 .
b1010 /
05
0%
b1100 $
b1100 -
b1100 (
b0 *
b11110011000 )
b110011 &
b110011 +
#1945
1S
1L
1G
1K
1C
1;
b1111 0
14
1T
0V
0M
1O
1D
0E
1<
1=
17
1U
0W
0N
1P
0F
1H
1>
0@
18
1R
0J
0B
1:
13
b10011 1
b10010 !
b10010 .
b10010 /
05
1%
b1 *
b11110011001 )
b101010 &
b101010 +
#1946
0C
0T
1V
1M
0O
0E
0G
0<
0U
1W
1N
0P
1F
0H
0>
1@
1=
0R
1J
1B
0:
0;
b1101 1
b1100 0
b1011 !
b1011 .
b1011 /
04
07
15
0%
b1101 $
b1101 -
b1101 (
b0 *
b11110011010 )
b110010 &
b110010 +
#1947
1S
1L
1G
1K
1C
1T
0V
0M
1O
1D
0E
1<
1U
0W
0N
1P
0F
1H
1>
0@
08
0?
0=
1R
0J
0B
1:
03
0;
b10010 1
b1110 0
b10001 !
b10001 .
b10001 /
04
07
15
1%
b1 *
b11110011011 )
b101011 &
b101011 +
#1948
0T
1V
1M
0O
1E
0G
0U
1W
1N
0P
1F
0H
0R
1J
1B
b1110 1
b1100 !
b1100 .
b1100 /
05
0%
b1110 $
b1110 -
b1110 (
b0 *
b11110011100 )
b110001 &
b110001 +
#1949
1S
1L
1K
1D
1?
1C
1;
b1111 0
14
1T
0V
0M
1O
0E
1G
1<
0=
17
1U
0W
0N
1P
0F
1H
0>
1@
18
1R
0J
0B
0:
13
b10001 1
b10000 !
b10000 .
b10000 /
05
1%
b1 *
b11110011101 )
b101100 &
b101100 +
#1950
0T
1V
1M
0O
1E
0G
0U
1W
1N
0P
1F
0H
1>
0@
0?
0=
0R
1J
1B
1:
0;
b1111 1
b1110 0
b1101 !
b1101 .
b1101 /
04
07
15
0%
b1111 $
b1111 -
b1111 (
b0 *
b11110011110 )
b110000 &
b110000 +
#1951
0S
0L
0K
0D
0C
0<
0T
0V
1M
0O
1E
0G
0?
1U
0W
0N
1P
0F
1H
0>
1@
08
1=
1R
0J
0B
0:
03
0;
b10000 1
b0 0
b1111 !
b1111 .
b1111 /
04
07
15
1%
b1 *
b11110011111 )
b101101 &
b101101 +
#1952
b1110 !
b1110 .
b1110 /
05
0%
b10000 $
b10000 -
b10000 (
b0 *
b11110100000 )
b101111 &
b101111 +
#1953
1V
1S
1K
1C
1;
b1111 0
14
1"
0T
1L
1M
1D
1E
1<
1=
17
0U
1W
1N
0P
1F
0H
1>
0@
18
0R
1J
1B
1:
13
b1111 1
b1110 !
b1110 .
b1110 /
05
1%
b1 *
b11110100001 )
b101110 &
b101110 +
#1954
0S
0L
0K
0D
0C
0T
0V
1M
0O
1E
0G
0<
1U
0W
0N
1P
0F
1H
0>
1@
1=
1R
0J
0B
0:
0;
b10001 1
b0 0
b1111 !
b1111 .
b1111 /
04
07
15
0%
b10001 $
b10001 -
b10001 (
b0 *
b11110100010 )
#1955
1V
1S
1K
1C
1"
0T
1L
1M
1D
1E
1<
0U
1W
1N
0P
1F
0H
1>
0@
08
0?
0=
0R
1J
1B
1:
03
0;
b1110 1
b1110 0
b1101 !
b1101 .
b1101 /
04
07
15
1%
b1 *
b11110100011 )
b101111 &
b101111 +
#1956
1T
0V
0M
1O
0E
1G
1U
0W
0N
1P
0F
1H
1R
0J
0B
b10010 1
b10000 !
b10000 .
b10000 /
05
0%
b10010 $
b10010 -
b10010 (
b0 *
b11110100100 )
b101101 &
b101101 +
#1957
1?
1C
1;
b1111 0
14
0T
1V
1M
0O
1E
0G
1<
0=
17
0U
1W
1N
0P
1F
0H
0>
1@
18
0R
1J
1B
0:
13
b1101 1
b1100 !
b1100 .
b1100 /
05
1%
b1 *
b11110100101 )
b110000 &
b110000 +
#1958
1T
0V
0M
1O
0E
1G
1U
0W
0N
1P
0F
1H
1>
0@
0?
0=
1R
0J
0B
1:
0;
b10011 1
b1110 0
b10001 !
b10001 .
b10001 /
04
07
15
0%
b10011 $
b10011 -
b10011 (
b0 *
b11110100110 )
b101100 &
b101100 +
#1959
0C
0<
0T
1V
1M
0O
0E
0G
0?
0U
1W
1N
0P
1F
0H
0>
1@
08
1=
0R
1J
1B
0:
03
0;
b1100 1
b1100 0
b1011 !
b1011 .
b1011 /
04
07
15
1%
b1 *
b11110100111 )
b110001 &
b110001 +
#1960
1T
0V
0M
1O
1U
0W
0N
1P
1R
0J
b10100 1
b10010 !
b10010 .
b10010 /
05
0%
b10100 $
b10100 -
b10100 (
b0 *
b11110101000 )
b101011 &
b101011 +
#1961
1G
1K
1C
1;
b1111 0
14
0T
1V
1M
0O
1D
0E
1<
1=
17
0U
1W
1N
0P
0F
1H
1>
0@
18
0R
1J
0B
1:
13
b1011 1
b1010 !
b1010 .
b1010 /
05
1%
b1 *
b11110101001 )
b110010 &
b110010 +
#1962
0C
1T
0V
0M
1O
0E
0G
0<
1U
0W
0N
1P
1F
0H
0>
1@
1=
1R
0J
1B
0:
0;
b10101 1
b1100 0
b10011 !
b10011 .
b10011 /
04
07
15
0%
b10101 $
b10101 -
b10101 (
b0 *
b11110101010 )
b101010 &
b101010 +
#1963
1G
1K
1C
0T
1V
1M
0O
1D
0E
1<
0U
1W
1N
0P
0F
1H
1>
0@
08
0?
0=
0R
1J
0B
1:
03
0;
b1010 1
b1110 0
b1001 !
b1001 .
b1001 /
04
07
15
1%
b1 *
b11110101011 )
b110011 &
b110011 +
#1964
1T
0V
0M
1O
1E
0G
1U
0W
0N
1P
1F
0H
1R
0J
1B
b10110 1
b10100 !
b10100 .
b10100 /
05
0%
b10110 $
b10110 -
b10110 (
b0 *
b11110101100 )
b101001 &
b101001 +
#1965
1K
1D
1?
1C
1;
b1111 0
14
0T
1V
1M
0O
0E
1G
1<
0=
17
0U
1W
1N
0P
0F
1H
0>
1@
18
0R
1J
0B
0:
13
b1001 1
b1000 !
b1000 .
b1000 /
05
1%
b1 *
b11110101101 )
b110100 &
b110100 +
#1966
1T
0V
0M
1O
1E
0G
1U
0W
0N
1P
1F
0H
1>
0@
0?
0=
1R
0J
1B
1:
0;
b10111 1
b1110 0
b10101 !
b10101 .
b10101 /
04
07
15
0%
b10111 $
b10111 -
b10111 (
b0 *
b11110101110 )
b101000 &
b101000 +
#1967
0K
0D
0C
0<
0T
1V
0M
0O
1E
0G
0?
0U
1W
1N
0P
0F
1H
0>
1@
08
1=
0R
1J
0B
0:
03
0;
b1000 1
b1000 0
b111 !
b111 .
b111 /
04
07
15
1%
b1 *
b11110101111 )
b110101 &
b110101 +
#1968
1T
0V
1U
0W
1R
b11000 1
b10110 !
b10110 .
b10110 /
05
0%
b11000 $
b11000 -
b11000 (
b0 *
b11110110000 )
b100111 &
b100111 +
#1969
1"
1O
1S
1K
1C
1;
b1111 0
14
0T
1V
1L
0M
1D
1E
1<
1=
17
0U
1W
0N
1P
1F
0H
1>
0@
18
0R
0J
1B
1:
13
b111 1
b110 !
b110 .
b110 /
05
1%
b1 *
b11110110001 )
b110110 &
b110110 +
#1970
0K
0D
0C
1T
0V
0M
0O
1E
0G
0<
1U
0W
1N
0P
0F
1H
0>
1@
1=
1R
1J
0B
0:
0;
b11001 1
b1000 0
b10111 !
b10111 .
b10111 /
04
07
15
0%
b11001 $
b11001 -
b11001 (
b0 *
b11110110010 )
b100110 &
b100110 +
#1971
1"
1O
1S
1K
1C
0T
1V
1L
0M
1D
1E
1<
0U
1W
0N
1P
1F
0H
1>
0@
08
0?
0=
0R
0J
1B
1:
03
0;
b110 1
b1110 0
b101 !
b101 .
b101 /
04
07
15
1%
b1 *
b11110110011 )
b110111 &
b110111 +
#1972
1T
0V
1M
0O
0E
1G
1U
0W
1N
0P
0F
1H
1R
1J
0B
b11010 1
b11000 !
b11000 .
b11000 /
05
0%
b11010 $
b11010 -
b11010 (
b0 *
b11110110100 )
b100101 &
b100101 +
#1973
1?
1C
1;
b1111 0
14
0T
1V
0M
1O
1E
0G
1<
0=
17
0U
1W
0N
1P
1F
0H
0>
1@
18
0R
0J
1B
0:
13
b101 1
b100 !
b100 .
b100 /
05
1%
b1 *
b11110110101 )
b111000 &
b111000 +
#1974
1T
0V
1M
0O
0E
1G
1U
0W
1N
0P
0F
1H
1>
0@
0?
0=
1R
1J
0B
1:
0;
b11011 1
b1110 0
b11001 !
b11001 .
b11001 /
04
07
15
0%
b11011 $
b11011 -
b11011 (
b0 *
b11110110110 )
b100100 &
b100100 +
#1975
0C
0<
0T
1V
0M
1O
0E
0G
0?
0U
1W
0N
1P
1F
0H
0>
1@
08
1=
0R
0J
1B
0:
03
0;
b100 1
b1100 0
b11 !
b11 .
b11 /
04
07
15
1%
b1 *
b11110110111 )
b111001 &
b111001 +
#1976
1T
0V
1M
0O
1U
0W
1N
0P
1R
1J
b11100 1
b11010 !
b11010 .
b11010 /
05
0%
b11100 $
b11100 -
b11100 (
b0 *
b11110111000 )
b100011 &
b100011 +
#1977
1"
1S
1L
1G
1K
1C
1;
b1111 0
14
0T
1V
0M
1O
1D
0E
1<
1=
17
0U
1W
0N
1P
0F
1H
1>
0@
18
0R
0J
0B
1:
13
b11 1
b10 !
b10 .
b10 /
05
1%
b1 *
b11110111001 )
b111010 &
b111010 +
#1978
0C
1T
0V
1M
0O
0E
0G
0<
1U
0W
1N
0P
1F
0H
0>
1@
1=
1R
1J
1B
0:
0;
b11101 1
b1100 0
b11011 !
b11011 .
b11011 /
04
07
15
0%
b11101 $
b11101 -
b11101 (
b0 *
b11110111010 )
b100010 &
b100010 +
#1979
1"
1S
1L
1G
1K
1C
0T
1V
0M
1O
1D
0E
1<
0U
1W
0N
1P
0F
1H
1>
0@
08
0?
0=
0R
0J
0B
1:
03
0;
b10 1
b1110 0
b1 !
b1 .
b1 /
04
07
15
1%
b1 *
b11110111011 )
b111011 &
b111011 +
#1980
1T
0V
1M
0O
1E
0G
1U
0W
1N
0P
1F
0H
1R
1J
1B
b11110 1
b11100 !
b11100 .
b11100 /
05
0%
b11110 $
b11110 -
b11110 (
b0 *
b11110111100 )
b100001 &
b100001 +
#1981
1"
1S
1L
1K
1D
1?
1C
1;
b1111 0
14
0T
1V
0M
1O
0E
1G
1<
0=
17
0U
1W
0N
1P
0F
1H
0>
1@
18
0R
0J
0B
0:
13
b1 1
b0 !
b0 .
b0 /
05
1%
b1 *
b11110111101 )
b111100 &
b111100 +
#1982
1T
0V
1M
0O
1E
0G
1U
0W
1N
0P
1F
0H
1>
0@
0?
0=
1R
1J
1B
1:
0;
b11111 1
b1110 0
b11101 !
b11101 .
b11101 /
04
07
15
0%
b11111 $
b11111 -
b11111 (
b0 *
b11110111110 )
b100000 &
b100000 +
#1983
0"
0S
0L
0K
0D
0C
0<
1T
0V
1M
0O
1E
0G
0?
0U
1W
0N
1P
0F
1H
0>
1@
08
1=
0R
0J
0B
0:
03
0;
b0 1
b0 0
b11111 !
b11111 .
b11111 /
04
07
15
1%
b1 *
b11110111111 )
b111101 &
b111101 +
#1984
b11111 !
b11111 .
b11111 /
18
15
12
0%
b0 $
b0 -
b11111 #
b11111 ,
b11111 '
b0 (
b0 *
b11111000000 )
b11111 &
b11111 +
#1985
1S
1K
1C
1"
1T
1L
1M
1D
1E
1<
1U
0W
1N
0P
1F
0H
1>
0@
16
08
0?
1=
1R
1J
1B
1:
13
1;
b11111 1
b1111 0
b11111 !
b11111 .
b11111 /
14
07
15
1%
b1 *
b11111000001 )
#1986
0T
1V
0M
1O
0E
1G
0=
1?
0U
1W
0N
1P
0F
1H
0>
1@
0R
0J
0B
0:
b1 1
b0 !
b0 .
b0 /
05
0%
b1 $
b1 -
b1 (
b0 *
b11111000010 )
b111111 &
b111111 +
#1987
1T
0V
1M
0O
1E
0G
1=
0?
17
1U
0W
1N
0P
1F
0H
1>
0@
06
18
1R
1J
1B
1:
03
b11110 1
b11110 !
b11110 .
b11110 /
05
1%
b1 *
b11111000011 )
b100000 &
b100000 +
#1988
0T
1V
0M
1O
0E
1G
0U
1W
0N
1P
0F
1H
0=
0R
0J
0B
0;
b10 1
b1110 0
b1 !
b1 .
b1 /
04
07
15
0%
b10 $
b10 -
b10 (
b0 *
b11111000100 )
b111110 &
b111110 +
#1989
1T
0V
1M
0O
1E
0G
1?
1U
0W
1N
0P
1F
0H
0>
1@
16
08
0=
1R
1J
1B
0:
13
1;
b11101 1
b1111 0
b11101 !
b11101 .
b11101 /
14
07
15
1%
b1 *
b11111000101 )
b100001 &
b100001 +
#1990
0T
1V
0M
1O
0E
1G
1=
0?
0U
1W
0N
1P
0F
1H
1>
0@
0R
0J
0B
1:
b11 1
b10 !
b10 .
b10 /
05
0%
b11 $
b11 -
b11 (
b0 *
b11111000110 )
b111101 &
b111101 +
#1991
1T
0V
1M
0O
1E
0G
0=
1?
17
1U
0W
1N
0P
1F
0H
0>
1@
06
18
1R
1J
1B
0:
03
b11100 1
b11100 !
b11100 .
b11100 /
05
1%
b1 *
b11111000111 )
b100010 &
b100010 +
#1992
0E
0C
0T
1V
0M
1O
0<
0U
1W
0N
1P
0?
1=
0R
0J
0;
b100 1
b1100 0
b11 !
b11 .
b11 /
04
07
15
0%
b100 $
b100 -
b100 (
b0 *
b11111001000 )
b111100 &
b111100 +
#1993
1G
1K
1C
1T
0V
1M
0O
1D
0E
1<
1U
0W
1N
0P
0F
1H
1>
0@
16
08
0?
1=
1R
1J
0B
1:
13
1;
b11011 1
b1111 0
b11011 !
b11011 .
b11011 /
14
07
15
1%
b1 *
b11111001001 )
b100011 &
b100011 +
#1994
0T
1V
0M
1O
1E
0G
0=
1?
0U
1W
0N
1P
1F
0H
0>
1@
0R
0J
1B
0:
b101 1
b100 !
b100 .
b100 /
05
0%
b101 $
b101 -
b101 (
b0 *
b11111001010 )
b111011 &
b111011 +
#1995
1T
0V
1M
0O
0E
1G
1=
0?
17
1U
0W
1N
0P
0F
1H
1>
0@
06
18
1R
1J
0B
1:
03
b11010 1
b11010 !
b11010 .
b11010 /
05
1%
b1 *
b11111001011 )
b100100 &
b100100 +
#1996
0T
1V
0M
1O
1E
0G
0U
1W
0N
1P
1F
0H
0=
0R
0J
1B
0;
b110 1
b1110 0
b101 !
b101 .
b101 /
04
07
15
0%
b110 $
b110 -
b110 (
b0 *
b11111001100 )
b111010 &
b111010 +
#1997
1T
0V
1M
0O
0E
1G
1?
1U
0W
1N
0P
0F
1H
0>
1@
16
08
0=
1R
1J
0B
0:
13
1;
b11001 1
b1111 0
b11001 !
b11001 .
b11001 /
14
07
15
1%
b1 *
b11111001101 )
b100101 &
b100101 +
#1998
0T
1V
0M
1O
1E
0G
1=
0?
0U
1W
0N
1P
1F
0H
1>
0@
0R
0J
1B
1:
b111 1
b110 !
b110 .
b110 /
05
0%
b111 $
b111 -
b111 (
b0 *
b11111001110 )
b111001 &
b111001 +
#1999
1T
0V
1M
0O
0E
1G
0=
1?
17
1U
0W
1N
0P
0F
1H
0>
1@
06
18
1R
1J
0B
0:
03
b11000 1
b11000 !
b11000 .
b11000 /
05
1%
b1 *
b11111001111 )
b100110 &
b100110 +
#2000
0M
0K
0D
0G
1E
0C
0T
1V
0<
0U
1W
0?
1=
0R
0;
b1000 1
b1000 0
b111 !
b111 .
b111 /
04
07
15
0%
b1000 $
b1000 -
b1000 (
b0 *
b11111010000 )
b111000 &
b111000 +
#2001
1O
1S
1K
1C
1T
0V
1L
0M
1D
1E
1<
1U
0W
0N
1P
1F
0H
1>
0@
16
08
0?
1=
1R
0J
1B
1:
13
1;
b10111 1
b1111 0
b10111 !
b10111 .
b10111 /
14
07
15
1%
b1 *
b11111010001 )
b100111 &
b100111 +
#2002
0T
1V
1M
0O
0E
1G
0=
1?
0U
1W
1N
0P
0F
1H
0>
1@
0R
1J
0B
0:
b1001 1
b1000 !
b1000 .
b1000 /
05
0%
b1001 $
b1001 -
b1001 (
b0 *
b11111010010 )
b110111 &
b110111 +
#2003
1T
0V
0M
1O
1E
0G
1=
0?
17
1U
0W
0N
1P
1F
0H
1>
0@
06
18
1R
0J
1B
1:
03
b10110 1
b10110 !
b10110 .
b10110 /
05
1%
b1 *
b11111010011 )
b101000 &
b101000 +
#2004
0T
1V
1M
0O
0E
1G
0U
1W
1N
0P
0F
1H
0=
0R
1J
0B
0;
b1010 1
b1110 0
b1001 !
b1001 .
b1001 /
04
07
15
0%
b1010 $
b1010 -
b1010 (
b0 *
b11111010100 )
b110110 &
b110110 +
#2005
1T
0V
0M
1O
1E
0G
1?
1U
0W
0N
1P
1F
0H
0>
1@
16
08
0=
1R
0J
1B
0:
13
1;
b10101 1
b1111 0
b10101 !
b10101 .
b10101 /
14
07
15
1%
b1 *
b11111010101 )
b101001 &
b101001 +
#2006
0T
1V
1M
0O
0E
1G
1=
0?
0U
1W
1N
0P
0F
1H
1>
0@
0R
1J
0B
1:
b1011 1
b1010 !
b1010 .
b1010 /
05
0%
b1011 $
b1011 -
b1011 (
b0 *
b11111010110 )
b110101 &
b110101 +
#2007
1T
0V
0M
1O
1E
0G
0=
1?
17
1U
0W
0N
1P
1F
0H
0>
1@
06
18
1R
0J
1B
0:
03
b10100 1
b10100 !
b10100 .
b10100 /
05
1%
b1 *
b11111010111 )
b101010 &
b101010 +
#2008
0E
0C
0T
1V
1M
0O
0<
0U
1W
1N
0P
0?
1=
0R
1J
0;
b1100 1
b1100 0
b1011 !
b1011 .
b1011 /
04
07
15
0%
b1100 $
b1100 -
b1100 (
b0 *
b11111011000 )
b110100 &
b110100 +
#2009
1S
1L
1G
1K
1C
1T
0V
0M
1O
1D
0E
1<
1U
0W
0N
1P
0F
1H
1>
0@
16
08
0?
1=
1R
0J
0B
1:
13
1;
b10011 1
b1111 0
b10011 !
b10011 .
b10011 /
14
07
15
1%
b1 *
b11111011001 )
b101011 &
b101011 +
#2010
0T
1V
1M
0O
1E
0G
0=
1?
0U
1W
1N
0P
1F
0H
0>
1@
0R
1J
1B
0:
b1101 1
b1100 !
b1100 .
b1100 /
05
0%
b1101 $
b1101 -
b1101 (
b0 *
b11111011010 )
b110011 &
b110011 +
#2011
1T
0V
0M
1O
0E
1G
1=
0?
17
1U
0W
0N
1P
0F
1H
1>
0@
06
18
1R
0J
0B
1:
03
b10010 1
b10010 !
b10010 .
b10010 /
05
1%
b1 *
b11111011011 )
b101100 &
b101100 +
#2012
0T
1V
1M
0O
1E
0G
0U
1W
1N
0P
1F
0H
0=
0R
1J
1B
0;
b1110 1
b1110 0
b1101 !
b1101 .
b1101 /
04
07
15
0%
b1110 $
b1110 -
b1110 (
b0 *
b11111011100 )
b110010 &
b110010 +
#2013
1T
0V
0M
1O
0E
1G
1?
1U
0W
0N
1P
0F
1H
0>
1@
16
08
0=
1R
0J
0B
0:
13
1;
b10001 1
b1111 0
b10001 !
b10001 .
b10001 /
14
07
15
1%
b1 *
b11111011101 )
b101101 &
b101101 +
#2014
0T
1V
1M
0O
1E
0G
1=
0?
0U
1W
1N
0P
1F
0H
1>
0@
0R
1J
1B
1:
b1111 1
b1110 !
b1110 .
b1110 /
05
0%
b1111 $
b1111 -
b1111 (
b0 *
b11111011110 )
b110001 &
b110001 +
#2015
1T
0V
0M
1O
0E
1G
0=
1?
17
1U
0W
0N
1P
0F
1H
0>
1@
06
18
1R
0J
0B
0:
03
b10000 1
b10000 !
b10000 .
b10000 /
05
1%
b1 *
b11111011111 )
b101110 &
b101110 +
#2016
0T
0S
0L
0O
1M
0K
0D
0G
1E
0C
0<
0?
1=
0;
b0 0
b1111 !
b1111 .
b1111 /
04
07
15
0%
b10000 $
b10000 -
b10000 (
b0 *
b11111100000 )
b110000 &
b110000 +
#2017
1V
1S
1K
1C
1"
0T
1L
1M
1D
1E
1<
0U
1W
1N
0P
1F
0H
1>
0@
16
08
0?
1=
0R
1J
1B
1:
13
1;
b1111 1
b1111 0
b1111 !
b1111 .
b1111 /
14
07
15
1%
b1 *
b11111100001 )
b101111 &
b101111 +
#2018
1T
0V
0M
1O
0E
1G
0=
1?
1U
0W
0N
1P
0F
1H
0>
1@
1R
0J
0B
0:
b10001 1
b10000 !
b10000 .
b10000 /
05
0%
b10001 $
b10001 -
b10001 (
b0 *
b11111100010 )
#2019
0T
1V
1M
0O
1E
0G
1=
0?
17
0U
1W
1N
0P
1F
0H
1>
0@
06
18
0R
1J
1B
1:
03
b1110 1
b1110 !
b1110 .
b1110 /
05
1%
b1 *
b11111100011 )
b110000 &
b110000 +
#2020
1T
0V
0M
1O
0E
1G
1U
0W
0N
1P
0F
1H
0=
1R
0J
0B
0;
b10010 1
b1110 0
b10001 !
b10001 .
b10001 /
04
07
15
0%
b10010 $
b10010 -
b10010 (
b0 *
b11111100100 )
b101110 &
b101110 +
#2021
0T
1V
1M
0O
1E
0G
1?
0U
1W
1N
0P
1F
0H
0>
1@
16
08
0=
0R
1J
1B
0:
13
1;
b1101 1
b1111 0
b1101 !
b1101 .
b1101 /
14
07
15
1%
b1 *
b11111100101 )
b110001 &
b110001 +
#2022
1T
0V
0M
1O
0E
1G
1=
0?
1U
0W
0N
1P
0F
1H
1>
0@
1R
0J
0B
1:
b10011 1
b10010 !
b10010 .
b10010 /
05
0%
b10011 $
b10011 -
b10011 (
b0 *
b11111100110 )
b101101 &
b101101 +
#2023
0T
1V
1M
0O
1E
0G
0=
1?
17
0U
1W
1N
0P
1F
0H
0>
1@
06
18
0R
1J
1B
0:
03
b1100 1
b1100 !
b1100 .
b1100 /
05
1%
b1 *
b11111100111 )
b110010 &
b110010 +
#2024
0E
0C
1T
0V
0M
1O
0<
1U
0W
0N
1P
0?
1=
1R
0J
0;
b10100 1
b1100 0
b10011 !
b10011 .
b10011 /
04
07
15
0%
b10100 $
b10100 -
b10100 (
b0 *
b11111101000 )
b101100 &
b101100 +
#2025
1G
1K
1C
0T
1V
1M
0O
1D
0E
1<
0U
1W
1N
0P
0F
1H
1>
0@
16
08
0?
1=
0R
1J
0B
1:
13
1;
b1011 1
b1111 0
b1011 !
b1011 .
b1011 /
14
07
15
1%
b1 *
b11111101001 )
b110011 &
b110011 +
#2026
1T
0V
0M
1O
1E
0G
0=
1?
1U
0W
0N
1P
1F
0H
0>
1@
1R
0J
1B
0:
b10101 1
b10100 !
b10100 .
b10100 /
05
0%
b10101 $
b10101 -
b10101 (
b0 *
b11111101010 )
b101011 &
b101011 +
#2027
0T
1V
1M
0O
0E
1G
1=
0?
17
0U
1W
1N
0P
0F
1H
1>
0@
06
18
0R
1J
0B
1:
03
b1010 1
b1010 !
b1010 .
b1010 /
05
1%
b1 *
b11111101011 )
b110100 &
b110100 +
#2028
1T
0V
0M
1O
1E
0G
1U
0W
0N
1P
1F
0H
0=
1R
0J
1B
0;
b10110 1
b1110 0
b10101 !
b10101 .
b10101 /
04
07
15
0%
b10110 $
b10110 -
b10110 (
b0 *
b11111101100 )
b101010 &
b101010 +
#2029
0T
1V
1M
0O
0E
1G
1?
0U
1W
1N
0P
0F
1H
0>
1@
16
08
0=
0R
1J
0B
0:
13
1;
b1001 1
b1111 0
b1001 !
b1001 .
b1001 /
14
07
15
1%
b1 *
b11111101101 )
b110101 &
b110101 +
#2030
1T
0V
0M
1O
1E
0G
1=
0?
1U
0W
0N
1P
1F
0H
1>
0@
1R
0J
1B
1:
b10111 1
b10110 !
b10110 .
b10110 /
05
0%
b10111 $
b10111 -
b10111 (
b0 *
b11111101110 )
b101001 &
b101001 +
#2031
0T
1V
1M
0O
0E
1G
0=
1?
17
0U
1W
1N
0P
0F
1H
0>
1@
06
18
0R
1J
0B
0:
03
b1000 1
b1000 !
b1000 .
b1000 /
05
1%
b1 *
b11111101111 )
b110110 &
b110110 +
#2032
0M
0K
0D
0G
1E
0C
1T
0V
0<
1U
0W
0?
1=
1R
0;
b11000 1
b1000 0
b10111 !
b10111 .
b10111 /
04
07
15
0%
b11000 $
b11000 -
b11000 (
b0 *
b11111110000 )
b101000 &
b101000 +
#2033
1"
1O
1S
1K
1C
0T
1V
1L
0M
1D
1E
1<
0U
1W
0N
1P
1F
0H
1>
0@
16
08
0?
1=
0R
0J
1B
1:
13
1;
b111 1
b1111 0
b111 !
b111 .
b111 /
14
07
15
1%
b1 *
b11111110001 )
b110111 &
b110111 +
#2034
1T
0V
1M
0O
0E
1G
0=
1?
1U
0W
1N
0P
0F
1H
0>
1@
1R
1J
0B
0:
b11001 1
b11000 !
b11000 .
b11000 /
05
0%
b11001 $
b11001 -
b11001 (
b0 *
b11111110010 )
b100111 &
b100111 +
#2035
0T
1V
0M
1O
1E
0G
1=
0?
17
0U
1W
0N
1P
1F
0H
1>
0@
06
18
0R
0J
1B
1:
03
b110 1
b110 !
b110 .
b110 /
05
1%
b1 *
b11111110011 )
b111000 &
b111000 +
#2036
1T
0V
1M
0O
0E
1G
1U
0W
1N
0P
0F
1H
0=
1R
1J
0B
0;
b11010 1
b1110 0
b11001 !
b11001 .
b11001 /
04
07
15
0%
b11010 $
b11010 -
b11010 (
b0 *
b11111110100 )
b100110 &
b100110 +
#2037
0T
1V
0M
1O
1E
0G
1?
0U
1W
0N
1P
1F
0H
0>
1@
16
08
0=
0R
0J
1B
0:
13
1;
b101 1
b1111 0
b101 !
b101 .
b101 /
14
07
15
1%
b1 *
b11111110101 )
b111001 &
b111001 +
#2038
1T
0V
1M
0O
0E
1G
1=
0?
1U
0W
1N
0P
0F
1H
1>
0@
1R
1J
0B
1:
b11011 1
b11010 !
b11010 .
b11010 /
05
0%
b11011 $
b11011 -
b11011 (
b0 *
b11111110110 )
b100101 &
b100101 +
#2039
0T
1V
0M
1O
1E
0G
0=
1?
17
0U
1W
0N
1P
1F
0H
0>
1@
06
18
0R
0J
1B
0:
03
b100 1
b100 !
b100 .
b100 /
05
1%
b1 *
b11111110111 )
b111010 &
b111010 +
#2040
0E
0C
1T
0V
1M
0O
0<
1U
0W
1N
0P
0?
1=
1R
1J
0;
b11100 1
b1100 0
b11011 !
b11011 .
b11011 /
04
07
15
0%
b11100 $
b11100 -
b11100 (
b0 *
b11111111000 )
b100100 &
b100100 +
#2041
1"
1S
1L
1G
1K
1C
0T
1V
0M
1O
1D
0E
1<
0U
1W
0N
1P
0F
1H
1>
0@
16
08
0?
1=
0R
0J
0B
1:
13
1;
b11 1
b1111 0
b11 !
b11 .
b11 /
14
07
15
1%
b1 *
b11111111001 )
b111011 &
b111011 +
#2042
1T
0V
1M
0O
1E
0G
0=
1?
1U
0W
1N
0P
1F
0H
0>
1@
1R
1J
1B
0:
b11101 1
b11100 !
b11100 .
b11100 /
05
0%
b11101 $
b11101 -
b11101 (
b0 *
b11111111010 )
b100011 &
b100011 +
#2043
0T
1V
0M
1O
0E
1G
1=
0?
17
0U
1W
0N
1P
0F
1H
1>
0@
06
18
0R
0J
0B
1:
03
b10 1
b10 !
b10 .
b10 /
05
1%
b1 *
b11111111011 )
b111100 &
b111100 +
#2044
1T
0V
1M
0O
1E
0G
1U
0W
1N
0P
1F
0H
0=
1R
1J
1B
0;
b11110 1
b1110 0
b11101 !
b11101 .
b11101 /
04
07
15
0%
b11110 $
b11110 -
b11110 (
b0 *
b11111111100 )
b100010 &
b100010 +
#2045
0T
1V
0M
1O
0E
1G
1?
0U
1W
0N
1P
0F
1H
0>
1@
16
08
0=
0R
0J
0B
0:
13
1;
b1 1
b1111 0
b1 !
b1 .
b1 /
14
07
15
1%
b1 *
b11111111101 )
b111101 &
b111101 +
#2046
1T
0V
1M
0O
1E
0G
1=
0?
1U
0W
1N
0P
1F
0H
1>
0@
1R
1J
1B
1:
b11111 1
b11110 !
b11110 .
b11110 /
05
0%
b11111 $
b11111 -
b11111 (
b0 *
b11111111110 )
b100001 &
b100001 +
#2047
0T
1V
0M
1O
0E
1G
0=
1?
17
0U
1W
0N
1P
0F
1H
0>
1@
06
18
0R
0J
0B
0:
03
b0 1
b0 !
b0 .
b0 /
05
1%
b1 *
b11111111111 )
b111110 &
b111110 +
#2048
b100000 '
b100000 (
b10 *
b100000000000 )
b100000 &
b100000 +
