$date
	Wed Sep 30 02:06:34 2026
$end
$version
	Icarus Verilog
$end
$timescale
	1ps
$end
$scope module tb_ula_core $end
$var wire 1 ! STATUS $end
$var wire 6 " F [5:0] $end
$var wire 1 # EXIBE_F $end
$var reg 5 $ A [4:0] $end
$var reg 5 % B [4:0] $end
$var reg 3 & S [2:0] $end
$var reg 6 ' expected [5:0] $end
$var reg 1 ( expected_status $end
$var integer 32 ) a [31:0] $end
$var integer 32 * av [31:0] $end
$var integer 32 + b [31:0] $end
$var integer 32 , bv [31:0] $end
$var integer 32 - checks [31:0] $end
$var integer 32 . logical_value [31:0] $end
$var integer 32 / s [31:0] $end
$upscope $end
$enddefinitions $end
$comment Show the parameter values. $end
$dumpall
$end
#0
$dumpvars
b0 /
bx .
b0 -
b0 ,
b0 +
b0 *
b0 )
0(
b0 '
b0 &
b0 %
b0 $
1#
b0 "
0!
$end
#10000
b0 "
b1 &
b1 /
b1 -
#20000
0#
b10 &
b10 /
b10 -
#30000
1!
1(
b11 &
b11 /
b11 -
#40000
0!
0(
b100 &
b100 /
b100 -
#50000
b101 &
b101 /
b101 -
#60000
b0 .
b110 &
b110 /
b110 -
#70000
b111 &
b111 /
b111 -
#80000
b1 "
1#
b1 '
b1 ,
b0 &
b1 %
b1 +
b0 /
b1000 -
#90000
b100001 "
b100001 '
b1 &
b1 /
b1001 -
#100000
b111111 "
0#
b111111 '
b10 &
b10 /
b1010 -
#110000
b0 "
b0 '
b11 &
b11 /
b1011 -
#120000
b100 &
b100 /
b1100 -
#130000
1!
1(
b101 &
b101 /
b1101 -
#140000
0!
0(
b110 &
b110 /
b1110 -
#150000
b1 "
b1 '
b1 .
b111 &
b111 /
b1111 -
#160000
b10 "
1#
b10 '
b10 ,
b0 &
b10 %
b10 +
b0 /
b10000 -
#170000
b100010 "
b100010 '
b1 &
b1 /
b10001 -
#180000
b111110 "
0#
b111110 '
b10 &
b10 /
b10010 -
#190000
b0 "
b0 '
b11 &
b11 /
b10011 -
#200000
b100 &
b100 /
b10100 -
#210000
1!
1(
b101 &
b101 /
b10101 -
#220000
0!
b0 .
0(
b110 &
b110 /
b10110 -
#230000
b10 "
b10 '
b10 .
b111 &
b111 /
b10111 -
#240000
b11 "
1#
b11 '
b11 ,
b0 &
b11 %
b11 +
b0 /
b11000 -
#250000
b100011 "
b100011 '
b1 &
b1 /
b11001 -
#260000
b111101 "
0#
b111101 '
b10 &
b10 /
b11010 -
#270000
b0 "
b0 '
b11 &
b11 /
b11011 -
#280000
b100 &
b100 /
b11100 -
#290000
1!
1(
b101 &
b101 /
b11101 -
#300000
0!
b0 .
0(
b110 &
b110 /
b11110 -
#310000
b11 "
b11 '
b11 .
b111 &
b111 /
b11111 -
#320000
b100 "
1#
b100 '
b100 ,
b0 &
b100 %
b100 +
b0 /
b100000 -
#330000
b100100 "
b100100 '
b1 &
b1 /
b100001 -
#340000
b111100 "
0#
b111100 '
b10 &
b10 /
b100010 -
#350000
b0 "
b0 '
b11 &
b11 /
b100011 -
#360000
b100 &
b100 /
b100100 -
#370000
1!
1(
b101 &
b101 /
b100101 -
#380000
0!
b0 .
0(
b110 &
b110 /
b100110 -
#390000
b100 "
b100 '
b100 .
b111 &
b111 /
b100111 -
#400000
b101 "
1#
b101 '
b101 ,
b0 &
b101 %
b101 +
b0 /
b101000 -
#410000
b100101 "
b100101 '
b1 &
b1 /
b101001 -
#420000
b111011 "
0#
b111011 '
b10 &
b10 /
b101010 -
#430000
b0 "
b0 '
b11 &
b11 /
b101011 -
#440000
b100 &
b100 /
b101100 -
#450000
1!
1(
b101 &
b101 /
b101101 -
#460000
0!
b0 .
0(
b110 &
b110 /
b101110 -
#470000
b101 "
b101 '
b101 .
b111 &
b111 /
b101111 -
#480000
b110 "
1#
b110 '
b110 ,
b0 &
b110 %
b110 +
b0 /
b110000 -
#490000
b100110 "
b100110 '
b1 &
b1 /
b110001 -
#500000
b111010 "
0#
b111010 '
b10 &
b10 /
b110010 -
#510000
b0 "
b0 '
b11 &
b11 /
b110011 -
#520000
b100 &
b100 /
b110100 -
#530000
1!
1(
b101 &
b101 /
b110101 -
#540000
0!
b0 .
0(
b110 &
b110 /
b110110 -
#550000
b110 "
b110 '
b110 .
b111 &
b111 /
b110111 -
#560000
b111 "
1#
b111 '
b111 ,
b0 &
b111 %
b111 +
b0 /
b111000 -
#570000
b100111 "
b100111 '
b1 &
b1 /
b111001 -
#580000
b111001 "
0#
b111001 '
b10 &
b10 /
b111010 -
#590000
b0 "
b0 '
b11 &
b11 /
b111011 -
#600000
b100 &
b100 /
b111100 -
#610000
1!
1(
b101 &
b101 /
b111101 -
#620000
0!
b0 .
0(
b110 &
b110 /
b111110 -
#630000
b111 "
b111 '
b111 .
b111 &
b111 /
b111111 -
#640000
b1000 "
1#
b1000 '
b1000 ,
b0 &
b1000 %
b1000 +
b0 /
b1000000 -
#650000
b101000 "
b101000 '
b1 &
b1 /
b1000001 -
#660000
b111000 "
0#
b111000 '
b10 &
b10 /
b1000010 -
#670000
b0 "
b0 '
b11 &
b11 /
b1000011 -
#680000
b100 &
b100 /
b1000100 -
#690000
1!
1(
b101 &
b101 /
b1000101 -
#700000
0!
b0 .
0(
b110 &
b110 /
b1000110 -
#710000
b1000 "
b1000 '
b1000 .
b111 &
b111 /
b1000111 -
#720000
b1001 "
1#
b1001 '
b1001 ,
b0 &
b1001 %
b1001 +
b0 /
b1001000 -
#730000
b101001 "
b101001 '
b1 &
b1 /
b1001001 -
#740000
b110111 "
0#
b110111 '
b10 &
b10 /
b1001010 -
#750000
b0 "
b0 '
b11 &
b11 /
b1001011 -
#760000
b100 &
b100 /
b1001100 -
#770000
1!
1(
b101 &
b101 /
b1001101 -
#780000
0!
b0 .
0(
b110 &
b110 /
b1001110 -
#790000
b1001 "
b1001 '
b1001 .
b111 &
b111 /
b1001111 -
#800000
b1010 "
1#
b1010 '
b1010 ,
b0 &
b1010 %
b1010 +
b0 /
b1010000 -
#810000
b101010 "
b101010 '
b1 &
b1 /
b1010001 -
#820000
b110110 "
0#
b110110 '
b10 &
b10 /
b1010010 -
#830000
b0 "
b0 '
b11 &
b11 /
b1010011 -
#840000
b100 &
b100 /
b1010100 -
#850000
1!
1(
b101 &
b101 /
b1010101 -
#860000
0!
b0 .
0(
b110 &
b110 /
b1010110 -
#870000
b1010 "
b1010 '
b1010 .
b111 &
b111 /
b1010111 -
#880000
b1011 "
1#
b1011 '
b1011 ,
b0 &
b1011 %
b1011 +
b0 /
b1011000 -
#890000
b101011 "
b101011 '
b1 &
b1 /
b1011001 -
#900000
b110101 "
0#
b110101 '
b10 &
b10 /
b1011010 -
#910000
b0 "
b0 '
b11 &
b11 /
b1011011 -
#920000
b100 &
b100 /
b1011100 -
#930000
1!
1(
b101 &
b101 /
b1011101 -
#940000
0!
b0 .
0(
b110 &
b110 /
b1011110 -
#950000
b1011 "
b1011 '
b1011 .
b111 &
b111 /
b1011111 -
#960000
b1100 "
1#
b1100 '
b1100 ,
b0 &
b1100 %
b1100 +
b0 /
b1100000 -
#970000
b101100 "
b101100 '
b1 &
b1 /
b1100001 -
#980000
b110100 "
0#
b110100 '
b10 &
b10 /
b1100010 -
#990000
b0 "
b0 '
b11 &
b11 /
b1100011 -
#1000000
b100 &
b100 /
b1100100 -
#1010000
1!
1(
b101 &
b101 /
b1100101 -
#1020000
0!
b0 .
0(
b110 &
b110 /
b1100110 -
#1030000
b1100 "
b1100 '
b1100 .
b111 &
b111 /
b1100111 -
#1040000
b1101 "
1#
b1101 '
b1101 ,
b0 &
b1101 %
b1101 +
b0 /
b1101000 -
#1050000
b101101 "
b101101 '
b1 &
b1 /
b1101001 -
#1060000
b110011 "
0#
b110011 '
b10 &
b10 /
b1101010 -
#1070000
b0 "
b0 '
b11 &
b11 /
b1101011 -
#1080000
b100 &
b100 /
b1101100 -
#1090000
1!
1(
b101 &
b101 /
b1101101 -
#1100000
0!
b0 .
0(
b110 &
b110 /
b1101110 -
#1110000
b1101 "
b1101 '
b1101 .
b111 &
b111 /
b1101111 -
#1120000
b1110 "
1#
b1110 '
b1110 ,
b0 &
b1110 %
b1110 +
b0 /
b1110000 -
#1130000
b101110 "
b101110 '
b1 &
b1 /
b1110001 -
#1140000
b110010 "
0#
b110010 '
b10 &
b10 /
b1110010 -
#1150000
b0 "
b0 '
b11 &
b11 /
b1110011 -
#1160000
b100 &
b100 /
b1110100 -
#1170000
1!
1(
b101 &
b101 /
b1110101 -
#1180000
0!
b0 .
0(
b110 &
b110 /
b1110110 -
#1190000
b1110 "
b1110 '
b1110 .
b111 &
b111 /
b1110111 -
#1200000
b1111 "
1#
b1111 '
b1111 ,
b0 &
b1111 %
b1111 +
b0 /
b1111000 -
#1210000
b101111 "
b101111 '
b1 &
b1 /
b1111001 -
#1220000
b110001 "
0#
b110001 '
b10 &
b10 /
b1111010 -
#1230000
b0 "
b0 '
b11 &
b11 /
b1111011 -
#1240000
b100 &
b100 /
b1111100 -
#1250000
1!
1(
b101 &
b101 /
b1111101 -
#1260000
0!
b0 .
0(
b110 &
b110 /
b1111110 -
#1270000
b1111 "
b1111 '
b1111 .
b111 &
b111 /
b1111111 -
#1280000
b0 "
1#
b0 '
b0 ,
b0 &
b10000 %
b10000 +
b0 /
b10000000 -
#1290000
b0 "
b1 &
b1 /
b10000001 -
#1300000
0#
b10 &
b10 /
b10000010 -
#1310000
1!
1(
b11 &
b11 /
b10000011 -
#1320000
0!
0(
b100 &
b100 /
b10000100 -
#1330000
b101 &
b101 /
b10000101 -
#1340000
b0 .
b110 &
b110 /
b10000110 -
#1350000
b100000 "
b100000 '
b10000 .
b111 &
b111 /
b10000111 -
#1360000
b100001 "
1#
b100001 '
b11111111111111111111111111111111 ,
b0 &
b10001 %
b10001 +
b0 /
b10001000 -
#1370000
b1 "
b1 '
b1 &
b1 /
b10001001 -
#1380000
0#
b1 '
b10 &
b10 /
b10001010 -
#1390000
b0 "
b0 '
b11 &
b11 /
b10001011 -
#1400000
1!
1(
b100 &
b100 /
b10001100 -
#1410000
0!
0(
b101 &
b101 /
b10001101 -
#1420000
b0 .
b110 &
b110 /
b10001110 -
#1430000
b100001 "
b100001 '
b10001 .
b111 &
b111 /
b10001111 -
#1440000
b100010 "
1#
b100010 '
b11111111111111111111111111111110 ,
b0 &
b10010 %
b10010 +
b0 /
b10010000 -
#1450000
b10 "
b10 '
b1 &
b1 /
b10010001 -
#1460000
0#
b10 '
b10 &
b10 /
b10010010 -
#1470000
b0 "
b0 '
b11 &
b11 /
b10010011 -
#1480000
1!
1(
b100 &
b100 /
b10010100 -
#1490000
0!
0(
b101 &
b101 /
b10010101 -
#1500000
b0 .
b110 &
b110 /
b10010110 -
#1510000
b100010 "
b100010 '
b10010 .
b111 &
b111 /
b10010111 -
#1520000
b100011 "
1#
b100011 '
b11111111111111111111111111111101 ,
b0 &
b10011 %
b10011 +
b0 /
b10011000 -
#1530000
b11 "
b11 '
b1 &
b1 /
b10011001 -
#1540000
0#
b11 '
b10 &
b10 /
b10011010 -
#1550000
b0 "
b0 '
b11 &
b11 /
b10011011 -
#1560000
1!
1(
b100 &
b100 /
b10011100 -
#1570000
0!
0(
b101 &
b101 /
b10011101 -
#1580000
b0 .
b110 &
b110 /
b10011110 -
#1590000
b100011 "
b100011 '
b10011 .
b111 &
b111 /
b10011111 -
#1600000
b100100 "
1#
b100100 '
b11111111111111111111111111111100 ,
b0 &
b10100 %
b10100 +
b0 /
b10100000 -
#1610000
b100 "
b100 '
b1 &
b1 /
b10100001 -
#1620000
0#
b100 '
b10 &
b10 /
b10100010 -
#1630000
b0 "
b0 '
b11 &
b11 /
b10100011 -
#1640000
1!
1(
b100 &
b100 /
b10100100 -
#1650000
0!
0(
b101 &
b101 /
b10100101 -
#1660000
b0 .
b110 &
b110 /
b10100110 -
#1670000
b100100 "
b100100 '
b10100 .
b111 &
b111 /
b10100111 -
#1680000
b100101 "
1#
b100101 '
b11111111111111111111111111111011 ,
b0 &
b10101 %
b10101 +
b0 /
b10101000 -
#1690000
b101 "
b101 '
b1 &
b1 /
b10101001 -
#1700000
0#
b101 '
b10 &
b10 /
b10101010 -
#1710000
b0 "
b0 '
b11 &
b11 /
b10101011 -
#1720000
1!
1(
b100 &
b100 /
b10101100 -
#1730000
0!
0(
b101 &
b101 /
b10101101 -
#1740000
b0 .
b110 &
b110 /
b10101110 -
#1750000
b100101 "
b100101 '
b10101 .
b111 &
b111 /
b10101111 -
#1760000
b100110 "
1#
b100110 '
b11111111111111111111111111111010 ,
b0 &
b10110 %
b10110 +
b0 /
b10110000 -
#1770000
b110 "
b110 '
b1 &
b1 /
b10110001 -
#1780000
0#
b110 '
b10 &
b10 /
b10110010 -
#1790000
b0 "
b0 '
b11 &
b11 /
b10110011 -
#1800000
1!
1(
b100 &
b100 /
b10110100 -
#1810000
0!
0(
b101 &
b101 /
b10110101 -
#1820000
b0 .
b110 &
b110 /
b10110110 -
#1830000
b100110 "
b100110 '
b10110 .
b111 &
b111 /
b10110111 -
#1840000
b100111 "
1#
b100111 '
b11111111111111111111111111111001 ,
b0 &
b10111 %
b10111 +
b0 /
b10111000 -
#1850000
b111 "
b111 '
b1 &
b1 /
b10111001 -
#1860000
0#
b111 '
b10 &
b10 /
b10111010 -
#1870000
b0 "
b0 '
b11 &
b11 /
b10111011 -
#1880000
1!
1(
b100 &
b100 /
b10111100 -
#1890000
0!
0(
b101 &
b101 /
b10111101 -
#1900000
b0 .
b110 &
b110 /
b10111110 -
#1910000
b100111 "
b100111 '
b10111 .
b111 &
b111 /
b10111111 -
#1920000
b101000 "
1#
b101000 '
b11111111111111111111111111111000 ,
b0 &
b11000 %
b11000 +
b0 /
b11000000 -
#1930000
b1000 "
b1000 '
b1 &
b1 /
b11000001 -
#1940000
0#
b1000 '
b10 &
b10 /
b11000010 -
#1950000
b0 "
b0 '
b11 &
b11 /
b11000011 -
#1960000
1!
1(
b100 &
b100 /
b11000100 -
#1970000
0!
0(
b101 &
b101 /
b11000101 -
#1980000
b0 .
b110 &
b110 /
b11000110 -
#1990000
b101000 "
b101000 '
b11000 .
b111 &
b111 /
b11000111 -
#2000000
b101001 "
1#
b101001 '
b11111111111111111111111111110111 ,
b0 &
b11001 %
b11001 +
b0 /
b11001000 -
#2010000
b1001 "
b1001 '
b1 &
b1 /
b11001001 -
#2020000
0#
b1001 '
b10 &
b10 /
b11001010 -
#2030000
b0 "
b0 '
b11 &
b11 /
b11001011 -
#2040000
1!
1(
b100 &
b100 /
b11001100 -
#2050000
0!
0(
b101 &
b101 /
b11001101 -
#2060000
b0 .
b110 &
b110 /
b11001110 -
#2070000
b101001 "
b101001 '
b11001 .
b111 &
b111 /
b11001111 -
#2080000
b101010 "
1#
b101010 '
b11111111111111111111111111110110 ,
b0 &
b11010 %
b11010 +
b0 /
b11010000 -
#2090000
b1010 "
b1010 '
b1 &
b1 /
b11010001 -
#2100000
0#
b1010 '
b10 &
b10 /
b11010010 -
#2110000
b0 "
b0 '
b11 &
b11 /
b11010011 -
#2120000
1!
1(
b100 &
b100 /
b11010100 -
#2130000
0!
0(
b101 &
b101 /
b11010101 -
#2140000
b0 .
b110 &
b110 /
b11010110 -
#2150000
b101010 "
b101010 '
b11010 .
b111 &
b111 /
b11010111 -
#2160000
b101011 "
1#
b101011 '
b11111111111111111111111111110101 ,
b0 &
b11011 %
b11011 +
b0 /
b11011000 -
#2170000
b1011 "
b1011 '
b1 &
b1 /
b11011001 -
#2180000
0#
b1011 '
b10 &
b10 /
b11011010 -
#2190000
b0 "
b0 '
b11 &
b11 /
b11011011 -
#2200000
1!
1(
b100 &
b100 /
b11011100 -
#2210000
0!
0(
b101 &
b101 /
b11011101 -
#2220000
b0 .
b110 &
b110 /
b11011110 -
#2230000
b101011 "
b101011 '
b11011 .
b111 &
b111 /
b11011111 -
#2240000
b101100 "
1#
b101100 '
b11111111111111111111111111110100 ,
b0 &
b11100 %
b11100 +
b0 /
b11100000 -
#2250000
b1100 "
b1100 '
b1 &
b1 /
b11100001 -
#2260000
0#
b1100 '
b10 &
b10 /
b11100010 -
#2270000
b0 "
b0 '
b11 &
b11 /
b11100011 -
#2280000
1!
1(
b100 &
b100 /
b11100100 -
#2290000
0!
0(
b101 &
b101 /
b11100101 -
#2300000
b0 .
b110 &
b110 /
b11100110 -
#2310000
b101100 "
b101100 '
b11100 .
b111 &
b111 /
b11100111 -
#2320000
b101101 "
1#
b101101 '
b11111111111111111111111111110011 ,
b0 &
b11101 %
b11101 +
b0 /
b11101000 -
#2330000
b1101 "
b1101 '
b1 &
b1 /
b11101001 -
#2340000
0#
b1101 '
b10 &
b10 /
b11101010 -
#2350000
b0 "
b0 '
b11 &
b11 /
b11101011 -
#2360000
1!
1(
b100 &
b100 /
b11101100 -
#2370000
0!
0(
b101 &
b101 /
b11101101 -
#2380000
b0 .
b110 &
b110 /
b11101110 -
#2390000
b101101 "
b101101 '
b11101 .
b111 &
b111 /
b11101111 -
#2400000
b101110 "
1#
b101110 '
b11111111111111111111111111110010 ,
b0 &
b11110 %
b11110 +
b0 /
b11110000 -
#2410000
b1110 "
b1110 '
b1 &
b1 /
b11110001 -
#2420000
0#
b1110 '
b10 &
b10 /
b11110010 -
#2430000
b0 "
b0 '
b11 &
b11 /
b11110011 -
#2440000
1!
1(
b100 &
b100 /
b11110100 -
#2450000
0!
0(
b101 &
b101 /
b11110101 -
#2460000
b0 .
b110 &
b110 /
b11110110 -
#2470000
b101110 "
b101110 '
b11110 .
b111 &
b111 /
b11110111 -
#2480000
b101111 "
1#
b101111 '
b11111111111111111111111111110001 ,
b0 &
b11111 %
b11111 +
b0 /
b11111000 -
#2490000
b1111 "
b1111 '
b1 &
b1 /
b11111001 -
#2500000
0#
b1111 '
b10 &
b10 /
b11111010 -
#2510000
b0 "
b0 '
b11 &
b11 /
b11111011 -
#2520000
1!
1(
b100 &
b100 /
b11111100 -
#2530000
0!
0(
b101 &
b101 /
b11111101 -
#2540000
b0 .
b110 &
b110 /
b11111110 -
#2550000
b101111 "
b101111 '
b11111 .
b111 &
b111 /
b11111111 -
#2560000
b1 "
1#
b1 '
b0 ,
b1 *
b0 &
b0 %
b1 $
b1 )
b0 +
b0 /
b100000000 -
#2570000
b1 "
b1 '
b1 &
b1 /
b100000001 -
#2580000
b0 "
0#
b0 '
b10 &
b10 /
b100000010 -
#2590000
b11 &
b11 /
b100000011 -
#2600000
1!
1(
b100 &
b100 /
b100000100 -
#2610000
0!
0(
b101 &
b101 /
b100000101 -
#2620000
b0 .
b110 &
b110 /
b100000110 -
#2630000
b1 "
b1 '
b1 .
b111 &
b111 /
b100000111 -
#2640000
b10 "
1#
b10 '
b1 ,
b0 &
b1 %
b1 +
b0 /
b100001000 -
#2650000
b0 "
b0 '
b1 &
b1 /
b100001001 -
#2660000
b111111 "
0#
b111111 '
b10 &
b10 /
b100001010 -
#2670000
b0 "
1!
1(
b0 '
b11 &
b11 /
b100001011 -
#2680000
0!
0(
b100 &
b100 /
b100001100 -
#2690000
b101 &
b101 /
b100001101 -
#2700000
b1 "
b1 '
b110 &
b110 /
b100001110 -
#2710000
b0 "
b0 .
b0 '
b111 &
b111 /
b100001111 -
#2720000
b11 "
1#
b11 '
b10 ,
b0 &
b10 %
b10 +
b0 /
b100010000 -
#2730000
b100001 "
b100001 '
b1 &
b1 /
b100010001 -
#2740000
b111110 "
0#
b111110 '
b10 &
b10 /
b100010010 -
#2750000
b0 "
b0 '
b11 &
b11 /
b100010011 -
#2760000
b100 &
b100 /
b100010100 -
#2770000
1!
1(
b101 &
b101 /
b100010101 -
#2780000
0!
0(
b110 &
b110 /
b100010110 -
#2790000
b11 "
b11 '
b11 .
b111 &
b111 /
b100010111 -
#2800000
b100 "
1#
b100 '
b11 ,
b0 &
b11 %
b11 +
b0 /
b100011000 -
#2810000
b100010 "
b100010 '
b1 &
b1 /
b100011001 -
#2820000
b111101 "
0#
b111101 '
b10 &
b10 /
b100011010 -
#2830000
b0 "
b0 '
b11 &
b11 /
b100011011 -
#2840000
b100 &
b100 /
b100011100 -
#2850000
1!
1(
b101 &
b101 /
b100011101 -
#2860000
b1 "
0!
b1 '
b1 .
0(
b110 &
b110 /
b100011110 -
#2870000
b10 "
b10 .
b10 '
b111 &
b111 /
b100011111 -
#2880000
b101 "
1#
b101 '
b100 ,
b0 &
b100 %
b100 +
b0 /
b100100000 -
#2890000
b100011 "
b100011 '
b1 &
b1 /
b100100001 -
#2900000
b111100 "
0#
b111100 '
b10 &
b10 /
b100100010 -
#2910000
b0 "
b0 '
b11 &
b11 /
b100100011 -
#2920000
b100 &
b100 /
b100100100 -
#2930000
1!
1(
b101 &
b101 /
b100100101 -
#2940000
0!
b0 .
0(
b110 &
b110 /
b100100110 -
#2950000
b101 "
b101 '
b101 .
b111 &
b111 /
b100100111 -
#2960000
b110 "
1#
b110 '
b101 ,
b0 &
b101 %
b101 +
b0 /
b100101000 -
#2970000
b100100 "
b100100 '
b1 &
b1 /
b100101001 -
#2980000
b111011 "
0#
b111011 '
b10 &
b10 /
b100101010 -
#2990000
b0 "
b0 '
b11 &
b11 /
b100101011 -
#3000000
b100 &
b100 /
b100101100 -
#3010000
1!
1(
b101 &
b101 /
b100101101 -
#3020000
b1 "
0!
b1 '
b1 .
0(
b110 &
b110 /
b100101110 -
#3030000
b100 "
b100 .
b100 '
b111 &
b111 /
b100101111 -
#3040000
b111 "
1#
b111 '
b110 ,
b0 &
b110 %
b110 +
b0 /
b100110000 -
#3050000
b100101 "
b100101 '
b1 &
b1 /
b100110001 -
#3060000
b111010 "
0#
b111010 '
b10 &
b10 /
b100110010 -
#3070000
b0 "
b0 '
b11 &
b11 /
b100110011 -
#3080000
b100 &
b100 /
b100110100 -
#3090000
1!
1(
b101 &
b101 /
b100110101 -
#3100000
0!
b0 .
0(
b110 &
b110 /
b100110110 -
#3110000
b111 "
b111 '
b111 .
b111 &
b111 /
b100110111 -
#3120000
b1000 "
1#
b1000 '
b111 ,
b0 &
b111 %
b111 +
b0 /
b100111000 -
#3130000
b100110 "
b100110 '
b1 &
b1 /
b100111001 -
#3140000
b111001 "
0#
b111001 '
b10 &
b10 /
b100111010 -
#3150000
b0 "
b0 '
b11 &
b11 /
b100111011 -
#3160000
b100 &
b100 /
b100111100 -
#3170000
1!
1(
b101 &
b101 /
b100111101 -
#3180000
b1 "
0!
b1 '
b1 .
0(
b110 &
b110 /
b100111110 -
#3190000
b110 "
b110 .
b110 '
b111 &
b111 /
b100111111 -
#3200000
b1001 "
1#
b1001 '
b1000 ,
b0 &
b1000 %
b1000 +
b0 /
b101000000 -
#3210000
b100111 "
b100111 '
b1 &
b1 /
b101000001 -
#3220000
b111000 "
0#
b111000 '
b10 &
b10 /
b101000010 -
#3230000
b0 "
b0 '
b11 &
b11 /
b101000011 -
#3240000
b100 &
b100 /
b101000100 -
#3250000
1!
1(
b101 &
b101 /
b101000101 -
#3260000
0!
b0 .
0(
b110 &
b110 /
b101000110 -
#3270000
b1001 "
b1001 '
b1001 .
b111 &
b111 /
b101000111 -
#3280000
b1010 "
1#
b1010 '
b1001 ,
b0 &
b1001 %
b1001 +
b0 /
b101001000 -
#3290000
b101000 "
b101000 '
b1 &
b1 /
b101001001 -
#3300000
b110111 "
0#
b110111 '
b10 &
b10 /
b101001010 -
#3310000
b0 "
b0 '
b11 &
b11 /
b101001011 -
#3320000
b100 &
b100 /
b101001100 -
#3330000
1!
1(
b101 &
b101 /
b101001101 -
#3340000
b1 "
0!
b1 '
b1 .
0(
b110 &
b110 /
b101001110 -
#3350000
b1000 "
b1000 .
b1000 '
b111 &
b111 /
b101001111 -
#3360000
b1011 "
1#
b1011 '
b1010 ,
b0 &
b1010 %
b1010 +
b0 /
b101010000 -
#3370000
b101001 "
b101001 '
b1 &
b1 /
b101010001 -
#3380000
b110110 "
0#
b110110 '
b10 &
b10 /
b101010010 -
#3390000
b0 "
b0 '
b11 &
b11 /
b101010011 -
#3400000
b100 &
b100 /
b101010100 -
#3410000
1!
1(
b101 &
b101 /
b101010101 -
#3420000
0!
b0 .
0(
b110 &
b110 /
b101010110 -
#3430000
b1011 "
b1011 '
b1011 .
b111 &
b111 /
b101010111 -
#3440000
b1100 "
1#
b1100 '
b1011 ,
b0 &
b1011 %
b1011 +
b0 /
b101011000 -
#3450000
b101010 "
b101010 '
b1 &
b1 /
b101011001 -
#3460000
b110101 "
0#
b110101 '
b10 &
b10 /
b101011010 -
#3470000
b0 "
b0 '
b11 &
b11 /
b101011011 -
#3480000
b100 &
b100 /
b101011100 -
#3490000
1!
1(
b101 &
b101 /
b101011101 -
#3500000
b1 "
0!
b1 '
b1 .
0(
b110 &
b110 /
b101011110 -
#3510000
b1010 "
b1010 .
b1010 '
b111 &
b111 /
b101011111 -
#3520000
b1101 "
1#
b1101 '
b1100 ,
b0 &
b1100 %
b1100 +
b0 /
b101100000 -
#3530000
b101011 "
b101011 '
b1 &
b1 /
b101100001 -
#3540000
b110100 "
0#
b110100 '
b10 &
b10 /
b101100010 -
#3550000
b0 "
b0 '
b11 &
b11 /
b101100011 -
#3560000
b100 &
b100 /
b101100100 -
#3570000
1!
1(
b101 &
b101 /
b101100101 -
#3580000
0!
b0 .
0(
b110 &
b110 /
b101100110 -
#3590000
b1101 "
b1101 '
b1101 .
b111 &
b111 /
b101100111 -
#3600000
b1110 "
1#
b1110 '
b1101 ,
b0 &
b1101 %
b1101 +
b0 /
b101101000 -
#3610000
b101100 "
b101100 '
b1 &
b1 /
b101101001 -
#3620000
b110011 "
0#
b110011 '
b10 &
b10 /
b101101010 -
#3630000
b0 "
b0 '
b11 &
b11 /
b101101011 -
#3640000
b100 &
b100 /
b101101100 -
#3650000
1!
1(
b101 &
b101 /
b101101101 -
#3660000
b1 "
0!
b1 '
b1 .
0(
b110 &
b110 /
b101101110 -
#3670000
b1100 "
b1100 .
b1100 '
b111 &
b111 /
b101101111 -
#3680000
b1111 "
1#
b1111 '
b1110 ,
b0 &
b1110 %
b1110 +
b0 /
b101110000 -
#3690000
b101101 "
b101101 '
b1 &
b1 /
b101110001 -
#3700000
b110010 "
0#
b110010 '
b10 &
b10 /
b101110010 -
#3710000
b0 "
b0 '
b11 &
b11 /
b101110011 -
#3720000
b100 &
b100 /
b101110100 -
#3730000
1!
1(
b101 &
b101 /
b101110101 -
#3740000
0!
b0 .
0(
b110 &
b110 /
b101110110 -
#3750000
b1111 "
b1111 '
b1111 .
b111 &
b111 /
b101110111 -
#3760000
b10000 "
1#
b10000 '
b1111 ,
b0 &
b1111 %
b1111 +
b0 /
b101111000 -
#3770000
b101110 "
b101110 '
b1 &
b1 /
b101111001 -
#3780000
b110001 "
0#
b110001 '
b10 &
b10 /
b101111010 -
#3790000
b0 "
b0 '
b11 &
b11 /
b101111011 -
#3800000
b100 &
b100 /
b101111100 -
#3810000
1!
1(
b101 &
b101 /
b101111101 -
#3820000
b1 "
0!
b1 '
b1 .
0(
b110 &
b110 /
b101111110 -
#3830000
b1110 "
b1110 .
b1110 '
b111 &
b111 /
b101111111 -
#3840000
b1 "
1#
b1 '
b0 ,
b0 &
b10000 %
b10000 +
b0 /
b110000000 -
#3850000
b1 "
b1 '
b1 &
b1 /
b110000001 -
#3860000
b0 "
0#
b0 '
b10 &
b10 /
b110000010 -
#3870000
b11 &
b11 /
b110000011 -
#3880000
1!
1(
b100 &
b100 /
b110000100 -
#3890000
0!
0(
b101 &
b101 /
b110000101 -
#3900000
b0 .
b110 &
b110 /
b110000110 -
#3910000
b100001 "
b100001 '
b10001 .
b111 &
b111 /
b110000111 -
#3920000
b0 "
1#
b0 '
b11111111111111111111111111111111 ,
b0 &
b10001 %
b10001 +
b0 /
b110001000 -
#3930000
b10 "
b10 '
b1 &
b1 /
b110001001 -
#3940000
b1 "
0#
b1 '
b10 &
b10 /
b110001010 -
#3950000
b0 "
b0 '
b11 &
b11 /
b110001011 -
#3960000
1!
1(
b100 &
b100 /
b110001100 -
#3970000
0!
0(
b101 &
b101 /
b110001101 -
#3980000
b1 "
b1 '
b1 .
b110 &
b110 /
b110001110 -
#3990000
b100000 "
b10000 .
b100000 '
b111 &
b111 /
b110001111 -
#4000000
b100001 "
1#
b100001 '
b11111111111111111111111111111110 ,
b0 &
b10010 %
b10010 +
b0 /
b110010000 -
#4010000
b11 "
b11 '
b1 &
b1 /
b110010001 -
#4020000
b10 "
0#
b10 '
b10 &
b10 /
b110010010 -
#4030000
b0 "
b0 '
b11 &
b11 /
b110010011 -
#4040000
1!
1(
b100 &
b100 /
b110010100 -
#4050000
0!
0(
b101 &
b101 /
b110010101 -
#4060000
b0 .
b110 &
b110 /
b110010110 -
#4070000
b100011 "
b100011 '
b10011 .
b111 &
b111 /
b110010111 -
#4080000
b100010 "
1#
b100010 '
b11111111111111111111111111111101 ,
b0 &
b10011 %
b10011 +
b0 /
b110011000 -
#4090000
b100 "
b100 '
b1 &
b1 /
b110011001 -
#4100000
b11 "
0#
b11 '
b10 &
b10 /
b110011010 -
#4110000
b0 "
b0 '
b11 &
b11 /
b110011011 -
#4120000
1!
1(
b100 &
b100 /
b110011100 -
#4130000
0!
0(
b101 &
b101 /
b110011101 -
#4140000
b1 "
b1 '
b1 .
b110 &
b110 /
b110011110 -
#4150000
b100010 "
b10010 .
b100010 '
b111 &
b111 /
b110011111 -
#4160000
b100011 "
1#
b100011 '
b11111111111111111111111111111100 ,
b0 &
b10100 %
b10100 +
b0 /
b110100000 -
#4170000
b101 "
b101 '
b1 &
b1 /
b110100001 -
#4180000
b100 "
0#
b100 '
b10 &
b10 /
b110100010 -
#4190000
b0 "
b0 '
b11 &
b11 /
b110100011 -
#4200000
1!
1(
b100 &
b100 /
b110100100 -
#4210000
0!
0(
b101 &
b101 /
b110100101 -
#4220000
b0 .
b110 &
b110 /
b110100110 -
#4230000
b100101 "
b100101 '
b10101 .
b111 &
b111 /
b110100111 -
#4240000
b100100 "
1#
b100100 '
b11111111111111111111111111111011 ,
b0 &
b10101 %
b10101 +
b0 /
b110101000 -
#4250000
b110 "
b110 '
b1 &
b1 /
b110101001 -
#4260000
b101 "
0#
b101 '
b10 &
b10 /
b110101010 -
#4270000
b0 "
b0 '
b11 &
b11 /
b110101011 -
#4280000
1!
1(
b100 &
b100 /
b110101100 -
#4290000
0!
0(
b101 &
b101 /
b110101101 -
#4300000
b1 "
b1 '
b1 .
b110 &
b110 /
b110101110 -
#4310000
b100100 "
b10100 .
b100100 '
b111 &
b111 /
b110101111 -
#4320000
b100101 "
1#
b100101 '
b11111111111111111111111111111010 ,
b0 &
b10110 %
b10110 +
b0 /
b110110000 -
#4330000
b111 "
b111 '
b1 &
b1 /
b110110001 -
#4340000
b110 "
0#
b110 '
b10 &
b10 /
b110110010 -
#4350000
b0 "
b0 '
b11 &
b11 /
b110110011 -
#4360000
1!
1(
b100 &
b100 /
b110110100 -
#4370000
0!
0(
b101 &
b101 /
b110110101 -
#4380000
b0 .
b110 &
b110 /
b110110110 -
#4390000
b100111 "
b100111 '
b10111 .
b111 &
b111 /
b110110111 -
#4400000
b100110 "
1#
b100110 '
b11111111111111111111111111111001 ,
b0 &
b10111 %
b10111 +
b0 /
b110111000 -
#4410000
b1000 "
b1000 '
b1 &
b1 /
b110111001 -
#4420000
b111 "
0#
b111 '
b10 &
b10 /
b110111010 -
#4430000
b0 "
b0 '
b11 &
b11 /
b110111011 -
#4440000
1!
1(
b100 &
b100 /
b110111100 -
#4450000
0!
0(
b101 &
b101 /
b110111101 -
#4460000
b1 "
b1 '
b1 .
b110 &
b110 /
b110111110 -
#4470000
b100110 "
b10110 .
b100110 '
b111 &
b111 /
b110111111 -
#4480000
b100111 "
1#
b100111 '
b11111111111111111111111111111000 ,
b0 &
b11000 %
b11000 +
b0 /
b111000000 -
#4490000
b1001 "
b1001 '
b1 &
b1 /
b111000001 -
#4500000
b1000 "
0#
b1000 '
b10 &
b10 /
b111000010 -
#4510000
b0 "
b0 '
b11 &
b11 /
b111000011 -
#4520000
1!
1(
b100 &
b100 /
b111000100 -
#4530000
0!
0(
b101 &
b101 /
b111000101 -
#4540000
b0 .
b110 &
b110 /
b111000110 -
#4550000
b101001 "
b101001 '
b11001 .
b111 &
b111 /
b111000111 -
#4560000
b101000 "
1#
b101000 '
b11111111111111111111111111110111 ,
b0 &
b11001 %
b11001 +
b0 /
b111001000 -
#4570000
b1010 "
b1010 '
b1 &
b1 /
b111001001 -
#4580000
b1001 "
0#
b1001 '
b10 &
b10 /
b111001010 -
#4590000
b0 "
b0 '
b11 &
b11 /
b111001011 -
#4600000
1!
1(
b100 &
b100 /
b111001100 -
#4610000
0!
0(
b101 &
b101 /
b111001101 -
#4620000
b1 "
b1 '
b1 .
b110 &
b110 /
b111001110 -
#4630000
b101000 "
b11000 .
b101000 '
b111 &
b111 /
b111001111 -
#4640000
b101001 "
1#
b101001 '
b11111111111111111111111111110110 ,
b0 &
b11010 %
b11010 +
b0 /
b111010000 -
#4650000
b1011 "
b1011 '
b1 &
b1 /
b111010001 -
#4660000
b1010 "
0#
b1010 '
b10 &
b10 /
b111010010 -
#4670000
b0 "
b0 '
b11 &
b11 /
b111010011 -
#4680000
1!
1(
b100 &
b100 /
b111010100 -
#4690000
0!
0(
b101 &
b101 /
b111010101 -
#4700000
b0 .
b110 &
b110 /
b111010110 -
#4710000
b101011 "
b101011 '
b11011 .
b111 &
b111 /
b111010111 -
#4720000
b101010 "
1#
b101010 '
b11111111111111111111111111110101 ,
b0 &
b11011 %
b11011 +
b0 /
b111011000 -
#4730000
b1100 "
b1100 '
b1 &
b1 /
b111011001 -
#4740000
b1011 "
0#
b1011 '
b10 &
b10 /
b111011010 -
#4750000
b0 "
b0 '
b11 &
b11 /
b111011011 -
#4760000
1!
1(
b100 &
b100 /
b111011100 -
#4770000
0!
0(
b101 &
b101 /
b111011101 -
#4780000
b1 "
b1 '
b1 .
b110 &
b110 /
b111011110 -
#4790000
b101010 "
b11010 .
b101010 '
b111 &
b111 /
b111011111 -
#4800000
b101011 "
1#
b101011 '
b11111111111111111111111111110100 ,
b0 &
b11100 %
b11100 +
b0 /
b111100000 -
#4810000
b1101 "
b1101 '
b1 &
b1 /
b111100001 -
#4820000
b1100 "
0#
b1100 '
b10 &
b10 /
b111100010 -
#4830000
b0 "
b0 '
b11 &
b11 /
b111100011 -
#4840000
1!
1(
b100 &
b100 /
b111100100 -
#4850000
0!
0(
b101 &
b101 /
b111100101 -
#4860000
b0 .
b110 &
b110 /
b111100110 -
#4870000
b101101 "
b101101 '
b11101 .
b111 &
b111 /
b111100111 -
#4880000
b101100 "
1#
b101100 '
b11111111111111111111111111110011 ,
b0 &
b11101 %
b11101 +
b0 /
b111101000 -
#4890000
b1110 "
b1110 '
b1 &
b1 /
b111101001 -
#4900000
b1101 "
0#
b1101 '
b10 &
b10 /
b111101010 -
#4910000
b0 "
b0 '
b11 &
b11 /
b111101011 -
#4920000
1!
1(
b100 &
b100 /
b111101100 -
#4930000
0!
0(
b101 &
b101 /
b111101101 -
#4940000
b1 "
b1 '
b1 .
b110 &
b110 /
b111101110 -
#4950000
b101100 "
b11100 .
b101100 '
b111 &
b111 /
b111101111 -
#4960000
b101101 "
1#
b101101 '
b11111111111111111111111111110010 ,
b0 &
b11110 %
b11110 +
b0 /
b111110000 -
#4970000
b1111 "
b1111 '
b1 &
b1 /
b111110001 -
#4980000
b1110 "
0#
b1110 '
b10 &
b10 /
b111110010 -
#4990000
b0 "
b0 '
b11 &
b11 /
b111110011 -
#5000000
1!
1(
b100 &
b100 /
b111110100 -
#5010000
0!
0(
b101 &
b101 /
b111110101 -
#5020000
b0 .
b110 &
b110 /
b111110110 -
#5030000
b101111 "
b101111 '
b11111 .
b111 &
b111 /
b111110111 -
#5040000
b101110 "
1#
b101110 '
b11111111111111111111111111110001 ,
b0 &
b11111 %
b11111 +
b0 /
b111111000 -
#5050000
b10000 "
b10000 '
b1 &
b1 /
b111111001 -
#5060000
b1111 "
0#
b1111 '
b10 &
b10 /
b111111010 -
#5070000
b0 "
b0 '
b11 &
b11 /
b111111011 -
#5080000
1!
1(
b100 &
b100 /
b111111100 -
#5090000
0!
0(
b101 &
b101 /
b111111101 -
#5100000
b1 "
b1 '
b1 .
b110 &
b110 /
b111111110 -
#5110000
b101110 "
b11110 .
b101110 '
b111 &
b111 /
b111111111 -
#5120000
b10 "
1#
b10 '
b0 ,
b10 *
b0 &
b0 %
b10 $
b10 )
b0 +
b0 /
b1000000000 -
#5130000
b10 "
b10 '
b1 &
b1 /
b1000000001 -
#5140000
b0 "
0#
b0 '
b10 &
b10 /
b1000000010 -
#5150000
b11 &
b11 /
b1000000011 -
#5160000
1!
1(
b100 &
b100 /
b1000000100 -
#5170000
0!
0(
b101 &
b101 /
b1000000101 -
#5180000
b0 .
b110 &
b110 /
b1000000110 -
#5190000
b10 "
b10 '
b10 .
b111 &
b111 /
b1000000111 -
#5200000
b11 "
1#
b11 '
b1 ,
b0 &
b1 %
b1 +
b0 /
b1000001000 -
#5210000
b1 "
b1 '
b1 &
b1 /
b1000001001 -
#5220000
b111111 "
0#
b111111 '
b10 &
b10 /
b1000001010 -
#5230000
b0 "
b0 '
b11 &
b11 /
b1000001011 -
#5240000
1!
1(
b100 &
b100 /
b1000001100 -
#5250000
0!
0(
b101 &
b101 /
b1000001101 -
#5260000
b0 .
b110 &
b110 /
b1000001110 -
#5270000
b11 "
b11 '
b11 .
b111 &
b111 /
b1000001111 -
#5280000
b100 "
1#
b100 '
b10 ,
b0 &
b10 %
b10 +
b0 /
b1000010000 -
#5290000
b0 "
b0 '
b1 &
b1 /
b1000010001 -
#5300000
b111110 "
0#
b111110 '
b10 &
b10 /
b1000010010 -
#5310000
b0 "
1!
1(
b0 '
b11 &
b11 /
b1000010011 -
#5320000
0!
0(
b100 &
b100 /
b1000010100 -
#5330000
b101 &
b101 /
b1000010101 -
#5340000
b10 "
b10 '
b10 .
b110 &
b110 /
b1000010110 -
#5350000
b0 "
b0 .
b0 '
b111 &
b111 /
b1000010111 -
#5360000
b101 "
1#
b101 '
b11 ,
b0 &
b11 %
b11 +
b0 /
b1000011000 -
#5370000
b100001 "
b100001 '
b1 &
b1 /
b1000011001 -
#5380000
b111101 "
0#
b111101 '
b10 &
b10 /
b1000011010 -
#5390000
b0 "
b0 '
b11 &
b11 /
b1000011011 -
#5400000
b100 &
b100 /
b1000011100 -
#5410000
1!
1(
b101 &
b101 /
b1000011101 -
#5420000
b10 "
0!
b10 '
b10 .
0(
b110 &
b110 /
b1000011110 -
#5430000
b1 "
b1 .
b1 '
b111 &
b111 /
b1000011111 -
#5440000
b110 "
1#
b110 '
b100 ,
b0 &
b100 %
b100 +
b0 /
b1000100000 -
#5450000
b100010 "
b100010 '
b1 &
b1 /
b1000100001 -
#5460000
b111100 "
0#
b111100 '
b10 &
b10 /
b1000100010 -
#5470000
b0 "
b0 '
b11 &
b11 /
b1000100011 -
#5480000
b100 &
b100 /
b1000100100 -
#5490000
1!
1(
b101 &
b101 /
b1000100101 -
#5500000
0!
b0 .
0(
b110 &
b110 /
b1000100110 -
#5510000
b110 "
b110 '
b110 .
b111 &
b111 /
b1000100111 -
#5520000
b111 "
1#
b111 '
b101 ,
b0 &
b101 %
b101 +
b0 /
b1000101000 -
#5530000
b100011 "
b100011 '
b1 &
b1 /
b1000101001 -
#5540000
b111011 "
0#
b111011 '
b10 &
b10 /
b1000101010 -
#5550000
b0 "
b0 '
b11 &
b11 /
b1000101011 -
#5560000
b100 &
b100 /
b1000101100 -
#5570000
1!
1(
b101 &
b101 /
b1000101101 -
#5580000
0!
b0 .
0(
b110 &
b110 /
b1000101110 -
#5590000
b111 "
b111 '
b111 .
b111 &
b111 /
b1000101111 -
#5600000
b1000 "
1#
b1000 '
b110 ,
b0 &
b110 %
b110 +
b0 /
b1000110000 -
#5610000
b100100 "
b100100 '
b1 &
b1 /
b1000110001 -
#5620000
b111010 "
0#
b111010 '
b10 &
b10 /
b1000110010 -
#5630000
b0 "
b0 '
b11 &
b11 /
b1000110011 -
#5640000
b100 &
b100 /
b1000110100 -
#5650000
1!
1(
b101 &
b101 /
b1000110101 -
#5660000
b10 "
0!
b10 '
b10 .
0(
b110 &
b110 /
b1000110110 -
#5670000
b100 "
b100 .
b100 '
b111 &
b111 /
b1000110111 -
#5680000
b1001 "
1#
b1001 '
b111 ,
b0 &
b111 %
b111 +
b0 /
b1000111000 -
#5690000
b100101 "
b100101 '
b1 &
b1 /
b1000111001 -
#5700000
b111001 "
0#
b111001 '
b10 &
b10 /
b1000111010 -
#5710000
b0 "
b0 '
b11 &
b11 /
b1000111011 -
#5720000
b100 &
b100 /
b1000111100 -
#5730000
1!
1(
b101 &
b101 /
b1000111101 -
#5740000
b10 "
0!
b10 '
b10 .
0(
b110 &
b110 /
b1000111110 -
#5750000
b101 "
b101 .
b101 '
b111 &
b111 /
b1000111111 -
#5760000
b1010 "
1#
b1010 '
b1000 ,
b0 &
b1000 %
b1000 +
b0 /
b1001000000 -
#5770000
b100110 "
b100110 '
b1 &
b1 /
b1001000001 -
#5780000
b111000 "
0#
b111000 '
b10 &
b10 /
b1001000010 -
#5790000
b0 "
b0 '
b11 &
b11 /
b1001000011 -
#5800000
b100 &
b100 /
b1001000100 -
#5810000
1!
1(
b101 &
b101 /
b1001000101 -
#5820000
0!
b0 .
0(
b110 &
b110 /
b1001000110 -
#5830000
b1010 "
b1010 '
b1010 .
b111 &
b111 /
b1001000111 -
#5840000
b1011 "
1#
b1011 '
b1001 ,
b0 &
b1001 %
b1001 +
b0 /
b1001001000 -
#5850000
b100111 "
b100111 '
b1 &
b1 /
b1001001001 -
#5860000
b110111 "
0#
b110111 '
b10 &
b10 /
b1001001010 -
#5870000
b0 "
b0 '
b11 &
b11 /
b1001001011 -
#5880000
b100 &
b100 /
b1001001100 -
#5890000
1!
1(
b101 &
b101 /
b1001001101 -
#5900000
0!
b0 .
0(
b110 &
b110 /
b1001001110 -
#5910000
b1011 "
b1011 '
b1011 .
b111 &
b111 /
b1001001111 -
#5920000
b1100 "
1#
b1100 '
b1010 ,
b0 &
b1010 %
b1010 +
b0 /
b1001010000 -
#5930000
b101000 "
b101000 '
b1 &
b1 /
b1001010001 -
#5940000
b110110 "
0#
b110110 '
b10 &
b10 /
b1001010010 -
#5950000
b0 "
b0 '
b11 &
b11 /
b1001010011 -
#5960000
b100 &
b100 /
b1001010100 -
#5970000
1!
1(
b101 &
b101 /
b1001010101 -
#5980000
b10 "
0!
b10 '
b10 .
0(
b110 &
b110 /
b1001010110 -
#5990000
b1000 "
b1000 .
b1000 '
b111 &
b111 /
b1001010111 -
#6000000
b1101 "
1#
b1101 '
b1011 ,
b0 &
b1011 %
b1011 +
b0 /
b1001011000 -
#6010000
b101001 "
b101001 '
b1 &
b1 /
b1001011001 -
#6020000
b110101 "
0#
b110101 '
b10 &
b10 /
b1001011010 -
#6030000
b0 "
b0 '
b11 &
b11 /
b1001011011 -
#6040000
b100 &
b100 /
b1001011100 -
#6050000
1!
1(
b101 &
b101 /
b1001011101 -
#6060000
b10 "
0!
b10 '
b10 .
0(
b110 &
b110 /
b1001011110 -
#6070000
b1001 "
b1001 .
b1001 '
b111 &
b111 /
b1001011111 -
#6080000
b1110 "
1#
b1110 '
b1100 ,
b0 &
b1100 %
b1100 +
b0 /
b1001100000 -
#6090000
b101010 "
b101010 '
b1 &
b1 /
b1001100001 -
#6100000
b110100 "
0#
b110100 '
b10 &
b10 /
b1001100010 -
#6110000
b0 "
b0 '
b11 &
b11 /
b1001100011 -
#6120000
b100 &
b100 /
b1001100100 -
#6130000
1!
1(
b101 &
b101 /
b1001100101 -
#6140000
0!
b0 .
0(
b110 &
b110 /
b1001100110 -
#6150000
b1110 "
b1110 '
b1110 .
b111 &
b111 /
b1001100111 -
#6160000
b1111 "
1#
b1111 '
b1101 ,
b0 &
b1101 %
b1101 +
b0 /
b1001101000 -
#6170000
b101011 "
b101011 '
b1 &
b1 /
b1001101001 -
#6180000
b110011 "
0#
b110011 '
b10 &
b10 /
b1001101010 -
#6190000
b0 "
b0 '
b11 &
b11 /
b1001101011 -
#6200000
b100 &
b100 /
b1001101100 -
#6210000
1!
1(
b101 &
b101 /
b1001101101 -
#6220000
0!
b0 .
0(
b110 &
b110 /
b1001101110 -
#6230000
b1111 "
b1111 '
b1111 .
b111 &
b111 /
b1001101111 -
#6240000
b10000 "
1#
b10000 '
b1110 ,
b0 &
b1110 %
b1110 +
b0 /
b1001110000 -
#6250000
b101100 "
b101100 '
b1 &
b1 /
b1001110001 -
#6260000
b110010 "
0#
b110010 '
b10 &
b10 /
b1001110010 -
#6270000
b0 "
b0 '
b11 &
b11 /
b1001110011 -
#6280000
b100 &
b100 /
b1001110100 -
#6290000
1!
1(
b101 &
b101 /
b1001110101 -
#6300000
b10 "
0!
b10 '
b10 .
0(
b110 &
b110 /
b1001110110 -
#6310000
b1100 "
b1100 .
b1100 '
b111 &
b111 /
b1001110111 -
#6320000
b10001 "
1#
b10001 '
b1111 ,
b0 &
b1111 %
b1111 +
b0 /
b1001111000 -
#6330000
b101101 "
b101101 '
b1 &
b1 /
b1001111001 -
#6340000
b110001 "
0#
b110001 '
b10 &
b10 /
b1001111010 -
#6350000
b0 "
b0 '
b11 &
b11 /
b1001111011 -
#6360000
b100 &
b100 /
b1001111100 -
#6370000
1!
1(
b101 &
b101 /
b1001111101 -
#6380000
b10 "
0!
b10 '
b10 .
0(
b110 &
b110 /
b1001111110 -
#6390000
b1101 "
b1101 .
b1101 '
b111 &
b111 /
b1001111111 -
#6400000
b10 "
1#
b10 '
b0 ,
b0 &
b10000 %
b10000 +
b0 /
b1010000000 -
#6410000
b10 "
b10 '
b1 &
b1 /
b1010000001 -
#6420000
b0 "
0#
b0 '
b10 &
b10 /
b1010000010 -
#6430000
b11 &
b11 /
b1010000011 -
#6440000
1!
1(
b100 &
b100 /
b1010000100 -
#6450000
0!
0(
b101 &
b101 /
b1010000101 -
#6460000
b0 .
b110 &
b110 /
b1010000110 -
#6470000
b100010 "
b100010 '
b10010 .
b111 &
b111 /
b1010000111 -
#6480000
b1 "
1#
b1 '
b11111111111111111111111111111111 ,
b0 &
b10001 %
b10001 +
b0 /
b1010001000 -
#6490000
b11 "
b11 '
b1 &
b1 /
b1010001001 -
#6500000
b1 "
0#
b1 '
b10 &
b10 /
b1010001010 -
#6510000
b0 "
b0 '
b11 &
b11 /
b1010001011 -
#6520000
1!
1(
b100 &
b100 /
b1010001100 -
#6530000
0!
0(
b101 &
b101 /
b1010001101 -
#6540000
b0 .
b110 &
b110 /
b1010001110 -
#6550000
b100011 "
b100011 '
b10011 .
b111 &
b111 /
b1010001111 -
#6560000
b0 "
1#
b0 '
b11111111111111111111111111111110 ,
b0 &
b10010 %
b10010 +
b0 /
b1010010000 -
#6570000
b100 "
b100 '
b1 &
b1 /
b1010010001 -
#6580000
b10 "
0#
b10 '
b10 &
b10 /
b1010010010 -
#6590000
b0 "
b0 '
b11 &
b11 /
b1010010011 -
#6600000
1!
1(
b100 &
b100 /
b1010010100 -
#6610000
0!
0(
b101 &
b101 /
b1010010101 -
#6620000
b10 "
b10 '
b10 .
b110 &
b110 /
b1010010110 -
#6630000
b100000 "
b10000 .
b100000 '
b111 &
b111 /
b1010010111 -
#6640000
b100001 "
1#
b100001 '
b11111111111111111111111111111101 ,
b0 &
b10011 %
b10011 +
b0 /
b1010011000 -
#6650000
b101 "
b101 '
b1 &
b1 /
b1010011001 -
#6660000
b11 "
0#
b11 '
b10 &
b10 /
b1010011010 -
#6670000
b0 "
b0 '
b11 &
b11 /
b1010011011 -
#6680000
1!
1(
b100 &
b100 /
b1010011100 -
#6690000
0!
0(
b101 &
b101 /
b1010011101 -
#6700000
b10 "
b10 '
b10 .
b110 &
b110 /
b1010011110 -
#6710000
b100001 "
b10001 .
b100001 '
b111 &
b111 /
b1010011111 -
#6720000
b100010 "
1#
b100010 '
b11111111111111111111111111111100 ,
b0 &
b10100 %
b10100 +
b0 /
b1010100000 -
#6730000
b110 "
b110 '
b1 &
b1 /
b1010100001 -
#6740000
b100 "
0#
b100 '
b10 &
b10 /
b1010100010 -
#6750000
b0 "
b0 '
b11 &
b11 /
b1010100011 -
#6760000
1!
1(
b100 &
b100 /
b1010100100 -
#6770000
0!
0(
b101 &
b101 /
b1010100101 -
#6780000
b0 .
b110 &
b110 /
b1010100110 -
#6790000
b100110 "
b100110 '
b10110 .
b111 &
b111 /
b1010100111 -
#6800000
b100011 "
1#
b100011 '
b11111111111111111111111111111011 ,
b0 &
b10101 %
b10101 +
b0 /
b1010101000 -
#6810000
b111 "
b111 '
b1 &
b1 /
b1010101001 -
#6820000
b101 "
0#
b101 '
b10 &
b10 /
b1010101010 -
#6830000
b0 "
b0 '
b11 &
b11 /
b1010101011 -
#6840000
1!
1(
b100 &
b100 /
b1010101100 -
#6850000
0!
0(
b101 &
b101 /
b1010101101 -
#6860000
b0 .
b110 &
b110 /
b1010101110 -
#6870000
b100111 "
b100111 '
b10111 .
b111 &
b111 /
b1010101111 -
#6880000
b100100 "
1#
b100100 '
b11111111111111111111111111111010 ,
b0 &
b10110 %
b10110 +
b0 /
b1010110000 -
#6890000
b1000 "
b1000 '
b1 &
b1 /
b1010110001 -
#6900000
b110 "
0#
b110 '
b10 &
b10 /
b1010110010 -
#6910000
b0 "
b0 '
b11 &
b11 /
b1010110011 -
#6920000
1!
1(
b100 &
b100 /
b1010110100 -
#6930000
0!
0(
b101 &
b101 /
b1010110101 -
#6940000
b10 "
b10 '
b10 .
b110 &
b110 /
b1010110110 -
#6950000
b100100 "
b10100 .
b100100 '
b111 &
b111 /
b1010110111 -
#6960000
b100101 "
1#
b100101 '
b11111111111111111111111111111001 ,
b0 &
b10111 %
b10111 +
b0 /
b1010111000 -
#6970000
b1001 "
b1001 '
b1 &
b1 /
b1010111001 -
#6980000
b111 "
0#
b111 '
b10 &
b10 /
b1010111010 -
#6990000
b0 "
b0 '
b11 &
b11 /
b1010111011 -
#7000000
1!
1(
b100 &
b100 /
b1010111100 -
#7010000
0!
0(
b101 &
b101 /
b1010111101 -
#7020000
b10 "
b10 '
b10 .
b110 &
b110 /
b1010111110 -
#7030000
b100101 "
b10101 .
b100101 '
b111 &
b111 /
b1010111111 -
#7040000
b100110 "
1#
b100110 '
b11111111111111111111111111111000 ,
b0 &
b11000 %
b11000 +
b0 /
b1011000000 -
#7050000
b1010 "
b1010 '
b1 &
b1 /
b1011000001 -
#7060000
b1000 "
0#
b1000 '
b10 &
b10 /
b1011000010 -
#7070000
b0 "
b0 '
b11 &
b11 /
b1011000011 -
#7080000
1!
1(
b100 &
b100 /
b1011000100 -
#7090000
0!
0(
b101 &
b101 /
b1011000101 -
#7100000
b0 .
b110 &
b110 /
b1011000110 -
#7110000
b101010 "
b101010 '
b11010 .
b111 &
b111 /
b1011000111 -
#7120000
b100111 "
1#
b100111 '
b11111111111111111111111111110111 ,
b0 &
b11001 %
b11001 +
b0 /
b1011001000 -
#7130000
b1011 "
b1011 '
b1 &
b1 /
b1011001001 -
#7140000
b1001 "
0#
b1001 '
b10 &
b10 /
b1011001010 -
#7150000
b0 "
b0 '
b11 &
b11 /
b1011001011 -
#7160000
1!
1(
b100 &
b100 /
b1011001100 -
#7170000
0!
0(
b101 &
b101 /
b1011001101 -
#7180000
b0 .
b110 &
b110 /
b1011001110 -
#7190000
b101011 "
b101011 '
b11011 .
b111 &
b111 /
b1011001111 -
#7200000
b101000 "
1#
b101000 '
b11111111111111111111111111110110 ,
b0 &
b11010 %
b11010 +
b0 /
b1011010000 -
#7210000
b1100 "
b1100 '
b1 &
b1 /
b1011010001 -
#7220000
b1010 "
0#
b1010 '
b10 &
b10 /
b1011010010 -
#7230000
b0 "
b0 '
b11 &
b11 /
b1011010011 -
#7240000
1!
1(
b100 &
b100 /
b1011010100 -
#7250000
0!
0(
b101 &
b101 /
b1011010101 -
#7260000
b10 "
b10 '
b10 .
b110 &
b110 /
b1011010110 -
#7270000
b101000 "
b11000 .
b101000 '
b111 &
b111 /
b1011010111 -
#7280000
b101001 "
1#
b101001 '
b11111111111111111111111111110101 ,
b0 &
b11011 %
b11011 +
b0 /
b1011011000 -
#7290000
b1101 "
b1101 '
b1 &
b1 /
b1011011001 -
#7300000
b1011 "
0#
b1011 '
b10 &
b10 /
b1011011010 -
#7310000
b0 "
b0 '
b11 &
b11 /
b1011011011 -
#7320000
1!
1(
b100 &
b100 /
b1011011100 -
#7330000
0!
0(
b101 &
b101 /
b1011011101 -
#7340000
b10 "
b10 '
b10 .
b110 &
b110 /
b1011011110 -
#7350000
b101001 "
b11001 .
b101001 '
b111 &
b111 /
b1011011111 -
#7360000
b101010 "
1#
b101010 '
b11111111111111111111111111110100 ,
b0 &
b11100 %
b11100 +
b0 /
b1011100000 -
#7370000
b1110 "
b1110 '
b1 &
b1 /
b1011100001 -
#7380000
b1100 "
0#
b1100 '
b10 &
b10 /
b1011100010 -
#7390000
b0 "
b0 '
b11 &
b11 /
b1011100011 -
#7400000
1!
1(
b100 &
b100 /
b1011100100 -
#7410000
0!
0(
b101 &
b101 /
b1011100101 -
#7420000
b0 .
b110 &
b110 /
b1011100110 -
#7430000
b101110 "
b101110 '
b11110 .
b111 &
b111 /
b1011100111 -
#7440000
b101011 "
1#
b101011 '
b11111111111111111111111111110011 ,
b0 &
b11101 %
b11101 +
b0 /
b1011101000 -
#7450000
b1111 "
b1111 '
b1 &
b1 /
b1011101001 -
#7460000
b1101 "
0#
b1101 '
b10 &
b10 /
b1011101010 -
#7470000
b0 "
b0 '
b11 &
b11 /
b1011101011 -
#7480000
1!
1(
b100 &
b100 /
b1011101100 -
#7490000
0!
0(
b101 &
b101 /
b1011101101 -
#7500000
b0 .
b110 &
b110 /
b1011101110 -
#7510000
b101111 "
b101111 '
b11111 .
b111 &
b111 /
b1011101111 -
#7520000
b101100 "
1#
b101100 '
b11111111111111111111111111110010 ,
b0 &
b11110 %
b11110 +
b0 /
b1011110000 -
#7530000
b10000 "
b10000 '
b1 &
b1 /
b1011110001 -
#7540000
b1110 "
0#
b1110 '
b10 &
b10 /
b1011110010 -
#7550000
b0 "
b0 '
b11 &
b11 /
b1011110011 -
#7560000
1!
1(
b100 &
b100 /
b1011110100 -
#7570000
0!
0(
b101 &
b101 /
b1011110101 -
#7580000
b10 "
b10 '
b10 .
b110 &
b110 /
b1011110110 -
#7590000
b101100 "
b11100 .
b101100 '
b111 &
b111 /
b1011110111 -
#7600000
b101101 "
1#
b101101 '
b11111111111111111111111111110001 ,
b0 &
b11111 %
b11111 +
b0 /
b1011111000 -
#7610000
b10001 "
b10001 '
b1 &
b1 /
b1011111001 -
#7620000
b1111 "
0#
b1111 '
b10 &
b10 /
b1011111010 -
#7630000
b0 "
b0 '
b11 &
b11 /
b1011111011 -
#7640000
1!
1(
b100 &
b100 /
b1011111100 -
#7650000
0!
0(
b101 &
b101 /
b1011111101 -
#7660000
b10 "
b10 '
b10 .
b110 &
b110 /
b1011111110 -
#7670000
b101101 "
b11101 .
b101101 '
b111 &
b111 /
b1011111111 -
#7680000
b11 "
1#
b11 '
b0 ,
b11 *
b0 &
b0 %
b11 $
b11 )
b0 +
b0 /
b1100000000 -
#7690000
b11 "
b11 '
b1 &
b1 /
b1100000001 -
#7700000
b0 "
0#
b0 '
b10 &
b10 /
b1100000010 -
#7710000
b11 &
b11 /
b1100000011 -
#7720000
1!
1(
b100 &
b100 /
b1100000100 -
#7730000
0!
0(
b101 &
b101 /
b1100000101 -
#7740000
b0 .
b110 &
b110 /
b1100000110 -
#7750000
b11 "
b11 '
b11 .
b111 &
b111 /
b1100000111 -
#7760000
b100 "
1#
b100 '
b1 ,
b0 &
b1 %
b1 +
b0 /
b1100001000 -
#7770000
b10 "
b10 '
b1 &
b1 /
b1100001001 -
#7780000
b111111 "
0#
b111111 '
b10 &
b10 /
b1100001010 -
#7790000
b0 "
b0 '
b11 &
b11 /
b1100001011 -
#7800000
1!
1(
b100 &
b100 /
b1100001100 -
#7810000
0!
0(
b101 &
b101 /
b1100001101 -
#7820000
b1 "
b1 '
b1 .
b110 &
b110 /
b1100001110 -
#7830000
b10 "
b10 .
b10 '
b111 &
b111 /
b1100001111 -
#7840000
b101 "
1#
b101 '
b10 ,
b0 &
b10 %
b10 +
b0 /
b1100010000 -
#7850000
b1 "
b1 '
b1 &
b1 /
b1100010001 -
#7860000
b111110 "
0#
b111110 '
b10 &
b10 /
b1100010010 -
#7870000
b0 "
b0 '
b11 &
b11 /
b1100010011 -
#7880000
1!
1(
b100 &
b100 /
b1100010100 -
#7890000
0!
0(
b101 &
b101 /
b1100010101 -
#7900000
b10 "
b10 '
b110 &
b110 /
b1100010110 -
#7910000
b1 "
b1 .
b1 '
b111 &
b111 /
b1100010111 -
#7920000
b110 "
1#
b110 '
b11 ,
b0 &
b11 %
b11 +
b0 /
b1100011000 -
#7930000
b0 "
b0 '
b1 &
b1 /
b1100011001 -
#7940000
b111101 "
0#
b111101 '
b10 &
b10 /
b1100011010 -
#7950000
b0 "
1!
1(
b0 '
b11 &
b11 /
b1100011011 -
#7960000
0!
0(
b100 &
b100 /
b1100011100 -
#7970000
b101 &
b101 /
b1100011101 -
#7980000
b11 "
b11 '
b11 .
b110 &
b110 /
b1100011110 -
#7990000
b0 "
b0 .
b0 '
b111 &
b111 /
b1100011111 -
#8000000
b111 "
1#
b111 '
b100 ,
b0 &
b100 %
b100 +
b0 /
b1100100000 -
#8010000
b100001 "
b100001 '
b1 &
b1 /
b1100100001 -
#8020000
b111100 "
0#
b111100 '
b10 &
b10 /
b1100100010 -
#8030000
b0 "
b0 '
b11 &
b11 /
b1100100011 -
#8040000
b100 &
b100 /
b1100100100 -
#8050000
1!
1(
b101 &
b101 /
b1100100101 -
#8060000
0!
0(
b110 &
b110 /
b1100100110 -
#8070000
b111 "
b111 '
b111 .
b111 &
b111 /
b1100100111 -
#8080000
b1000 "
1#
b1000 '
b101 ,
b0 &
b101 %
b101 +
b0 /
b1100101000 -
#8090000
b100010 "
b100010 '
b1 &
b1 /
b1100101001 -
#8100000
b111011 "
0#
b111011 '
b10 &
b10 /
b1100101010 -
#8110000
b0 "
b0 '
b11 &
b11 /
b1100101011 -
#8120000
b100 &
b100 /
b1100101100 -
#8130000
1!
1(
b101 &
b101 /
b1100101101 -
#8140000
b1 "
0!
b1 '
b1 .
0(
b110 &
b110 /
b1100101110 -
#8150000
b110 "
b110 .
b110 '
b111 &
b111 /
b1100101111 -
#8160000
b1001 "
1#
b1001 '
b110 ,
b0 &
b110 %
b110 +
b0 /
b1100110000 -
#8170000
b100011 "
b100011 '
b1 &
b1 /
b1100110001 -
#8180000
b111010 "
0#
b111010 '
b10 &
b10 /
b1100110010 -
#8190000
b0 "
b0 '
b11 &
b11 /
b1100110011 -
#8200000
b100 &
b100 /
b1100110100 -
#8210000
1!
1(
b101 &
b101 /
b1100110101 -
#8220000
b10 "
0!
b10 '
b10 .
0(
b110 &
b110 /
b1100110110 -
#8230000
b101 "
b101 .
b101 '
b111 &
b111 /
b1100110111 -
#8240000
b1010 "
1#
b1010 '
b111 ,
b0 &
b111 %
b111 +
b0 /
b1100111000 -
#8250000
b100100 "
b100100 '
b1 &
b1 /
b1100111001 -
#8260000
b111001 "
0#
b111001 '
b10 &
b10 /
b1100111010 -
#8270000
b0 "
b0 '
b11 &
b11 /
b1100111011 -
#8280000
b100 &
b100 /
b1100111100 -
#8290000
1!
1(
b101 &
b101 /
b1100111101 -
#8300000
b11 "
0!
b11 '
b11 .
0(
b110 &
b110 /
b1100111110 -
#8310000
b100 "
b100 .
b100 '
b111 &
b111 /
b1100111111 -
#8320000
b1011 "
1#
b1011 '
b1000 ,
b0 &
b1000 %
b1000 +
b0 /
b1101000000 -
#8330000
b100101 "
b100101 '
b1 &
b1 /
b1101000001 -
#8340000
b111000 "
0#
b111000 '
b10 &
b10 /
b1101000010 -
#8350000
b0 "
b0 '
b11 &
b11 /
b1101000011 -
#8360000
b100 &
b100 /
b1101000100 -
#8370000
1!
1(
b101 &
b101 /
b1101000101 -
#8380000
0!
b0 .
0(
b110 &
b110 /
b1101000110 -
#8390000
b1011 "
b1011 '
b1011 .
b111 &
b111 /
b1101000111 -
#8400000
b1100 "
1#
b1100 '
b1001 ,
b0 &
b1001 %
b1001 +
b0 /
b1101001000 -
#8410000
b100110 "
b100110 '
b1 &
b1 /
b1101001001 -
#8420000
b110111 "
0#
b110111 '
b10 &
b10 /
b1101001010 -
#8430000
b0 "
b0 '
b11 &
b11 /
b1101001011 -
#8440000
b100 &
b100 /
b1101001100 -
#8450000
1!
1(
b101 &
b101 /
b1101001101 -
#8460000
b1 "
0!
b1 '
b1 .
0(
b110 &
b110 /
b1101001110 -
#8470000
b1010 "
b1010 .
b1010 '
b111 &
b111 /
b1101001111 -
#8480000
b1101 "
1#
b1101 '
b1010 ,
b0 &
b1010 %
b1010 +
b0 /
b1101010000 -
#8490000
b100111 "
b100111 '
b1 &
b1 /
b1101010001 -
#8500000
b110110 "
0#
b110110 '
b10 &
b10 /
b1101010010 -
#8510000
b0 "
b0 '
b11 &
b11 /
b1101010011 -
#8520000
b100 &
b100 /
b1101010100 -
#8530000
1!
1(
b101 &
b101 /
b1101010101 -
#8540000
b10 "
0!
b10 '
b10 .
0(
b110 &
b110 /
b1101010110 -
#8550000
b1001 "
b1001 .
b1001 '
b111 &
b111 /
b1101010111 -
#8560000
b1110 "
1#
b1110 '
b1011 ,
b0 &
b1011 %
b1011 +
b0 /
b1101011000 -
#8570000
b101000 "
b101000 '
b1 &
b1 /
b1101011001 -
#8580000
b110101 "
0#
b110101 '
b10 &
b10 /
b1101011010 -
#8590000
b0 "
b0 '
b11 &
b11 /
b1101011011 -
#8600000
b100 &
b100 /
b1101011100 -
#8610000
1!
1(
b101 &
b101 /
b1101011101 -
#8620000
b11 "
0!
b11 '
b11 .
0(
b110 &
b110 /
b1101011110 -
#8630000
b1000 "
b1000 .
b1000 '
b111 &
b111 /
b1101011111 -
#8640000
b1111 "
1#
b1111 '
b1100 ,
b0 &
b1100 %
b1100 +
b0 /
b1101100000 -
#8650000
b101001 "
b101001 '
b1 &
b1 /
b1101100001 -
#8660000
b110100 "
0#
b110100 '
b10 &
b10 /
b1101100010 -
#8670000
b0 "
b0 '
b11 &
b11 /
b1101100011 -
#8680000
b100 &
b100 /
b1101100100 -
#8690000
1!
1(
b101 &
b101 /
b1101100101 -
#8700000
0!
b0 .
0(
b110 &
b110 /
b1101100110 -
#8710000
b1111 "
b1111 '
b1111 .
b111 &
b111 /
b1101100111 -
#8720000
b10000 "
1#
b10000 '
b1101 ,
b0 &
b1101 %
b1101 +
b0 /
b1101101000 -
#8730000
b101010 "
b101010 '
b1 &
b1 /
b1101101001 -
#8740000
b110011 "
0#
b110011 '
b10 &
b10 /
b1101101010 -
#8750000
b0 "
b0 '
b11 &
b11 /
b1101101011 -
#8760000
b100 &
b100 /
b1101101100 -
#8770000
1!
1(
b101 &
b101 /
b1101101101 -
#8780000
b1 "
0!
b1 '
b1 .
0(
b110 &
b110 /
b1101101110 -
#8790000
b1110 "
b1110 .
b1110 '
b111 &
b111 /
b1101101111 -
#8800000
b10001 "
1#
b10001 '
b1110 ,
b0 &
b1110 %
b1110 +
b0 /
b1101110000 -
#8810000
b101011 "
b101011 '
b1 &
b1 /
b1101110001 -
#8820000
b110010 "
0#
b110010 '
b10 &
b10 /
b1101110010 -
#8830000
b0 "
b0 '
b11 &
b11 /
b1101110011 -
#8840000
b100 &
b100 /
b1101110100 -
#8850000
1!
1(
b101 &
b101 /
b1101110101 -
#8860000
b10 "
0!
b10 '
b10 .
0(
b110 &
b110 /
b1101110110 -
#8870000
b1101 "
b1101 .
b1101 '
b111 &
b111 /
b1101110111 -
#8880000
b10010 "
1#
b10010 '
b1111 ,
b0 &
b1111 %
b1111 +
b0 /
b1101111000 -
#8890000
b101100 "
b101100 '
b1 &
b1 /
b1101111001 -
#8900000
b110001 "
0#
b110001 '
b10 &
b10 /
b1101111010 -
#8910000
b0 "
b0 '
b11 &
b11 /
b1101111011 -
#8920000
b100 &
b100 /
b1101111100 -
#8930000
1!
1(
b101 &
b101 /
b1101111101 -
#8940000
b11 "
0!
b11 '
b11 .
0(
b110 &
b110 /
b1101111110 -
#8950000
b1100 "
b1100 .
b1100 '
b111 &
b111 /
b1101111111 -
#8960000
b11 "
1#
b11 '
b0 ,
b0 &
b10000 %
b10000 +
b0 /
b1110000000 -
#8970000
b11 "
b11 '
b1 &
b1 /
b1110000001 -
#8980000
b0 "
0#
b0 '
b10 &
b10 /
b1110000010 -
#8990000
b11 &
b11 /
b1110000011 -
#9000000
1!
1(
b100 &
b100 /
b1110000100 -
#9010000
0!
0(
b101 &
b101 /
b1110000101 -
#9020000
b0 .
b110 &
b110 /
b1110000110 -
#9030000
b100011 "
b100011 '
b10011 .
b111 &
b111 /
b1110000111 -
#9040000
b10 "
1#
b10 '
b11111111111111111111111111111111 ,
b0 &
b10001 %
b10001 +
b0 /
b1110001000 -
#9050000
b100 "
b100 '
b1 &
b1 /
b1110001001 -
#9060000
b1 "
0#
b1 '
b10 &
b10 /
b1110001010 -
#9070000
b0 "
b0 '
b11 &
b11 /
b1110001011 -
#9080000
1!
1(
b100 &
b100 /
b1110001100 -
#9090000
0!
0(
b101 &
b101 /
b1110001101 -
#9100000
b1 "
b1 '
b1 .
b110 &
b110 /
b1110001110 -
#9110000
b100010 "
b10010 .
b100010 '
b111 &
b111 /
b1110001111 -
#9120000
b1 "
1#
b1 '
b11111111111111111111111111111110 ,
b0 &
b10010 %
b10010 +
b0 /
b1110010000 -
#9130000
b101 "
b101 '
b1 &
b1 /
b1110010001 -
#9140000
b10 "
0#
b10 '
b10 &
b10 /
b1110010010 -
#9150000
b0 "
b0 '
b11 &
b11 /
b1110010011 -
#9160000
1!
1(
b100 &
b100 /
b1110010100 -
#9170000
0!
0(
b101 &
b101 /
b1110010101 -
#9180000
b10 "
b10 '
b10 .
b110 &
b110 /
b1110010110 -
#9190000
b100001 "
b10001 .
b100001 '
b111 &
b111 /
b1110010111 -
#9200000
b0 "
1#
b0 '
b11111111111111111111111111111101 ,
b0 &
b10011 %
b10011 +
b0 /
b1110011000 -
#9210000
b110 "
b110 '
b1 &
b1 /
b1110011001 -
#9220000
b11 "
0#
b11 '
b10 &
b10 /
b1110011010 -
#9230000
b0 "
b0 '
b11 &
b11 /
b1110011011 -
#9240000
1!
1(
b100 &
b100 /
b1110011100 -
#9250000
0!
0(
b101 &
b101 /
b1110011101 -
#9260000
b11 "
b11 '
b11 .
b110 &
b110 /
b1110011110 -
#9270000
b100000 "
b10000 .
b100000 '
b111 &
b111 /
b1110011111 -
#9280000
b100001 "
1#
b100001 '
b11111111111111111111111111111100 ,
b0 &
b10100 %
b10100 +
b0 /
b1110100000 -
#9290000
b111 "
b111 '
b1 &
b1 /
b1110100001 -
#9300000
b100 "
0#
b100 '
b10 &
b10 /
b1110100010 -
#9310000
b0 "
b0 '
b11 &
b11 /
b1110100011 -
#9320000
1!
1(
b100 &
b100 /
b1110100100 -
#9330000
0!
0(
b101 &
b101 /
b1110100101 -
#9340000
b0 .
b110 &
b110 /
b1110100110 -
#9350000
b100111 "
b100111 '
b10111 .
b111 &
b111 /
b1110100111 -
#9360000
b100010 "
1#
b100010 '
b11111111111111111111111111111011 ,
b0 &
b10101 %
b10101 +
b0 /
b1110101000 -
#9370000
b1000 "
b1000 '
b1 &
b1 /
b1110101001 -
#9380000
b101 "
0#
b101 '
b10 &
b10 /
b1110101010 -
#9390000
b0 "
b0 '
b11 &
b11 /
b1110101011 -
#9400000
1!
1(
b100 &
b100 /
b1110101100 -
#9410000
0!
0(
b101 &
b101 /
b1110101101 -
#9420000
b1 "
b1 '
b1 .
b110 &
b110 /
b1110101110 -
#9430000
b100110 "
b10110 .
b100110 '
b111 &
b111 /
b1110101111 -
#9440000
b100011 "
1#
b100011 '
b11111111111111111111111111111010 ,
b0 &
b10110 %
b10110 +
b0 /
b1110110000 -
#9450000
b1001 "
b1001 '
b1 &
b1 /
b1110110001 -
#9460000
b110 "
0#
b110 '
b10 &
b10 /
b1110110010 -
#9470000
b0 "
b0 '
b11 &
b11 /
b1110110011 -
#9480000
1!
1(
b100 &
b100 /
b1110110100 -
#9490000
0!
0(
b101 &
b101 /
b1110110101 -
#9500000
b10 "
b10 '
b10 .
b110 &
b110 /
b1110110110 -
#9510000
b100101 "
b10101 .
b100101 '
b111 &
b111 /
b1110110111 -
#9520000
b100100 "
1#
b100100 '
b11111111111111111111111111111001 ,
b0 &
b10111 %
b10111 +
b0 /
b1110111000 -
#9530000
b1010 "
b1010 '
b1 &
b1 /
b1110111001 -
#9540000
b111 "
0#
b111 '
b10 &
b10 /
b1110111010 -
#9550000
b0 "
b0 '
b11 &
b11 /
b1110111011 -
#9560000
1!
1(
b100 &
b100 /
b1110111100 -
#9570000
0!
0(
b101 &
b101 /
b1110111101 -
#9580000
b11 "
b11 '
b11 .
b110 &
b110 /
b1110111110 -
#9590000
b100100 "
b10100 .
b100100 '
b111 &
b111 /
b1110111111 -
#9600000
b100101 "
1#
b100101 '
b11111111111111111111111111111000 ,
b0 &
b11000 %
b11000 +
b0 /
b1111000000 -
#9610000
b1011 "
b1011 '
b1 &
b1 /
b1111000001 -
#9620000
b1000 "
0#
b1000 '
b10 &
b10 /
b1111000010 -
#9630000
b0 "
b0 '
b11 &
b11 /
b1111000011 -
#9640000
1!
1(
b100 &
b100 /
b1111000100 -
#9650000
0!
0(
b101 &
b101 /
b1111000101 -
#9660000
b0 .
b110 &
b110 /
b1111000110 -
#9670000
b101011 "
b101011 '
b11011 .
b111 &
b111 /
b1111000111 -
#9680000
b100110 "
1#
b100110 '
b11111111111111111111111111110111 ,
b0 &
b11001 %
b11001 +
b0 /
b1111001000 -
#9690000
b1100 "
b1100 '
b1 &
b1 /
b1111001001 -
#9700000
b1001 "
0#
b1001 '
b10 &
b10 /
b1111001010 -
#9710000
b0 "
b0 '
b11 &
b11 /
b1111001011 -
#9720000
1!
1(
b100 &
b100 /
b1111001100 -
#9730000
0!
0(
b101 &
b101 /
b1111001101 -
#9740000
b1 "
b1 '
b1 .
b110 &
b110 /
b1111001110 -
#9750000
b101010 "
b11010 .
b101010 '
b111 &
b111 /
b1111001111 -
#9760000
b100111 "
1#
b100111 '
b11111111111111111111111111110110 ,
b0 &
b11010 %
b11010 +
b0 /
b1111010000 -
#9770000
b1101 "
b1101 '
b1 &
b1 /
b1111010001 -
#9780000
b1010 "
0#
b1010 '
b10 &
b10 /
b1111010010 -
#9790000
b0 "
b0 '
b11 &
b11 /
b1111010011 -
#9800000
1!
1(
b100 &
b100 /
b1111010100 -
#9810000
0!
0(
b101 &
b101 /
b1111010101 -
#9820000
b10 "
b10 '
b10 .
b110 &
b110 /
b1111010110 -
#9830000
b101001 "
b11001 .
b101001 '
b111 &
b111 /
b1111010111 -
#9840000
b101000 "
1#
b101000 '
b11111111111111111111111111110101 ,
b0 &
b11011 %
b11011 +
b0 /
b1111011000 -
#9850000
b1110 "
b1110 '
b1 &
b1 /
b1111011001 -
#9860000
b1011 "
0#
b1011 '
b10 &
b10 /
b1111011010 -
#9870000
b0 "
b0 '
b11 &
b11 /
b1111011011 -
#9880000
1!
1(
b100 &
b100 /
b1111011100 -
#9890000
0!
0(
b101 &
b101 /
b1111011101 -
#9900000
b11 "
b11 '
b11 .
b110 &
b110 /
b1111011110 -
#9910000
b101000 "
b11000 .
b101000 '
b111 &
b111 /
b1111011111 -
#9920000
b101001 "
1#
b101001 '
b11111111111111111111111111110100 ,
b0 &
b11100 %
b11100 +
b0 /
b1111100000 -
#9930000
b1111 "
b1111 '
b1 &
b1 /
b1111100001 -
#9940000
b1100 "
0#
b1100 '
b10 &
b10 /
b1111100010 -
#9950000
b0 "
b0 '
b11 &
b11 /
b1111100011 -
#9960000
1!
1(
b100 &
b100 /
b1111100100 -
#9970000
0!
0(
b101 &
b101 /
b1111100101 -
#9980000
b0 .
b110 &
b110 /
b1111100110 -
#9990000
b101111 "
b101111 '
b11111 .
b111 &
b111 /
b1111100111 -
#10000000
b101010 "
1#
b101010 '
b11111111111111111111111111110011 ,
b0 &
b11101 %
b11101 +
b0 /
b1111101000 -
#10010000
b10000 "
b10000 '
b1 &
b1 /
b1111101001 -
#10020000
b1101 "
0#
b1101 '
b10 &
b10 /
b1111101010 -
#10030000
b0 "
b0 '
b11 &
b11 /
b1111101011 -
#10040000
1!
1(
b100 &
b100 /
b1111101100 -
#10050000
0!
0(
b101 &
b101 /
b1111101101 -
#10060000
b1 "
b1 '
b1 .
b110 &
b110 /
b1111101110 -
#10070000
b101110 "
b11110 .
b101110 '
b111 &
b111 /
b1111101111 -
#10080000
b101011 "
1#
b101011 '
b11111111111111111111111111110010 ,
b0 &
b11110 %
b11110 +
b0 /
b1111110000 -
#10090000
b10001 "
b10001 '
b1 &
b1 /
b1111110001 -
#10100000
b1110 "
0#
b1110 '
b10 &
b10 /
b1111110010 -
#10110000
b0 "
b0 '
b11 &
b11 /
b1111110011 -
#10120000
1!
1(
b100 &
b100 /
b1111110100 -
#10130000
0!
0(
b101 &
b101 /
b1111110101 -
#10140000
b10 "
b10 '
b10 .
b110 &
b110 /
b1111110110 -
#10150000
b101101 "
b11101 .
b101101 '
b111 &
b111 /
b1111110111 -
#10160000
b101100 "
1#
b101100 '
b11111111111111111111111111110001 ,
b0 &
b11111 %
b11111 +
b0 /
b1111111000 -
#10170000
b10010 "
b10010 '
b1 &
b1 /
b1111111001 -
#10180000
b1111 "
0#
b1111 '
b10 &
b10 /
b1111111010 -
#10190000
b0 "
b0 '
b11 &
b11 /
b1111111011 -
#10200000
1!
1(
b100 &
b100 /
b1111111100 -
#10210000
0!
0(
b101 &
b101 /
b1111111101 -
#10220000
b11 "
b11 '
b11 .
b110 &
b110 /
b1111111110 -
#10230000
b101100 "
b11100 .
b101100 '
b111 &
b111 /
b1111111111 -
#10240000
b100 "
1#
b100 '
b0 ,
b100 *
b0 &
b0 %
b100 $
b100 )
b0 +
b0 /
b10000000000 -
#10250000
b100 "
b100 '
b1 &
b1 /
b10000000001 -
#10260000
b0 "
0#
b0 '
b10 &
b10 /
b10000000010 -
#10270000
b11 &
b11 /
b10000000011 -
#10280000
1!
1(
b100 &
b100 /
b10000000100 -
#10290000
0!
0(
b101 &
b101 /
b10000000101 -
#10300000
b0 .
b110 &
b110 /
b10000000110 -
#10310000
b100 "
b100 '
b100 .
b111 &
b111 /
b10000000111 -
#10320000
b101 "
1#
b101 '
b1 ,
b0 &
b1 %
b1 +
b0 /
b10000001000 -
#10330000
b11 "
b11 '
b1 &
b1 /
b10000001001 -
#10340000
b111111 "
0#
b111111 '
b10 &
b10 /
b10000001010 -
#10350000
b0 "
b0 '
b11 &
b11 /
b10000001011 -
#10360000
1!
1(
b100 &
b100 /
b10000001100 -
#10370000
0!
0(
b101 &
b101 /
b10000001101 -
#10380000
b0 .
b110 &
b110 /
b10000001110 -
#10390000
b101 "
b101 '
b101 .
b111 &
b111 /
b10000001111 -
#10400000
b110 "
1#
b110 '
b10 ,
b0 &
b10 %
b10 +
b0 /
b10000010000 -
#10410000
b10 "
b10 '
b1 &
b1 /
b10000010001 -
#10420000
b111110 "
0#
b111110 '
b10 &
b10 /
b10000010010 -
#10430000
b0 "
b0 '
b11 &
b11 /
b10000010011 -
#10440000
1!
1(
b100 &
b100 /
b10000010100 -
#10450000
0!
0(
b101 &
b101 /
b10000010101 -
#10460000
b0 .
b110 &
b110 /
b10000010110 -
#10470000
b110 "
b110 '
b110 .
b111 &
b111 /
b10000010111 -
#10480000
b111 "
1#
b111 '
b11 ,
b0 &
b11 %
b11 +
b0 /
b10000011000 -
#10490000
b1 "
b1 '
b1 &
b1 /
b10000011001 -
#10500000
b111101 "
0#
b111101 '
b10 &
b10 /
b10000011010 -
#10510000
b0 "
b0 '
b11 &
b11 /
b10000011011 -
#10520000
1!
1(
b100 &
b100 /
b10000011100 -
#10530000
0!
0(
b101 &
b101 /
b10000011101 -
#10540000
b0 .
b110 &
b110 /
b10000011110 -
#10550000
b111 "
b111 '
b111 .
b111 &
b111 /
b10000011111 -
#10560000
b1000 "
1#
b1000 '
b100 ,
b0 &
b100 %
b100 +
b0 /
b10000100000 -
#10570000
b0 "
b0 '
b1 &
b1 /
b10000100001 -
#10580000
b111100 "
0#
b111100 '
b10 &
b10 /
b10000100010 -
#10590000
b0 "
1!
1(
b0 '
b11 &
b11 /
b10000100011 -
#10600000
0!
0(
b100 &
b100 /
b10000100100 -
#10610000
b101 &
b101 /
b10000100101 -
#10620000
b100 "
b100 '
b100 .
b110 &
b110 /
b10000100110 -
#10630000
b0 "
b0 .
b0 '
b111 &
b111 /
b10000100111 -
#10640000
b1001 "
1#
b1001 '
b101 ,
b0 &
b101 %
b101 +
b0 /
b10000101000 -
#10650000
b100001 "
b100001 '
b1 &
b1 /
b10000101001 -
#10660000
b111011 "
0#
b111011 '
b10 &
b10 /
b10000101010 -
#10670000
b0 "
b0 '
b11 &
b11 /
b10000101011 -
#10680000
b100 &
b100 /
b10000101100 -
#10690000
1!
1(
b101 &
b101 /
b10000101101 -
#10700000
b100 "
0!
b100 '
b100 .
0(
b110 &
b110 /
b10000101110 -
#10710000
b1 "
b1 .
b1 '
b111 &
b111 /
b10000101111 -
#10720000
b1010 "
1#
b1010 '
b110 ,
b0 &
b110 %
b110 +
b0 /
b10000110000 -
#10730000
b100010 "
b100010 '
b1 &
b1 /
b10000110001 -
#10740000
b111010 "
0#
b111010 '
b10 &
b10 /
b10000110010 -
#10750000
b0 "
b0 '
b11 &
b11 /
b10000110011 -
#10760000
b100 &
b100 /
b10000110100 -
#10770000
1!
1(
b101 &
b101 /
b10000110101 -
#10780000
b100 "
0!
b100 '
b100 .
0(
b110 &
b110 /
b10000110110 -
#10790000
b10 "
b10 .
b10 '
b111 &
b111 /
b10000110111 -
#10800000
b1011 "
1#
b1011 '
b111 ,
b0 &
b111 %
b111 +
b0 /
b10000111000 -
#10810000
b100011 "
b100011 '
b1 &
b1 /
b10000111001 -
#10820000
b111001 "
0#
b111001 '
b10 &
b10 /
b10000111010 -
#10830000
b0 "
b0 '
b11 &
b11 /
b10000111011 -
#10840000
b100 &
b100 /
b10000111100 -
#10850000
1!
1(
b101 &
b101 /
b10000111101 -
#10860000
b100 "
0!
b100 '
b100 .
0(
b110 &
b110 /
b10000111110 -
#10870000
b11 "
b11 .
b11 '
b111 &
b111 /
b10000111111 -
#10880000
b1100 "
1#
b1100 '
b1000 ,
b0 &
b1000 %
b1000 +
b0 /
b10001000000 -
#10890000
b100100 "
b100100 '
b1 &
b1 /
b10001000001 -
#10900000
b111000 "
0#
b111000 '
b10 &
b10 /
b10001000010 -
#10910000
b0 "
b0 '
b11 &
b11 /
b10001000011 -
#10920000
b100 &
b100 /
b10001000100 -
#10930000
1!
1(
b101 &
b101 /
b10001000101 -
#10940000
0!
b0 .
0(
b110 &
b110 /
b10001000110 -
#10950000
b1100 "
b1100 '
b1100 .
b111 &
b111 /
b10001000111 -
#10960000
b1101 "
1#
b1101 '
b1001 ,
b0 &
b1001 %
b1001 +
b0 /
b10001001000 -
#10970000
b100101 "
b100101 '
b1 &
b1 /
b10001001001 -
#10980000
b110111 "
0#
b110111 '
b10 &
b10 /
b10001001010 -
#10990000
b0 "
b0 '
b11 &
b11 /
b10001001011 -
#11000000
b100 &
b100 /
b10001001100 -
#11010000
1!
1(
b101 &
b101 /
b10001001101 -
#11020000
0!
b0 .
0(
b110 &
b110 /
b10001001110 -
#11030000
b1101 "
b1101 '
b1101 .
b111 &
b111 /
b10001001111 -
#11040000
b1110 "
1#
b1110 '
b1010 ,
b0 &
b1010 %
b1010 +
b0 /
b10001010000 -
#11050000
b100110 "
b100110 '
b1 &
b1 /
b10001010001 -
#11060000
b110110 "
0#
b110110 '
b10 &
b10 /
b10001010010 -
#11070000
b0 "
b0 '
b11 &
b11 /
b10001010011 -
#11080000
b100 &
b100 /
b10001010100 -
#11090000
1!
1(
b101 &
b101 /
b10001010101 -
#11100000
0!
b0 .
0(
b110 &
b110 /
b10001010110 -
#11110000
b1110 "
b1110 '
b1110 .
b111 &
b111 /
b10001010111 -
#11120000
b1111 "
1#
b1111 '
b1011 ,
b0 &
b1011 %
b1011 +
b0 /
b10001011000 -
#11130000
b100111 "
b100111 '
b1 &
b1 /
b10001011001 -
#11140000
b110101 "
0#
b110101 '
b10 &
b10 /
b10001011010 -
#11150000
b0 "
b0 '
b11 &
b11 /
b10001011011 -
#11160000
b100 &
b100 /
b10001011100 -
#11170000
1!
1(
b101 &
b101 /
b10001011101 -
#11180000
0!
b0 .
0(
b110 &
b110 /
b10001011110 -
#11190000
b1111 "
b1111 '
b1111 .
b111 &
b111 /
b10001011111 -
#11200000
b10000 "
1#
b10000 '
b1100 ,
b0 &
b1100 %
b1100 +
b0 /
b10001100000 -
#11210000
b101000 "
b101000 '
b1 &
b1 /
b10001100001 -
#11220000
b110100 "
0#
b110100 '
b10 &
b10 /
b10001100010 -
#11230000
b0 "
b0 '
b11 &
b11 /
b10001100011 -
#11240000
b100 &
b100 /
b10001100100 -
#11250000
1!
1(
b101 &
b101 /
b10001100101 -
#11260000
b100 "
0!
b100 '
b100 .
0(
b110 &
b110 /
b10001100110 -
#11270000
b1000 "
b1000 .
b1000 '
b111 &
b111 /
b10001100111 -
#11280000
b10001 "
1#
b10001 '
b1101 ,
b0 &
b1101 %
b1101 +
b0 /
b10001101000 -
#11290000
b101001 "
b101001 '
b1 &
b1 /
b10001101001 -
#11300000
b110011 "
0#
b110011 '
b10 &
b10 /
b10001101010 -
#11310000
b0 "
b0 '
b11 &
b11 /
b10001101011 -
#11320000
b100 &
b100 /
b10001101100 -
#11330000
1!
1(
b101 &
b101 /
b10001101101 -
#11340000
b100 "
0!
b100 '
b100 .
0(
b110 &
b110 /
b10001101110 -
#11350000
b1001 "
b1001 .
b1001 '
b111 &
b111 /
b10001101111 -
#11360000
b10010 "
1#
b10010 '
b1110 ,
b0 &
b1110 %
b1110 +
b0 /
b10001110000 -
#11370000
b101010 "
b101010 '
b1 &
b1 /
b10001110001 -
#11380000
b110010 "
0#
b110010 '
b10 &
b10 /
b10001110010 -
#11390000
b0 "
b0 '
b11 &
b11 /
b10001110011 -
#11400000
b100 &
b100 /
b10001110100 -
#11410000
1!
1(
b101 &
b101 /
b10001110101 -
#11420000
b100 "
0!
b100 '
b100 .
0(
b110 &
b110 /
b10001110110 -
#11430000
b1010 "
b1010 .
b1010 '
b111 &
b111 /
b10001110111 -
#11440000
b10011 "
1#
b10011 '
b1111 ,
b0 &
b1111 %
b1111 +
b0 /
b10001111000 -
#11450000
b101011 "
b101011 '
b1 &
b1 /
b10001111001 -
#11460000
b110001 "
0#
b110001 '
b10 &
b10 /
b10001111010 -
#11470000
b0 "
b0 '
b11 &
b11 /
b10001111011 -
#11480000
b100 &
b100 /
b10001111100 -
#11490000
1!
1(
b101 &
b101 /
b10001111101 -
#11500000
b100 "
0!
b100 '
b100 .
0(
b110 &
b110 /
b10001111110 -
#11510000
b1011 "
b1011 .
b1011 '
b111 &
b111 /
b10001111111 -
#11520000
b100 "
1#
b100 '
b0 ,
b0 &
b10000 %
b10000 +
b0 /
b10010000000 -
#11530000
b100 "
b100 '
b1 &
b1 /
b10010000001 -
#11540000
b0 "
0#
b0 '
b10 &
b10 /
b10010000010 -
#11550000
b11 &
b11 /
b10010000011 -
#11560000
1!
1(
b100 &
b100 /
b10010000100 -
#11570000
0!
0(
b101 &
b101 /
b10010000101 -
#11580000
b0 .
b110 &
b110 /
b10010000110 -
#11590000
b100100 "
b100100 '
b10100 .
b111 &
b111 /
b10010000111 -
#11600000
b11 "
1#
b11 '
b11111111111111111111111111111111 ,
b0 &
b10001 %
b10001 +
b0 /
b10010001000 -
#11610000
b101 "
b101 '
b1 &
b1 /
b10010001001 -
#11620000
b1 "
0#
b1 '
b10 &
b10 /
b10010001010 -
#11630000
b0 "
b0 '
b11 &
b11 /
b10010001011 -
#11640000
1!
1(
b100 &
b100 /
b10010001100 -
#11650000
0!
0(
b101 &
b101 /
b10010001101 -
#11660000
b0 .
b110 &
b110 /
b10010001110 -
#11670000
b100101 "
b100101 '
b10101 .
b111 &
b111 /
b10010001111 -
#11680000
b10 "
1#
b10 '
b11111111111111111111111111111110 ,
b0 &
b10010 %
b10010 +
b0 /
b10010010000 -
#11690000
b110 "
b110 '
b1 &
b1 /
b10010010001 -
#11700000
b10 "
0#
b10 '
b10 &
b10 /
b10010010010 -
#11710000
b0 "
b0 '
b11 &
b11 /
b10010010011 -
#11720000
1!
1(
b100 &
b100 /
b10010010100 -
#11730000
0!
0(
b101 &
b101 /
b10010010101 -
#11740000
b0 .
b110 &
b110 /
b10010010110 -
#11750000
b100110 "
b100110 '
b10110 .
b111 &
b111 /
b10010010111 -
#11760000
b1 "
1#
b1 '
b11111111111111111111111111111101 ,
b0 &
b10011 %
b10011 +
b0 /
b10010011000 -
#11770000
b111 "
b111 '
b1 &
b1 /
b10010011001 -
#11780000
b11 "
0#
b11 '
b10 &
b10 /
b10010011010 -
#11790000
b0 "
b0 '
b11 &
b11 /
b10010011011 -
#11800000
1!
1(
b100 &
b100 /
b10010011100 -
#11810000
0!
0(
b101 &
b101 /
b10010011101 -
#11820000
b0 .
b110 &
b110 /
b10010011110 -
#11830000
b100111 "
b100111 '
b10111 .
b111 &
b111 /
b10010011111 -
#11840000
b0 "
1#
b0 '
b11111111111111111111111111111100 ,
b0 &
b10100 %
b10100 +
b0 /
b10010100000 -
#11850000
b1000 "
b1000 '
b1 &
b1 /
b10010100001 -
#11860000
b100 "
0#
b100 '
b10 &
b10 /
b10010100010 -
#11870000
b0 "
b0 '
b11 &
b11 /
b10010100011 -
#11880000
1!
1(
b100 &
b100 /
b10010100100 -
#11890000
0!
0(
b101 &
b101 /
b10010100101 -
#11900000
b100 "
b100 '
b100 .
b110 &
b110 /
b10010100110 -
#11910000
b100000 "
b10000 .
b100000 '
b111 &
b111 /
b10010100111 -
#11920000
b100001 "
1#
b100001 '
b11111111111111111111111111111011 ,
b0 &
b10101 %
b10101 +
b0 /
b10010101000 -
#11930000
b1001 "
b1001 '
b1 &
b1 /
b10010101001 -
#11940000
b101 "
0#
b101 '
b10 &
b10 /
b10010101010 -
#11950000
b0 "
b0 '
b11 &
b11 /
b10010101011 -
#11960000
1!
1(
b100 &
b100 /
b10010101100 -
#11970000
0!
0(
b101 &
b101 /
b10010101101 -
#11980000
b100 "
b100 '
b100 .
b110 &
b110 /
b10010101110 -
#11990000
b100001 "
b10001 .
b100001 '
b111 &
b111 /
b10010101111 -
#12000000
b100010 "
1#
b100010 '
b11111111111111111111111111111010 ,
b0 &
b10110 %
b10110 +
b0 /
b10010110000 -
#12010000
b1010 "
b1010 '
b1 &
b1 /
b10010110001 -
#12020000
b110 "
0#
b110 '
b10 &
b10 /
b10010110010 -
#12030000
b0 "
b0 '
b11 &
b11 /
b10010110011 -
#12040000
1!
1(
b100 &
b100 /
b10010110100 -
#12050000
0!
0(
b101 &
b101 /
b10010110101 -
#12060000
b100 "
b100 '
b100 .
b110 &
b110 /
b10010110110 -
#12070000
b100010 "
b10010 .
b100010 '
b111 &
b111 /
b10010110111 -
#12080000
b100011 "
1#
b100011 '
b11111111111111111111111111111001 ,
b0 &
b10111 %
b10111 +
b0 /
b10010111000 -
#12090000
b1011 "
b1011 '
b1 &
b1 /
b10010111001 -
#12100000
b111 "
0#
b111 '
b10 &
b10 /
b10010111010 -
#12110000
b0 "
b0 '
b11 &
b11 /
b10010111011 -
#12120000
1!
1(
b100 &
b100 /
b10010111100 -
#12130000
0!
0(
b101 &
b101 /
b10010111101 -
#12140000
b100 "
b100 '
b100 .
b110 &
b110 /
b10010111110 -
#12150000
b100011 "
b10011 .
b100011 '
b111 &
b111 /
b10010111111 -
#12160000
b100100 "
1#
b100100 '
b11111111111111111111111111111000 ,
b0 &
b11000 %
b11000 +
b0 /
b10011000000 -
#12170000
b1100 "
b1100 '
b1 &
b1 /
b10011000001 -
#12180000
b1000 "
0#
b1000 '
b10 &
b10 /
b10011000010 -
#12190000
b0 "
b0 '
b11 &
b11 /
b10011000011 -
#12200000
1!
1(
b100 &
b100 /
b10011000100 -
#12210000
0!
0(
b101 &
b101 /
b10011000101 -
#12220000
b0 .
b110 &
b110 /
b10011000110 -
#12230000
b101100 "
b101100 '
b11100 .
b111 &
b111 /
b10011000111 -
#12240000
b100101 "
1#
b100101 '
b11111111111111111111111111110111 ,
b0 &
b11001 %
b11001 +
b0 /
b10011001000 -
#12250000
b1101 "
b1101 '
b1 &
b1 /
b10011001001 -
#12260000
b1001 "
0#
b1001 '
b10 &
b10 /
b10011001010 -
#12270000
b0 "
b0 '
b11 &
b11 /
b10011001011 -
#12280000
1!
1(
b100 &
b100 /
b10011001100 -
#12290000
0!
0(
b101 &
b101 /
b10011001101 -
#12300000
b0 .
b110 &
b110 /
b10011001110 -
#12310000
b101101 "
b101101 '
b11101 .
b111 &
b111 /
b10011001111 -
#12320000
b100110 "
1#
b100110 '
b11111111111111111111111111110110 ,
b0 &
b11010 %
b11010 +
b0 /
b10011010000 -
#12330000
b1110 "
b1110 '
b1 &
b1 /
b10011010001 -
#12340000
b1010 "
0#
b1010 '
b10 &
b10 /
b10011010010 -
#12350000
b0 "
b0 '
b11 &
b11 /
b10011010011 -
#12360000
1!
1(
b100 &
b100 /
b10011010100 -
#12370000
0!
0(
b101 &
b101 /
b10011010101 -
#12380000
b0 .
b110 &
b110 /
b10011010110 -
#12390000
b101110 "
b101110 '
b11110 .
b111 &
b111 /
b10011010111 -
#12400000
b100111 "
1#
b100111 '
b11111111111111111111111111110101 ,
b0 &
b11011 %
b11011 +
b0 /
b10011011000 -
#12410000
b1111 "
b1111 '
b1 &
b1 /
b10011011001 -
#12420000
b1011 "
0#
b1011 '
b10 &
b10 /
b10011011010 -
#12430000
b0 "
b0 '
b11 &
b11 /
b10011011011 -
#12440000
1!
1(
b100 &
b100 /
b10011011100 -
#12450000
0!
0(
b101 &
b101 /
b10011011101 -
#12460000
b0 .
b110 &
b110 /
b10011011110 -
#12470000
b101111 "
b101111 '
b11111 .
b111 &
b111 /
b10011011111 -
#12480000
b101000 "
1#
b101000 '
b11111111111111111111111111110100 ,
b0 &
b11100 %
b11100 +
b0 /
b10011100000 -
#12490000
b10000 "
b10000 '
b1 &
b1 /
b10011100001 -
#12500000
b1100 "
0#
b1100 '
b10 &
b10 /
b10011100010 -
#12510000
b0 "
b0 '
b11 &
b11 /
b10011100011 -
#12520000
1!
1(
b100 &
b100 /
b10011100100 -
#12530000
0!
0(
b101 &
b101 /
b10011100101 -
#12540000
b100 "
b100 '
b100 .
b110 &
b110 /
b10011100110 -
#12550000
b101000 "
b11000 .
b101000 '
b111 &
b111 /
b10011100111 -
#12560000
b101001 "
1#
b101001 '
b11111111111111111111111111110011 ,
b0 &
b11101 %
b11101 +
b0 /
b10011101000 -
#12570000
b10001 "
b10001 '
b1 &
b1 /
b10011101001 -
#12580000
b1101 "
0#
b1101 '
b10 &
b10 /
b10011101010 -
#12590000
b0 "
b0 '
b11 &
b11 /
b10011101011 -
#12600000
1!
1(
b100 &
b100 /
b10011101100 -
#12610000
0!
0(
b101 &
b101 /
b10011101101 -
#12620000
b100 "
b100 '
b100 .
b110 &
b110 /
b10011101110 -
#12630000
b101001 "
b11001 .
b101001 '
b111 &
b111 /
b10011101111 -
#12640000
b101010 "
1#
b101010 '
b11111111111111111111111111110010 ,
b0 &
b11110 %
b11110 +
b0 /
b10011110000 -
#12650000
b10010 "
b10010 '
b1 &
b1 /
b10011110001 -
#12660000
b1110 "
0#
b1110 '
b10 &
b10 /
b10011110010 -
#12670000
b0 "
b0 '
b11 &
b11 /
b10011110011 -
#12680000
1!
1(
b100 &
b100 /
b10011110100 -
#12690000
0!
0(
b101 &
b101 /
b10011110101 -
#12700000
b100 "
b100 '
b100 .
b110 &
b110 /
b10011110110 -
#12710000
b101010 "
b11010 .
b101010 '
b111 &
b111 /
b10011110111 -
#12720000
b101011 "
1#
b101011 '
b11111111111111111111111111110001 ,
b0 &
b11111 %
b11111 +
b0 /
b10011111000 -
#12730000
b10011 "
b10011 '
b1 &
b1 /
b10011111001 -
#12740000
b1111 "
0#
b1111 '
b10 &
b10 /
b10011111010 -
#12750000
b0 "
b0 '
b11 &
b11 /
b10011111011 -
#12760000
1!
1(
b100 &
b100 /
b10011111100 -
#12770000
0!
0(
b101 &
b101 /
b10011111101 -
#12780000
b100 "
b100 '
b100 .
b110 &
b110 /
b10011111110 -
#12790000
b101011 "
b11011 .
b101011 '
b111 &
b111 /
b10011111111 -
#12800000
b101 "
1#
b101 '
b0 ,
b101 *
b0 &
b0 %
b101 $
b101 )
b0 +
b0 /
b10100000000 -
#12810000
b101 "
b101 '
b1 &
b1 /
b10100000001 -
#12820000
b0 "
0#
b0 '
b10 &
b10 /
b10100000010 -
#12830000
b11 &
b11 /
b10100000011 -
#12840000
1!
1(
b100 &
b100 /
b10100000100 -
#12850000
0!
0(
b101 &
b101 /
b10100000101 -
#12860000
b0 .
b110 &
b110 /
b10100000110 -
#12870000
b101 "
b101 '
b101 .
b111 &
b111 /
b10100000111 -
#12880000
b110 "
1#
b110 '
b1 ,
b0 &
b1 %
b1 +
b0 /
b10100001000 -
#12890000
b100 "
b100 '
b1 &
b1 /
b10100001001 -
#12900000
b111111 "
0#
b111111 '
b10 &
b10 /
b10100001010 -
#12910000
b0 "
b0 '
b11 &
b11 /
b10100001011 -
#12920000
1!
1(
b100 &
b100 /
b10100001100 -
#12930000
0!
0(
b101 &
b101 /
b10100001101 -
#12940000
b1 "
b1 '
b1 .
b110 &
b110 /
b10100001110 -
#12950000
b100 "
b100 .
b100 '
b111 &
b111 /
b10100001111 -
#12960000
b111 "
1#
b111 '
b10 ,
b0 &
b10 %
b10 +
b0 /
b10100010000 -
#12970000
b11 "
b11 '
b1 &
b1 /
b10100010001 -
#12980000
b111110 "
0#
b111110 '
b10 &
b10 /
b10100010010 -
#12990000
b0 "
b0 '
b11 &
b11 /
b10100010011 -
#13000000
1!
1(
b100 &
b100 /
b10100010100 -
#13010000
0!
0(
b101 &
b101 /
b10100010101 -
#13020000
b0 .
b110 &
b110 /
b10100010110 -
#13030000
b111 "
b111 '
b111 .
b111 &
b111 /
b10100010111 -
#13040000
b1000 "
1#
b1000 '
b11 ,
b0 &
b11 %
b11 +
b0 /
b10100011000 -
#13050000
b10 "
b10 '
b1 &
b1 /
b10100011001 -
#13060000
b111101 "
0#
b111101 '
b10 &
b10 /
b10100011010 -
#13070000
b0 "
b0 '
b11 &
b11 /
b10100011011 -
#13080000
1!
1(
b100 &
b100 /
b10100011100 -
#13090000
0!
0(
b101 &
b101 /
b10100011101 -
#13100000
b1 "
b1 '
b1 .
b110 &
b110 /
b10100011110 -
#13110000
b110 "
b110 .
b110 '
b111 &
b111 /
b10100011111 -
#13120000
b1001 "
1#
b1001 '
b100 ,
b0 &
b100 %
b100 +
b0 /
b10100100000 -
#13130000
b1 "
b1 '
b1 &
b1 /
b10100100001 -
#13140000
b111100 "
0#
b111100 '
b10 &
b10 /
b10100100010 -
#13150000
b0 "
b0 '
b11 &
b11 /
b10100100011 -
#13160000
1!
1(
b100 &
b100 /
b10100100100 -
#13170000
0!
0(
b101 &
b101 /
b10100100101 -
#13180000
b100 "
b100 '
b100 .
b110 &
b110 /
b10100100110 -
#13190000
b1 "
b1 .
b1 '
b111 &
b111 /
b10100100111 -
#13200000
b1010 "
1#
b1010 '
b101 ,
b0 &
b101 %
b101 +
b0 /
b10100101000 -
#13210000
b0 "
b0 '
b1 &
b1 /
b10100101001 -
#13220000
b111011 "
0#
b111011 '
b10 &
b10 /
b10100101010 -
#13230000
b0 "
1!
1(
b0 '
b11 &
b11 /
b10100101011 -
#13240000
0!
0(
b100 &
b100 /
b10100101100 -
#13250000
b101 &
b101 /
b10100101101 -
#13260000
b101 "
b101 '
b101 .
b110 &
b110 /
b10100101110 -
#13270000
b0 "
b0 .
b0 '
b111 &
b111 /
b10100101111 -
#13280000
b1011 "
1#
b1011 '
b110 ,
b0 &
b110 %
b110 +
b0 /
b10100110000 -
#13290000
b100001 "
b100001 '
b1 &
b1 /
b10100110001 -
#13300000
b111010 "
0#
b111010 '
b10 &
b10 /
b10100110010 -
#13310000
b0 "
b0 '
b11 &
b11 /
b10100110011 -
#13320000
b100 &
b100 /
b10100110100 -
#13330000
1!
1(
b101 &
b101 /
b10100110101 -
#13340000
b100 "
0!
b100 '
b100 .
0(
b110 &
b110 /
b10100110110 -
#13350000
b11 "
b11 .
b11 '
b111 &
b111 /
b10100110111 -
#13360000
b1100 "
1#
b1100 '
b111 ,
b0 &
b111 %
b111 +
b0 /
b10100111000 -
#13370000
b100010 "
b100010 '
b1 &
b1 /
b10100111001 -
#13380000
b111001 "
0#
b111001 '
b10 &
b10 /
b10100111010 -
#13390000
b0 "
b0 '
b11 &
b11 /
b10100111011 -
#13400000
b100 &
b100 /
b10100111100 -
#13410000
1!
1(
b101 &
b101 /
b10100111101 -
#13420000
b101 "
0!
b101 '
b101 .
0(
b110 &
b110 /
b10100111110 -
#13430000
b10 "
b10 .
b10 '
b111 &
b111 /
b10100111111 -
#13440000
b1101 "
1#
b1101 '
b1000 ,
b0 &
b1000 %
b1000 +
b0 /
b10101000000 -
#13450000
b100011 "
b100011 '
b1 &
b1 /
b10101000001 -
#13460000
b111000 "
0#
b111000 '
b10 &
b10 /
b10101000010 -
#13470000
b0 "
b0 '
b11 &
b11 /
b10101000011 -
#13480000
b100 &
b100 /
b10101000100 -
#13490000
1!
1(
b101 &
b101 /
b10101000101 -
#13500000
0!
b0 .
0(
b110 &
b110 /
b10101000110 -
#13510000
b1101 "
b1101 '
b1101 .
b111 &
b111 /
b10101000111 -
#13520000
b1110 "
1#
b1110 '
b1001 ,
b0 &
b1001 %
b1001 +
b0 /
b10101001000 -
#13530000
b100100 "
b100100 '
b1 &
b1 /
b10101001001 -
#13540000
b110111 "
0#
b110111 '
b10 &
b10 /
b10101001010 -
#13550000
b0 "
b0 '
b11 &
b11 /
b10101001011 -
#13560000
b100 &
b100 /
b10101001100 -
#13570000
1!
1(
b101 &
b101 /
b10101001101 -
#13580000
b1 "
0!
b1 '
b1 .
0(
b110 &
b110 /
b10101001110 -
#13590000
b1100 "
b1100 .
b1100 '
b111 &
b111 /
b10101001111 -
#13600000
b1111 "
1#
b1111 '
b1010 ,
b0 &
b1010 %
b1010 +
b0 /
b10101010000 -
#13610000
b100101 "
b100101 '
b1 &
b1 /
b10101010001 -
#13620000
b110110 "
0#
b110110 '
b10 &
b10 /
b10101010010 -
#13630000
b0 "
b0 '
b11 &
b11 /
b10101010011 -
#13640000
b100 &
b100 /
b10101010100 -
#13650000
1!
1(
b101 &
b101 /
b10101010101 -
#13660000
0!
b0 .
0(
b110 &
b110 /
b10101010110 -
#13670000
b1111 "
b1111 '
b1111 .
b111 &
b111 /
b10101010111 -
#13680000
b10000 "
1#
b10000 '
b1011 ,
b0 &
b1011 %
b1011 +
b0 /
b10101011000 -
#13690000
b100110 "
b100110 '
b1 &
b1 /
b10101011001 -
#13700000
b110101 "
0#
b110101 '
b10 &
b10 /
b10101011010 -
#13710000
b0 "
b0 '
b11 &
b11 /
b10101011011 -
#13720000
b100 &
b100 /
b10101011100 -
#13730000
1!
1(
b101 &
b101 /
b10101011101 -
#13740000
b1 "
0!
b1 '
b1 .
0(
b110 &
b110 /
b10101011110 -
#13750000
b1110 "
b1110 .
b1110 '
b111 &
b111 /
b10101011111 -
#13760000
b10001 "
1#
b10001 '
b1100 ,
b0 &
b1100 %
b1100 +
b0 /
b10101100000 -
#13770000
b100111 "
b100111 '
b1 &
b1 /
b10101100001 -
#13780000
b110100 "
0#
b110100 '
b10 &
b10 /
b10101100010 -
#13790000
b0 "
b0 '
b11 &
b11 /
b10101100011 -
#13800000
b100 &
b100 /
b10101100100 -
#13810000
1!
1(
b101 &
b101 /
b10101100101 -
#13820000
b100 "
0!
b100 '
b100 .
0(
b110 &
b110 /
b10101100110 -
#13830000
b1001 "
b1001 .
b1001 '
b111 &
b111 /
b10101100111 -
#13840000
b10010 "
1#
b10010 '
b1101 ,
b0 &
b1101 %
b1101 +
b0 /
b10101101000 -
#13850000
b101000 "
b101000 '
b1 &
b1 /
b10101101001 -
#13860000
b110011 "
0#
b110011 '
b10 &
b10 /
b10101101010 -
#13870000
b0 "
b0 '
b11 &
b11 /
b10101101011 -
#13880000
b100 &
b100 /
b10101101100 -
#13890000
1!
1(
b101 &
b101 /
b10101101101 -
#13900000
b101 "
0!
b101 '
b101 .
0(
b110 &
b110 /
b10101101110 -
#13910000
b1000 "
b1000 .
b1000 '
b111 &
b111 /
b10101101111 -
#13920000
b10011 "
1#
b10011 '
b1110 ,
b0 &
b1110 %
b1110 +
b0 /
b10101110000 -
#13930000
b101001 "
b101001 '
b1 &
b1 /
b10101110001 -
#13940000
b110010 "
0#
b110010 '
b10 &
b10 /
b10101110010 -
#13950000
b0 "
b0 '
b11 &
b11 /
b10101110011 -
#13960000
b100 &
b100 /
b10101110100 -
#13970000
1!
1(
b101 &
b101 /
b10101110101 -
#13980000
b100 "
0!
b100 '
b100 .
0(
b110 &
b110 /
b10101110110 -
#13990000
b1011 "
b1011 .
b1011 '
b111 &
b111 /
b10101110111 -
#14000000
b10100 "
1#
b10100 '
b1111 ,
b0 &
b1111 %
b1111 +
b0 /
b10101111000 -
#14010000
b101010 "
b101010 '
b1 &
b1 /
b10101111001 -
#14020000
b110001 "
0#
b110001 '
b10 &
b10 /
b10101111010 -
#14030000
b0 "
b0 '
b11 &
b11 /
b10101111011 -
#14040000
b100 &
b100 /
b10101111100 -
#14050000
1!
1(
b101 &
b101 /
b10101111101 -
#14060000
b101 "
0!
b101 '
b101 .
0(
b110 &
b110 /
b10101111110 -
#14070000
b1010 "
b1010 .
b1010 '
b111 &
b111 /
b10101111111 -
#14080000
b101 "
1#
b101 '
b0 ,
b0 &
b10000 %
b10000 +
b0 /
b10110000000 -
#14090000
b101 "
b101 '
b1 &
b1 /
b10110000001 -
#14100000
b0 "
0#
b0 '
b10 &
b10 /
b10110000010 -
#14110000
b11 &
b11 /
b10110000011 -
#14120000
1!
1(
b100 &
b100 /
b10110000100 -
#14130000
0!
0(
b101 &
b101 /
b10110000101 -
#14140000
b0 .
b110 &
b110 /
b10110000110 -
#14150000
b100101 "
b100101 '
b10101 .
b111 &
b111 /
b10110000111 -
#14160000
b100 "
1#
b100 '
b11111111111111111111111111111111 ,
b0 &
b10001 %
b10001 +
b0 /
b10110001000 -
#14170000
b110 "
b110 '
b1 &
b1 /
b10110001001 -
#14180000
b1 "
0#
b1 '
b10 &
b10 /
b10110001010 -
#14190000
b0 "
b0 '
b11 &
b11 /
b10110001011 -
#14200000
1!
1(
b100 &
b100 /
b10110001100 -
#14210000
0!
0(
b101 &
b101 /
b10110001101 -
#14220000
b1 "
b1 '
b1 .
b110 &
b110 /
b10110001110 -
#14230000
b100100 "
b10100 .
b100100 '
b111 &
b111 /
b10110001111 -
#14240000
b11 "
1#
b11 '
b11111111111111111111111111111110 ,
b0 &
b10010 %
b10010 +
b0 /
b10110010000 -
#14250000
b111 "
b111 '
b1 &
b1 /
b10110010001 -
#14260000
b10 "
0#
b10 '
b10 &
b10 /
b10110010010 -
#14270000
b0 "
b0 '
b11 &
b11 /
b10110010011 -
#14280000
1!
1(
b100 &
b100 /
b10110010100 -
#14290000
0!
0(
b101 &
b101 /
b10110010101 -
#14300000
b0 .
b110 &
b110 /
b10110010110 -
#14310000
b100111 "
b100111 '
b10111 .
b111 &
b111 /
b10110010111 -
#14320000
b10 "
1#
b10 '
b11111111111111111111111111111101 ,
b0 &
b10011 %
b10011 +
b0 /
b10110011000 -
#14330000
b1000 "
b1000 '
b1 &
b1 /
b10110011001 -
#14340000
b11 "
0#
b11 '
b10 &
b10 /
b10110011010 -
#14350000
b0 "
b0 '
b11 &
b11 /
b10110011011 -
#14360000
1!
1(
b100 &
b100 /
b10110011100 -
#14370000
0!
0(
b101 &
b101 /
b10110011101 -
#14380000
b1 "
b1 '
b1 .
b110 &
b110 /
b10110011110 -
#14390000
b100110 "
b10110 .
b100110 '
b111 &
b111 /
b10110011111 -
#14400000
b1 "
1#
b1 '
b11111111111111111111111111111100 ,
b0 &
b10100 %
b10100 +
b0 /
b10110100000 -
#14410000
b1001 "
b1001 '
b1 &
b1 /
b10110100001 -
#14420000
b100 "
0#
b100 '
b10 &
b10 /
b10110100010 -
#14430000
b0 "
b0 '
b11 &
b11 /
b10110100011 -
#14440000
1!
1(
b100 &
b100 /
b10110100100 -
#14450000
0!
0(
b101 &
b101 /
b10110100101 -
#14460000
b100 "
b100 '
b100 .
b110 &
b110 /
b10110100110 -
#14470000
b100001 "
b10001 .
b100001 '
b111 &
b111 /
b10110100111 -
#14480000
b0 "
1#
b0 '
b11111111111111111111111111111011 ,
b0 &
b10101 %
b10101 +
b0 /
b10110101000 -
#14490000
b1010 "
b1010 '
b1 &
b1 /
b10110101001 -
#14500000
b101 "
0#
b101 '
b10 &
b10 /
b10110101010 -
#14510000
b0 "
b0 '
b11 &
b11 /
b10110101011 -
#14520000
1!
1(
b100 &
b100 /
b10110101100 -
#14530000
0!
0(
b101 &
b101 /
b10110101101 -
#14540000
b101 "
b101 '
b101 .
b110 &
b110 /
b10110101110 -
#14550000
b100000 "
b10000 .
b100000 '
b111 &
b111 /
b10110101111 -
#14560000
b100001 "
1#
b100001 '
b11111111111111111111111111111010 ,
b0 &
b10110 %
b10110 +
b0 /
b10110110000 -
#14570000
b1011 "
b1011 '
b1 &
b1 /
b10110110001 -
#14580000
b110 "
0#
b110 '
b10 &
b10 /
b10110110010 -
#14590000
b0 "
b0 '
b11 &
b11 /
b10110110011 -
#14600000
1!
1(
b100 &
b100 /
b10110110100 -
#14610000
0!
0(
b101 &
b101 /
b10110110101 -
#14620000
b100 "
b100 '
b100 .
b110 &
b110 /
b10110110110 -
#14630000
b100011 "
b10011 .
b100011 '
b111 &
b111 /
b10110110111 -
#14640000
b100010 "
1#
b100010 '
b11111111111111111111111111111001 ,
b0 &
b10111 %
b10111 +
b0 /
b10110111000 -
#14650000
b1100 "
b1100 '
b1 &
b1 /
b10110111001 -
#14660000
b111 "
0#
b111 '
b10 &
b10 /
b10110111010 -
#14670000
b0 "
b0 '
b11 &
b11 /
b10110111011 -
#14680000
1!
1(
b100 &
b100 /
b10110111100 -
#14690000
0!
0(
b101 &
b101 /
b10110111101 -
#14700000
b101 "
b101 '
b101 .
b110 &
b110 /
b10110111110 -
#14710000
b100010 "
b10010 .
b100010 '
b111 &
b111 /
b10110111111 -
#14720000
b100011 "
1#
b100011 '
b11111111111111111111111111111000 ,
b0 &
b11000 %
b11000 +
b0 /
b10111000000 -
#14730000
b1101 "
b1101 '
b1 &
b1 /
b10111000001 -
#14740000
b1000 "
0#
b1000 '
b10 &
b10 /
b10111000010 -
#14750000
b0 "
b0 '
b11 &
b11 /
b10111000011 -
#14760000
1!
1(
b100 &
b100 /
b10111000100 -
#14770000
0!
0(
b101 &
b101 /
b10111000101 -
#14780000
b0 .
b110 &
b110 /
b10111000110 -
#14790000
b101101 "
b101101 '
b11101 .
b111 &
b111 /
b10111000111 -
#14800000
b100100 "
1#
b100100 '
b11111111111111111111111111110111 ,
b0 &
b11001 %
b11001 +
b0 /
b10111001000 -
#14810000
b1110 "
b1110 '
b1 &
b1 /
b10111001001 -
#14820000
b1001 "
0#
b1001 '
b10 &
b10 /
b10111001010 -
#14830000
b0 "
b0 '
b11 &
b11 /
b10111001011 -
#14840000
1!
1(
b100 &
b100 /
b10111001100 -
#14850000
0!
0(
b101 &
b101 /
b10111001101 -
#14860000
b1 "
b1 '
b1 .
b110 &
b110 /
b10111001110 -
#14870000
b101100 "
b11100 .
b101100 '
b111 &
b111 /
b10111001111 -
#14880000
b100101 "
1#
b100101 '
b11111111111111111111111111110110 ,
b0 &
b11010 %
b11010 +
b0 /
b10111010000 -
#14890000
b1111 "
b1111 '
b1 &
b1 /
b10111010001 -
#14900000
b1010 "
0#
b1010 '
b10 &
b10 /
b10111010010 -
#14910000
b0 "
b0 '
b11 &
b11 /
b10111010011 -
#14920000
1!
1(
b100 &
b100 /
b10111010100 -
#14930000
0!
0(
b101 &
b101 /
b10111010101 -
#14940000
b0 .
b110 &
b110 /
b10111010110 -
#14950000
b101111 "
b101111 '
b11111 .
b111 &
b111 /
b10111010111 -
#14960000
b100110 "
1#
b100110 '
b11111111111111111111111111110101 ,
b0 &
b11011 %
b11011 +
b0 /
b10111011000 -
#14970000
b10000 "
b10000 '
b1 &
b1 /
b10111011001 -
#14980000
b1011 "
0#
b1011 '
b10 &
b10 /
b10111011010 -
#14990000
b0 "
b0 '
b11 &
b11 /
b10111011011 -
#15000000
1!
1(
b100 &
b100 /
b10111011100 -
#15010000
0!
0(
b101 &
b101 /
b10111011101 -
#15020000
b1 "
b1 '
b1 .
b110 &
b110 /
b10111011110 -
#15030000
b101110 "
b11110 .
b101110 '
b111 &
b111 /
b10111011111 -
#15040000
b100111 "
1#
b100111 '
b11111111111111111111111111110100 ,
b0 &
b11100 %
b11100 +
b0 /
b10111100000 -
#15050000
b10001 "
b10001 '
b1 &
b1 /
b10111100001 -
#15060000
b1100 "
0#
b1100 '
b10 &
b10 /
b10111100010 -
#15070000
b0 "
b0 '
b11 &
b11 /
b10111100011 -
#15080000
1!
1(
b100 &
b100 /
b10111100100 -
#15090000
0!
0(
b101 &
b101 /
b10111100101 -
#15100000
b100 "
b100 '
b100 .
b110 &
b110 /
b10111100110 -
#15110000
b101001 "
b11001 .
b101001 '
b111 &
b111 /
b10111100111 -
#15120000
b101000 "
1#
b101000 '
b11111111111111111111111111110011 ,
b0 &
b11101 %
b11101 +
b0 /
b10111101000 -
#15130000
b10010 "
b10010 '
b1 &
b1 /
b10111101001 -
#15140000
b1101 "
0#
b1101 '
b10 &
b10 /
b10111101010 -
#15150000
b0 "
b0 '
b11 &
b11 /
b10111101011 -
#15160000
1!
1(
b100 &
b100 /
b10111101100 -
#15170000
0!
0(
b101 &
b101 /
b10111101101 -
#15180000
b101 "
b101 '
b101 .
b110 &
b110 /
b10111101110 -
#15190000
b101000 "
b11000 .
b101000 '
b111 &
b111 /
b10111101111 -
#15200000
b101001 "
1#
b101001 '
b11111111111111111111111111110010 ,
b0 &
b11110 %
b11110 +
b0 /
b10111110000 -
#15210000
b10011 "
b10011 '
b1 &
b1 /
b10111110001 -
#15220000
b1110 "
0#
b1110 '
b10 &
b10 /
b10111110010 -
#15230000
b0 "
b0 '
b11 &
b11 /
b10111110011 -
#15240000
1!
1(
b100 &
b100 /
b10111110100 -
#15250000
0!
0(
b101 &
b101 /
b10111110101 -
#15260000
b100 "
b100 '
b100 .
b110 &
b110 /
b10111110110 -
#15270000
b101011 "
b11011 .
b101011 '
b111 &
b111 /
b10111110111 -
#15280000
b101010 "
1#
b101010 '
b11111111111111111111111111110001 ,
b0 &
b11111 %
b11111 +
b0 /
b10111111000 -
#15290000
b10100 "
b10100 '
b1 &
b1 /
b10111111001 -
#15300000
b1111 "
0#
b1111 '
b10 &
b10 /
b10111111010 -
#15310000
b0 "
b0 '
b11 &
b11 /
b10111111011 -
#15320000
1!
1(
b100 &
b100 /
b10111111100 -
#15330000
0!
0(
b101 &
b101 /
b10111111101 -
#15340000
b101 "
b101 '
b101 .
b110 &
b110 /
b10111111110 -
#15350000
b101010 "
b11010 .
b101010 '
b111 &
b111 /
b10111111111 -
#15360000
b110 "
1#
b110 '
b0 ,
b110 *
b0 &
b0 %
b110 $
b110 )
b0 +
b0 /
b11000000000 -
#15370000
b110 "
b110 '
b1 &
b1 /
b11000000001 -
#15380000
b0 "
0#
b0 '
b10 &
b10 /
b11000000010 -
#15390000
b11 &
b11 /
b11000000011 -
#15400000
1!
1(
b100 &
b100 /
b11000000100 -
#15410000
0!
0(
b101 &
b101 /
b11000000101 -
#15420000
b0 .
b110 &
b110 /
b11000000110 -
#15430000
b110 "
b110 '
b110 .
b111 &
b111 /
b11000000111 -
#15440000
b111 "
1#
b111 '
b1 ,
b0 &
b1 %
b1 +
b0 /
b11000001000 -
#15450000
b101 "
b101 '
b1 &
b1 /
b11000001001 -
#15460000
b111111 "
0#
b111111 '
b10 &
b10 /
b11000001010 -
#15470000
b0 "
b0 '
b11 &
b11 /
b11000001011 -
#15480000
1!
1(
b100 &
b100 /
b11000001100 -
#15490000
0!
0(
b101 &
b101 /
b11000001101 -
#15500000
b0 .
b110 &
b110 /
b11000001110 -
#15510000
b111 "
b111 '
b111 .
b111 &
b111 /
b11000001111 -
#15520000
b1000 "
1#
b1000 '
b10 ,
b0 &
b10 %
b10 +
b0 /
b11000010000 -
#15530000
b100 "
b100 '
b1 &
b1 /
b11000010001 -
#15540000
b111110 "
0#
b111110 '
b10 &
b10 /
b11000010010 -
#15550000
b0 "
b0 '
b11 &
b11 /
b11000010011 -
#15560000
1!
1(
b100 &
b100 /
b11000010100 -
#15570000
0!
0(
b101 &
b101 /
b11000010101 -
#15580000
b10 "
b10 '
b10 .
b110 &
b110 /
b11000010110 -
#15590000
b100 "
b100 .
b100 '
b111 &
b111 /
b11000010111 -
#15600000
b1001 "
1#
b1001 '
b11 ,
b0 &
b11 %
b11 +
b0 /
b11000011000 -
#15610000
b11 "
b11 '
b1 &
b1 /
b11000011001 -
#15620000
b111101 "
0#
b111101 '
b10 &
b10 /
b11000011010 -
#15630000
b0 "
b0 '
b11 &
b11 /
b11000011011 -
#15640000
1!
1(
b100 &
b100 /
b11000011100 -
#15650000
0!
0(
b101 &
b101 /
b11000011101 -
#15660000
b10 "
b10 '
b10 .
b110 &
b110 /
b11000011110 -
#15670000
b101 "
b101 .
b101 '
b111 &
b111 /
b11000011111 -
#15680000
b1010 "
1#
b1010 '
b100 ,
b0 &
b100 %
b100 +
b0 /
b11000100000 -
#15690000
b10 "
b10 '
b1 &
b1 /
b11000100001 -
#15700000
b111100 "
0#
b111100 '
b10 &
b10 /
b11000100010 -
#15710000
b0 "
b0 '
b11 &
b11 /
b11000100011 -
#15720000
1!
1(
b100 &
b100 /
b11000100100 -
#15730000
0!
0(
b101 &
b101 /
b11000100101 -
#15740000
b100 "
b100 '
b100 .
b110 &
b110 /
b11000100110 -
#15750000
b10 "
b10 .
b10 '
b111 &
b111 /
b11000100111 -
#15760000
b1011 "
1#
b1011 '
b101 ,
b0 &
b101 %
b101 +
b0 /
b11000101000 -
#15770000
b1 "
b1 '
b1 &
b1 /
b11000101001 -
#15780000
b111011 "
0#
b111011 '
b10 &
b10 /
b11000101010 -
#15790000
b0 "
b0 '
b11 &
b11 /
b11000101011 -
#15800000
1!
1(
b100 &
b100 /
b11000101100 -
#15810000
0!
0(
b101 &
b101 /
b11000101101 -
#15820000
b100 "
b100 '
b100 .
b110 &
b110 /
b11000101110 -
#15830000
b11 "
b11 .
b11 '
b111 &
b111 /
b11000101111 -
#15840000
b1100 "
1#
b1100 '
b110 ,
b0 &
b110 %
b110 +
b0 /
b11000110000 -
#15850000
b0 "
b0 '
b1 &
b1 /
b11000110001 -
#15860000
b111010 "
0#
b111010 '
b10 &
b10 /
b11000110010 -
#15870000
b0 "
1!
1(
b0 '
b11 &
b11 /
b11000110011 -
#15880000
0!
0(
b100 &
b100 /
b11000110100 -
#15890000
b101 &
b101 /
b11000110101 -
#15900000
b110 "
b110 '
b110 .
b110 &
b110 /
b11000110110 -
#15910000
b0 "
b0 .
b0 '
b111 &
b111 /
b11000110111 -
#15920000
b1101 "
1#
b1101 '
b111 ,
b0 &
b111 %
b111 +
b0 /
b11000111000 -
#15930000
b100001 "
b100001 '
b1 &
b1 /
b11000111001 -
#15940000
b111001 "
0#
b111001 '
b10 &
b10 /
b11000111010 -
#15950000
b0 "
b0 '
b11 &
b11 /
b11000111011 -
#15960000
b100 &
b100 /
b11000111100 -
#15970000
1!
1(
b101 &
b101 /
b11000111101 -
#15980000
b110 "
0!
b110 '
b110 .
0(
b110 &
b110 /
b11000111110 -
#15990000
b1 "
b1 .
b1 '
b111 &
b111 /
b11000111111 -
#16000000
b1110 "
1#
b1110 '
b1000 ,
b0 &
b1000 %
b1000 +
b0 /
b11001000000 -
#16010000
b100010 "
b100010 '
b1 &
b1 /
b11001000001 -
#16020000
b111000 "
0#
b111000 '
b10 &
b10 /
b11001000010 -
#16030000
b0 "
b0 '
b11 &
b11 /
b11001000011 -
#16040000
b100 &
b100 /
b11001000100 -
#16050000
1!
1(
b101 &
b101 /
b11001000101 -
#16060000
0!
b0 .
0(
b110 &
b110 /
b11001000110 -
#16070000
b1110 "
b1110 '
b1110 .
b111 &
b111 /
b11001000111 -
#16080000
b1111 "
1#
b1111 '
b1001 ,
b0 &
b1001 %
b1001 +
b0 /
b11001001000 -
#16090000
b100011 "
b100011 '
b1 &
b1 /
b11001001001 -
#16100000
b110111 "
0#
b110111 '
b10 &
b10 /
b11001001010 -
#16110000
b0 "
b0 '
b11 &
b11 /
b11001001011 -
#16120000
b100 &
b100 /
b11001001100 -
#16130000
1!
1(
b101 &
b101 /
b11001001101 -
#16140000
0!
b0 .
0(
b110 &
b110 /
b11001001110 -
#16150000
b1111 "
b1111 '
b1111 .
b111 &
b111 /
b11001001111 -
#16160000
b10000 "
1#
b10000 '
b1010 ,
b0 &
b1010 %
b1010 +
b0 /
b11001010000 -
#16170000
b100100 "
b100100 '
b1 &
b1 /
b11001010001 -
#16180000
b110110 "
0#
b110110 '
b10 &
b10 /
b11001010010 -
#16190000
b0 "
b0 '
b11 &
b11 /
b11001010011 -
#16200000
b100 &
b100 /
b11001010100 -
#16210000
1!
1(
b101 &
b101 /
b11001010101 -
#16220000
b10 "
0!
b10 '
b10 .
0(
b110 &
b110 /
b11001010110 -
#16230000
b1100 "
b1100 .
b1100 '
b111 &
b111 /
b11001010111 -
#16240000
b10001 "
1#
b10001 '
b1011 ,
b0 &
b1011 %
b1011 +
b0 /
b11001011000 -
#16250000
b100101 "
b100101 '
b1 &
b1 /
b11001011001 -
#16260000
b110101 "
0#
b110101 '
b10 &
b10 /
b11001011010 -
#16270000
b0 "
b0 '
b11 &
b11 /
b11001011011 -
#16280000
b100 &
b100 /
b11001011100 -
#16290000
1!
1(
b101 &
b101 /
b11001011101 -
#16300000
b10 "
0!
b10 '
b10 .
0(
b110 &
b110 /
b11001011110 -
#16310000
b1101 "
b1101 .
b1101 '
b111 &
b111 /
b11001011111 -
#16320000
b10010 "
1#
b10010 '
b1100 ,
b0 &
b1100 %
b1100 +
b0 /
b11001100000 -
#16330000
b100110 "
b100110 '
b1 &
b1 /
b11001100001 -
#16340000
b110100 "
0#
b110100 '
b10 &
b10 /
b11001100010 -
#16350000
b0 "
b0 '
b11 &
b11 /
b11001100011 -
#16360000
b100 &
b100 /
b11001100100 -
#16370000
1!
1(
b101 &
b101 /
b11001100101 -
#16380000
b100 "
0!
b100 '
b100 .
0(
b110 &
b110 /
b11001100110 -
#16390000
b1010 "
b1010 .
b1010 '
b111 &
b111 /
b11001100111 -
#16400000
b10011 "
1#
b10011 '
b1101 ,
b0 &
b1101 %
b1101 +
b0 /
b11001101000 -
#16410000
b100111 "
b100111 '
b1 &
b1 /
b11001101001 -
#16420000
b110011 "
0#
b110011 '
b10 &
b10 /
b11001101010 -
#16430000
b0 "
b0 '
b11 &
b11 /
b11001101011 -
#16440000
b100 &
b100 /
b11001101100 -
#16450000
1!
1(
b101 &
b101 /
b11001101101 -
#16460000
b100 "
0!
b100 '
b100 .
0(
b110 &
b110 /
b11001101110 -
#16470000
b1011 "
b1011 .
b1011 '
b111 &
b111 /
b11001101111 -
#16480000
b10100 "
1#
b10100 '
b1110 ,
b0 &
b1110 %
b1110 +
b0 /
b11001110000 -
#16490000
b101000 "
b101000 '
b1 &
b1 /
b11001110001 -
#16500000
b110010 "
0#
b110010 '
b10 &
b10 /
b11001110010 -
#16510000
b0 "
b0 '
b11 &
b11 /
b11001110011 -
#16520000
b100 &
b100 /
b11001110100 -
#16530000
1!
1(
b101 &
b101 /
b11001110101 -
#16540000
b110 "
0!
b110 '
b110 .
0(
b110 &
b110 /
b11001110110 -
#16550000
b1000 "
b1000 .
b1000 '
b111 &
b111 /
b11001110111 -
#16560000
b10101 "
1#
b10101 '
b1111 ,
b0 &
b1111 %
b1111 +
b0 /
b11001111000 -
#16570000
b101001 "
b101001 '
b1 &
b1 /
b11001111001 -
#16580000
b110001 "
0#
b110001 '
b10 &
b10 /
b11001111010 -
#16590000
b0 "
b0 '
b11 &
b11 /
b11001111011 -
#16600000
b100 &
b100 /
b11001111100 -
#16610000
1!
1(
b101 &
b101 /
b11001111101 -
#16620000
b110 "
0!
b110 '
b110 .
0(
b110 &
b110 /
b11001111110 -
#16630000
b1001 "
b1001 .
b1001 '
b111 &
b111 /
b11001111111 -
#16640000
b110 "
1#
b110 '
b0 ,
b0 &
b10000 %
b10000 +
b0 /
b11010000000 -
#16650000
b110 "
b110 '
b1 &
b1 /
b11010000001 -
#16660000
b0 "
0#
b0 '
b10 &
b10 /
b11010000010 -
#16670000
b11 &
b11 /
b11010000011 -
#16680000
1!
1(
b100 &
b100 /
b11010000100 -
#16690000
0!
0(
b101 &
b101 /
b11010000101 -
#16700000
b0 .
b110 &
b110 /
b11010000110 -
#16710000
b100110 "
b100110 '
b10110 .
b111 &
b111 /
b11010000111 -
#16720000
b101 "
1#
b101 '
b11111111111111111111111111111111 ,
b0 &
b10001 %
b10001 +
b0 /
b11010001000 -
#16730000
b111 "
b111 '
b1 &
b1 /
b11010001001 -
#16740000
b1 "
0#
b1 '
b10 &
b10 /
b11010001010 -
#16750000
b0 "
b0 '
b11 &
b11 /
b11010001011 -
#16760000
1!
1(
b100 &
b100 /
b11010001100 -
#16770000
0!
0(
b101 &
b101 /
b11010001101 -
#16780000
b0 .
b110 &
b110 /
b11010001110 -
#16790000
b100111 "
b100111 '
b10111 .
b111 &
b111 /
b11010001111 -
#16800000
b100 "
1#
b100 '
b11111111111111111111111111111110 ,
b0 &
b10010 %
b10010 +
b0 /
b11010010000 -
#16810000
b1000 "
b1000 '
b1 &
b1 /
b11010010001 -
#16820000
b10 "
0#
b10 '
b10 &
b10 /
b11010010010 -
#16830000
b0 "
b0 '
b11 &
b11 /
b11010010011 -
#16840000
1!
1(
b100 &
b100 /
b11010010100 -
#16850000
0!
0(
b101 &
b101 /
b11010010101 -
#16860000
b10 "
b10 '
b10 .
b110 &
b110 /
b11010010110 -
#16870000
b100100 "
b10100 .
b100100 '
b111 &
b111 /
b11010010111 -
#16880000
b11 "
1#
b11 '
b11111111111111111111111111111101 ,
b0 &
b10011 %
b10011 +
b0 /
b11010011000 -
#16890000
b1001 "
b1001 '
b1 &
b1 /
b11010011001 -
#16900000
b11 "
0#
b11 '
b10 &
b10 /
b11010011010 -
#16910000
b0 "
b0 '
b11 &
b11 /
b11010011011 -
#16920000
1!
1(
b100 &
b100 /
b11010011100 -
#16930000
0!
0(
b101 &
b101 /
b11010011101 -
#16940000
b10 "
b10 '
b10 .
b110 &
b110 /
b11010011110 -
#16950000
b100101 "
b10101 .
b100101 '
b111 &
b111 /
b11010011111 -
#16960000
b10 "
1#
b10 '
b11111111111111111111111111111100 ,
b0 &
b10100 %
b10100 +
b0 /
b11010100000 -
#16970000
b1010 "
b1010 '
b1 &
b1 /
b11010100001 -
#16980000
b100 "
0#
b100 '
b10 &
b10 /
b11010100010 -
#16990000
b0 "
b0 '
b11 &
b11 /
b11010100011 -
#17000000
1!
1(
b100 &
b100 /
b11010100100 -
#17010000
0!
0(
b101 &
b101 /
b11010100101 -
#17020000
b100 "
b100 '
b100 .
b110 &
b110 /
b11010100110 -
#17030000
b100010 "
b10010 .
b100010 '
b111 &
b111 /
b11010100111 -
#17040000
b1 "
1#
b1 '
b11111111111111111111111111111011 ,
b0 &
b10101 %
b10101 +
b0 /
b11010101000 -
#17050000
b1011 "
b1011 '
b1 &
b1 /
b11010101001 -
#17060000
b101 "
0#
b101 '
b10 &
b10 /
b11010101010 -
#17070000
b0 "
b0 '
b11 &
b11 /
b11010101011 -
#17080000
1!
1(
b100 &
b100 /
b11010101100 -
#17090000
0!
0(
b101 &
b101 /
b11010101101 -
#17100000
b100 "
b100 '
b100 .
b110 &
b110 /
b11010101110 -
#17110000
b100011 "
b10011 .
b100011 '
b111 &
b111 /
b11010101111 -
#17120000
b0 "
1#
b0 '
b11111111111111111111111111111010 ,
b0 &
b10110 %
b10110 +
b0 /
b11010110000 -
#17130000
b1100 "
b1100 '
b1 &
b1 /
b11010110001 -
#17140000
b110 "
0#
b110 '
b10 &
b10 /
b11010110010 -
#17150000
b0 "
b0 '
b11 &
b11 /
b11010110011 -
#17160000
1!
1(
b100 &
b100 /
b11010110100 -
#17170000
0!
0(
b101 &
b101 /
b11010110101 -
#17180000
b110 "
b110 '
b110 .
b110 &
b110 /
b11010110110 -
#17190000
b100000 "
b10000 .
b100000 '
b111 &
b111 /
b11010110111 -
#17200000
b100001 "
1#
b100001 '
b11111111111111111111111111111001 ,
b0 &
b10111 %
b10111 +
b0 /
b11010111000 -
#17210000
b1101 "
b1101 '
b1 &
b1 /
b11010111001 -
#17220000
b111 "
0#
b111 '
b10 &
b10 /
b11010111010 -
#17230000
b0 "
b0 '
b11 &
b11 /
b11010111011 -
#17240000
1!
1(
b100 &
b100 /
b11010111100 -
#17250000
0!
0(
b101 &
b101 /
b11010111101 -
#17260000
b110 "
b110 '
b110 .
b110 &
b110 /
b11010111110 -
#17270000
b100001 "
b10001 .
b100001 '
b111 &
b111 /
b11010111111 -
#17280000
b100010 "
1#
b100010 '
b11111111111111111111111111111000 ,
b0 &
b11000 %
b11000 +
b0 /
b11011000000 -
#17290000
b1110 "
b1110 '
b1 &
b1 /
b11011000001 -
#17300000
b1000 "
0#
b1000 '
b10 &
b10 /
b11011000010 -
#17310000
b0 "
b0 '
b11 &
b11 /
b11011000011 -
#17320000
1!
1(
b100 &
b100 /
b11011000100 -
#17330000
0!
0(
b101 &
b101 /
b11011000101 -
#17340000
b0 .
b110 &
b110 /
b11011000110 -
#17350000
b101110 "
b101110 '
b11110 .
b111 &
b111 /
b11011000111 -
#17360000
b100011 "
1#
b100011 '
b11111111111111111111111111110111 ,
b0 &
b11001 %
b11001 +
b0 /
b11011001000 -
#17370000
b1111 "
b1111 '
b1 &
b1 /
b11011001001 -
#17380000
b1001 "
0#
b1001 '
b10 &
b10 /
b11011001010 -
#17390000
b0 "
b0 '
b11 &
b11 /
b11011001011 -
#17400000
1!
1(
b100 &
b100 /
b11011001100 -
#17410000
0!
0(
b101 &
b101 /
b11011001101 -
#17420000
b0 .
b110 &
b110 /
b11011001110 -
#17430000
b101111 "
b101111 '
b11111 .
b111 &
b111 /
b11011001111 -
#17440000
b100100 "
1#
b100100 '
b11111111111111111111111111110110 ,
b0 &
b11010 %
b11010 +
b0 /
b11011010000 -
#17450000
b10000 "
b10000 '
b1 &
b1 /
b11011010001 -
#17460000
b1010 "
0#
b1010 '
b10 &
b10 /
b11011010010 -
#17470000
b0 "
b0 '
b11 &
b11 /
b11011010011 -
#17480000
1!
1(
b100 &
b100 /
b11011010100 -
#17490000
0!
0(
b101 &
b101 /
b11011010101 -
#17500000
b10 "
b10 '
b10 .
b110 &
b110 /
b11011010110 -
#17510000
b101100 "
b11100 .
b101100 '
b111 &
b111 /
b11011010111 -
#17520000
b100101 "
1#
b100101 '
b11111111111111111111111111110101 ,
b0 &
b11011 %
b11011 +
b0 /
b11011011000 -
#17530000
b10001 "
b10001 '
b1 &
b1 /
b11011011001 -
#17540000
b1011 "
0#
b1011 '
b10 &
b10 /
b11011011010 -
#17550000
b0 "
b0 '
b11 &
b11 /
b11011011011 -
#17560000
1!
1(
b100 &
b100 /
b11011011100 -
#17570000
0!
0(
b101 &
b101 /
b11011011101 -
#17580000
b10 "
b10 '
b10 .
b110 &
b110 /
b11011011110 -
#17590000
b101101 "
b11101 .
b101101 '
b111 &
b111 /
b11011011111 -
#17600000
b100110 "
1#
b100110 '
b11111111111111111111111111110100 ,
b0 &
b11100 %
b11100 +
b0 /
b11011100000 -
#17610000
b10010 "
b10010 '
b1 &
b1 /
b11011100001 -
#17620000
b1100 "
0#
b1100 '
b10 &
b10 /
b11011100010 -
#17630000
b0 "
b0 '
b11 &
b11 /
b11011100011 -
#17640000
1!
1(
b100 &
b100 /
b11011100100 -
#17650000
0!
0(
b101 &
b101 /
b11011100101 -
#17660000
b100 "
b100 '
b100 .
b110 &
b110 /
b11011100110 -
#17670000
b101010 "
b11010 .
b101010 '
b111 &
b111 /
b11011100111 -
#17680000
b100111 "
1#
b100111 '
b11111111111111111111111111110011 ,
b0 &
b11101 %
b11101 +
b0 /
b11011101000 -
#17690000
b10011 "
b10011 '
b1 &
b1 /
b11011101001 -
#17700000
b1101 "
0#
b1101 '
b10 &
b10 /
b11011101010 -
#17710000
b0 "
b0 '
b11 &
b11 /
b11011101011 -
#17720000
1!
1(
b100 &
b100 /
b11011101100 -
#17730000
0!
0(
b101 &
b101 /
b11011101101 -
#17740000
b100 "
b100 '
b100 .
b110 &
b110 /
b11011101110 -
#17750000
b101011 "
b11011 .
b101011 '
b111 &
b111 /
b11011101111 -
#17760000
b101000 "
1#
b101000 '
b11111111111111111111111111110010 ,
b0 &
b11110 %
b11110 +
b0 /
b11011110000 -
#17770000
b10100 "
b10100 '
b1 &
b1 /
b11011110001 -
#17780000
b1110 "
0#
b1110 '
b10 &
b10 /
b11011110010 -
#17790000
b0 "
b0 '
b11 &
b11 /
b11011110011 -
#17800000
1!
1(
b100 &
b100 /
b11011110100 -
#17810000
0!
0(
b101 &
b101 /
b11011110101 -
#17820000
b110 "
b110 '
b110 .
b110 &
b110 /
b11011110110 -
#17830000
b101000 "
b11000 .
b101000 '
b111 &
b111 /
b11011110111 -
#17840000
b101001 "
1#
b101001 '
b11111111111111111111111111110001 ,
b0 &
b11111 %
b11111 +
b0 /
b11011111000 -
#17850000
b10101 "
b10101 '
b1 &
b1 /
b11011111001 -
#17860000
b1111 "
0#
b1111 '
b10 &
b10 /
b11011111010 -
#17870000
b0 "
b0 '
b11 &
b11 /
b11011111011 -
#17880000
1!
1(
b100 &
b100 /
b11011111100 -
#17890000
0!
0(
b101 &
b101 /
b11011111101 -
#17900000
b110 "
b110 '
b110 .
b110 &
b110 /
b11011111110 -
#17910000
b101001 "
b11001 .
b101001 '
b111 &
b111 /
b11011111111 -
#17920000
b111 "
1#
b111 '
b0 ,
b111 *
b0 &
b0 %
b111 $
b111 )
b0 +
b0 /
b11100000000 -
#17930000
b111 "
b111 '
b1 &
b1 /
b11100000001 -
#17940000
b0 "
0#
b0 '
b10 &
b10 /
b11100000010 -
#17950000
b11 &
b11 /
b11100000011 -
#17960000
1!
1(
b100 &
b100 /
b11100000100 -
#17970000
0!
0(
b101 &
b101 /
b11100000101 -
#17980000
b0 .
b110 &
b110 /
b11100000110 -
#17990000
b111 "
b111 '
b111 .
b111 &
b111 /
b11100000111 -
#18000000
b1000 "
1#
b1000 '
b1 ,
b0 &
b1 %
b1 +
b0 /
b11100001000 -
#18010000
b110 "
b110 '
b1 &
b1 /
b11100001001 -
#18020000
b111111 "
0#
b111111 '
b10 &
b10 /
b11100001010 -
#18030000
b0 "
b0 '
b11 &
b11 /
b11100001011 -
#18040000
1!
1(
b100 &
b100 /
b11100001100 -
#18050000
0!
0(
b101 &
b101 /
b11100001101 -
#18060000
b1 "
b1 '
b1 .
b110 &
b110 /
b11100001110 -
#18070000
b110 "
b110 .
b110 '
b111 &
b111 /
b11100001111 -
#18080000
b1001 "
1#
b1001 '
b10 ,
b0 &
b10 %
b10 +
b0 /
b11100010000 -
#18090000
b101 "
b101 '
b1 &
b1 /
b11100010001 -
#18100000
b111110 "
0#
b111110 '
b10 &
b10 /
b11100010010 -
#18110000
b0 "
b0 '
b11 &
b11 /
b11100010011 -
#18120000
1!
1(
b100 &
b100 /
b11100010100 -
#18130000
0!
0(
b101 &
b101 /
b11100010101 -
#18140000
b10 "
b10 '
b10 .
b110 &
b110 /
b11100010110 -
#18150000
b101 "
b101 .
b101 '
b111 &
b111 /
b11100010111 -
#18160000
b1010 "
1#
b1010 '
b11 ,
b0 &
b11 %
b11 +
b0 /
b11100011000 -
#18170000
b100 "
b100 '
b1 &
b1 /
b11100011001 -
#18180000
b111101 "
0#
b111101 '
b10 &
b10 /
b11100011010 -
#18190000
b0 "
b0 '
b11 &
b11 /
b11100011011 -
#18200000
1!
1(
b100 &
b100 /
b11100011100 -
#18210000
0!
0(
b101 &
b101 /
b11100011101 -
#18220000
b11 "
b11 '
b11 .
b110 &
b110 /
b11100011110 -
#18230000
b100 "
b100 .
b100 '
b111 &
b111 /
b11100011111 -
#18240000
b1011 "
1#
b1011 '
b100 ,
b0 &
b100 %
b100 +
b0 /
b11100100000 -
#18250000
b11 "
b11 '
b1 &
b1 /
b11100100001 -
#18260000
b111100 "
0#
b111100 '
b10 &
b10 /
b11100100010 -
#18270000
b0 "
b0 '
b11 &
b11 /
b11100100011 -
#18280000
1!
1(
b100 &
b100 /
b11100100100 -
#18290000
0!
0(
b101 &
b101 /
b11100100101 -
#18300000
b100 "
b100 '
b110 &
b110 /
b11100100110 -
#18310000
b11 "
b11 .
b11 '
b111 &
b111 /
b11100100111 -
#18320000
b1100 "
1#
b1100 '
b101 ,
b0 &
b101 %
b101 +
b0 /
b11100101000 -
#18330000
b10 "
b10 '
b1 &
b1 /
b11100101001 -
#18340000
b111011 "
0#
b111011 '
b10 &
b10 /
b11100101010 -
#18350000
b0 "
b0 '
b11 &
b11 /
b11100101011 -
#18360000
1!
1(
b100 &
b100 /
b11100101100 -
#18370000
0!
0(
b101 &
b101 /
b11100101101 -
#18380000
b101 "
b101 '
b101 .
b110 &
b110 /
b11100101110 -
#18390000
b10 "
b10 .
b10 '
b111 &
b111 /
b11100101111 -
#18400000
b1101 "
1#
b1101 '
b110 ,
b0 &
b110 %
b110 +
b0 /
b11100110000 -
#18410000
b1 "
b1 '
b1 &
b1 /
b11100110001 -
#18420000
b111010 "
0#
b111010 '
b10 &
b10 /
b11100110010 -
#18430000
b0 "
b0 '
b11 &
b11 /
b11100110011 -
#18440000
1!
1(
b100 &
b100 /
b11100110100 -
#18450000
0!
0(
b101 &
b101 /
b11100110101 -
#18460000
b110 "
b110 '
b110 .
b110 &
b110 /
b11100110110 -
#18470000
b1 "
b1 .
b1 '
b111 &
b111 /
b11100110111 -
#18480000
b1110 "
1#
b1110 '
b111 ,
b0 &
b111 %
b111 +
b0 /
b11100111000 -
#18490000
b0 "
b0 '
b1 &
b1 /
b11100111001 -
#18500000
b111001 "
0#
b111001 '
b10 &
b10 /
b11100111010 -
#18510000
b0 "
1!
1(
b0 '
b11 &
b11 /
b11100111011 -
#18520000
0!
0(
b100 &
b100 /
b11100111100 -
#18530000
b101 &
b101 /
b11100111101 -
#18540000
b111 "
b111 '
b111 .
b110 &
b110 /
b11100111110 -
#18550000
b0 "
b0 .
b0 '
b111 &
b111 /
b11100111111 -
#18560000
b1111 "
1#
b1111 '
b1000 ,
b0 &
b1000 %
b1000 +
b0 /
b11101000000 -
#18570000
b100001 "
b100001 '
b1 &
b1 /
b11101000001 -
#18580000
b111000 "
0#
b111000 '
b10 &
b10 /
b11101000010 -
#18590000
b0 "
b0 '
b11 &
b11 /
b11101000011 -
#18600000
b100 &
b100 /
b11101000100 -
#18610000
1!
1(
b101 &
b101 /
b11101000101 -
#18620000
0!
0(
b110 &
b110 /
b11101000110 -
#18630000
b1111 "
b1111 '
b1111 .
b111 &
b111 /
b11101000111 -
#18640000
b10000 "
1#
b10000 '
b1001 ,
b0 &
b1001 %
b1001 +
b0 /
b11101001000 -
#18650000
b100010 "
b100010 '
b1 &
b1 /
b11101001001 -
#18660000
b110111 "
0#
b110111 '
b10 &
b10 /
b11101001010 -
#18670000
b0 "
b0 '
b11 &
b11 /
b11101001011 -
#18680000
b100 &
b100 /
b11101001100 -
#18690000
1!
1(
b101 &
b101 /
b11101001101 -
#18700000
b1 "
0!
b1 '
b1 .
0(
b110 &
b110 /
b11101001110 -
#18710000
b1110 "
b1110 .
b1110 '
b111 &
b111 /
b11101001111 -
#18720000
b10001 "
1#
b10001 '
b1010 ,
b0 &
b1010 %
b1010 +
b0 /
b11101010000 -
#18730000
b100011 "
b100011 '
b1 &
b1 /
b11101010001 -
#18740000
b110110 "
0#
b110110 '
b10 &
b10 /
b11101010010 -
#18750000
b0 "
b0 '
b11 &
b11 /
b11101010011 -
#18760000
b100 &
b100 /
b11101010100 -
#18770000
1!
1(
b101 &
b101 /
b11101010101 -
#18780000
b10 "
0!
b10 '
b10 .
0(
b110 &
b110 /
b11101010110 -
#18790000
b1101 "
b1101 .
b1101 '
b111 &
b111 /
b11101010111 -
#18800000
b10010 "
1#
b10010 '
b1011 ,
b0 &
b1011 %
b1011 +
b0 /
b11101011000 -
#18810000
b100100 "
b100100 '
b1 &
b1 /
b11101011001 -
#18820000
b110101 "
0#
b110101 '
b10 &
b10 /
b11101011010 -
#18830000
b0 "
b0 '
b11 &
b11 /
b11101011011 -
#18840000
b100 &
b100 /
b11101011100 -
#18850000
1!
1(
b101 &
b101 /
b11101011101 -
#18860000
b11 "
0!
b11 '
b11 .
0(
b110 &
b110 /
b11101011110 -
#18870000
b1100 "
b1100 .
b1100 '
b111 &
b111 /
b11101011111 -
#18880000
b10011 "
1#
b10011 '
b1100 ,
b0 &
b1100 %
b1100 +
b0 /
b11101100000 -
#18890000
b100101 "
b100101 '
b1 &
b1 /
b11101100001 -
#18900000
b110100 "
0#
b110100 '
b10 &
b10 /
b11101100010 -
#18910000
b0 "
b0 '
b11 &
b11 /
b11101100011 -
#18920000
b100 &
b100 /
b11101100100 -
#18930000
1!
1(
b101 &
b101 /
b11101100101 -
#18940000
b100 "
0!
b100 '
b100 .
0(
b110 &
b110 /
b11101100110 -
#18950000
b1011 "
b1011 .
b1011 '
b111 &
b111 /
b11101100111 -
#18960000
b10100 "
1#
b10100 '
b1101 ,
b0 &
b1101 %
b1101 +
b0 /
b11101101000 -
#18970000
b100110 "
b100110 '
b1 &
b1 /
b11101101001 -
#18980000
b110011 "
0#
b110011 '
b10 &
b10 /
b11101101010 -
#18990000
b0 "
b0 '
b11 &
b11 /
b11101101011 -
#19000000
b100 &
b100 /
b11101101100 -
#19010000
1!
1(
b101 &
b101 /
b11101101101 -
#19020000
b101 "
0!
b101 '
b101 .
0(
b110 &
b110 /
b11101101110 -
#19030000
b1010 "
b1010 .
b1010 '
b111 &
b111 /
b11101101111 -
#19040000
b10101 "
1#
b10101 '
b1110 ,
b0 &
b1110 %
b1110 +
b0 /
b11101110000 -
#19050000
b100111 "
b100111 '
b1 &
b1 /
b11101110001 -
#19060000
b110010 "
0#
b110010 '
b10 &
b10 /
b11101110010 -
#19070000
b0 "
b0 '
b11 &
b11 /
b11101110011 -
#19080000
b100 &
b100 /
b11101110100 -
#19090000
1!
1(
b101 &
b101 /
b11101110101 -
#19100000
b110 "
0!
b110 '
b110 .
0(
b110 &
b110 /
b11101110110 -
#19110000
b1001 "
b1001 .
b1001 '
b111 &
b111 /
b11101110111 -
#19120000
b10110 "
1#
b10110 '
b1111 ,
b0 &
b1111 %
b1111 +
b0 /
b11101111000 -
#19130000
b101000 "
b101000 '
b1 &
b1 /
b11101111001 -
#19140000
b110001 "
0#
b110001 '
b10 &
b10 /
b11101111010 -
#19150000
b0 "
b0 '
b11 &
b11 /
b11101111011 -
#19160000
b100 &
b100 /
b11101111100 -
#19170000
1!
1(
b101 &
b101 /
b11101111101 -
#19180000
b111 "
0!
b111 '
b111 .
0(
b110 &
b110 /
b11101111110 -
#19190000
b1000 "
b1000 .
b1000 '
b111 &
b111 /
b11101111111 -
#19200000
b111 "
1#
b111 '
b0 ,
b0 &
b10000 %
b10000 +
b0 /
b11110000000 -
#19210000
b111 "
b111 '
b1 &
b1 /
b11110000001 -
#19220000
b0 "
0#
b0 '
b10 &
b10 /
b11110000010 -
#19230000
b11 &
b11 /
b11110000011 -
#19240000
1!
1(
b100 &
b100 /
b11110000100 -
#19250000
0!
0(
b101 &
b101 /
b11110000101 -
#19260000
b0 .
b110 &
b110 /
b11110000110 -
#19270000
b100111 "
b100111 '
b10111 .
b111 &
b111 /
b11110000111 -
#19280000
b110 "
1#
b110 '
b11111111111111111111111111111111 ,
b0 &
b10001 %
b10001 +
b0 /
b11110001000 -
#19290000
b1000 "
b1000 '
b1 &
b1 /
b11110001001 -
#19300000
b1 "
0#
b1 '
b10 &
b10 /
b11110001010 -
#19310000
b0 "
b0 '
b11 &
b11 /
b11110001011 -
#19320000
1!
1(
b100 &
b100 /
b11110001100 -
#19330000
0!
0(
b101 &
b101 /
b11110001101 -
#19340000
b1 "
b1 '
b1 .
b110 &
b110 /
b11110001110 -
#19350000
b100110 "
b10110 .
b100110 '
b111 &
b111 /
b11110001111 -
#19360000
b101 "
1#
b101 '
b11111111111111111111111111111110 ,
b0 &
b10010 %
b10010 +
b0 /
b11110010000 -
#19370000
b1001 "
b1001 '
b1 &
b1 /
b11110010001 -
#19380000
b10 "
0#
b10 '
b10 &
b10 /
b11110010010 -
#19390000
b0 "
b0 '
b11 &
b11 /
b11110010011 -
#19400000
1!
1(
b100 &
b100 /
b11110010100 -
#19410000
0!
0(
b101 &
b101 /
b11110010101 -
#19420000
b10 "
b10 '
b10 .
b110 &
b110 /
b11110010110 -
#19430000
b100101 "
b10101 .
b100101 '
b111 &
b111 /
b11110010111 -
#19440000
b100 "
1#
b100 '
b11111111111111111111111111111101 ,
b0 &
b10011 %
b10011 +
b0 /
b11110011000 -
#19450000
b1010 "
b1010 '
b1 &
b1 /
b11110011001 -
#19460000
b11 "
0#
b11 '
b10 &
b10 /
b11110011010 -
#19470000
b0 "
b0 '
b11 &
b11 /
b11110011011 -
#19480000
1!
1(
b100 &
b100 /
b11110011100 -
#19490000
0!
0(
b101 &
b101 /
b11110011101 -
#19500000
b11 "
b11 '
b11 .
b110 &
b110 /
b11110011110 -
#19510000
b100100 "
b10100 .
b100100 '
b111 &
b111 /
b11110011111 -
#19520000
b11 "
1#
b11 '
b11111111111111111111111111111100 ,
b0 &
b10100 %
b10100 +
b0 /
b11110100000 -
#19530000
b1011 "
b1011 '
b1 &
b1 /
b11110100001 -
#19540000
b100 "
0#
b100 '
b10 &
b10 /
b11110100010 -
#19550000
b0 "
b0 '
b11 &
b11 /
b11110100011 -
#19560000
1!
1(
b100 &
b100 /
b11110100100 -
#19570000
0!
0(
b101 &
b101 /
b11110100101 -
#19580000
b100 "
b100 '
b100 .
b110 &
b110 /
b11110100110 -
#19590000
b100011 "
b10011 .
b100011 '
b111 &
b111 /
b11110100111 -
#19600000
b10 "
1#
b10 '
b11111111111111111111111111111011 ,
b0 &
b10101 %
b10101 +
b0 /
b11110101000 -
#19610000
b1100 "
b1100 '
b1 &
b1 /
b11110101001 -
#19620000
b101 "
0#
b101 '
b10 &
b10 /
b11110101010 -
#19630000
b0 "
b0 '
b11 &
b11 /
b11110101011 -
#19640000
1!
1(
b100 &
b100 /
b11110101100 -
#19650000
0!
0(
b101 &
b101 /
b11110101101 -
#19660000
b101 "
b101 '
b101 .
b110 &
b110 /
b11110101110 -
#19670000
b100010 "
b10010 .
b100010 '
b111 &
b111 /
b11110101111 -
#19680000
b1 "
1#
b1 '
b11111111111111111111111111111010 ,
b0 &
b10110 %
b10110 +
b0 /
b11110110000 -
#19690000
b1101 "
b1101 '
b1 &
b1 /
b11110110001 -
#19700000
b110 "
0#
b110 '
b10 &
b10 /
b11110110010 -
#19710000
b0 "
b0 '
b11 &
b11 /
b11110110011 -
#19720000
1!
1(
b100 &
b100 /
b11110110100 -
#19730000
0!
0(
b101 &
b101 /
b11110110101 -
#19740000
b110 "
b110 '
b110 .
b110 &
b110 /
b11110110110 -
#19750000
b100001 "
b10001 .
b100001 '
b111 &
b111 /
b11110110111 -
#19760000
b0 "
1#
b0 '
b11111111111111111111111111111001 ,
b0 &
b10111 %
b10111 +
b0 /
b11110111000 -
#19770000
b1110 "
b1110 '
b1 &
b1 /
b11110111001 -
#19780000
b111 "
0#
b111 '
b10 &
b10 /
b11110111010 -
#19790000
b0 "
b0 '
b11 &
b11 /
b11110111011 -
#19800000
1!
1(
b100 &
b100 /
b11110111100 -
#19810000
0!
0(
b101 &
b101 /
b11110111101 -
#19820000
b111 "
b111 '
b111 .
b110 &
b110 /
b11110111110 -
#19830000
b100000 "
b10000 .
b100000 '
b111 &
b111 /
b11110111111 -
#19840000
b100001 "
1#
b100001 '
b11111111111111111111111111111000 ,
b0 &
b11000 %
b11000 +
b0 /
b11111000000 -
#19850000
b1111 "
b1111 '
b1 &
b1 /
b11111000001 -
#19860000
b1000 "
0#
b1000 '
b10 &
b10 /
b11111000010 -
#19870000
b0 "
b0 '
b11 &
b11 /
b11111000011 -
#19880000
1!
1(
b100 &
b100 /
b11111000100 -
#19890000
0!
0(
b101 &
b101 /
b11111000101 -
#19900000
b0 .
b110 &
b110 /
b11111000110 -
#19910000
b101111 "
b101111 '
b11111 .
b111 &
b111 /
b11111000111 -
#19920000
b100010 "
1#
b100010 '
b11111111111111111111111111110111 ,
b0 &
b11001 %
b11001 +
b0 /
b11111001000 -
#19930000
b10000 "
b10000 '
b1 &
b1 /
b11111001001 -
#19940000
b1001 "
0#
b1001 '
b10 &
b10 /
b11111001010 -
#19950000
b0 "
b0 '
b11 &
b11 /
b11111001011 -
#19960000
1!
1(
b100 &
b100 /
b11111001100 -
#19970000
0!
0(
b101 &
b101 /
b11111001101 -
#19980000
b1 "
b1 '
b1 .
b110 &
b110 /
b11111001110 -
#19990000
b101110 "
b11110 .
b101110 '
b111 &
b111 /
b11111001111 -
#20000000
b100011 "
1#
b100011 '
b11111111111111111111111111110110 ,
b0 &
b11010 %
b11010 +
b0 /
b11111010000 -
#20010000
b10001 "
b10001 '
b1 &
b1 /
b11111010001 -
#20020000
b1010 "
0#
b1010 '
b10 &
b10 /
b11111010010 -
#20030000
b0 "
b0 '
b11 &
b11 /
b11111010011 -
#20040000
1!
1(
b100 &
b100 /
b11111010100 -
#20050000
0!
0(
b101 &
b101 /
b11111010101 -
#20060000
b10 "
b10 '
b10 .
b110 &
b110 /
b11111010110 -
#20070000
b101101 "
b11101 .
b101101 '
b111 &
b111 /
b11111010111 -
#20080000
b100100 "
1#
b100100 '
b11111111111111111111111111110101 ,
b0 &
b11011 %
b11011 +
b0 /
b11111011000 -
#20090000
b10010 "
b10010 '
b1 &
b1 /
b11111011001 -
#20100000
b1011 "
0#
b1011 '
b10 &
b10 /
b11111011010 -
#20110000
b0 "
b0 '
b11 &
b11 /
b11111011011 -
#20120000
1!
1(
b100 &
b100 /
b11111011100 -
#20130000
0!
0(
b101 &
b101 /
b11111011101 -
#20140000
b11 "
b11 '
b11 .
b110 &
b110 /
b11111011110 -
#20150000
b101100 "
b11100 .
b101100 '
b111 &
b111 /
b11111011111 -
#20160000
b100101 "
1#
b100101 '
b11111111111111111111111111110100 ,
b0 &
b11100 %
b11100 +
b0 /
b11111100000 -
#20170000
b10011 "
b10011 '
b1 &
b1 /
b11111100001 -
#20180000
b1100 "
0#
b1100 '
b10 &
b10 /
b11111100010 -
#20190000
b0 "
b0 '
b11 &
b11 /
b11111100011 -
#20200000
1!
1(
b100 &
b100 /
b11111100100 -
#20210000
0!
0(
b101 &
b101 /
b11111100101 -
#20220000
b100 "
b100 '
b100 .
b110 &
b110 /
b11111100110 -
#20230000
b101011 "
b11011 .
b101011 '
b111 &
b111 /
b11111100111 -
#20240000
b100110 "
1#
b100110 '
b11111111111111111111111111110011 ,
b0 &
b11101 %
b11101 +
b0 /
b11111101000 -
#20250000
b10100 "
b10100 '
b1 &
b1 /
b11111101001 -
#20260000
b1101 "
0#
b1101 '
b10 &
b10 /
b11111101010 -
#20270000
b0 "
b0 '
b11 &
b11 /
b11111101011 -
#20280000
1!
1(
b100 &
b100 /
b11111101100 -
#20290000
0!
0(
b101 &
b101 /
b11111101101 -
#20300000
b101 "
b101 '
b101 .
b110 &
b110 /
b11111101110 -
#20310000
b101010 "
b11010 .
b101010 '
b111 &
b111 /
b11111101111 -
#20320000
b100111 "
1#
b100111 '
b11111111111111111111111111110010 ,
b0 &
b11110 %
b11110 +
b0 /
b11111110000 -
#20330000
b10101 "
b10101 '
b1 &
b1 /
b11111110001 -
#20340000
b1110 "
0#
b1110 '
b10 &
b10 /
b11111110010 -
#20350000
b0 "
b0 '
b11 &
b11 /
b11111110011 -
#20360000
1!
1(
b100 &
b100 /
b11111110100 -
#20370000
0!
0(
b101 &
b101 /
b11111110101 -
#20380000
b110 "
b110 '
b110 .
b110 &
b110 /
b11111110110 -
#20390000
b101001 "
b11001 .
b101001 '
b111 &
b111 /
b11111110111 -
#20400000
b101000 "
1#
b101000 '
b11111111111111111111111111110001 ,
b0 &
b11111 %
b11111 +
b0 /
b11111111000 -
#20410000
b10110 "
b10110 '
b1 &
b1 /
b11111111001 -
#20420000
b1111 "
0#
b1111 '
b10 &
b10 /
b11111111010 -
#20430000
b0 "
b0 '
b11 &
b11 /
b11111111011 -
#20440000
1!
1(
b100 &
b100 /
b11111111100 -
#20450000
0!
0(
b101 &
b101 /
b11111111101 -
#20460000
b111 "
b111 '
b111 .
b110 &
b110 /
b11111111110 -
#20470000
b101000 "
b11000 .
b101000 '
b111 &
b111 /
b11111111111 -
#20480000
b1000 "
1#
b1000 '
b0 ,
b1000 *
b0 &
b0 %
b1000 $
b1000 )
b0 +
b0 /
b100000000000 -
#20490000
b1000 "
b1000 '
b1 &
b1 /
b100000000001 -
#20500000
b0 "
0#
b0 '
b10 &
b10 /
b100000000010 -
#20510000
b11 &
b11 /
b100000000011 -
#20520000
1!
1(
b100 &
b100 /
b100000000100 -
#20530000
0!
0(
b101 &
b101 /
b100000000101 -
#20540000
b0 .
b110 &
b110 /
b100000000110 -
#20550000
b1000 "
b1000 '
b1000 .
b111 &
b111 /
b100000000111 -
#20560000
b1001 "
1#
b1001 '
b1 ,
b0 &
b1 %
b1 +
b0 /
b100000001000 -
#20570000
b111 "
b111 '
b1 &
b1 /
b100000001001 -
#20580000
b111111 "
0#
b111111 '
b10 &
b10 /
b100000001010 -
#20590000
b0 "
b0 '
b11 &
b11 /
b100000001011 -
#20600000
1!
1(
b100 &
b100 /
b100000001100 -
#20610000
0!
0(
b101 &
b101 /
b100000001101 -
#20620000
b0 .
b110 &
b110 /
b100000001110 -
#20630000
b1001 "
b1001 '
b1001 .
b111 &
b111 /
b100000001111 -
#20640000
b1010 "
1#
b1010 '
b10 ,
b0 &
b10 %
b10 +
b0 /
b100000010000 -
#20650000
b110 "
b110 '
b1 &
b1 /
b100000010001 -
#20660000
b111110 "
0#
b111110 '
b10 &
b10 /
b100000010010 -
#20670000
b0 "
b0 '
b11 &
b11 /
b100000010011 -
#20680000
1!
1(
b100 &
b100 /
b100000010100 -
#20690000
0!
0(
b101 &
b101 /
b100000010101 -
#20700000
b0 .
b110 &
b110 /
b100000010110 -
#20710000
b1010 "
b1010 '
b1010 .
b111 &
b111 /
b100000010111 -
#20720000
b1011 "
1#
b1011 '
b11 ,
b0 &
b11 %
b11 +
b0 /
b100000011000 -
#20730000
b101 "
b101 '
b1 &
b1 /
b100000011001 -
#20740000
b111101 "
0#
b111101 '
b10 &
b10 /
b100000011010 -
#20750000
b0 "
b0 '
b11 &
b11 /
b100000011011 -
#20760000
1!
1(
b100 &
b100 /
b100000011100 -
#20770000
0!
0(
b101 &
b101 /
b100000011101 -
#20780000
b0 .
b110 &
b110 /
b100000011110 -
#20790000
b1011 "
b1011 '
b1011 .
b111 &
b111 /
b100000011111 -
#20800000
b1100 "
1#
b1100 '
b100 ,
b0 &
b100 %
b100 +
b0 /
b100000100000 -
#20810000
b100 "
b100 '
b1 &
b1 /
b100000100001 -
#20820000
b111100 "
0#
b111100 '
b10 &
b10 /
b100000100010 -
#20830000
b0 "
b0 '
b11 &
b11 /
b100000100011 -
#20840000
1!
1(
b100 &
b100 /
b100000100100 -
#20850000
0!
0(
b101 &
b101 /
b100000100101 -
#20860000
b0 .
b110 &
b110 /
b100000100110 -
#20870000
b1100 "
b1100 '
b1100 .
b111 &
b111 /
b100000100111 -
#20880000
b1101 "
1#
b1101 '
b101 ,
b0 &
b101 %
b101 +
b0 /
b100000101000 -
#20890000
b11 "
b11 '
b1 &
b1 /
b100000101001 -
#20900000
b111011 "
0#
b111011 '
b10 &
b10 /
b100000101010 -
#20910000
b0 "
b0 '
b11 &
b11 /
b100000101011 -
#20920000
1!
1(
b100 &
b100 /
b100000101100 -
#20930000
0!
0(
b101 &
b101 /
b100000101101 -
#20940000
b0 .
b110 &
b110 /
b100000101110 -
#20950000
b1101 "
b1101 '
b1101 .
b111 &
b111 /
b100000101111 -
#20960000
b1110 "
1#
b1110 '
b110 ,
b0 &
b110 %
b110 +
b0 /
b100000110000 -
#20970000
b10 "
b10 '
b1 &
b1 /
b100000110001 -
#20980000
b111010 "
0#
b111010 '
b10 &
b10 /
b100000110010 -
#20990000
b0 "
b0 '
b11 &
b11 /
b100000110011 -
#21000000
1!
1(
b100 &
b100 /
b100000110100 -
#21010000
0!
0(
b101 &
b101 /
b100000110101 -
#21020000
b0 .
b110 &
b110 /
b100000110110 -
#21030000
b1110 "
b1110 '
b1110 .
b111 &
b111 /
b100000110111 -
#21040000
b1111 "
1#
b1111 '
b111 ,
b0 &
b111 %
b111 +
b0 /
b100000111000 -
#21050000
b1 "
b1 '
b1 &
b1 /
b100000111001 -
#21060000
b111001 "
0#
b111001 '
b10 &
b10 /
b100000111010 -
#21070000
b0 "
b0 '
b11 &
b11 /
b100000111011 -
#21080000
1!
1(
b100 &
b100 /
b100000111100 -
#21090000
0!
0(
b101 &
b101 /
b100000111101 -
#21100000
b0 .
b110 &
b110 /
b100000111110 -
#21110000
b1111 "
b1111 '
b1111 .
b111 &
b111 /
b100000111111 -
#21120000
b10000 "
1#
b10000 '
b1000 ,
b0 &
b1000 %
b1000 +
b0 /
b100001000000 -
#21130000
b0 "
b0 '
b1 &
b1 /
b100001000001 -
#21140000
b111000 "
0#
b111000 '
b10 &
b10 /
b100001000010 -
#21150000
b0 "
1!
1(
b0 '
b11 &
b11 /
b100001000011 -
#21160000
0!
0(
b100 &
b100 /
b100001000100 -
#21170000
b101 &
b101 /
b100001000101 -
#21180000
b1000 "
b1000 '
b1000 .
b110 &
b110 /
b100001000110 -
#21190000
b0 "
b0 .
b0 '
b111 &
b111 /
b100001000111 -
#21200000
b10001 "
1#
b10001 '
b1001 ,
b0 &
b1001 %
b1001 +
b0 /
b100001001000 -
#21210000
b100001 "
b100001 '
b1 &
b1 /
b100001001001 -
#21220000
b110111 "
0#
b110111 '
b10 &
b10 /
b100001001010 -
#21230000
b0 "
b0 '
b11 &
b11 /
b100001001011 -
#21240000
b100 &
b100 /
b100001001100 -
#21250000
1!
1(
b101 &
b101 /
b100001001101 -
#21260000
b1000 "
0!
b1000 '
b1000 .
0(
b110 &
b110 /
b100001001110 -
#21270000
b1 "
b1 .
b1 '
b111 &
b111 /
b100001001111 -
#21280000
b10010 "
1#
b10010 '
b1010 ,
b0 &
b1010 %
b1010 +
b0 /
b100001010000 -
#21290000
b100010 "
b100010 '
b1 &
b1 /
b100001010001 -
#21300000
b110110 "
0#
b110110 '
b10 &
b10 /
b100001010010 -
#21310000
b0 "
b0 '
b11 &
b11 /
b100001010011 -
#21320000
b100 &
b100 /
b100001010100 -
#21330000
1!
1(
b101 &
b101 /
b100001010101 -
#21340000
b1000 "
0!
b1000 '
b1000 .
0(
b110 &
b110 /
b100001010110 -
#21350000
b10 "
b10 .
b10 '
b111 &
b111 /
b100001010111 -
#21360000
b10011 "
1#
b10011 '
b1011 ,
b0 &
b1011 %
b1011 +
b0 /
b100001011000 -
#21370000
b100011 "
b100011 '
b1 &
b1 /
b100001011001 -
#21380000
b110101 "
0#
b110101 '
b10 &
b10 /
b100001011010 -
#21390000
b0 "
b0 '
b11 &
b11 /
b100001011011 -
#21400000
b100 &
b100 /
b100001011100 -
#21410000
1!
1(
b101 &
b101 /
b100001011101 -
#21420000
b1000 "
0!
b1000 '
b1000 .
0(
b110 &
b110 /
b100001011110 -
#21430000
b11 "
b11 .
b11 '
b111 &
b111 /
b100001011111 -
#21440000
b10100 "
1#
b10100 '
b1100 ,
b0 &
b1100 %
b1100 +
b0 /
b100001100000 -
#21450000
b100100 "
b100100 '
b1 &
b1 /
b100001100001 -
#21460000
b110100 "
0#
b110100 '
b10 &
b10 /
b100001100010 -
#21470000
b0 "
b0 '
b11 &
b11 /
b100001100011 -
#21480000
b100 &
b100 /
b100001100100 -
#21490000
1!
1(
b101 &
b101 /
b100001100101 -
#21500000
b1000 "
0!
b1000 '
b1000 .
0(
b110 &
b110 /
b100001100110 -
#21510000
b100 "
b100 .
b100 '
b111 &
b111 /
b100001100111 -
#21520000
b10101 "
1#
b10101 '
b1101 ,
b0 &
b1101 %
b1101 +
b0 /
b100001101000 -
#21530000
b100101 "
b100101 '
b1 &
b1 /
b100001101001 -
#21540000
b110011 "
0#
b110011 '
b10 &
b10 /
b100001101010 -
#21550000
b0 "
b0 '
b11 &
b11 /
b100001101011 -
#21560000
b100 &
b100 /
b100001101100 -
#21570000
1!
1(
b101 &
b101 /
b100001101101 -
#21580000
b1000 "
0!
b1000 '
b1000 .
0(
b110 &
b110 /
b100001101110 -
#21590000
b101 "
b101 .
b101 '
b111 &
b111 /
b100001101111 -
#21600000
b10110 "
1#
b10110 '
b1110 ,
b0 &
b1110 %
b1110 +
b0 /
b100001110000 -
#21610000
b100110 "
b100110 '
b1 &
b1 /
b100001110001 -
#21620000
b110010 "
0#
b110010 '
b10 &
b10 /
b100001110010 -
#21630000
b0 "
b0 '
b11 &
b11 /
b100001110011 -
#21640000
b100 &
b100 /
b100001110100 -
#21650000
1!
1(
b101 &
b101 /
b100001110101 -
#21660000
b1000 "
0!
b1000 '
b1000 .
0(
b110 &
b110 /
b100001110110 -
#21670000
b110 "
b110 .
b110 '
b111 &
b111 /
b100001110111 -
#21680000
b10111 "
1#
b10111 '
b1111 ,
b0 &
b1111 %
b1111 +
b0 /
b100001111000 -
#21690000
b100111 "
b100111 '
b1 &
b1 /
b100001111001 -
#21700000
b110001 "
0#
b110001 '
b10 &
b10 /
b100001111010 -
#21710000
b0 "
b0 '
b11 &
b11 /
b100001111011 -
#21720000
b100 &
b100 /
b100001111100 -
#21730000
1!
1(
b101 &
b101 /
b100001111101 -
#21740000
b1000 "
0!
b1000 '
b1000 .
0(
b110 &
b110 /
b100001111110 -
#21750000
b111 "
b111 .
b111 '
b111 &
b111 /
b100001111111 -
#21760000
b1000 "
1#
b1000 '
b0 ,
b0 &
b10000 %
b10000 +
b0 /
b100010000000 -
#21770000
b1000 "
b1000 '
b1 &
b1 /
b100010000001 -
#21780000
b0 "
0#
b0 '
b10 &
b10 /
b100010000010 -
#21790000
b11 &
b11 /
b100010000011 -
#21800000
1!
1(
b100 &
b100 /
b100010000100 -
#21810000
0!
0(
b101 &
b101 /
b100010000101 -
#21820000
b0 .
b110 &
b110 /
b100010000110 -
#21830000
b101000 "
b101000 '
b11000 .
b111 &
b111 /
b100010000111 -
#21840000
b111 "
1#
b111 '
b11111111111111111111111111111111 ,
b0 &
b10001 %
b10001 +
b0 /
b100010001000 -
#21850000
b1001 "
b1001 '
b1 &
b1 /
b100010001001 -
#21860000
b1 "
0#
b1 '
b10 &
b10 /
b100010001010 -
#21870000
b0 "
b0 '
b11 &
b11 /
b100010001011 -
#21880000
1!
1(
b100 &
b100 /
b100010001100 -
#21890000
0!
0(
b101 &
b101 /
b100010001101 -
#21900000
b0 .
b110 &
b110 /
b100010001110 -
#21910000
b101001 "
b101001 '
b11001 .
b111 &
b111 /
b100010001111 -
#21920000
b110 "
1#
b110 '
b11111111111111111111111111111110 ,
b0 &
b10010 %
b10010 +
b0 /
b100010010000 -
#21930000
b1010 "
b1010 '
b1 &
b1 /
b100010010001 -
#21940000
b10 "
0#
b10 '
b10 &
b10 /
b100010010010 -
#21950000
b0 "
b0 '
b11 &
b11 /
b100010010011 -
#21960000
1!
1(
b100 &
b100 /
b100010010100 -
#21970000
0!
0(
b101 &
b101 /
b100010010101 -
#21980000
b0 .
b110 &
b110 /
b100010010110 -
#21990000
b101010 "
b101010 '
b11010 .
b111 &
b111 /
b100010010111 -
#22000000
b101 "
1#
b101 '
b11111111111111111111111111111101 ,
b0 &
b10011 %
b10011 +
b0 /
b100010011000 -
#22010000
b1011 "
b1011 '
b1 &
b1 /
b100010011001 -
#22020000
b11 "
0#
b11 '
b10 &
b10 /
b100010011010 -
#22030000
b0 "
b0 '
b11 &
b11 /
b100010011011 -
#22040000
1!
1(
b100 &
b100 /
b100010011100 -
#22050000
0!
0(
b101 &
b101 /
b100010011101 -
#22060000
b0 .
b110 &
b110 /
b100010011110 -
#22070000
b101011 "
b101011 '
b11011 .
b111 &
b111 /
b100010011111 -
#22080000
b100 "
1#
b100 '
b11111111111111111111111111111100 ,
b0 &
b10100 %
b10100 +
b0 /
b100010100000 -
#22090000
b1100 "
b1100 '
b1 &
b1 /
b100010100001 -
#22100000
b100 "
0#
b100 '
b10 &
b10 /
b100010100010 -
#22110000
b0 "
b0 '
b11 &
b11 /
b100010100011 -
#22120000
1!
1(
b100 &
b100 /
b100010100100 -
#22130000
0!
0(
b101 &
b101 /
b100010100101 -
#22140000
b0 .
b110 &
b110 /
b100010100110 -
#22150000
b101100 "
b101100 '
b11100 .
b111 &
b111 /
b100010100111 -
#22160000
b11 "
1#
b11 '
b11111111111111111111111111111011 ,
b0 &
b10101 %
b10101 +
b0 /
b100010101000 -
#22170000
b1101 "
b1101 '
b1 &
b1 /
b100010101001 -
#22180000
b101 "
0#
b101 '
b10 &
b10 /
b100010101010 -
#22190000
b0 "
b0 '
b11 &
b11 /
b100010101011 -
#22200000
1!
1(
b100 &
b100 /
b100010101100 -
#22210000
0!
0(
b101 &
b101 /
b100010101101 -
#22220000
b0 .
b110 &
b110 /
b100010101110 -
#22230000
b101101 "
b101101 '
b11101 .
b111 &
b111 /
b100010101111 -
#22240000
b10 "
1#
b10 '
b11111111111111111111111111111010 ,
b0 &
b10110 %
b10110 +
b0 /
b100010110000 -
#22250000
b1110 "
b1110 '
b1 &
b1 /
b100010110001 -
#22260000
b110 "
0#
b110 '
b10 &
b10 /
b100010110010 -
#22270000
b0 "
b0 '
b11 &
b11 /
b100010110011 -
#22280000
1!
1(
b100 &
b100 /
b100010110100 -
#22290000
0!
0(
b101 &
b101 /
b100010110101 -
#22300000
b0 .
b110 &
b110 /
b100010110110 -
#22310000
b101110 "
b101110 '
b11110 .
b111 &
b111 /
b100010110111 -
#22320000
b1 "
1#
b1 '
b11111111111111111111111111111001 ,
b0 &
b10111 %
b10111 +
b0 /
b100010111000 -
#22330000
b1111 "
b1111 '
b1 &
b1 /
b100010111001 -
#22340000
b111 "
0#
b111 '
b10 &
b10 /
b100010111010 -
#22350000
b0 "
b0 '
b11 &
b11 /
b100010111011 -
#22360000
1!
1(
b100 &
b100 /
b100010111100 -
#22370000
0!
0(
b101 &
b101 /
b100010111101 -
#22380000
b0 .
b110 &
b110 /
b100010111110 -
#22390000
b101111 "
b101111 '
b11111 .
b111 &
b111 /
b100010111111 -
#22400000
b0 "
1#
b0 '
b11111111111111111111111111111000 ,
b0 &
b11000 %
b11000 +
b0 /
b100011000000 -
#22410000
b10000 "
b10000 '
b1 &
b1 /
b100011000001 -
#22420000
b1000 "
0#
b1000 '
b10 &
b10 /
b100011000010 -
#22430000
b0 "
b0 '
b11 &
b11 /
b100011000011 -
#22440000
1!
1(
b100 &
b100 /
b100011000100 -
#22450000
0!
0(
b101 &
b101 /
b100011000101 -
#22460000
b1000 "
b1000 '
b1000 .
b110 &
b110 /
b100011000110 -
#22470000
b100000 "
b10000 .
b100000 '
b111 &
b111 /
b100011000111 -
#22480000
b100001 "
1#
b100001 '
b11111111111111111111111111110111 ,
b0 &
b11001 %
b11001 +
b0 /
b100011001000 -
#22490000
b10001 "
b10001 '
b1 &
b1 /
b100011001001 -
#22500000
b1001 "
0#
b1001 '
b10 &
b10 /
b100011001010 -
#22510000
b0 "
b0 '
b11 &
b11 /
b100011001011 -
#22520000
1!
1(
b100 &
b100 /
b100011001100 -
#22530000
0!
0(
b101 &
b101 /
b100011001101 -
#22540000
b1000 "
b1000 '
b1000 .
b110 &
b110 /
b100011001110 -
#22550000
b100001 "
b10001 .
b100001 '
b111 &
b111 /
b100011001111 -
#22560000
b100010 "
1#
b100010 '
b11111111111111111111111111110110 ,
b0 &
b11010 %
b11010 +
b0 /
b100011010000 -
#22570000
b10010 "
b10010 '
b1 &
b1 /
b100011010001 -
#22580000
b1010 "
0#
b1010 '
b10 &
b10 /
b100011010010 -
#22590000
b0 "
b0 '
b11 &
b11 /
b100011010011 -
#22600000
1!
1(
b100 &
b100 /
b100011010100 -
#22610000
0!
0(
b101 &
b101 /
b100011010101 -
#22620000
b1000 "
b1000 '
b1000 .
b110 &
b110 /
b100011010110 -
#22630000
b100010 "
b10010 .
b100010 '
b111 &
b111 /
b100011010111 -
#22640000
b100011 "
1#
b100011 '
b11111111111111111111111111110101 ,
b0 &
b11011 %
b11011 +
b0 /
b100011011000 -
#22650000
b10011 "
b10011 '
b1 &
b1 /
b100011011001 -
#22660000
b1011 "
0#
b1011 '
b10 &
b10 /
b100011011010 -
#22670000
b0 "
b0 '
b11 &
b11 /
b100011011011 -
#22680000
1!
1(
b100 &
b100 /
b100011011100 -
#22690000
0!
0(
b101 &
b101 /
b100011011101 -
#22700000
b1000 "
b1000 '
b1000 .
b110 &
b110 /
b100011011110 -
#22710000
b100011 "
b10011 .
b100011 '
b111 &
b111 /
b100011011111 -
#22720000
b100100 "
1#
b100100 '
b11111111111111111111111111110100 ,
b0 &
b11100 %
b11100 +
b0 /
b100011100000 -
#22730000
b10100 "
b10100 '
b1 &
b1 /
b100011100001 -
#22740000
b1100 "
0#
b1100 '
b10 &
b10 /
b100011100010 -
#22750000
b0 "
b0 '
b11 &
b11 /
b100011100011 -
#22760000
1!
1(
b100 &
b100 /
b100011100100 -
#22770000
0!
0(
b101 &
b101 /
b100011100101 -
#22780000
b1000 "
b1000 '
b1000 .
b110 &
b110 /
b100011100110 -
#22790000
b100100 "
b10100 .
b100100 '
b111 &
b111 /
b100011100111 -
#22800000
b100101 "
1#
b100101 '
b11111111111111111111111111110011 ,
b0 &
b11101 %
b11101 +
b0 /
b100011101000 -
#22810000
b10101 "
b10101 '
b1 &
b1 /
b100011101001 -
#22820000
b1101 "
0#
b1101 '
b10 &
b10 /
b100011101010 -
#22830000
b0 "
b0 '
b11 &
b11 /
b100011101011 -
#22840000
1!
1(
b100 &
b100 /
b100011101100 -
#22850000
0!
0(
b101 &
b101 /
b100011101101 -
#22860000
b1000 "
b1000 '
b1000 .
b110 &
b110 /
b100011101110 -
#22870000
b100101 "
b10101 .
b100101 '
b111 &
b111 /
b100011101111 -
#22880000
b100110 "
1#
b100110 '
b11111111111111111111111111110010 ,
b0 &
b11110 %
b11110 +
b0 /
b100011110000 -
#22890000
b10110 "
b10110 '
b1 &
b1 /
b100011110001 -
#22900000
b1110 "
0#
b1110 '
b10 &
b10 /
b100011110010 -
#22910000
b0 "
b0 '
b11 &
b11 /
b100011110011 -
#22920000
1!
1(
b100 &
b100 /
b100011110100 -
#22930000
0!
0(
b101 &
b101 /
b100011110101 -
#22940000
b1000 "
b1000 '
b1000 .
b110 &
b110 /
b100011110110 -
#22950000
b100110 "
b10110 .
b100110 '
b111 &
b111 /
b100011110111 -
#22960000
b100111 "
1#
b100111 '
b11111111111111111111111111110001 ,
b0 &
b11111 %
b11111 +
b0 /
b100011111000 -
#22970000
b10111 "
b10111 '
b1 &
b1 /
b100011111001 -
#22980000
b1111 "
0#
b1111 '
b10 &
b10 /
b100011111010 -
#22990000
b0 "
b0 '
b11 &
b11 /
b100011111011 -
#23000000
1!
1(
b100 &
b100 /
b100011111100 -
#23010000
0!
0(
b101 &
b101 /
b100011111101 -
#23020000
b1000 "
b1000 '
b1000 .
b110 &
b110 /
b100011111110 -
#23030000
b100111 "
b10111 .
b100111 '
b111 &
b111 /
b100011111111 -
#23040000
b1001 "
1#
b1001 '
b0 ,
b1001 *
b0 &
b0 %
b1001 $
b1001 )
b0 +
b0 /
b100100000000 -
#23050000
b1001 "
b1001 '
b1 &
b1 /
b100100000001 -
#23060000
b0 "
0#
b0 '
b10 &
b10 /
b100100000010 -
#23070000
b11 &
b11 /
b100100000011 -
#23080000
1!
1(
b100 &
b100 /
b100100000100 -
#23090000
0!
0(
b101 &
b101 /
b100100000101 -
#23100000
b0 .
b110 &
b110 /
b100100000110 -
#23110000
b1001 "
b1001 '
b1001 .
b111 &
b111 /
b100100000111 -
#23120000
b1010 "
1#
b1010 '
b1 ,
b0 &
b1 %
b1 +
b0 /
b100100001000 -
#23130000
b1000 "
b1000 '
b1 &
b1 /
b100100001001 -
#23140000
b111111 "
0#
b111111 '
b10 &
b10 /
b100100001010 -
#23150000
b0 "
b0 '
b11 &
b11 /
b100100001011 -
#23160000
1!
1(
b100 &
b100 /
b100100001100 -
#23170000
0!
0(
b101 &
b101 /
b100100001101 -
#23180000
b1 "
b1 '
b1 .
b110 &
b110 /
b100100001110 -
#23190000
b1000 "
b1000 .
b1000 '
b111 &
b111 /
b100100001111 -
#23200000
b1011 "
1#
b1011 '
b10 ,
b0 &
b10 %
b10 +
b0 /
b100100010000 -
#23210000
b111 "
b111 '
b1 &
b1 /
b100100010001 -
#23220000
b111110 "
0#
b111110 '
b10 &
b10 /
b100100010010 -
#23230000
b0 "
b0 '
b11 &
b11 /
b100100010011 -
#23240000
1!
1(
b100 &
b100 /
b100100010100 -
#23250000
0!
0(
b101 &
b101 /
b100100010101 -
#23260000
b0 .
b110 &
b110 /
b100100010110 -
#23270000
b1011 "
b1011 '
b1011 .
b111 &
b111 /
b100100010111 -
#23280000
b1100 "
1#
b1100 '
b11 ,
b0 &
b11 %
b11 +
b0 /
b100100011000 -
#23290000
b110 "
b110 '
b1 &
b1 /
b100100011001 -
#23300000
b111101 "
0#
b111101 '
b10 &
b10 /
b100100011010 -
#23310000
b0 "
b0 '
b11 &
b11 /
b100100011011 -
#23320000
1!
1(
b100 &
b100 /
b100100011100 -
#23330000
0!
0(
b101 &
b101 /
b100100011101 -
#23340000
b1 "
b1 '
b1 .
b110 &
b110 /
b100100011110 -
#23350000
b1010 "
b1010 .
b1010 '
b111 &
b111 /
b100100011111 -
#23360000
b1101 "
1#
b1101 '
b100 ,
b0 &
b100 %
b100 +
b0 /
b100100100000 -
#23370000
b101 "
b101 '
b1 &
b1 /
b100100100001 -
#23380000
b111100 "
0#
b111100 '
b10 &
b10 /
b100100100010 -
#23390000
b0 "
b0 '
b11 &
b11 /
b100100100011 -
#23400000
1!
1(
b100 &
b100 /
b100100100100 -
#23410000
0!
0(
b101 &
b101 /
b100100100101 -
#23420000
b0 .
b110 &
b110 /
b100100100110 -
#23430000
b1101 "
b1101 '
b1101 .
b111 &
b111 /
b100100100111 -
#23440000
b1110 "
1#
b1110 '
b101 ,
b0 &
b101 %
b101 +
b0 /
b100100101000 -
#23450000
b100 "
b100 '
b1 &
b1 /
b100100101001 -
#23460000
b111011 "
0#
b111011 '
b10 &
b10 /
b100100101010 -
#23470000
b0 "
b0 '
b11 &
b11 /
b100100101011 -
#23480000
1!
1(
b100 &
b100 /
b100100101100 -
#23490000
0!
0(
b101 &
b101 /
b100100101101 -
#23500000
b1 "
b1 '
b1 .
b110 &
b110 /
b100100101110 -
#23510000
b1100 "
b1100 .
b1100 '
b111 &
b111 /
b100100101111 -
#23520000
b1111 "
1#
b1111 '
b110 ,
b0 &
b110 %
b110 +
b0 /
b100100110000 -
#23530000
b11 "
b11 '
b1 &
b1 /
b100100110001 -
#23540000
b111010 "
0#
b111010 '
b10 &
b10 /
b100100110010 -
#23550000
b0 "
b0 '
b11 &
b11 /
b100100110011 -
#23560000
1!
1(
b100 &
b100 /
b100100110100 -
#23570000
0!
0(
b101 &
b101 /
b100100110101 -
#23580000
b0 .
b110 &
b110 /
b100100110110 -
#23590000
b1111 "
b1111 '
b1111 .
b111 &
b111 /
b100100110111 -
#23600000
b10000 "
1#
b10000 '
b111 ,
b0 &
b111 %
b111 +
b0 /
b100100111000 -
#23610000
b10 "
b10 '
b1 &
b1 /
b100100111001 -
#23620000
b111001 "
0#
b111001 '
b10 &
b10 /
b100100111010 -
#23630000
b0 "
b0 '
b11 &
b11 /
b100100111011 -
#23640000
1!
1(
b100 &
b100 /
b100100111100 -
#23650000
0!
0(
b101 &
b101 /
b100100111101 -
#23660000
b1 "
b1 '
b1 .
b110 &
b110 /
b100100111110 -
#23670000
b1110 "
b1110 .
b1110 '
b111 &
b111 /
b100100111111 -
#23680000
b10001 "
1#
b10001 '
b1000 ,
b0 &
b1000 %
b1000 +
b0 /
b100101000000 -
#23690000
b1 "
b1 '
b1 &
b1 /
b100101000001 -
#23700000
b111000 "
0#
b111000 '
b10 &
b10 /
b100101000010 -
#23710000
b0 "
b0 '
b11 &
b11 /
b100101000011 -
#23720000
1!
1(
b100 &
b100 /
b100101000100 -
#23730000
0!
0(
b101 &
b101 /
b100101000101 -
#23740000
b1000 "
b1000 '
b1000 .
b110 &
b110 /
b100101000110 -
#23750000
b1 "
b1 .
b1 '
b111 &
b111 /
b100101000111 -
#23760000
b10010 "
1#
b10010 '
b1001 ,
b0 &
b1001 %
b1001 +
b0 /
b100101001000 -
#23770000
b0 "
b0 '
b1 &
b1 /
b100101001001 -
#23780000
b110111 "
0#
b110111 '
b10 &
b10 /
b100101001010 -
#23790000
b0 "
1!
1(
b0 '
b11 &
b11 /
b100101001011 -
#23800000
0!
0(
b100 &
b100 /
b100101001100 -
#23810000
b101 &
b101 /
b100101001101 -
#23820000
b1001 "
b1001 '
b1001 .
b110 &
b110 /
b100101001110 -
#23830000
b0 "
b0 .
b0 '
b111 &
b111 /
b100101001111 -
#23840000
b10011 "
1#
b10011 '
b1010 ,
b0 &
b1010 %
b1010 +
b0 /
b100101010000 -
#23850000
b100001 "
b100001 '
b1 &
b1 /
b100101010001 -
#23860000
b110110 "
0#
b110110 '
b10 &
b10 /
b100101010010 -
#23870000
b0 "
b0 '
b11 &
b11 /
b100101010011 -
#23880000
b100 &
b100 /
b100101010100 -
#23890000
1!
1(
b101 &
b101 /
b100101010101 -
#23900000
b1000 "
0!
b1000 '
b1000 .
0(
b110 &
b110 /
b100101010110 -
#23910000
b11 "
b11 .
b11 '
b111 &
b111 /
b100101010111 -
#23920000
b10100 "
1#
b10100 '
b1011 ,
b0 &
b1011 %
b1011 +
b0 /
b100101011000 -
#23930000
b100010 "
b100010 '
b1 &
b1 /
b100101011001 -
#23940000
b110101 "
0#
b110101 '
b10 &
b10 /
b100101011010 -
#23950000
b0 "
b0 '
b11 &
b11 /
b100101011011 -
#23960000
b100 &
b100 /
b100101011100 -
#23970000
1!
1(
b101 &
b101 /
b100101011101 -
#23980000
b1001 "
0!
b1001 '
b1001 .
0(
b110 &
b110 /
b100101011110 -
#23990000
b10 "
b10 .
b10 '
b111 &
b111 /
b100101011111 -
#24000000
b10101 "
1#
b10101 '
b1100 ,
b0 &
b1100 %
b1100 +
b0 /
b100101100000 -
#24010000
b100011 "
b100011 '
b1 &
b1 /
b100101100001 -
#24020000
b110100 "
0#
b110100 '
b10 &
b10 /
b100101100010 -
#24030000
b0 "
b0 '
b11 &
b11 /
b100101100011 -
#24040000
b100 &
b100 /
b100101100100 -
#24050000
1!
1(
b101 &
b101 /
b100101100101 -
#24060000
b1000 "
0!
b1000 '
b1000 .
0(
b110 &
b110 /
b100101100110 -
#24070000
b101 "
b101 .
b101 '
b111 &
b111 /
b100101100111 -
#24080000
b10110 "
1#
b10110 '
b1101 ,
b0 &
b1101 %
b1101 +
b0 /
b100101101000 -
#24090000
b100100 "
b100100 '
b1 &
b1 /
b100101101001 -
#24100000
b110011 "
0#
b110011 '
b10 &
b10 /
b100101101010 -
#24110000
b0 "
b0 '
b11 &
b11 /
b100101101011 -
#24120000
b100 &
b100 /
b100101101100 -
#24130000
1!
1(
b101 &
b101 /
b100101101101 -
#24140000
b1001 "
0!
b1001 '
b1001 .
0(
b110 &
b110 /
b100101101110 -
#24150000
b100 "
b100 .
b100 '
b111 &
b111 /
b100101101111 -
#24160000
b10111 "
1#
b10111 '
b1110 ,
b0 &
b1110 %
b1110 +
b0 /
b100101110000 -
#24170000
b100101 "
b100101 '
b1 &
b1 /
b100101110001 -
#24180000
b110010 "
0#
b110010 '
b10 &
b10 /
b100101110010 -
#24190000
b0 "
b0 '
b11 &
b11 /
b100101110011 -
#24200000
b100 &
b100 /
b100101110100 -
#24210000
1!
1(
b101 &
b101 /
b100101110101 -
#24220000
b1000 "
0!
b1000 '
b1000 .
0(
b110 &
b110 /
b100101110110 -
#24230000
b111 "
b111 .
b111 '
b111 &
b111 /
b100101110111 -
#24240000
b11000 "
1#
b11000 '
b1111 ,
b0 &
b1111 %
b1111 +
b0 /
b100101111000 -
#24250000
b100110 "
b100110 '
b1 &
b1 /
b100101111001 -
#24260000
b110001 "
0#
b110001 '
b10 &
b10 /
b100101111010 -
#24270000
b0 "
b0 '
b11 &
b11 /
b100101111011 -
#24280000
b100 &
b100 /
b100101111100 -
#24290000
1!
1(
b101 &
b101 /
b100101111101 -
#24300000
b1001 "
0!
b1001 '
b1001 .
0(
b110 &
b110 /
b100101111110 -
#24310000
b110 "
b110 .
b110 '
b111 &
b111 /
b100101111111 -
#24320000
b1001 "
1#
b1001 '
b0 ,
b0 &
b10000 %
b10000 +
b0 /
b100110000000 -
#24330000
b1001 "
b1001 '
b1 &
b1 /
b100110000001 -
#24340000
b0 "
0#
b0 '
b10 &
b10 /
b100110000010 -
#24350000
b11 &
b11 /
b100110000011 -
#24360000
1!
1(
b100 &
b100 /
b100110000100 -
#24370000
0!
0(
b101 &
b101 /
b100110000101 -
#24380000
b0 .
b110 &
b110 /
b100110000110 -
#24390000
b101001 "
b101001 '
b11001 .
b111 &
b111 /
b100110000111 -
#24400000
b1000 "
1#
b1000 '
b11111111111111111111111111111111 ,
b0 &
b10001 %
b10001 +
b0 /
b100110001000 -
#24410000
b1010 "
b1010 '
b1 &
b1 /
b100110001001 -
#24420000
b1 "
0#
b1 '
b10 &
b10 /
b100110001010 -
#24430000
b0 "
b0 '
b11 &
b11 /
b100110001011 -
#24440000
1!
1(
b100 &
b100 /
b100110001100 -
#24450000
0!
0(
b101 &
b101 /
b100110001101 -
#24460000
b1 "
b1 '
b1 .
b110 &
b110 /
b100110001110 -
#24470000
b101000 "
b11000 .
b101000 '
b111 &
b111 /
b100110001111 -
#24480000
b111 "
1#
b111 '
b11111111111111111111111111111110 ,
b0 &
b10010 %
b10010 +
b0 /
b100110010000 -
#24490000
b1011 "
b1011 '
b1 &
b1 /
b100110010001 -
#24500000
b10 "
0#
b10 '
b10 &
b10 /
b100110010010 -
#24510000
b0 "
b0 '
b11 &
b11 /
b100110010011 -
#24520000
1!
1(
b100 &
b100 /
b100110010100 -
#24530000
0!
0(
b101 &
b101 /
b100110010101 -
#24540000
b0 .
b110 &
b110 /
b100110010110 -
#24550000
b101011 "
b101011 '
b11011 .
b111 &
b111 /
b100110010111 -
#24560000
b110 "
1#
b110 '
b11111111111111111111111111111101 ,
b0 &
b10011 %
b10011 +
b0 /
b100110011000 -
#24570000
b1100 "
b1100 '
b1 &
b1 /
b100110011001 -
#24580000
b11 "
0#
b11 '
b10 &
b10 /
b100110011010 -
#24590000
b0 "
b0 '
b11 &
b11 /
b100110011011 -
#24600000
1!
1(
b100 &
b100 /
b100110011100 -
#24610000
0!
0(
b101 &
b101 /
b100110011101 -
#24620000
b1 "
b1 '
b1 .
b110 &
b110 /
b100110011110 -
#24630000
b101010 "
b11010 .
b101010 '
b111 &
b111 /
b100110011111 -
#24640000
b101 "
1#
b101 '
b11111111111111111111111111111100 ,
b0 &
b10100 %
b10100 +
b0 /
b100110100000 -
#24650000
b1101 "
b1101 '
b1 &
b1 /
b100110100001 -
#24660000
b100 "
0#
b100 '
b10 &
b10 /
b100110100010 -
#24670000
b0 "
b0 '
b11 &
b11 /
b100110100011 -
#24680000
1!
1(
b100 &
b100 /
b100110100100 -
#24690000
0!
0(
b101 &
b101 /
b100110100101 -
#24700000
b0 .
b110 &
b110 /
b100110100110 -
#24710000
b101101 "
b101101 '
b11101 .
b111 &
b111 /
b100110100111 -
#24720000
b100 "
1#
b100 '
b11111111111111111111111111111011 ,
b0 &
b10101 %
b10101 +
b0 /
b100110101000 -
#24730000
b1110 "
b1110 '
b1 &
b1 /
b100110101001 -
#24740000
b101 "
0#
b101 '
b10 &
b10 /
b100110101010 -
#24750000
b0 "
b0 '
b11 &
b11 /
b100110101011 -
#24760000
1!
1(
b100 &
b100 /
b100110101100 -
#24770000
0!
0(
b101 &
b101 /
b100110101101 -
#24780000
b1 "
b1 '
b1 .
b110 &
b110 /
b100110101110 -
#24790000
b101100 "
b11100 .
b101100 '
b111 &
b111 /
b100110101111 -
#24800000
b11 "
1#
b11 '
b11111111111111111111111111111010 ,
b0 &
b10110 %
b10110 +
b0 /
b100110110000 -
#24810000
b1111 "
b1111 '
b1 &
b1 /
b100110110001 -
#24820000
b110 "
0#
b110 '
b10 &
b10 /
b100110110010 -
#24830000
b0 "
b0 '
b11 &
b11 /
b100110110011 -
#24840000
1!
1(
b100 &
b100 /
b100110110100 -
#24850000
0!
0(
b101 &
b101 /
b100110110101 -
#24860000
b0 .
b110 &
b110 /
b100110110110 -
#24870000
b101111 "
b101111 '
b11111 .
b111 &
b111 /
b100110110111 -
#24880000
b10 "
1#
b10 '
b11111111111111111111111111111001 ,
b0 &
b10111 %
b10111 +
b0 /
b100110111000 -
#24890000
b10000 "
b10000 '
b1 &
b1 /
b100110111001 -
#24900000
b111 "
0#
b111 '
b10 &
b10 /
b100110111010 -
#24910000
b0 "
b0 '
b11 &
b11 /
b100110111011 -
#24920000
1!
1(
b100 &
b100 /
b100110111100 -
#24930000
0!
0(
b101 &
b101 /
b100110111101 -
#24940000
b1 "
b1 '
b1 .
b110 &
b110 /
b100110111110 -
#24950000
b101110 "
b11110 .
b101110 '
b111 &
b111 /
b100110111111 -
#24960000
b1 "
1#
b1 '
b11111111111111111111111111111000 ,
b0 &
b11000 %
b11000 +
b0 /
b100111000000 -
#24970000
b10001 "
b10001 '
b1 &
b1 /
b100111000001 -
#24980000
b1000 "
0#
b1000 '
b10 &
b10 /
b100111000010 -
#24990000
b0 "
b0 '
b11 &
b11 /
b100111000011 -
#25000000
1!
1(
b100 &
b100 /
b100111000100 -
#25010000
0!
0(
b101 &
b101 /
b100111000101 -
#25020000
b1000 "
b1000 '
b1000 .
b110 &
b110 /
b100111000110 -
#25030000
b100001 "
b10001 .
b100001 '
b111 &
b111 /
b100111000111 -
#25040000
b0 "
1#
b0 '
b11111111111111111111111111110111 ,
b0 &
b11001 %
b11001 +
b0 /
b100111001000 -
#25050000
b10010 "
b10010 '
b1 &
b1 /
b100111001001 -
#25060000
b1001 "
0#
b1001 '
b10 &
b10 /
b100111001010 -
#25070000
b0 "
b0 '
b11 &
b11 /
b100111001011 -
#25080000
1!
1(
b100 &
b100 /
b100111001100 -
#25090000
0!
0(
b101 &
b101 /
b100111001101 -
#25100000
b1001 "
b1001 '
b1001 .
b110 &
b110 /
b100111001110 -
#25110000
b100000 "
b10000 .
b100000 '
b111 &
b111 /
b100111001111 -
#25120000
b100001 "
1#
b100001 '
b11111111111111111111111111110110 ,
b0 &
b11010 %
b11010 +
b0 /
b100111010000 -
#25130000
b10011 "
b10011 '
b1 &
b1 /
b100111010001 -
#25140000
b1010 "
0#
b1010 '
b10 &
b10 /
b100111010010 -
#25150000
b0 "
b0 '
b11 &
b11 /
b100111010011 -
#25160000
1!
1(
b100 &
b100 /
b100111010100 -
#25170000
0!
0(
b101 &
b101 /
b100111010101 -
#25180000
b1000 "
b1000 '
b1000 .
b110 &
b110 /
b100111010110 -
#25190000
b100011 "
b10011 .
b100011 '
b111 &
b111 /
b100111010111 -
#25200000
b100010 "
1#
b100010 '
b11111111111111111111111111110101 ,
b0 &
b11011 %
b11011 +
b0 /
b100111011000 -
#25210000
b10100 "
b10100 '
b1 &
b1 /
b100111011001 -
#25220000
b1011 "
0#
b1011 '
b10 &
b10 /
b100111011010 -
#25230000
b0 "
b0 '
b11 &
b11 /
b100111011011 -
#25240000
1!
1(
b100 &
b100 /
b100111011100 -
#25250000
0!
0(
b101 &
b101 /
b100111011101 -
#25260000
b1001 "
b1001 '
b1001 .
b110 &
b110 /
b100111011110 -
#25270000
b100010 "
b10010 .
b100010 '
b111 &
b111 /
b100111011111 -
#25280000
b100011 "
1#
b100011 '
b11111111111111111111111111110100 ,
b0 &
b11100 %
b11100 +
b0 /
b100111100000 -
#25290000
b10101 "
b10101 '
b1 &
b1 /
b100111100001 -
#25300000
b1100 "
0#
b1100 '
b10 &
b10 /
b100111100010 -
#25310000
b0 "
b0 '
b11 &
b11 /
b100111100011 -
#25320000
1!
1(
b100 &
b100 /
b100111100100 -
#25330000
0!
0(
b101 &
b101 /
b100111100101 -
#25340000
b1000 "
b1000 '
b1000 .
b110 &
b110 /
b100111100110 -
#25350000
b100101 "
b10101 .
b100101 '
b111 &
b111 /
b100111100111 -
#25360000
b100100 "
1#
b100100 '
b11111111111111111111111111110011 ,
b0 &
b11101 %
b11101 +
b0 /
b100111101000 -
#25370000
b10110 "
b10110 '
b1 &
b1 /
b100111101001 -
#25380000
b1101 "
0#
b1101 '
b10 &
b10 /
b100111101010 -
#25390000
b0 "
b0 '
b11 &
b11 /
b100111101011 -
#25400000
1!
1(
b100 &
b100 /
b100111101100 -
#25410000
0!
0(
b101 &
b101 /
b100111101101 -
#25420000
b1001 "
b1001 '
b1001 .
b110 &
b110 /
b100111101110 -
#25430000
b100100 "
b10100 .
b100100 '
b111 &
b111 /
b100111101111 -
#25440000
b100101 "
1#
b100101 '
b11111111111111111111111111110010 ,
b0 &
b11110 %
b11110 +
b0 /
b100111110000 -
#25450000
b10111 "
b10111 '
b1 &
b1 /
b100111110001 -
#25460000
b1110 "
0#
b1110 '
b10 &
b10 /
b100111110010 -
#25470000
b0 "
b0 '
b11 &
b11 /
b100111110011 -
#25480000
1!
1(
b100 &
b100 /
b100111110100 -
#25490000
0!
0(
b101 &
b101 /
b100111110101 -
#25500000
b1000 "
b1000 '
b1000 .
b110 &
b110 /
b100111110110 -
#25510000
b100111 "
b10111 .
b100111 '
b111 &
b111 /
b100111110111 -
#25520000
b100110 "
1#
b100110 '
b11111111111111111111111111110001 ,
b0 &
b11111 %
b11111 +
b0 /
b100111111000 -
#25530000
b11000 "
b11000 '
b1 &
b1 /
b100111111001 -
#25540000
b1111 "
0#
b1111 '
b10 &
b10 /
b100111111010 -
#25550000
b0 "
b0 '
b11 &
b11 /
b100111111011 -
#25560000
1!
1(
b100 &
b100 /
b100111111100 -
#25570000
0!
0(
b101 &
b101 /
b100111111101 -
#25580000
b1001 "
b1001 '
b1001 .
b110 &
b110 /
b100111111110 -
#25590000
b100110 "
b10110 .
b100110 '
b111 &
b111 /
b100111111111 -
#25600000
b1010 "
1#
b1010 '
b0 ,
b1010 *
b0 &
b0 %
b1010 $
b1010 )
b0 +
b0 /
b101000000000 -
#25610000
b1010 "
b1010 '
b1 &
b1 /
b101000000001 -
#25620000
b0 "
0#
b0 '
b10 &
b10 /
b101000000010 -
#25630000
b11 &
b11 /
b101000000011 -
#25640000
1!
1(
b100 &
b100 /
b101000000100 -
#25650000
0!
0(
b101 &
b101 /
b101000000101 -
#25660000
b0 .
b110 &
b110 /
b101000000110 -
#25670000
b1010 "
b1010 '
b1010 .
b111 &
b111 /
b101000000111 -
#25680000
b1011 "
1#
b1011 '
b1 ,
b0 &
b1 %
b1 +
b0 /
b101000001000 -
#25690000
b1001 "
b1001 '
b1 &
b1 /
b101000001001 -
#25700000
b111111 "
0#
b111111 '
b10 &
b10 /
b101000001010 -
#25710000
b0 "
b0 '
b11 &
b11 /
b101000001011 -
#25720000
1!
1(
b100 &
b100 /
b101000001100 -
#25730000
0!
0(
b101 &
b101 /
b101000001101 -
#25740000
b0 .
b110 &
b110 /
b101000001110 -
#25750000
b1011 "
b1011 '
b1011 .
b111 &
b111 /
b101000001111 -
#25760000
b1100 "
1#
b1100 '
b10 ,
b0 &
b10 %
b10 +
b0 /
b101000010000 -
#25770000
b1000 "
b1000 '
b1 &
b1 /
b101000010001 -
#25780000
b111110 "
0#
b111110 '
b10 &
b10 /
b101000010010 -
#25790000
b0 "
b0 '
b11 &
b11 /
b101000010011 -
#25800000
1!
1(
b100 &
b100 /
b101000010100 -
#25810000
0!
0(
b101 &
b101 /
b101000010101 -
#25820000
b10 "
b10 '
b10 .
b110 &
b110 /
b101000010110 -
#25830000
b1000 "
b1000 .
b1000 '
b111 &
b111 /
b101000010111 -
#25840000
b1101 "
1#
b1101 '
b11 ,
b0 &
b11 %
b11 +
b0 /
b101000011000 -
#25850000
b111 "
b111 '
b1 &
b1 /
b101000011001 -
#25860000
b111101 "
0#
b111101 '
b10 &
b10 /
b101000011010 -
#25870000
b0 "
b0 '
b11 &
b11 /
b101000011011 -
#25880000
1!
1(
b100 &
b100 /
b101000011100 -
#25890000
0!
0(
b101 &
b101 /
b101000011101 -
#25900000
b10 "
b10 '
b10 .
b110 &
b110 /
b101000011110 -
#25910000
b1001 "
b1001 .
b1001 '
b111 &
b111 /
b101000011111 -
#25920000
b1110 "
1#
b1110 '
b100 ,
b0 &
b100 %
b100 +
b0 /
b101000100000 -
#25930000
b110 "
b110 '
b1 &
b1 /
b101000100001 -
#25940000
b111100 "
0#
b111100 '
b10 &
b10 /
b101000100010 -
#25950000
b0 "
b0 '
b11 &
b11 /
b101000100011 -
#25960000
1!
1(
b100 &
b100 /
b101000100100 -
#25970000
0!
0(
b101 &
b101 /
b101000100101 -
#25980000
b0 .
b110 &
b110 /
b101000100110 -
#25990000
b1110 "
b1110 '
b1110 .
b111 &
b111 /
b101000100111 -
#26000000
b1111 "
1#
b1111 '
b101 ,
b0 &
b101 %
b101 +
b0 /
b101000101000 -
#26010000
b101 "
b101 '
b1 &
b1 /
b101000101001 -
#26020000
b111011 "
0#
b111011 '
b10 &
b10 /
b101000101010 -
#26030000
b0 "
b0 '
b11 &
b11 /
b101000101011 -
#26040000
1!
1(
b100 &
b100 /
b101000101100 -
#26050000
0!
0(
b101 &
b101 /
b101000101101 -
#26060000
b0 .
b110 &
b110 /
b101000101110 -
#26070000
b1111 "
b1111 '
b1111 .
b111 &
b111 /
b101000101111 -
#26080000
b10000 "
1#
b10000 '
b110 ,
b0 &
b110 %
b110 +
b0 /
b101000110000 -
#26090000
b100 "
b100 '
b1 &
b1 /
b101000110001 -
#26100000
b111010 "
0#
b111010 '
b10 &
b10 /
b101000110010 -
#26110000
b0 "
b0 '
b11 &
b11 /
b101000110011 -
#26120000
1!
1(
b100 &
b100 /
b101000110100 -
#26130000
0!
0(
b101 &
b101 /
b101000110101 -
#26140000
b10 "
b10 '
b10 .
b110 &
b110 /
b101000110110 -
#26150000
b1100 "
b1100 .
b1100 '
b111 &
b111 /
b101000110111 -
#26160000
b10001 "
1#
b10001 '
b111 ,
b0 &
b111 %
b111 +
b0 /
b101000111000 -
#26170000
b11 "
b11 '
b1 &
b1 /
b101000111001 -
#26180000
b111001 "
0#
b111001 '
b10 &
b10 /
b101000111010 -
#26190000
b0 "
b0 '
b11 &
b11 /
b101000111011 -
#26200000
1!
1(
b100 &
b100 /
b101000111100 -
#26210000
0!
0(
b101 &
b101 /
b101000111101 -
#26220000
b10 "
b10 '
b10 .
b110 &
b110 /
b101000111110 -
#26230000
b1101 "
b1101 .
b1101 '
b111 &
b111 /
b101000111111 -
#26240000
b10010 "
1#
b10010 '
b1000 ,
b0 &
b1000 %
b1000 +
b0 /
b101001000000 -
#26250000
b10 "
b10 '
b1 &
b1 /
b101001000001 -
#26260000
b111000 "
0#
b111000 '
b10 &
b10 /
b101001000010 -
#26270000
b0 "
b0 '
b11 &
b11 /
b101001000011 -
#26280000
1!
1(
b100 &
b100 /
b101001000100 -
#26290000
0!
0(
b101 &
b101 /
b101001000101 -
#26300000
b1000 "
b1000 '
b1000 .
b110 &
b110 /
b101001000110 -
#26310000
b10 "
b10 .
b10 '
b111 &
b111 /
b101001000111 -
#26320000
b10011 "
1#
b10011 '
b1001 ,
b0 &
b1001 %
b1001 +
b0 /
b101001001000 -
#26330000
b1 "
b1 '
b1 &
b1 /
b101001001001 -
#26340000
b110111 "
0#
b110111 '
b10 &
b10 /
b101001001010 -
#26350000
b0 "
b0 '
b11 &
b11 /
b101001001011 -
#26360000
1!
1(
b100 &
b100 /
b101001001100 -
#26370000
0!
0(
b101 &
b101 /
b101001001101 -
#26380000
b1000 "
b1000 '
b1000 .
b110 &
b110 /
b101001001110 -
#26390000
b11 "
b11 .
b11 '
b111 &
b111 /
b101001001111 -
#26400000
b10100 "
1#
b10100 '
b1010 ,
b0 &
b1010 %
b1010 +
b0 /
b101001010000 -
#26410000
b0 "
b0 '
b1 &
b1 /
b101001010001 -
#26420000
b110110 "
0#
b110110 '
b10 &
b10 /
b101001010010 -
#26430000
b0 "
1!
1(
b0 '
b11 &
b11 /
b101001010011 -
#26440000
0!
0(
b100 &
b100 /
b101001010100 -
#26450000
b101 &
b101 /
b101001010101 -
#26460000
b1010 "
b1010 '
b1010 .
b110 &
b110 /
b101001010110 -
#26470000
b0 "
b0 .
b0 '
b111 &
b111 /
b101001010111 -
#26480000
b10101 "
1#
b10101 '
b1011 ,
b0 &
b1011 %
b1011 +
b0 /
b101001011000 -
#26490000
b100001 "
b100001 '
b1 &
b1 /
b101001011001 -
#26500000
b110101 "
0#
b110101 '
b10 &
b10 /
b101001011010 -
#26510000
b0 "
b0 '
b11 &
b11 /
b101001011011 -
#26520000
b100 &
b100 /
b101001011100 -
#26530000
1!
1(
b101 &
b101 /
b101001011101 -
#26540000
b1010 "
0!
b1010 '
b1010 .
0(
b110 &
b110 /
b101001011110 -
#26550000
b1 "
b1 .
b1 '
b111 &
b111 /
b101001011111 -
#26560000
b10110 "
1#
b10110 '
b1100 ,
b0 &
b1100 %
b1100 +
b0 /
b101001100000 -
#26570000
b100010 "
b100010 '
b1 &
b1 /
b101001100001 -
#26580000
b110100 "
0#
b110100 '
b10 &
b10 /
b101001100010 -
#26590000
b0 "
b0 '
b11 &
b11 /
b101001100011 -
#26600000
b100 &
b100 /
b101001100100 -
#26610000
1!
1(
b101 &
b101 /
b101001100101 -
#26620000
b1000 "
0!
b1000 '
b1000 .
0(
b110 &
b110 /
b101001100110 -
#26630000
b110 "
b110 .
b110 '
b111 &
b111 /
b101001100111 -
#26640000
b10111 "
1#
b10111 '
b1101 ,
b0 &
b1101 %
b1101 +
b0 /
b101001101000 -
#26650000
b100011 "
b100011 '
b1 &
b1 /
b101001101001 -
#26660000
b110011 "
0#
b110011 '
b10 &
b10 /
b101001101010 -
#26670000
b0 "
b0 '
b11 &
b11 /
b101001101011 -
#26680000
b100 &
b100 /
b101001101100 -
#26690000
1!
1(
b101 &
b101 /
b101001101101 -
#26700000
b1000 "
0!
b1000 '
b1000 .
0(
b110 &
b110 /
b101001101110 -
#26710000
b111 "
b111 .
b111 '
b111 &
b111 /
b101001101111 -
#26720000
b11000 "
1#
b11000 '
b1110 ,
b0 &
b1110 %
b1110 +
b0 /
b101001110000 -
#26730000
b100100 "
b100100 '
b1 &
b1 /
b101001110001 -
#26740000
b110010 "
0#
b110010 '
b10 &
b10 /
b101001110010 -
#26750000
b0 "
b0 '
b11 &
b11 /
b101001110011 -
#26760000
b100 &
b100 /
b101001110100 -
#26770000
1!
1(
b101 &
b101 /
b101001110101 -
#26780000
b1010 "
0!
b1010 '
b1010 .
0(
b110 &
b110 /
b101001110110 -
#26790000
b100 "
b100 .
b100 '
b111 &
b111 /
b101001110111 -
#26800000
b11001 "
1#
b11001 '
b1111 ,
b0 &
b1111 %
b1111 +
b0 /
b101001111000 -
#26810000
b100101 "
b100101 '
b1 &
b1 /
b101001111001 -
#26820000
b110001 "
0#
b110001 '
b10 &
b10 /
b101001111010 -
#26830000
b0 "
b0 '
b11 &
b11 /
b101001111011 -
#26840000
b100 &
b100 /
b101001111100 -
#26850000
1!
1(
b101 &
b101 /
b101001111101 -
#26860000
b1010 "
0!
b1010 '
b1010 .
0(
b110 &
b110 /
b101001111110 -
#26870000
b101 "
b101 .
b101 '
b111 &
b111 /
b101001111111 -
#26880000
b1010 "
1#
b1010 '
b0 ,
b0 &
b10000 %
b10000 +
b0 /
b101010000000 -
#26890000
b1010 "
b1010 '
b1 &
b1 /
b101010000001 -
#26900000
b0 "
0#
b0 '
b10 &
b10 /
b101010000010 -
#26910000
b11 &
b11 /
b101010000011 -
#26920000
1!
1(
b100 &
b100 /
b101010000100 -
#26930000
0!
0(
b101 &
b101 /
b101010000101 -
#26940000
b0 .
b110 &
b110 /
b101010000110 -
#26950000
b101010 "
b101010 '
b11010 .
b111 &
b111 /
b101010000111 -
#26960000
b1001 "
1#
b1001 '
b11111111111111111111111111111111 ,
b0 &
b10001 %
b10001 +
b0 /
b101010001000 -
#26970000
b1011 "
b1011 '
b1 &
b1 /
b101010001001 -
#26980000
b1 "
0#
b1 '
b10 &
b10 /
b101010001010 -
#26990000
b0 "
b0 '
b11 &
b11 /
b101010001011 -
#27000000
1!
1(
b100 &
b100 /
b101010001100 -
#27010000
0!
0(
b101 &
b101 /
b101010001101 -
#27020000
b0 .
b110 &
b110 /
b101010001110 -
#27030000
b101011 "
b101011 '
b11011 .
b111 &
b111 /
b101010001111 -
#27040000
b1000 "
1#
b1000 '
b11111111111111111111111111111110 ,
b0 &
b10010 %
b10010 +
b0 /
b101010010000 -
#27050000
b1100 "
b1100 '
b1 &
b1 /
b101010010001 -
#27060000
b10 "
0#
b10 '
b10 &
b10 /
b101010010010 -
#27070000
b0 "
b0 '
b11 &
b11 /
b101010010011 -
#27080000
1!
1(
b100 &
b100 /
b101010010100 -
#27090000
0!
0(
b101 &
b101 /
b101010010101 -
#27100000
b10 "
b10 '
b10 .
b110 &
b110 /
b101010010110 -
#27110000
b101000 "
b11000 .
b101000 '
b111 &
b111 /
b101010010111 -
#27120000
b111 "
1#
b111 '
b11111111111111111111111111111101 ,
b0 &
b10011 %
b10011 +
b0 /
b101010011000 -
#27130000
b1101 "
b1101 '
b1 &
b1 /
b101010011001 -
#27140000
b11 "
0#
b11 '
b10 &
b10 /
b101010011010 -
#27150000
b0 "
b0 '
b11 &
b11 /
b101010011011 -
#27160000
1!
1(
b100 &
b100 /
b101010011100 -
#27170000
0!
0(
b101 &
b101 /
b101010011101 -
#27180000
b10 "
b10 '
b10 .
b110 &
b110 /
b101010011110 -
#27190000
b101001 "
b11001 .
b101001 '
b111 &
b111 /
b101010011111 -
#27200000
b110 "
1#
b110 '
b11111111111111111111111111111100 ,
b0 &
b10100 %
b10100 +
b0 /
b101010100000 -
#27210000
b1110 "
b1110 '
b1 &
b1 /
b101010100001 -
#27220000
b100 "
0#
b100 '
b10 &
b10 /
b101010100010 -
#27230000
b0 "
b0 '
b11 &
b11 /
b101010100011 -
#27240000
1!
1(
b100 &
b100 /
b101010100100 -
#27250000
0!
0(
b101 &
b101 /
b101010100101 -
#27260000
b0 .
b110 &
b110 /
b101010100110 -
#27270000
b101110 "
b101110 '
b11110 .
b111 &
b111 /
b101010100111 -
#27280000
b101 "
1#
b101 '
b11111111111111111111111111111011 ,
b0 &
b10101 %
b10101 +
b0 /
b101010101000 -
#27290000
b1111 "
b1111 '
b1 &
b1 /
b101010101001 -
#27300000
b101 "
0#
b101 '
b10 &
b10 /
b101010101010 -
#27310000
b0 "
b0 '
b11 &
b11 /
b101010101011 -
#27320000
1!
1(
b100 &
b100 /
b101010101100 -
#27330000
0!
0(
b101 &
b101 /
b101010101101 -
#27340000
b0 .
b110 &
b110 /
b101010101110 -
#27350000
b101111 "
b101111 '
b11111 .
b111 &
b111 /
b101010101111 -
#27360000
b100 "
1#
b100 '
b11111111111111111111111111111010 ,
b0 &
b10110 %
b10110 +
b0 /
b101010110000 -
#27370000
b10000 "
b10000 '
b1 &
b1 /
b101010110001 -
#27380000
b110 "
0#
b110 '
b10 &
b10 /
b101010110010 -
#27390000
b0 "
b0 '
b11 &
b11 /
b101010110011 -
#27400000
1!
1(
b100 &
b100 /
b101010110100 -
#27410000
0!
0(
b101 &
b101 /
b101010110101 -
#27420000
b10 "
b10 '
b10 .
b110 &
b110 /
b101010110110 -
#27430000
b101100 "
b11100 .
b101100 '
b111 &
b111 /
b101010110111 -
#27440000
b11 "
1#
b11 '
b11111111111111111111111111111001 ,
b0 &
b10111 %
b10111 +
b0 /
b101010111000 -
#27450000
b10001 "
b10001 '
b1 &
b1 /
b101010111001 -
#27460000
b111 "
0#
b111 '
b10 &
b10 /
b101010111010 -
#27470000
b0 "
b0 '
b11 &
b11 /
b101010111011 -
#27480000
1!
1(
b100 &
b100 /
b101010111100 -
#27490000
0!
0(
b101 &
b101 /
b101010111101 -
#27500000
b10 "
b10 '
b10 .
b110 &
b110 /
b101010111110 -
#27510000
b101101 "
b11101 .
b101101 '
b111 &
b111 /
b101010111111 -
#27520000
b10 "
1#
b10 '
b11111111111111111111111111111000 ,
b0 &
b11000 %
b11000 +
b0 /
b101011000000 -
#27530000
b10010 "
b10010 '
b1 &
b1 /
b101011000001 -
#27540000
b1000 "
0#
b1000 '
b10 &
b10 /
b101011000010 -
#27550000
b0 "
b0 '
b11 &
b11 /
b101011000011 -
#27560000
1!
1(
b100 &
b100 /
b101011000100 -
#27570000
0!
0(
b101 &
b101 /
b101011000101 -
#27580000
b1000 "
b1000 '
b1000 .
b110 &
b110 /
b101011000110 -
#27590000
b100010 "
b10010 .
b100010 '
b111 &
b111 /
b101011000111 -
#27600000
b1 "
1#
b1 '
b11111111111111111111111111110111 ,
b0 &
b11001 %
b11001 +
b0 /
b101011001000 -
#27610000
b10011 "
b10011 '
b1 &
b1 /
b101011001001 -
#27620000
b1001 "
0#
b1001 '
b10 &
b10 /
b101011001010 -
#27630000
b0 "
b0 '
b11 &
b11 /
b101011001011 -
#27640000
1!
1(
b100 &
b100 /
b101011001100 -
#27650000
0!
0(
b101 &
b101 /
b101011001101 -
#27660000
b1000 "
b1000 '
b1000 .
b110 &
b110 /
b101011001110 -
#27670000
b100011 "
b10011 .
b100011 '
b111 &
b111 /
b101011001111 -
#27680000
b0 "
1#
b0 '
b11111111111111111111111111110110 ,
b0 &
b11010 %
b11010 +
b0 /
b101011010000 -
#27690000
b10100 "
b10100 '
b1 &
b1 /
b101011010001 -
#27700000
b1010 "
0#
b1010 '
b10 &
b10 /
b101011010010 -
#27710000
b0 "
b0 '
b11 &
b11 /
b101011010011 -
#27720000
1!
1(
b100 &
b100 /
b101011010100 -
#27730000
0!
0(
b101 &
b101 /
b101011010101 -
#27740000
b1010 "
b1010 '
b1010 .
b110 &
b110 /
b101011010110 -
#27750000
b100000 "
b10000 .
b100000 '
b111 &
b111 /
b101011010111 -
#27760000
b100001 "
1#
b100001 '
b11111111111111111111111111110101 ,
b0 &
b11011 %
b11011 +
b0 /
b101011011000 -
#27770000
b10101 "
b10101 '
b1 &
b1 /
b101011011001 -
#27780000
b1011 "
0#
b1011 '
b10 &
b10 /
b101011011010 -
#27790000
b0 "
b0 '
b11 &
b11 /
b101011011011 -
#27800000
1!
1(
b100 &
b100 /
b101011011100 -
#27810000
0!
0(
b101 &
b101 /
b101011011101 -
#27820000
b1010 "
b1010 '
b1010 .
b110 &
b110 /
b101011011110 -
#27830000
b100001 "
b10001 .
b100001 '
b111 &
b111 /
b101011011111 -
#27840000
b100010 "
1#
b100010 '
b11111111111111111111111111110100 ,
b0 &
b11100 %
b11100 +
b0 /
b101011100000 -
#27850000
b10110 "
b10110 '
b1 &
b1 /
b101011100001 -
#27860000
b1100 "
0#
b1100 '
b10 &
b10 /
b101011100010 -
#27870000
b0 "
b0 '
b11 &
b11 /
b101011100011 -
#27880000
1!
1(
b100 &
b100 /
b101011100100 -
#27890000
0!
0(
b101 &
b101 /
b101011100101 -
#27900000
b1000 "
b1000 '
b1000 .
b110 &
b110 /
b101011100110 -
#27910000
b100110 "
b10110 .
b100110 '
b111 &
b111 /
b101011100111 -
#27920000
b100011 "
1#
b100011 '
b11111111111111111111111111110011 ,
b0 &
b11101 %
b11101 +
b0 /
b101011101000 -
#27930000
b10111 "
b10111 '
b1 &
b1 /
b101011101001 -
#27940000
b1101 "
0#
b1101 '
b10 &
b10 /
b101011101010 -
#27950000
b0 "
b0 '
b11 &
b11 /
b101011101011 -
#27960000
1!
1(
b100 &
b100 /
b101011101100 -
#27970000
0!
0(
b101 &
b101 /
b101011101101 -
#27980000
b1000 "
b1000 '
b1000 .
b110 &
b110 /
b101011101110 -
#27990000
b100111 "
b10111 .
b100111 '
b111 &
b111 /
b101011101111 -
#28000000
b100100 "
1#
b100100 '
b11111111111111111111111111110010 ,
b0 &
b11110 %
b11110 +
b0 /
b101011110000 -
#28010000
b11000 "
b11000 '
b1 &
b1 /
b101011110001 -
#28020000
b1110 "
0#
b1110 '
b10 &
b10 /
b101011110010 -
#28030000
b0 "
b0 '
b11 &
b11 /
b101011110011 -
#28040000
1!
1(
b100 &
b100 /
b101011110100 -
#28050000
0!
0(
b101 &
b101 /
b101011110101 -
#28060000
b1010 "
b1010 '
b1010 .
b110 &
b110 /
b101011110110 -
#28070000
b100100 "
b10100 .
b100100 '
b111 &
b111 /
b101011110111 -
#28080000
b100101 "
1#
b100101 '
b11111111111111111111111111110001 ,
b0 &
b11111 %
b11111 +
b0 /
b101011111000 -
#28090000
b11001 "
b11001 '
b1 &
b1 /
b101011111001 -
#28100000
b1111 "
0#
b1111 '
b10 &
b10 /
b101011111010 -
#28110000
b0 "
b0 '
b11 &
b11 /
b101011111011 -
#28120000
1!
1(
b100 &
b100 /
b101011111100 -
#28130000
0!
0(
b101 &
b101 /
b101011111101 -
#28140000
b1010 "
b1010 '
b1010 .
b110 &
b110 /
b101011111110 -
#28150000
b100101 "
b10101 .
b100101 '
b111 &
b111 /
b101011111111 -
#28160000
b1011 "
1#
b1011 '
b0 ,
b1011 *
b0 &
b0 %
b1011 $
b1011 )
b0 +
b0 /
b101100000000 -
#28170000
b1011 "
b1011 '
b1 &
b1 /
b101100000001 -
#28180000
b0 "
0#
b0 '
b10 &
b10 /
b101100000010 -
#28190000
b11 &
b11 /
b101100000011 -
#28200000
1!
1(
b100 &
b100 /
b101100000100 -
#28210000
0!
0(
b101 &
b101 /
b101100000101 -
#28220000
b0 .
b110 &
b110 /
b101100000110 -
#28230000
b1011 "
b1011 '
b1011 .
b111 &
b111 /
b101100000111 -
#28240000
b1100 "
1#
b1100 '
b1 ,
b0 &
b1 %
b1 +
b0 /
b101100001000 -
#28250000
b1010 "
b1010 '
b1 &
b1 /
b101100001001 -
#28260000
b111111 "
0#
b111111 '
b10 &
b10 /
b101100001010 -
#28270000
b0 "
b0 '
b11 &
b11 /
b101100001011 -
#28280000
1!
1(
b100 &
b100 /
b101100001100 -
#28290000
0!
0(
b101 &
b101 /
b101100001101 -
#28300000
b1 "
b1 '
b1 .
b110 &
b110 /
b101100001110 -
#28310000
b1010 "
b1010 .
b1010 '
b111 &
b111 /
b101100001111 -
#28320000
b1101 "
1#
b1101 '
b10 ,
b0 &
b10 %
b10 +
b0 /
b101100010000 -
#28330000
b1001 "
b1001 '
b1 &
b1 /
b101100010001 -
#28340000
b111110 "
0#
b111110 '
b10 &
b10 /
b101100010010 -
#28350000
b0 "
b0 '
b11 &
b11 /
b101100010011 -
#28360000
1!
1(
b100 &
b100 /
b101100010100 -
#28370000
0!
0(
b101 &
b101 /
b101100010101 -
#28380000
b10 "
b10 '
b10 .
b110 &
b110 /
b101100010110 -
#28390000
b1001 "
b1001 .
b1001 '
b111 &
b111 /
b101100010111 -
#28400000
b1110 "
1#
b1110 '
b11 ,
b0 &
b11 %
b11 +
b0 /
b101100011000 -
#28410000
b1000 "
b1000 '
b1 &
b1 /
b101100011001 -
#28420000
b111101 "
0#
b111101 '
b10 &
b10 /
b101100011010 -
#28430000
b0 "
b0 '
b11 &
b11 /
b101100011011 -
#28440000
1!
1(
b100 &
b100 /
b101100011100 -
#28450000
0!
0(
b101 &
b101 /
b101100011101 -
#28460000
b11 "
b11 '
b11 .
b110 &
b110 /
b101100011110 -
#28470000
b1000 "
b1000 .
b1000 '
b111 &
b111 /
b101100011111 -
#28480000
b1111 "
1#
b1111 '
b100 ,
b0 &
b100 %
b100 +
b0 /
b101100100000 -
#28490000
b111 "
b111 '
b1 &
b1 /
b101100100001 -
#28500000
b111100 "
0#
b111100 '
b10 &
b10 /
b101100100010 -
#28510000
b0 "
b0 '
b11 &
b11 /
b101100100011 -
#28520000
1!
1(
b100 &
b100 /
b101100100100 -
#28530000
0!
0(
b101 &
b101 /
b101100100101 -
#28540000
b0 .
b110 &
b110 /
b101100100110 -
#28550000
b1111 "
b1111 '
b1111 .
b111 &
b111 /
b101100100111 -
#28560000
b10000 "
1#
b10000 '
b101 ,
b0 &
b101 %
b101 +
b0 /
b101100101000 -
#28570000
b110 "
b110 '
b1 &
b1 /
b101100101001 -
#28580000
b111011 "
0#
b111011 '
b10 &
b10 /
b101100101010 -
#28590000
b0 "
b0 '
b11 &
b11 /
b101100101011 -
#28600000
1!
1(
b100 &
b100 /
b101100101100 -
#28610000
0!
0(
b101 &
b101 /
b101100101101 -
#28620000
b1 "
b1 '
b1 .
b110 &
b110 /
b101100101110 -
#28630000
b1110 "
b1110 .
b1110 '
b111 &
b111 /
b101100101111 -
#28640000
b10001 "
1#
b10001 '
b110 ,
b0 &
b110 %
b110 +
b0 /
b101100110000 -
#28650000
b101 "
b101 '
b1 &
b1 /
b101100110001 -
#28660000
b111010 "
0#
b111010 '
b10 &
b10 /
b101100110010 -
#28670000
b0 "
b0 '
b11 &
b11 /
b101100110011 -
#28680000
1!
1(
b100 &
b100 /
b101100110100 -
#28690000
0!
0(
b101 &
b101 /
b101100110101 -
#28700000
b10 "
b10 '
b10 .
b110 &
b110 /
b101100110110 -
#28710000
b1101 "
b1101 .
b1101 '
b111 &
b111 /
b101100110111 -
#28720000
b10010 "
1#
b10010 '
b111 ,
b0 &
b111 %
b111 +
b0 /
b101100111000 -
#28730000
b100 "
b100 '
b1 &
b1 /
b101100111001 -
#28740000
b111001 "
0#
b111001 '
b10 &
b10 /
b101100111010 -
#28750000
b0 "
b0 '
b11 &
b11 /
b101100111011 -
#28760000
1!
1(
b100 &
b100 /
b101100111100 -
#28770000
0!
0(
b101 &
b101 /
b101100111101 -
#28780000
b11 "
b11 '
b11 .
b110 &
b110 /
b101100111110 -
#28790000
b1100 "
b1100 .
b1100 '
b111 &
b111 /
b101100111111 -
#28800000
b10011 "
1#
b10011 '
b1000 ,
b0 &
b1000 %
b1000 +
b0 /
b101101000000 -
#28810000
b11 "
b11 '
b1 &
b1 /
b101101000001 -
#28820000
b111000 "
0#
b111000 '
b10 &
b10 /
b101101000010 -
#28830000
b0 "
b0 '
b11 &
b11 /
b101101000011 -
#28840000
1!
1(
b100 &
b100 /
b101101000100 -
#28850000
0!
0(
b101 &
b101 /
b101101000101 -
#28860000
b1000 "
b1000 '
b1000 .
b110 &
b110 /
b101101000110 -
#28870000
b11 "
b11 .
b11 '
b111 &
b111 /
b101101000111 -
#28880000
b10100 "
1#
b10100 '
b1001 ,
b0 &
b1001 %
b1001 +
b0 /
b101101001000 -
#28890000
b10 "
b10 '
b1 &
b1 /
b101101001001 -
#28900000
b110111 "
0#
b110111 '
b10 &
b10 /
b101101001010 -
#28910000
b0 "
b0 '
b11 &
b11 /
b101101001011 -
#28920000
1!
1(
b100 &
b100 /
b101101001100 -
#28930000
0!
0(
b101 &
b101 /
b101101001101 -
#28940000
b1001 "
b1001 '
b1001 .
b110 &
b110 /
b101101001110 -
#28950000
b10 "
b10 .
b10 '
b111 &
b111 /
b101101001111 -
#28960000
b10101 "
1#
b10101 '
b1010 ,
b0 &
b1010 %
b1010 +
b0 /
b101101010000 -
#28970000
b1 "
b1 '
b1 &
b1 /
b101101010001 -
#28980000
b110110 "
0#
b110110 '
b10 &
b10 /
b101101010010 -
#28990000
b0 "
b0 '
b11 &
b11 /
b101101010011 -
#29000000
1!
1(
b100 &
b100 /
b101101010100 -
#29010000
0!
0(
b101 &
b101 /
b101101010101 -
#29020000
b1010 "
b1010 '
b1010 .
b110 &
b110 /
b101101010110 -
#29030000
b1 "
b1 .
b1 '
b111 &
b111 /
b101101010111 -
#29040000
b10110 "
1#
b10110 '
b1011 ,
b0 &
b1011 %
b1011 +
b0 /
b101101011000 -
#29050000
b0 "
b0 '
b1 &
b1 /
b101101011001 -
#29060000
b110101 "
0#
b110101 '
b10 &
b10 /
b101101011010 -
#29070000
b0 "
1!
1(
b0 '
b11 &
b11 /
b101101011011 -
#29080000
0!
0(
b100 &
b100 /
b101101011100 -
#29090000
b101 &
b101 /
b101101011101 -
#29100000
b1011 "
b1011 '
b1011 .
b110 &
b110 /
b101101011110 -
#29110000
b0 "
b0 .
b0 '
b111 &
b111 /
b101101011111 -
#29120000
b10111 "
1#
b10111 '
b1100 ,
b0 &
b1100 %
b1100 +
b0 /
b101101100000 -
#29130000
b100001 "
b100001 '
b1 &
b1 /
b101101100001 -
#29140000
b110100 "
0#
b110100 '
b10 &
b10 /
b101101100010 -
#29150000
b0 "
b0 '
b11 &
b11 /
b101101100011 -
#29160000
b100 &
b100 /
b101101100100 -
#29170000
1!
1(
b101 &
b101 /
b101101100101 -
#29180000
b1000 "
0!
b1000 '
b1000 .
0(
b110 &
b110 /
b101101100110 -
#29190000
b111 "
b111 .
b111 '
b111 &
b111 /
b101101100111 -
#29200000
b11000 "
1#
b11000 '
b1101 ,
b0 &
b1101 %
b1101 +
b0 /
b101101101000 -
#29210000
b100010 "
b100010 '
b1 &
b1 /
b101101101001 -
#29220000
b110011 "
0#
b110011 '
b10 &
b10 /
b101101101010 -
#29230000
b0 "
b0 '
b11 &
b11 /
b101101101011 -
#29240000
b100 &
b100 /
b101101101100 -
#29250000
1!
1(
b101 &
b101 /
b101101101101 -
#29260000
b1001 "
0!
b1001 '
b1001 .
0(
b110 &
b110 /
b101101101110 -
#29270000
b110 "
b110 .
b110 '
b111 &
b111 /
b101101101111 -
#29280000
b11001 "
1#
b11001 '
b1110 ,
b0 &
b1110 %
b1110 +
b0 /
b101101110000 -
#29290000
b100011 "
b100011 '
b1 &
b1 /
b101101110001 -
#29300000
b110010 "
0#
b110010 '
b10 &
b10 /
b101101110010 -
#29310000
b0 "
b0 '
b11 &
b11 /
b101101110011 -
#29320000
b100 &
b100 /
b101101110100 -
#29330000
1!
1(
b101 &
b101 /
b101101110101 -
#29340000
b1010 "
0!
b1010 '
b1010 .
0(
b110 &
b110 /
b101101110110 -
#29350000
b101 "
b101 .
b101 '
b111 &
b111 /
b101101110111 -
#29360000
b11010 "
1#
b11010 '
b1111 ,
b0 &
b1111 %
b1111 +
b0 /
b101101111000 -
#29370000
b100100 "
b100100 '
b1 &
b1 /
b101101111001 -
#29380000
b110001 "
0#
b110001 '
b10 &
b10 /
b101101111010 -
#29390000
b0 "
b0 '
b11 &
b11 /
b101101111011 -
#29400000
b100 &
b100 /
b101101111100 -
#29410000
1!
1(
b101 &
b101 /
b101101111101 -
#29420000
b1011 "
0!
b1011 '
b1011 .
0(
b110 &
b110 /
b101101111110 -
#29430000
b100 "
b100 .
b100 '
b111 &
b111 /
b101101111111 -
#29440000
b1011 "
1#
b1011 '
b0 ,
b0 &
b10000 %
b10000 +
b0 /
b101110000000 -
#29450000
b1011 "
b1011 '
b1 &
b1 /
b101110000001 -
#29460000
b0 "
0#
b0 '
b10 &
b10 /
b101110000010 -
#29470000
b11 &
b11 /
b101110000011 -
#29480000
1!
1(
b100 &
b100 /
b101110000100 -
#29490000
0!
0(
b101 &
b101 /
b101110000101 -
#29500000
b0 .
b110 &
b110 /
b101110000110 -
#29510000
b101011 "
b101011 '
b11011 .
b111 &
b111 /
b101110000111 -
#29520000
b1010 "
1#
b1010 '
b11111111111111111111111111111111 ,
b0 &
b10001 %
b10001 +
b0 /
b101110001000 -
#29530000
b1100 "
b1100 '
b1 &
b1 /
b101110001001 -
#29540000
b1 "
0#
b1 '
b10 &
b10 /
b101110001010 -
#29550000
b0 "
b0 '
b11 &
b11 /
b101110001011 -
#29560000
1!
1(
b100 &
b100 /
b101110001100 -
#29570000
0!
0(
b101 &
b101 /
b101110001101 -
#29580000
b1 "
b1 '
b1 .
b110 &
b110 /
b101110001110 -
#29590000
b101010 "
b11010 .
b101010 '
b111 &
b111 /
b101110001111 -
#29600000
b1001 "
1#
b1001 '
b11111111111111111111111111111110 ,
b0 &
b10010 %
b10010 +
b0 /
b101110010000 -
#29610000
b1101 "
b1101 '
b1 &
b1 /
b101110010001 -
#29620000
b10 "
0#
b10 '
b10 &
b10 /
b101110010010 -
#29630000
b0 "
b0 '
b11 &
b11 /
b101110010011 -
#29640000
1!
1(
b100 &
b100 /
b101110010100 -
#29650000
0!
0(
b101 &
b101 /
b101110010101 -
#29660000
b10 "
b10 '
b10 .
b110 &
b110 /
b101110010110 -
#29670000
b101001 "
b11001 .
b101001 '
b111 &
b111 /
b101110010111 -
#29680000
b1000 "
1#
b1000 '
b11111111111111111111111111111101 ,
b0 &
b10011 %
b10011 +
b0 /
b101110011000 -
#29690000
b1110 "
b1110 '
b1 &
b1 /
b101110011001 -
#29700000
b11 "
0#
b11 '
b10 &
b10 /
b101110011010 -
#29710000
b0 "
b0 '
b11 &
b11 /
b101110011011 -
#29720000
1!
1(
b100 &
b100 /
b101110011100 -
#29730000
0!
0(
b101 &
b101 /
b101110011101 -
#29740000
b11 "
b11 '
b11 .
b110 &
b110 /
b101110011110 -
#29750000
b101000 "
b11000 .
b101000 '
b111 &
b111 /
b101110011111 -
#29760000
b111 "
1#
b111 '
b11111111111111111111111111111100 ,
b0 &
b10100 %
b10100 +
b0 /
b101110100000 -
#29770000
b1111 "
b1111 '
b1 &
b1 /
b101110100001 -
#29780000
b100 "
0#
b100 '
b10 &
b10 /
b101110100010 -
#29790000
b0 "
b0 '
b11 &
b11 /
b101110100011 -
#29800000
1!
1(
b100 &
b100 /
b101110100100 -
#29810000
0!
0(
b101 &
b101 /
b101110100101 -
#29820000
b0 .
b110 &
b110 /
b101110100110 -
#29830000
b101111 "
b101111 '
b11111 .
b111 &
b111 /
b101110100111 -
#29840000
b110 "
1#
b110 '
b11111111111111111111111111111011 ,
b0 &
b10101 %
b10101 +
b0 /
b101110101000 -
#29850000
b10000 "
b10000 '
b1 &
b1 /
b101110101001 -
#29860000
b101 "
0#
b101 '
b10 &
b10 /
b101110101010 -
#29870000
b0 "
b0 '
b11 &
b11 /
b101110101011 -
#29880000
1!
1(
b100 &
b100 /
b101110101100 -
#29890000
0!
0(
b101 &
b101 /
b101110101101 -
#29900000
b1 "
b1 '
b1 .
b110 &
b110 /
b101110101110 -
#29910000
b101110 "
b11110 .
b101110 '
b111 &
b111 /
b101110101111 -
#29920000
b101 "
1#
b101 '
b11111111111111111111111111111010 ,
b0 &
b10110 %
b10110 +
b0 /
b101110110000 -
#29930000
b10001 "
b10001 '
b1 &
b1 /
b101110110001 -
#29940000
b110 "
0#
b110 '
b10 &
b10 /
b101110110010 -
#29950000
b0 "
b0 '
b11 &
b11 /
b101110110011 -
#29960000
1!
1(
b100 &
b100 /
b101110110100 -
#29970000
0!
0(
b101 &
b101 /
b101110110101 -
#29980000
b10 "
b10 '
b10 .
b110 &
b110 /
b101110110110 -
#29990000
b101101 "
b11101 .
b101101 '
b111 &
b111 /
b101110110111 -
#30000000
b100 "
1#
b100 '
b11111111111111111111111111111001 ,
b0 &
b10111 %
b10111 +
b0 /
b101110111000 -
#30010000
b10010 "
b10010 '
b1 &
b1 /
b101110111001 -
#30020000
b111 "
0#
b111 '
b10 &
b10 /
b101110111010 -
#30030000
b0 "
b0 '
b11 &
b11 /
b101110111011 -
#30040000
1!
1(
b100 &
b100 /
b101110111100 -
#30050000
0!
0(
b101 &
b101 /
b101110111101 -
#30060000
b11 "
b11 '
b11 .
b110 &
b110 /
b101110111110 -
#30070000
b101100 "
b11100 .
b101100 '
b111 &
b111 /
b101110111111 -
#30080000
b11 "
1#
b11 '
b11111111111111111111111111111000 ,
b0 &
b11000 %
b11000 +
b0 /
b101111000000 -
#30090000
b10011 "
b10011 '
b1 &
b1 /
b101111000001 -
#30100000
b1000 "
0#
b1000 '
b10 &
b10 /
b101111000010 -
#30110000
b0 "
b0 '
b11 &
b11 /
b101111000011 -
#30120000
1!
1(
b100 &
b100 /
b101111000100 -
#30130000
0!
0(
b101 &
b101 /
b101111000101 -
#30140000
b1000 "
b1000 '
b1000 .
b110 &
b110 /
b101111000110 -
#30150000
b100011 "
b10011 .
b100011 '
b111 &
b111 /
b101111000111 -
#30160000
b10 "
1#
b10 '
b11111111111111111111111111110111 ,
b0 &
b11001 %
b11001 +
b0 /
b101111001000 -
#30170000
b10100 "
b10100 '
b1 &
b1 /
b101111001001 -
#30180000
b1001 "
0#
b1001 '
b10 &
b10 /
b101111001010 -
#30190000
b0 "
b0 '
b11 &
b11 /
b101111001011 -
#30200000
1!
1(
b100 &
b100 /
b101111001100 -
#30210000
0!
0(
b101 &
b101 /
b101111001101 -
#30220000
b1001 "
b1001 '
b1001 .
b110 &
b110 /
b101111001110 -
#30230000
b100010 "
b10010 .
b100010 '
b111 &
b111 /
b101111001111 -
#30240000
b1 "
1#
b1 '
b11111111111111111111111111110110 ,
b0 &
b11010 %
b11010 +
b0 /
b101111010000 -
#30250000
b10101 "
b10101 '
b1 &
b1 /
b101111010001 -
#30260000
b1010 "
0#
b1010 '
b10 &
b10 /
b101111010010 -
#30270000
b0 "
b0 '
b11 &
b11 /
b101111010011 -
#30280000
1!
1(
b100 &
b100 /
b101111010100 -
#30290000
0!
0(
b101 &
b101 /
b101111010101 -
#30300000
b1010 "
b1010 '
b1010 .
b110 &
b110 /
b101111010110 -
#30310000
b100001 "
b10001 .
b100001 '
b111 &
b111 /
b101111010111 -
#30320000
b0 "
1#
b0 '
b11111111111111111111111111110101 ,
b0 &
b11011 %
b11011 +
b0 /
b101111011000 -
#30330000
b10110 "
b10110 '
b1 &
b1 /
b101111011001 -
#30340000
b1011 "
0#
b1011 '
b10 &
b10 /
b101111011010 -
#30350000
b0 "
b0 '
b11 &
b11 /
b101111011011 -
#30360000
1!
1(
b100 &
b100 /
b101111011100 -
#30370000
0!
0(
b101 &
b101 /
b101111011101 -
#30380000
b1011 "
b1011 '
b1011 .
b110 &
b110 /
b101111011110 -
#30390000
b100000 "
b10000 .
b100000 '
b111 &
b111 /
b101111011111 -
#30400000
b100001 "
1#
b100001 '
b11111111111111111111111111110100 ,
b0 &
b11100 %
b11100 +
b0 /
b101111100000 -
#30410000
b10111 "
b10111 '
b1 &
b1 /
b101111100001 -
#30420000
b1100 "
0#
b1100 '
b10 &
b10 /
b101111100010 -
#30430000
b0 "
b0 '
b11 &
b11 /
b101111100011 -
#30440000
1!
1(
b100 &
b100 /
b101111100100 -
#30450000
0!
0(
b101 &
b101 /
b101111100101 -
#30460000
b1000 "
b1000 '
b1000 .
b110 &
b110 /
b101111100110 -
#30470000
b100111 "
b10111 .
b100111 '
b111 &
b111 /
b101111100111 -
#30480000
b100010 "
1#
b100010 '
b11111111111111111111111111110011 ,
b0 &
b11101 %
b11101 +
b0 /
b101111101000 -
#30490000
b11000 "
b11000 '
b1 &
b1 /
b101111101001 -
#30500000
b1101 "
0#
b1101 '
b10 &
b10 /
b101111101010 -
#30510000
b0 "
b0 '
b11 &
b11 /
b101111101011 -
#30520000
1!
1(
b100 &
b100 /
b101111101100 -
#30530000
0!
0(
b101 &
b101 /
b101111101101 -
#30540000
b1001 "
b1001 '
b1001 .
b110 &
b110 /
b101111101110 -
#30550000
b100110 "
b10110 .
b100110 '
b111 &
b111 /
b101111101111 -
#30560000
b100011 "
1#
b100011 '
b11111111111111111111111111110010 ,
b0 &
b11110 %
b11110 +
b0 /
b101111110000 -
#30570000
b11001 "
b11001 '
b1 &
b1 /
b101111110001 -
#30580000
b1110 "
0#
b1110 '
b10 &
b10 /
b101111110010 -
#30590000
b0 "
b0 '
b11 &
b11 /
b101111110011 -
#30600000
1!
1(
b100 &
b100 /
b101111110100 -
#30610000
0!
0(
b101 &
b101 /
b101111110101 -
#30620000
b1010 "
b1010 '
b1010 .
b110 &
b110 /
b101111110110 -
#30630000
b100101 "
b10101 .
b100101 '
b111 &
b111 /
b101111110111 -
#30640000
b100100 "
1#
b100100 '
b11111111111111111111111111110001 ,
b0 &
b11111 %
b11111 +
b0 /
b101111111000 -
#30650000
b11010 "
b11010 '
b1 &
b1 /
b101111111001 -
#30660000
b1111 "
0#
b1111 '
b10 &
b10 /
b101111111010 -
#30670000
b0 "
b0 '
b11 &
b11 /
b101111111011 -
#30680000
1!
1(
b100 &
b100 /
b101111111100 -
#30690000
0!
0(
b101 &
b101 /
b101111111101 -
#30700000
b1011 "
b1011 '
b1011 .
b110 &
b110 /
b101111111110 -
#30710000
b100100 "
b10100 .
b100100 '
b111 &
b111 /
b101111111111 -
#30720000
b1100 "
1#
b1100 '
b0 ,
b1100 *
b0 &
b0 %
b1100 $
b1100 )
b0 +
b0 /
b110000000000 -
#30730000
b1100 "
b1100 '
b1 &
b1 /
b110000000001 -
#30740000
b0 "
0#
b0 '
b10 &
b10 /
b110000000010 -
#30750000
b11 &
b11 /
b110000000011 -
#30760000
1!
1(
b100 &
b100 /
b110000000100 -
#30770000
0!
0(
b101 &
b101 /
b110000000101 -
#30780000
b0 .
b110 &
b110 /
b110000000110 -
#30790000
b1100 "
b1100 '
b1100 .
b111 &
b111 /
b110000000111 -
#30800000
b1101 "
1#
b1101 '
b1 ,
b0 &
b1 %
b1 +
b0 /
b110000001000 -
#30810000
b1011 "
b1011 '
b1 &
b1 /
b110000001001 -
#30820000
b111111 "
0#
b111111 '
b10 &
b10 /
b110000001010 -
#30830000
b0 "
b0 '
b11 &
b11 /
b110000001011 -
#30840000
1!
1(
b100 &
b100 /
b110000001100 -
#30850000
0!
0(
b101 &
b101 /
b110000001101 -
#30860000
b0 .
b110 &
b110 /
b110000001110 -
#30870000
b1101 "
b1101 '
b1101 .
b111 &
b111 /
b110000001111 -
#30880000
b1110 "
1#
b1110 '
b10 ,
b0 &
b10 %
b10 +
b0 /
b110000010000 -
#30890000
b1010 "
b1010 '
b1 &
b1 /
b110000010001 -
#30900000
b111110 "
0#
b111110 '
b10 &
b10 /
b110000010010 -
#30910000
b0 "
b0 '
b11 &
b11 /
b110000010011 -
#30920000
1!
1(
b100 &
b100 /
b110000010100 -
#30930000
0!
0(
b101 &
b101 /
b110000010101 -
#30940000
b0 .
b110 &
b110 /
b110000010110 -
#30950000
b1110 "
b1110 '
b1110 .
b111 &
b111 /
b110000010111 -
#30960000
b1111 "
1#
b1111 '
b11 ,
b0 &
b11 %
b11 +
b0 /
b110000011000 -
#30970000
b1001 "
b1001 '
b1 &
b1 /
b110000011001 -
#30980000
b111101 "
0#
b111101 '
b10 &
b10 /
b110000011010 -
#30990000
b0 "
b0 '
b11 &
b11 /
b110000011011 -
#31000000
1!
1(
b100 &
b100 /
b110000011100 -
#31010000
0!
0(
b101 &
b101 /
b110000011101 -
#31020000
b0 .
b110 &
b110 /
b110000011110 -
#31030000
b1111 "
b1111 '
b1111 .
b111 &
b111 /
b110000011111 -
#31040000
b10000 "
1#
b10000 '
b100 ,
b0 &
b100 %
b100 +
b0 /
b110000100000 -
#31050000
b1000 "
b1000 '
b1 &
b1 /
b110000100001 -
#31060000
b111100 "
0#
b111100 '
b10 &
b10 /
b110000100010 -
#31070000
b0 "
b0 '
b11 &
b11 /
b110000100011 -
#31080000
1!
1(
b100 &
b100 /
b110000100100 -
#31090000
0!
0(
b101 &
b101 /
b110000100101 -
#31100000
b100 "
b100 '
b100 .
b110 &
b110 /
b110000100110 -
#31110000
b1000 "
b1000 .
b1000 '
b111 &
b111 /
b110000100111 -
#31120000
b10001 "
1#
b10001 '
b101 ,
b0 &
b101 %
b101 +
b0 /
b110000101000 -
#31130000
b111 "
b111 '
b1 &
b1 /
b110000101001 -
#31140000
b111011 "
0#
b111011 '
b10 &
b10 /
b110000101010 -
#31150000
b0 "
b0 '
b11 &
b11 /
b110000101011 -
#31160000
1!
1(
b100 &
b100 /
b110000101100 -
#31170000
0!
0(
b101 &
b101 /
b110000101101 -
#31180000
b100 "
b100 '
b100 .
b110 &
b110 /
b110000101110 -
#31190000
b1001 "
b1001 .
b1001 '
b111 &
b111 /
b110000101111 -
#31200000
b10010 "
1#
b10010 '
b110 ,
b0 &
b110 %
b110 +
b0 /
b110000110000 -
#31210000
b110 "
b110 '
b1 &
b1 /
b110000110001 -
#31220000
b111010 "
0#
b111010 '
b10 &
b10 /
b110000110010 -
#31230000
b0 "
b0 '
b11 &
b11 /
b110000110011 -
#31240000
1!
1(
b100 &
b100 /
b110000110100 -
#31250000
0!
0(
b101 &
b101 /
b110000110101 -
#31260000
b100 "
b100 '
b100 .
b110 &
b110 /
b110000110110 -
#31270000
b1010 "
b1010 .
b1010 '
b111 &
b111 /
b110000110111 -
#31280000
b10011 "
1#
b10011 '
b111 ,
b0 &
b111 %
b111 +
b0 /
b110000111000 -
#31290000
b101 "
b101 '
b1 &
b1 /
b110000111001 -
#31300000
b111001 "
0#
b111001 '
b10 &
b10 /
b110000111010 -
#31310000
b0 "
b0 '
b11 &
b11 /
b110000111011 -
#31320000
1!
1(
b100 &
b100 /
b110000111100 -
#31330000
0!
0(
b101 &
b101 /
b110000111101 -
#31340000
b100 "
b100 '
b100 .
b110 &
b110 /
b110000111110 -
#31350000
b1011 "
b1011 .
b1011 '
b111 &
b111 /
b110000111111 -
#31360000
b10100 "
1#
b10100 '
b1000 ,
b0 &
b1000 %
b1000 +
b0 /
b110001000000 -
#31370000
b100 "
b100 '
b1 &
b1 /
b110001000001 -
#31380000
b111000 "
0#
b111000 '
b10 &
b10 /
b110001000010 -
#31390000
b0 "
b0 '
b11 &
b11 /
b110001000011 -
#31400000
1!
1(
b100 &
b100 /
b110001000100 -
#31410000
0!
0(
b101 &
b101 /
b110001000101 -
#31420000
b1000 "
b1000 '
b1000 .
b110 &
b110 /
b110001000110 -
#31430000
b100 "
b100 .
b100 '
b111 &
b111 /
b110001000111 -
#31440000
b10101 "
1#
b10101 '
b1001 ,
b0 &
b1001 %
b1001 +
b0 /
b110001001000 -
#31450000
b11 "
b11 '
b1 &
b1 /
b110001001001 -
#31460000
b110111 "
0#
b110111 '
b10 &
b10 /
b110001001010 -
#31470000
b0 "
b0 '
b11 &
b11 /
b110001001011 -
#31480000
1!
1(
b100 &
b100 /
b110001001100 -
#31490000
0!
0(
b101 &
b101 /
b110001001101 -
#31500000
b1000 "
b1000 '
b1000 .
b110 &
b110 /
b110001001110 -
#31510000
b101 "
b101 .
b101 '
b111 &
b111 /
b110001001111 -
#31520000
b10110 "
1#
b10110 '
b1010 ,
b0 &
b1010 %
b1010 +
b0 /
b110001010000 -
#31530000
b10 "
b10 '
b1 &
b1 /
b110001010001 -
#31540000
b110110 "
0#
b110110 '
b10 &
b10 /
b110001010010 -
#31550000
b0 "
b0 '
b11 &
b11 /
b110001010011 -
#31560000
1!
1(
b100 &
b100 /
b110001010100 -
#31570000
0!
0(
b101 &
b101 /
b110001010101 -
#31580000
b1000 "
b1000 '
b1000 .
b110 &
b110 /
b110001010110 -
#31590000
b110 "
b110 .
b110 '
b111 &
b111 /
b110001010111 -
#31600000
b10111 "
1#
b10111 '
b1011 ,
b0 &
b1011 %
b1011 +
b0 /
b110001011000 -
#31610000
b1 "
b1 '
b1 &
b1 /
b110001011001 -
#31620000
b110101 "
0#
b110101 '
b10 &
b10 /
b110001011010 -
#31630000
b0 "
b0 '
b11 &
b11 /
b110001011011 -
#31640000
1!
1(
b100 &
b100 /
b110001011100 -
#31650000
0!
0(
b101 &
b101 /
b110001011101 -
#31660000
b1000 "
b1000 '
b1000 .
b110 &
b110 /
b110001011110 -
#31670000
b111 "
b111 .
b111 '
b111 &
b111 /
b110001011111 -
#31680000
b11000 "
1#
b11000 '
b1100 ,
b0 &
b1100 %
b1100 +
b0 /
b110001100000 -
#31690000
b0 "
b0 '
b1 &
b1 /
b110001100001 -
#31700000
b110100 "
0#
b110100 '
b10 &
b10 /
b110001100010 -
#31710000
b0 "
1!
1(
b0 '
b11 &
b11 /
b110001100011 -
#31720000
0!
0(
b100 &
b100 /
b110001100100 -
#31730000
b101 &
b101 /
b110001100101 -
#31740000
b1100 "
b1100 '
b1100 .
b110 &
b110 /
b110001100110 -
#31750000
b0 "
b0 .
b0 '
b111 &
b111 /
b110001100111 -
#31760000
b11001 "
1#
b11001 '
b1101 ,
b0 &
b1101 %
b1101 +
b0 /
b110001101000 -
#31770000
b100001 "
b100001 '
b1 &
b1 /
b110001101001 -
#31780000
b110011 "
0#
b110011 '
b10 &
b10 /
b110001101010 -
#31790000
b0 "
b0 '
b11 &
b11 /
b110001101011 -
#31800000
b100 &
b100 /
b110001101100 -
#31810000
1!
1(
b101 &
b101 /
b110001101101 -
#31820000
b1100 "
0!
b1100 '
b1100 .
0(
b110 &
b110 /
b110001101110 -
#31830000
b1 "
b1 .
b1 '
b111 &
b111 /
b110001101111 -
#31840000
b11010 "
1#
b11010 '
b1110 ,
b0 &
b1110 %
b1110 +
b0 /
b110001110000 -
#31850000
b100010 "
b100010 '
b1 &
b1 /
b110001110001 -
#31860000
b110010 "
0#
b110010 '
b10 &
b10 /
b110001110010 -
#31870000
b0 "
b0 '
b11 &
b11 /
b110001110011 -
#31880000
b100 &
b100 /
b110001110100 -
#31890000
1!
1(
b101 &
b101 /
b110001110101 -
#31900000
b1100 "
0!
b1100 '
b1100 .
0(
b110 &
b110 /
b110001110110 -
#31910000
b10 "
b10 .
b10 '
b111 &
b111 /
b110001110111 -
#31920000
b11011 "
1#
b11011 '
b1111 ,
b0 &
b1111 %
b1111 +
b0 /
b110001111000 -
#31930000
b100011 "
b100011 '
b1 &
b1 /
b110001111001 -
#31940000
b110001 "
0#
b110001 '
b10 &
b10 /
b110001111010 -
#31950000
b0 "
b0 '
b11 &
b11 /
b110001111011 -
#31960000
b100 &
b100 /
b110001111100 -
#31970000
1!
1(
b101 &
b101 /
b110001111101 -
#31980000
b1100 "
0!
b1100 '
b1100 .
0(
b110 &
b110 /
b110001111110 -
#31990000
b11 "
b11 .
b11 '
b111 &
b111 /
b110001111111 -
#32000000
b1100 "
1#
b1100 '
b0 ,
b0 &
b10000 %
b10000 +
b0 /
b110010000000 -
#32010000
b1100 "
b1100 '
b1 &
b1 /
b110010000001 -
#32020000
b0 "
0#
b0 '
b10 &
b10 /
b110010000010 -
#32030000
b11 &
b11 /
b110010000011 -
#32040000
1!
1(
b100 &
b100 /
b110010000100 -
#32050000
0!
0(
b101 &
b101 /
b110010000101 -
#32060000
b0 .
b110 &
b110 /
b110010000110 -
#32070000
b101100 "
b101100 '
b11100 .
b111 &
b111 /
b110010000111 -
#32080000
b1011 "
1#
b1011 '
b11111111111111111111111111111111 ,
b0 &
b10001 %
b10001 +
b0 /
b110010001000 -
#32090000
b1101 "
b1101 '
b1 &
b1 /
b110010001001 -
#32100000
b1 "
0#
b1 '
b10 &
b10 /
b110010001010 -
#32110000
b0 "
b0 '
b11 &
b11 /
b110010001011 -
#32120000
1!
1(
b100 &
b100 /
b110010001100 -
#32130000
0!
0(
b101 &
b101 /
b110010001101 -
#32140000
b0 .
b110 &
b110 /
b110010001110 -
#32150000
b101101 "
b101101 '
b11101 .
b111 &
b111 /
b110010001111 -
#32160000
b1010 "
1#
b1010 '
b11111111111111111111111111111110 ,
b0 &
b10010 %
b10010 +
b0 /
b110010010000 -
#32170000
b1110 "
b1110 '
b1 &
b1 /
b110010010001 -
#32180000
b10 "
0#
b10 '
b10 &
b10 /
b110010010010 -
#32190000
b0 "
b0 '
b11 &
b11 /
b110010010011 -
#32200000
1!
1(
b100 &
b100 /
b110010010100 -
#32210000
0!
0(
b101 &
b101 /
b110010010101 -
#32220000
b0 .
b110 &
b110 /
b110010010110 -
#32230000
b101110 "
b101110 '
b11110 .
b111 &
b111 /
b110010010111 -
#32240000
b1001 "
1#
b1001 '
b11111111111111111111111111111101 ,
b0 &
b10011 %
b10011 +
b0 /
b110010011000 -
#32250000
b1111 "
b1111 '
b1 &
b1 /
b110010011001 -
#32260000
b11 "
0#
b11 '
b10 &
b10 /
b110010011010 -
#32270000
b0 "
b0 '
b11 &
b11 /
b110010011011 -
#32280000
1!
1(
b100 &
b100 /
b110010011100 -
#32290000
0!
0(
b101 &
b101 /
b110010011101 -
#32300000
b0 .
b110 &
b110 /
b110010011110 -
#32310000
b101111 "
b101111 '
b11111 .
b111 &
b111 /
b110010011111 -
#32320000
b1000 "
1#
b1000 '
b11111111111111111111111111111100 ,
b0 &
b10100 %
b10100 +
b0 /
b110010100000 -
#32330000
b10000 "
b10000 '
b1 &
b1 /
b110010100001 -
#32340000
b100 "
0#
b100 '
b10 &
b10 /
b110010100010 -
#32350000
b0 "
b0 '
b11 &
b11 /
b110010100011 -
#32360000
1!
1(
b100 &
b100 /
b110010100100 -
#32370000
0!
0(
b101 &
b101 /
b110010100101 -
#32380000
b100 "
b100 '
b100 .
b110 &
b110 /
b110010100110 -
#32390000
b101000 "
b11000 .
b101000 '
b111 &
b111 /
b110010100111 -
#32400000
b111 "
1#
b111 '
b11111111111111111111111111111011 ,
b0 &
b10101 %
b10101 +
b0 /
b110010101000 -
#32410000
b10001 "
b10001 '
b1 &
b1 /
b110010101001 -
#32420000
b101 "
0#
b101 '
b10 &
b10 /
b110010101010 -
#32430000
b0 "
b0 '
b11 &
b11 /
b110010101011 -
#32440000
1!
1(
b100 &
b100 /
b110010101100 -
#32450000
0!
0(
b101 &
b101 /
b110010101101 -
#32460000
b100 "
b100 '
b100 .
b110 &
b110 /
b110010101110 -
#32470000
b101001 "
b11001 .
b101001 '
b111 &
b111 /
b110010101111 -
#32480000
b110 "
1#
b110 '
b11111111111111111111111111111010 ,
b0 &
b10110 %
b10110 +
b0 /
b110010110000 -
#32490000
b10010 "
b10010 '
b1 &
b1 /
b110010110001 -
#32500000
b110 "
0#
b110 '
b10 &
b10 /
b110010110010 -
#32510000
b0 "
b0 '
b11 &
b11 /
b110010110011 -
#32520000
1!
1(
b100 &
b100 /
b110010110100 -
#32530000
0!
0(
b101 &
b101 /
b110010110101 -
#32540000
b100 "
b100 '
b100 .
b110 &
b110 /
b110010110110 -
#32550000
b101010 "
b11010 .
b101010 '
b111 &
b111 /
b110010110111 -
#32560000
b101 "
1#
b101 '
b11111111111111111111111111111001 ,
b0 &
b10111 %
b10111 +
b0 /
b110010111000 -
#32570000
b10011 "
b10011 '
b1 &
b1 /
b110010111001 -
#32580000
b111 "
0#
b111 '
b10 &
b10 /
b110010111010 -
#32590000
b0 "
b0 '
b11 &
b11 /
b110010111011 -
#32600000
1!
1(
b100 &
b100 /
b110010111100 -
#32610000
0!
0(
b101 &
b101 /
b110010111101 -
#32620000
b100 "
b100 '
b100 .
b110 &
b110 /
b110010111110 -
#32630000
b101011 "
b11011 .
b101011 '
b111 &
b111 /
b110010111111 -
#32640000
b100 "
1#
b100 '
b11111111111111111111111111111000 ,
b0 &
b11000 %
b11000 +
b0 /
b110011000000 -
#32650000
b10100 "
b10100 '
b1 &
b1 /
b110011000001 -
#32660000
b1000 "
0#
b1000 '
b10 &
b10 /
b110011000010 -
#32670000
b0 "
b0 '
b11 &
b11 /
b110011000011 -
#32680000
1!
1(
b100 &
b100 /
b110011000100 -
#32690000
0!
0(
b101 &
b101 /
b110011000101 -
#32700000
b1000 "
b1000 '
b1000 .
b110 &
b110 /
b110011000110 -
#32710000
b100100 "
b10100 .
b100100 '
b111 &
b111 /
b110011000111 -
#32720000
b11 "
1#
b11 '
b11111111111111111111111111110111 ,
b0 &
b11001 %
b11001 +
b0 /
b110011001000 -
#32730000
b10101 "
b10101 '
b1 &
b1 /
b110011001001 -
#32740000
b1001 "
0#
b1001 '
b10 &
b10 /
b110011001010 -
#32750000
b0 "
b0 '
b11 &
b11 /
b110011001011 -
#32760000
1!
1(
b100 &
b100 /
b110011001100 -
#32770000
0!
0(
b101 &
b101 /
b110011001101 -
#32780000
b1000 "
b1000 '
b1000 .
b110 &
b110 /
b110011001110 -
#32790000
b100101 "
b10101 .
b100101 '
b111 &
b111 /
b110011001111 -
#32800000
b10 "
1#
b10 '
b11111111111111111111111111110110 ,
b0 &
b11010 %
b11010 +
b0 /
b110011010000 -
#32810000
b10110 "
b10110 '
b1 &
b1 /
b110011010001 -
#32820000
b1010 "
0#
b1010 '
b10 &
b10 /
b110011010010 -
#32830000
b0 "
b0 '
b11 &
b11 /
b110011010011 -
#32840000
1!
1(
b100 &
b100 /
b110011010100 -
#32850000
0!
0(
b101 &
b101 /
b110011010101 -
#32860000
b1000 "
b1000 '
b1000 .
b110 &
b110 /
b110011010110 -
#32870000
b100110 "
b10110 .
b100110 '
b111 &
b111 /
b110011010111 -
#32880000
b1 "
1#
b1 '
b11111111111111111111111111110101 ,
b0 &
b11011 %
b11011 +
b0 /
b110011011000 -
#32890000
b10111 "
b10111 '
b1 &
b1 /
b110011011001 -
#32900000
b1011 "
0#
b1011 '
b10 &
b10 /
b110011011010 -
#32910000
b0 "
b0 '
b11 &
b11 /
b110011011011 -
#32920000
1!
1(
b100 &
b100 /
b110011011100 -
#32930000
0!
0(
b101 &
b101 /
b110011011101 -
#32940000
b1000 "
b1000 '
b1000 .
b110 &
b110 /
b110011011110 -
#32950000
b100111 "
b10111 .
b100111 '
b111 &
b111 /
b110011011111 -
#32960000
b0 "
1#
b0 '
b11111111111111111111111111110100 ,
b0 &
b11100 %
b11100 +
b0 /
b110011100000 -
#32970000
b11000 "
b11000 '
b1 &
b1 /
b110011100001 -
#32980000
b1100 "
0#
b1100 '
b10 &
b10 /
b110011100010 -
#32990000
b0 "
b0 '
b11 &
b11 /
b110011100011 -
#33000000
1!
1(
b100 &
b100 /
b110011100100 -
#33010000
0!
0(
b101 &
b101 /
b110011100101 -
#33020000
b1100 "
b1100 '
b1100 .
b110 &
b110 /
b110011100110 -
#33030000
b100000 "
b10000 .
b100000 '
b111 &
b111 /
b110011100111 -
#33040000
b100001 "
1#
b100001 '
b11111111111111111111111111110011 ,
b0 &
b11101 %
b11101 +
b0 /
b110011101000 -
#33050000
b11001 "
b11001 '
b1 &
b1 /
b110011101001 -
#33060000
b1101 "
0#
b1101 '
b10 &
b10 /
b110011101010 -
#33070000
b0 "
b0 '
b11 &
b11 /
b110011101011 -
#33080000
1!
1(
b100 &
b100 /
b110011101100 -
#33090000
0!
0(
b101 &
b101 /
b110011101101 -
#33100000
b1100 "
b1100 '
b1100 .
b110 &
b110 /
b110011101110 -
#33110000
b100001 "
b10001 .
b100001 '
b111 &
b111 /
b110011101111 -
#33120000
b100010 "
1#
b100010 '
b11111111111111111111111111110010 ,
b0 &
b11110 %
b11110 +
b0 /
b110011110000 -
#33130000
b11010 "
b11010 '
b1 &
b1 /
b110011110001 -
#33140000
b1110 "
0#
b1110 '
b10 &
b10 /
b110011110010 -
#33150000
b0 "
b0 '
b11 &
b11 /
b110011110011 -
#33160000
1!
1(
b100 &
b100 /
b110011110100 -
#33170000
0!
0(
b101 &
b101 /
b110011110101 -
#33180000
b1100 "
b1100 '
b1100 .
b110 &
b110 /
b110011110110 -
#33190000
b100010 "
b10010 .
b100010 '
b111 &
b111 /
b110011110111 -
#33200000
b100011 "
1#
b100011 '
b11111111111111111111111111110001 ,
b0 &
b11111 %
b11111 +
b0 /
b110011111000 -
#33210000
b11011 "
b11011 '
b1 &
b1 /
b110011111001 -
#33220000
b1111 "
0#
b1111 '
b10 &
b10 /
b110011111010 -
#33230000
b0 "
b0 '
b11 &
b11 /
b110011111011 -
#33240000
1!
1(
b100 &
b100 /
b110011111100 -
#33250000
0!
0(
b101 &
b101 /
b110011111101 -
#33260000
b1100 "
b1100 '
b1100 .
b110 &
b110 /
b110011111110 -
#33270000
b100011 "
b10011 .
b100011 '
b111 &
b111 /
b110011111111 -
#33280000
b1101 "
1#
b1101 '
b0 ,
b1101 *
b0 &
b0 %
b1101 $
b1101 )
b0 +
b0 /
b110100000000 -
#33290000
b1101 "
b1101 '
b1 &
b1 /
b110100000001 -
#33300000
b0 "
0#
b0 '
b10 &
b10 /
b110100000010 -
#33310000
b11 &
b11 /
b110100000011 -
#33320000
1!
1(
b100 &
b100 /
b110100000100 -
#33330000
0!
0(
b101 &
b101 /
b110100000101 -
#33340000
b0 .
b110 &
b110 /
b110100000110 -
#33350000
b1101 "
b1101 '
b1101 .
b111 &
b111 /
b110100000111 -
#33360000
b1110 "
1#
b1110 '
b1 ,
b0 &
b1 %
b1 +
b0 /
b110100001000 -
#33370000
b1100 "
b1100 '
b1 &
b1 /
b110100001001 -
#33380000
b111111 "
0#
b111111 '
b10 &
b10 /
b110100001010 -
#33390000
b0 "
b0 '
b11 &
b11 /
b110100001011 -
#33400000
1!
1(
b100 &
b100 /
b110100001100 -
#33410000
0!
0(
b101 &
b101 /
b110100001101 -
#33420000
b1 "
b1 '
b1 .
b110 &
b110 /
b110100001110 -
#33430000
b1100 "
b1100 .
b1100 '
b111 &
b111 /
b110100001111 -
#33440000
b1111 "
1#
b1111 '
b10 ,
b0 &
b10 %
b10 +
b0 /
b110100010000 -
#33450000
b1011 "
b1011 '
b1 &
b1 /
b110100010001 -
#33460000
b111110 "
0#
b111110 '
b10 &
b10 /
b110100010010 -
#33470000
b0 "
b0 '
b11 &
b11 /
b110100010011 -
#33480000
1!
1(
b100 &
b100 /
b110100010100 -
#33490000
0!
0(
b101 &
b101 /
b110100010101 -
#33500000
b0 .
b110 &
b110 /
b110100010110 -
#33510000
b1111 "
b1111 '
b1111 .
b111 &
b111 /
b110100010111 -
#33520000
b10000 "
1#
b10000 '
b11 ,
b0 &
b11 %
b11 +
b0 /
b110100011000 -
#33530000
b1010 "
b1010 '
b1 &
b1 /
b110100011001 -
#33540000
b111101 "
0#
b111101 '
b10 &
b10 /
b110100011010 -
#33550000
b0 "
b0 '
b11 &
b11 /
b110100011011 -
#33560000
1!
1(
b100 &
b100 /
b110100011100 -
#33570000
0!
0(
b101 &
b101 /
b110100011101 -
#33580000
b1 "
b1 '
b1 .
b110 &
b110 /
b110100011110 -
#33590000
b1110 "
b1110 .
b1110 '
b111 &
b111 /
b110100011111 -
#33600000
b10001 "
1#
b10001 '
b100 ,
b0 &
b100 %
b100 +
b0 /
b110100100000 -
#33610000
b1001 "
b1001 '
b1 &
b1 /
b110100100001 -
#33620000
b111100 "
0#
b111100 '
b10 &
b10 /
b110100100010 -
#33630000
b0 "
b0 '
b11 &
b11 /
b110100100011 -
#33640000
1!
1(
b100 &
b100 /
b110100100100 -
#33650000
0!
0(
b101 &
b101 /
b110100100101 -
#33660000
b100 "
b100 '
b100 .
b110 &
b110 /
b110100100110 -
#33670000
b1001 "
b1001 .
b1001 '
b111 &
b111 /
b110100100111 -
#33680000
b10010 "
1#
b10010 '
b101 ,
b0 &
b101 %
b101 +
b0 /
b110100101000 -
#33690000
b1000 "
b1000 '
b1 &
b1 /
b110100101001 -
#33700000
b111011 "
0#
b111011 '
b10 &
b10 /
b110100101010 -
#33710000
b0 "
b0 '
b11 &
b11 /
b110100101011 -
#33720000
1!
1(
b100 &
b100 /
b110100101100 -
#33730000
0!
0(
b101 &
b101 /
b110100101101 -
#33740000
b101 "
b101 '
b101 .
b110 &
b110 /
b110100101110 -
#33750000
b1000 "
b1000 .
b1000 '
b111 &
b111 /
b110100101111 -
#33760000
b10011 "
1#
b10011 '
b110 ,
b0 &
b110 %
b110 +
b0 /
b110100110000 -
#33770000
b111 "
b111 '
b1 &
b1 /
b110100110001 -
#33780000
b111010 "
0#
b111010 '
b10 &
b10 /
b110100110010 -
#33790000
b0 "
b0 '
b11 &
b11 /
b110100110011 -
#33800000
1!
1(
b100 &
b100 /
b110100110100 -
#33810000
0!
0(
b101 &
b101 /
b110100110101 -
#33820000
b100 "
b100 '
b100 .
b110 &
b110 /
b110100110110 -
#33830000
b1011 "
b1011 .
b1011 '
b111 &
b111 /
b110100110111 -
#33840000
b10100 "
1#
b10100 '
b111 ,
b0 &
b111 %
b111 +
b0 /
b110100111000 -
#33850000
b110 "
b110 '
b1 &
b1 /
b110100111001 -
#33860000
b111001 "
0#
b111001 '
b10 &
b10 /
b110100111010 -
#33870000
b0 "
b0 '
b11 &
b11 /
b110100111011 -
#33880000
1!
1(
b100 &
b100 /
b110100111100 -
#33890000
0!
0(
b101 &
b101 /
b110100111101 -
#33900000
b101 "
b101 '
b101 .
b110 &
b110 /
b110100111110 -
#33910000
b1010 "
b1010 .
b1010 '
b111 &
b111 /
b110100111111 -
#33920000
b10101 "
1#
b10101 '
b1000 ,
b0 &
b1000 %
b1000 +
b0 /
b110101000000 -
#33930000
b101 "
b101 '
b1 &
b1 /
b110101000001 -
#33940000
b111000 "
0#
b111000 '
b10 &
b10 /
b110101000010 -
#33950000
b0 "
b0 '
b11 &
b11 /
b110101000011 -
#33960000
1!
1(
b100 &
b100 /
b110101000100 -
#33970000
0!
0(
b101 &
b101 /
b110101000101 -
#33980000
b1000 "
b1000 '
b1000 .
b110 &
b110 /
b110101000110 -
#33990000
b101 "
b101 .
b101 '
b111 &
b111 /
b110101000111 -
#34000000
b10110 "
1#
b10110 '
b1001 ,
b0 &
b1001 %
b1001 +
b0 /
b110101001000 -
#34010000
b100 "
b100 '
b1 &
b1 /
b110101001001 -
#34020000
b110111 "
0#
b110111 '
b10 &
b10 /
b110101001010 -
#34030000
b0 "
b0 '
b11 &
b11 /
b110101001011 -
#34040000
1!
1(
b100 &
b100 /
b110101001100 -
#34050000
0!
0(
b101 &
b101 /
b110101001101 -
#34060000
b1001 "
b1001 '
b1001 .
b110 &
b110 /
b110101001110 -
#34070000
b100 "
b100 .
b100 '
b111 &
b111 /
b110101001111 -
#34080000
b10111 "
1#
b10111 '
b1010 ,
b0 &
b1010 %
b1010 +
b0 /
b110101010000 -
#34090000
b11 "
b11 '
b1 &
b1 /
b110101010001 -
#34100000
b110110 "
0#
b110110 '
b10 &
b10 /
b110101010010 -
#34110000
b0 "
b0 '
b11 &
b11 /
b110101010011 -
#34120000
1!
1(
b100 &
b100 /
b110101010100 -
#34130000
0!
0(
b101 &
b101 /
b110101010101 -
#34140000
b1000 "
b1000 '
b1000 .
b110 &
b110 /
b110101010110 -
#34150000
b111 "
b111 .
b111 '
b111 &
b111 /
b110101010111 -
#34160000
b11000 "
1#
b11000 '
b1011 ,
b0 &
b1011 %
b1011 +
b0 /
b110101011000 -
#34170000
b10 "
b10 '
b1 &
b1 /
b110101011001 -
#34180000
b110101 "
0#
b110101 '
b10 &
b10 /
b110101011010 -
#34190000
b0 "
b0 '
b11 &
b11 /
b110101011011 -
#34200000
1!
1(
b100 &
b100 /
b110101011100 -
#34210000
0!
0(
b101 &
b101 /
b110101011101 -
#34220000
b1001 "
b1001 '
b1001 .
b110 &
b110 /
b110101011110 -
#34230000
b110 "
b110 .
b110 '
b111 &
b111 /
b110101011111 -
#34240000
b11001 "
1#
b11001 '
b1100 ,
b0 &
b1100 %
b1100 +
b0 /
b110101100000 -
#34250000
b1 "
b1 '
b1 &
b1 /
b110101100001 -
#34260000
b110100 "
0#
b110100 '
b10 &
b10 /
b110101100010 -
#34270000
b0 "
b0 '
b11 &
b11 /
b110101100011 -
#34280000
1!
1(
b100 &
b100 /
b110101100100 -
#34290000
0!
0(
b101 &
b101 /
b110101100101 -
#34300000
b1100 "
b1100 '
b1100 .
b110 &
b110 /
b110101100110 -
#34310000
b1 "
b1 .
b1 '
b111 &
b111 /
b110101100111 -
#34320000
b11010 "
1#
b11010 '
b1101 ,
b0 &
b1101 %
b1101 +
b0 /
b110101101000 -
#34330000
b0 "
b0 '
b1 &
b1 /
b110101101001 -
#34340000
b110011 "
0#
b110011 '
b10 &
b10 /
b110101101010 -
#34350000
b0 "
1!
1(
b0 '
b11 &
b11 /
b110101101011 -
#34360000
0!
0(
b100 &
b100 /
b110101101100 -
#34370000
b101 &
b101 /
b110101101101 -
#34380000
b1101 "
b1101 '
b1101 .
b110 &
b110 /
b110101101110 -
#34390000
b0 "
b0 .
b0 '
b111 &
b111 /
b110101101111 -
#34400000
b11011 "
1#
b11011 '
b1110 ,
b0 &
b1110 %
b1110 +
b0 /
b110101110000 -
#34410000
b100001 "
b100001 '
b1 &
b1 /
b110101110001 -
#34420000
b110010 "
0#
b110010 '
b10 &
b10 /
b110101110010 -
#34430000
b0 "
b0 '
b11 &
b11 /
b110101110011 -
#34440000
b100 &
b100 /
b110101110100 -
#34450000
1!
1(
b101 &
b101 /
b110101110101 -
#34460000
b1100 "
0!
b1100 '
b1100 .
0(
b110 &
b110 /
b110101110110 -
#34470000
b11 "
b11 .
b11 '
b111 &
b111 /
b110101110111 -
#34480000
b11100 "
1#
b11100 '
b1111 ,
b0 &
b1111 %
b1111 +
b0 /
b110101111000 -
#34490000
b100010 "
b100010 '
b1 &
b1 /
b110101111001 -
#34500000
b110001 "
0#
b110001 '
b10 &
b10 /
b110101111010 -
#34510000
b0 "
b0 '
b11 &
b11 /
b110101111011 -
#34520000
b100 &
b100 /
b110101111100 -
#34530000
1!
1(
b101 &
b101 /
b110101111101 -
#34540000
b1101 "
0!
b1101 '
b1101 .
0(
b110 &
b110 /
b110101111110 -
#34550000
b10 "
b10 .
b10 '
b111 &
b111 /
b110101111111 -
#34560000
b1101 "
1#
b1101 '
b0 ,
b0 &
b10000 %
b10000 +
b0 /
b110110000000 -
#34570000
b1101 "
b1101 '
b1 &
b1 /
b110110000001 -
#34580000
b0 "
0#
b0 '
b10 &
b10 /
b110110000010 -
#34590000
b11 &
b11 /
b110110000011 -
#34600000
1!
1(
b100 &
b100 /
b110110000100 -
#34610000
0!
0(
b101 &
b101 /
b110110000101 -
#34620000
b0 .
b110 &
b110 /
b110110000110 -
#34630000
b101101 "
b101101 '
b11101 .
b111 &
b111 /
b110110000111 -
#34640000
b1100 "
1#
b1100 '
b11111111111111111111111111111111 ,
b0 &
b10001 %
b10001 +
b0 /
b110110001000 -
#34650000
b1110 "
b1110 '
b1 &
b1 /
b110110001001 -
#34660000
b1 "
0#
b1 '
b10 &
b10 /
b110110001010 -
#34670000
b0 "
b0 '
b11 &
b11 /
b110110001011 -
#34680000
1!
1(
b100 &
b100 /
b110110001100 -
#34690000
0!
0(
b101 &
b101 /
b110110001101 -
#34700000
b1 "
b1 '
b1 .
b110 &
b110 /
b110110001110 -
#34710000
b101100 "
b11100 .
b101100 '
b111 &
b111 /
b110110001111 -
#34720000
b1011 "
1#
b1011 '
b11111111111111111111111111111110 ,
b0 &
b10010 %
b10010 +
b0 /
b110110010000 -
#34730000
b1111 "
b1111 '
b1 &
b1 /
b110110010001 -
#34740000
b10 "
0#
b10 '
b10 &
b10 /
b110110010010 -
#34750000
b0 "
b0 '
b11 &
b11 /
b110110010011 -
#34760000
1!
1(
b100 &
b100 /
b110110010100 -
#34770000
0!
0(
b101 &
b101 /
b110110010101 -
#34780000
b0 .
b110 &
b110 /
b110110010110 -
#34790000
b101111 "
b101111 '
b11111 .
b111 &
b111 /
b110110010111 -
#34800000
b1010 "
1#
b1010 '
b11111111111111111111111111111101 ,
b0 &
b10011 %
b10011 +
b0 /
b110110011000 -
#34810000
b10000 "
b10000 '
b1 &
b1 /
b110110011001 -
#34820000
b11 "
0#
b11 '
b10 &
b10 /
b110110011010 -
#34830000
b0 "
b0 '
b11 &
b11 /
b110110011011 -
#34840000
1!
1(
b100 &
b100 /
b110110011100 -
#34850000
0!
0(
b101 &
b101 /
b110110011101 -
#34860000
b1 "
b1 '
b1 .
b110 &
b110 /
b110110011110 -
#34870000
b101110 "
b11110 .
b101110 '
b111 &
b111 /
b110110011111 -
#34880000
b1001 "
1#
b1001 '
b11111111111111111111111111111100 ,
b0 &
b10100 %
b10100 +
b0 /
b110110100000 -
#34890000
b10001 "
b10001 '
b1 &
b1 /
b110110100001 -
#34900000
b100 "
0#
b100 '
b10 &
b10 /
b110110100010 -
#34910000
b0 "
b0 '
b11 &
b11 /
b110110100011 -
#34920000
1!
1(
b100 &
b100 /
b110110100100 -
#34930000
0!
0(
b101 &
b101 /
b110110100101 -
#34940000
b100 "
b100 '
b100 .
b110 &
b110 /
b110110100110 -
#34950000
b101001 "
b11001 .
b101001 '
b111 &
b111 /
b110110100111 -
#34960000
b1000 "
1#
b1000 '
b11111111111111111111111111111011 ,
b0 &
b10101 %
b10101 +
b0 /
b110110101000 -
#34970000
b10010 "
b10010 '
b1 &
b1 /
b110110101001 -
#34980000
b101 "
0#
b101 '
b10 &
b10 /
b110110101010 -
#34990000
b0 "
b0 '
b11 &
b11 /
b110110101011 -
#35000000
1!
1(
b100 &
b100 /
b110110101100 -
#35010000
0!
0(
b101 &
b101 /
b110110101101 -
#35020000
b101 "
b101 '
b101 .
b110 &
b110 /
b110110101110 -
#35030000
b101000 "
b11000 .
b101000 '
b111 &
b111 /
b110110101111 -
#35040000
b111 "
1#
b111 '
b11111111111111111111111111111010 ,
b0 &
b10110 %
b10110 +
b0 /
b110110110000 -
#35050000
b10011 "
b10011 '
b1 &
b1 /
b110110110001 -
#35060000
b110 "
0#
b110 '
b10 &
b10 /
b110110110010 -
#35070000
b0 "
b0 '
b11 &
b11 /
b110110110011 -
#35080000
1!
1(
b100 &
b100 /
b110110110100 -
#35090000
0!
0(
b101 &
b101 /
b110110110101 -
#35100000
b100 "
b100 '
b100 .
b110 &
b110 /
b110110110110 -
#35110000
b101011 "
b11011 .
b101011 '
b111 &
b111 /
b110110110111 -
#35120000
b110 "
1#
b110 '
b11111111111111111111111111111001 ,
b0 &
b10111 %
b10111 +
b0 /
b110110111000 -
#35130000
b10100 "
b10100 '
b1 &
b1 /
b110110111001 -
#35140000
b111 "
0#
b111 '
b10 &
b10 /
b110110111010 -
#35150000
b0 "
b0 '
b11 &
b11 /
b110110111011 -
#35160000
1!
1(
b100 &
b100 /
b110110111100 -
#35170000
0!
0(
b101 &
b101 /
b110110111101 -
#35180000
b101 "
b101 '
b101 .
b110 &
b110 /
b110110111110 -
#35190000
b101010 "
b11010 .
b101010 '
b111 &
b111 /
b110110111111 -
#35200000
b101 "
1#
b101 '
b11111111111111111111111111111000 ,
b0 &
b11000 %
b11000 +
b0 /
b110111000000 -
#35210000
b10101 "
b10101 '
b1 &
b1 /
b110111000001 -
#35220000
b1000 "
0#
b1000 '
b10 &
b10 /
b110111000010 -
#35230000
b0 "
b0 '
b11 &
b11 /
b110111000011 -
#35240000
1!
1(
b100 &
b100 /
b110111000100 -
#35250000
0!
0(
b101 &
b101 /
b110111000101 -
#35260000
b1000 "
b1000 '
b1000 .
b110 &
b110 /
b110111000110 -
#35270000
b100101 "
b10101 .
b100101 '
b111 &
b111 /
b110111000111 -
#35280000
b100 "
1#
b100 '
b11111111111111111111111111110111 ,
b0 &
b11001 %
b11001 +
b0 /
b110111001000 -
#35290000
b10110 "
b10110 '
b1 &
b1 /
b110111001001 -
#35300000
b1001 "
0#
b1001 '
b10 &
b10 /
b110111001010 -
#35310000
b0 "
b0 '
b11 &
b11 /
b110111001011 -
#35320000
1!
1(
b100 &
b100 /
b110111001100 -
#35330000
0!
0(
b101 &
b101 /
b110111001101 -
#35340000
b1001 "
b1001 '
b1001 .
b110 &
b110 /
b110111001110 -
#35350000
b100100 "
b10100 .
b100100 '
b111 &
b111 /
b110111001111 -
#35360000
b11 "
1#
b11 '
b11111111111111111111111111110110 ,
b0 &
b11010 %
b11010 +
b0 /
b110111010000 -
#35370000
b10111 "
b10111 '
b1 &
b1 /
b110111010001 -
#35380000
b1010 "
0#
b1010 '
b10 &
b10 /
b110111010010 -
#35390000
b0 "
b0 '
b11 &
b11 /
b110111010011 -
#35400000
1!
1(
b100 &
b100 /
b110111010100 -
#35410000
0!
0(
b101 &
b101 /
b110111010101 -
#35420000
b1000 "
b1000 '
b1000 .
b110 &
b110 /
b110111010110 -
#35430000
b100111 "
b10111 .
b100111 '
b111 &
b111 /
b110111010111 -
#35440000
b10 "
1#
b10 '
b11111111111111111111111111110101 ,
b0 &
b11011 %
b11011 +
b0 /
b110111011000 -
#35450000
b11000 "
b11000 '
b1 &
b1 /
b110111011001 -
#35460000
b1011 "
0#
b1011 '
b10 &
b10 /
b110111011010 -
#35470000
b0 "
b0 '
b11 &
b11 /
b110111011011 -
#35480000
1!
1(
b100 &
b100 /
b110111011100 -
#35490000
0!
0(
b101 &
b101 /
b110111011101 -
#35500000
b1001 "
b1001 '
b1001 .
b110 &
b110 /
b110111011110 -
#35510000
b100110 "
b10110 .
b100110 '
b111 &
b111 /
b110111011111 -
#35520000
b1 "
1#
b1 '
b11111111111111111111111111110100 ,
b0 &
b11100 %
b11100 +
b0 /
b110111100000 -
#35530000
b11001 "
b11001 '
b1 &
b1 /
b110111100001 -
#35540000
b1100 "
0#
b1100 '
b10 &
b10 /
b110111100010 -
#35550000
b0 "
b0 '
b11 &
b11 /
b110111100011 -
#35560000
1!
1(
b100 &
b100 /
b110111100100 -
#35570000
0!
0(
b101 &
b101 /
b110111100101 -
#35580000
b1100 "
b1100 '
b1100 .
b110 &
b110 /
b110111100110 -
#35590000
b100001 "
b10001 .
b100001 '
b111 &
b111 /
b110111100111 -
#35600000
b0 "
1#
b0 '
b11111111111111111111111111110011 ,
b0 &
b11101 %
b11101 +
b0 /
b110111101000 -
#35610000
b11010 "
b11010 '
b1 &
b1 /
b110111101001 -
#35620000
b1101 "
0#
b1101 '
b10 &
b10 /
b110111101010 -
#35630000
b0 "
b0 '
b11 &
b11 /
b110111101011 -
#35640000
1!
1(
b100 &
b100 /
b110111101100 -
#35650000
0!
0(
b101 &
b101 /
b110111101101 -
#35660000
b1101 "
b1101 '
b1101 .
b110 &
b110 /
b110111101110 -
#35670000
b100000 "
b10000 .
b100000 '
b111 &
b111 /
b110111101111 -
#35680000
b100001 "
1#
b100001 '
b11111111111111111111111111110010 ,
b0 &
b11110 %
b11110 +
b0 /
b110111110000 -
#35690000
b11011 "
b11011 '
b1 &
b1 /
b110111110001 -
#35700000
b1110 "
0#
b1110 '
b10 &
b10 /
b110111110010 -
#35710000
b0 "
b0 '
b11 &
b11 /
b110111110011 -
#35720000
1!
1(
b100 &
b100 /
b110111110100 -
#35730000
0!
0(
b101 &
b101 /
b110111110101 -
#35740000
b1100 "
b1100 '
b1100 .
b110 &
b110 /
b110111110110 -
#35750000
b100011 "
b10011 .
b100011 '
b111 &
b111 /
b110111110111 -
#35760000
b100010 "
1#
b100010 '
b11111111111111111111111111110001 ,
b0 &
b11111 %
b11111 +
b0 /
b110111111000 -
#35770000
b11100 "
b11100 '
b1 &
b1 /
b110111111001 -
#35780000
b1111 "
0#
b1111 '
b10 &
b10 /
b110111111010 -
#35790000
b0 "
b0 '
b11 &
b11 /
b110111111011 -
#35800000
1!
1(
b100 &
b100 /
b110111111100 -
#35810000
0!
0(
b101 &
b101 /
b110111111101 -
#35820000
b1101 "
b1101 '
b1101 .
b110 &
b110 /
b110111111110 -
#35830000
b100010 "
b10010 .
b100010 '
b111 &
b111 /
b110111111111 -
#35840000
b1110 "
1#
b1110 '
b0 ,
b1110 *
b0 &
b0 %
b1110 $
b1110 )
b0 +
b0 /
b111000000000 -
#35850000
b1110 "
b1110 '
b1 &
b1 /
b111000000001 -
#35860000
b0 "
0#
b0 '
b10 &
b10 /
b111000000010 -
#35870000
b11 &
b11 /
b111000000011 -
#35880000
1!
1(
b100 &
b100 /
b111000000100 -
#35890000
0!
0(
b101 &
b101 /
b111000000101 -
#35900000
b0 .
b110 &
b110 /
b111000000110 -
#35910000
b1110 "
b1110 '
b1110 .
b111 &
b111 /
b111000000111 -
#35920000
b1111 "
1#
b1111 '
b1 ,
b0 &
b1 %
b1 +
b0 /
b111000001000 -
#35930000
b1101 "
b1101 '
b1 &
b1 /
b111000001001 -
#35940000
b111111 "
0#
b111111 '
b10 &
b10 /
b111000001010 -
#35950000
b0 "
b0 '
b11 &
b11 /
b111000001011 -
#35960000
1!
1(
b100 &
b100 /
b111000001100 -
#35970000
0!
0(
b101 &
b101 /
b111000001101 -
#35980000
b0 .
b110 &
b110 /
b111000001110 -
#35990000
b1111 "
b1111 '
b1111 .
b111 &
b111 /
b111000001111 -
#36000000
b10000 "
1#
b10000 '
b10 ,
b0 &
b10 %
b10 +
b0 /
b111000010000 -
#36010000
b1100 "
b1100 '
b1 &
b1 /
b111000010001 -
#36020000
b111110 "
0#
b111110 '
b10 &
b10 /
b111000010010 -
#36030000
b0 "
b0 '
b11 &
b11 /
b111000010011 -
#36040000
1!
1(
b100 &
b100 /
b111000010100 -
#36050000
0!
0(
b101 &
b101 /
b111000010101 -
#36060000
b10 "
b10 '
b10 .
b110 &
b110 /
b111000010110 -
#36070000
b1100 "
b1100 .
b1100 '
b111 &
b111 /
b111000010111 -
#36080000
b10001 "
1#
b10001 '
b11 ,
b0 &
b11 %
b11 +
b0 /
b111000011000 -
#36090000
b1011 "
b1011 '
b1 &
b1 /
b111000011001 -
#36100000
b111101 "
0#
b111101 '
b10 &
b10 /
b111000011010 -
#36110000
b0 "
b0 '
b11 &
b11 /
b111000011011 -
#36120000
1!
1(
b100 &
b100 /
b111000011100 -
#36130000
0!
0(
b101 &
b101 /
b111000011101 -
#36140000
b10 "
b10 '
b10 .
b110 &
b110 /
b111000011110 -
#36150000
b1101 "
b1101 .
b1101 '
b111 &
b111 /
b111000011111 -
#36160000
b10010 "
1#
b10010 '
b100 ,
b0 &
b100 %
b100 +
b0 /
b111000100000 -
#36170000
b1010 "
b1010 '
b1 &
b1 /
b111000100001 -
#36180000
b111100 "
0#
b111100 '
b10 &
b10 /
b111000100010 -
#36190000
b0 "
b0 '
b11 &
b11 /
b111000100011 -
#36200000
1!
1(
b100 &
b100 /
b111000100100 -
#36210000
0!
0(
b101 &
b101 /
b111000100101 -
#36220000
b100 "
b100 '
b100 .
b110 &
b110 /
b111000100110 -
#36230000
b1010 "
b1010 .
b1010 '
b111 &
b111 /
b111000100111 -
#36240000
b10011 "
1#
b10011 '
b101 ,
b0 &
b101 %
b101 +
b0 /
b111000101000 -
#36250000
b1001 "
b1001 '
b1 &
b1 /
b111000101001 -
#36260000
b111011 "
0#
b111011 '
b10 &
b10 /
b111000101010 -
#36270000
b0 "
b0 '
b11 &
b11 /
b111000101011 -
#36280000
1!
1(
b100 &
b100 /
b111000101100 -
#36290000
0!
0(
b101 &
b101 /
b111000101101 -
#36300000
b100 "
b100 '
b100 .
b110 &
b110 /
b111000101110 -
#36310000
b1011 "
b1011 .
b1011 '
b111 &
b111 /
b111000101111 -
#36320000
b10100 "
1#
b10100 '
b110 ,
b0 &
b110 %
b110 +
b0 /
b111000110000 -
#36330000
b1000 "
b1000 '
b1 &
b1 /
b111000110001 -
#36340000
b111010 "
0#
b111010 '
b10 &
b10 /
b111000110010 -
#36350000
b0 "
b0 '
b11 &
b11 /
b111000110011 -
#36360000
1!
1(
b100 &
b100 /
b111000110100 -
#36370000
0!
0(
b101 &
b101 /
b111000110101 -
#36380000
b110 "
b110 '
b110 .
b110 &
b110 /
b111000110110 -
#36390000
b1000 "
b1000 .
b1000 '
b111 &
b111 /
b111000110111 -
#36400000
b10101 "
1#
b10101 '
b111 ,
b0 &
b111 %
b111 +
b0 /
b111000111000 -
#36410000
b111 "
b111 '
b1 &
b1 /
b111000111001 -
#36420000
b111001 "
0#
b111001 '
b10 &
b10 /
b111000111010 -
#36430000
b0 "
b0 '
b11 &
b11 /
b111000111011 -
#36440000
1!
1(
b100 &
b100 /
b111000111100 -
#36450000
0!
0(
b101 &
b101 /
b111000111101 -
#36460000
b110 "
b110 '
b110 .
b110 &
b110 /
b111000111110 -
#36470000
b1001 "
b1001 .
b1001 '
b111 &
b111 /
b111000111111 -
#36480000
b10110 "
1#
b10110 '
b1000 ,
b0 &
b1000 %
b1000 +
b0 /
b111001000000 -
#36490000
b110 "
b110 '
b1 &
b1 /
b111001000001 -
#36500000
b111000 "
0#
b111000 '
b10 &
b10 /
b111001000010 -
#36510000
b0 "
b0 '
b11 &
b11 /
b111001000011 -
#36520000
1!
1(
b100 &
b100 /
b111001000100 -
#36530000
0!
0(
b101 &
b101 /
b111001000101 -
#36540000
b1000 "
b1000 '
b1000 .
b110 &
b110 /
b111001000110 -
#36550000
b110 "
b110 .
b110 '
b111 &
b111 /
b111001000111 -
#36560000
b10111 "
1#
b10111 '
b1001 ,
b0 &
b1001 %
b1001 +
b0 /
b111001001000 -
#36570000
b101 "
b101 '
b1 &
b1 /
b111001001001 -
#36580000
b110111 "
0#
b110111 '
b10 &
b10 /
b111001001010 -
#36590000
b0 "
b0 '
b11 &
b11 /
b111001001011 -
#36600000
1!
1(
b100 &
b100 /
b111001001100 -
#36610000
0!
0(
b101 &
b101 /
b111001001101 -
#36620000
b1000 "
b1000 '
b1000 .
b110 &
b110 /
b111001001110 -
#36630000
b111 "
b111 .
b111 '
b111 &
b111 /
b111001001111 -
#36640000
b11000 "
1#
b11000 '
b1010 ,
b0 &
b1010 %
b1010 +
b0 /
b111001010000 -
#36650000
b100 "
b100 '
b1 &
b1 /
b111001010001 -
#36660000
b110110 "
0#
b110110 '
b10 &
b10 /
b111001010010 -
#36670000
b0 "
b0 '
b11 &
b11 /
b111001010011 -
#36680000
1!
1(
b100 &
b100 /
b111001010100 -
#36690000
0!
0(
b101 &
b101 /
b111001010101 -
#36700000
b1010 "
b1010 '
b1010 .
b110 &
b110 /
b111001010110 -
#36710000
b100 "
b100 .
b100 '
b111 &
b111 /
b111001010111 -
#36720000
b11001 "
1#
b11001 '
b1011 ,
b0 &
b1011 %
b1011 +
b0 /
b111001011000 -
#36730000
b11 "
b11 '
b1 &
b1 /
b111001011001 -
#36740000
b110101 "
0#
b110101 '
b10 &
b10 /
b111001011010 -
#36750000
b0 "
b0 '
b11 &
b11 /
b111001011011 -
#36760000
1!
1(
b100 &
b100 /
b111001011100 -
#36770000
0!
0(
b101 &
b101 /
b111001011101 -
#36780000
b1010 "
b1010 '
b1010 .
b110 &
b110 /
b111001011110 -
#36790000
b101 "
b101 .
b101 '
b111 &
b111 /
b111001011111 -
#36800000
b11010 "
1#
b11010 '
b1100 ,
b0 &
b1100 %
b1100 +
b0 /
b111001100000 -
#36810000
b10 "
b10 '
b1 &
b1 /
b111001100001 -
#36820000
b110100 "
0#
b110100 '
b10 &
b10 /
b111001100010 -
#36830000
b0 "
b0 '
b11 &
b11 /
b111001100011 -
#36840000
1!
1(
b100 &
b100 /
b111001100100 -
#36850000
0!
0(
b101 &
b101 /
b111001100101 -
#36860000
b1100 "
b1100 '
b1100 .
b110 &
b110 /
b111001100110 -
#36870000
b10 "
b10 .
b10 '
b111 &
b111 /
b111001100111 -
#36880000
b11011 "
1#
b11011 '
b1101 ,
b0 &
b1101 %
b1101 +
b0 /
b111001101000 -
#36890000
b1 "
b1 '
b1 &
b1 /
b111001101001 -
#36900000
b110011 "
0#
b110011 '
b10 &
b10 /
b111001101010 -
#36910000
b0 "
b0 '
b11 &
b11 /
b111001101011 -
#36920000
1!
1(
b100 &
b100 /
b111001101100 -
#36930000
0!
0(
b101 &
b101 /
b111001101101 -
#36940000
b1100 "
b1100 '
b1100 .
b110 &
b110 /
b111001101110 -
#36950000
b11 "
b11 .
b11 '
b111 &
b111 /
b111001101111 -
#36960000
b11100 "
1#
b11100 '
b1110 ,
b0 &
b1110 %
b1110 +
b0 /
b111001110000 -
#36970000
b0 "
b0 '
b1 &
b1 /
b111001110001 -
#36980000
b110010 "
0#
b110010 '
b10 &
b10 /
b111001110010 -
#36990000
b0 "
1!
1(
b0 '
b11 &
b11 /
b111001110011 -
#37000000
0!
0(
b100 &
b100 /
b111001110100 -
#37010000
b101 &
b101 /
b111001110101 -
#37020000
b1110 "
b1110 '
b1110 .
b110 &
b110 /
b111001110110 -
#37030000
b0 "
b0 .
b0 '
b111 &
b111 /
b111001110111 -
#37040000
b11101 "
1#
b11101 '
b1111 ,
b0 &
b1111 %
b1111 +
b0 /
b111001111000 -
#37050000
b100001 "
b100001 '
b1 &
b1 /
b111001111001 -
#37060000
b110001 "
0#
b110001 '
b10 &
b10 /
b111001111010 -
#37070000
b0 "
b0 '
b11 &
b11 /
b111001111011 -
#37080000
b100 &
b100 /
b111001111100 -
#37090000
1!
1(
b101 &
b101 /
b111001111101 -
#37100000
b1110 "
0!
b1110 '
b1110 .
0(
b110 &
b110 /
b111001111110 -
#37110000
b1 "
b1 .
b1 '
b111 &
b111 /
b111001111111 -
#37120000
b1110 "
1#
b1110 '
b0 ,
b0 &
b10000 %
b10000 +
b0 /
b111010000000 -
#37130000
b1110 "
b1110 '
b1 &
b1 /
b111010000001 -
#37140000
b0 "
0#
b0 '
b10 &
b10 /
b111010000010 -
#37150000
b11 &
b11 /
b111010000011 -
#37160000
1!
1(
b100 &
b100 /
b111010000100 -
#37170000
0!
0(
b101 &
b101 /
b111010000101 -
#37180000
b0 .
b110 &
b110 /
b111010000110 -
#37190000
b101110 "
b101110 '
b11110 .
b111 &
b111 /
b111010000111 -
#37200000
b1101 "
1#
b1101 '
b11111111111111111111111111111111 ,
b0 &
b10001 %
b10001 +
b0 /
b111010001000 -
#37210000
b1111 "
b1111 '
b1 &
b1 /
b111010001001 -
#37220000
b1 "
0#
b1 '
b10 &
b10 /
b111010001010 -
#37230000
b0 "
b0 '
b11 &
b11 /
b111010001011 -
#37240000
1!
1(
b100 &
b100 /
b111010001100 -
#37250000
0!
0(
b101 &
b101 /
b111010001101 -
#37260000
b0 .
b110 &
b110 /
b111010001110 -
#37270000
b101111 "
b101111 '
b11111 .
b111 &
b111 /
b111010001111 -
#37280000
b1100 "
1#
b1100 '
b11111111111111111111111111111110 ,
b0 &
b10010 %
b10010 +
b0 /
b111010010000 -
#37290000
b10000 "
b10000 '
b1 &
b1 /
b111010010001 -
#37300000
b10 "
0#
b10 '
b10 &
b10 /
b111010010010 -
#37310000
b0 "
b0 '
b11 &
b11 /
b111010010011 -
#37320000
1!
1(
b100 &
b100 /
b111010010100 -
#37330000
0!
0(
b101 &
b101 /
b111010010101 -
#37340000
b10 "
b10 '
b10 .
b110 &
b110 /
b111010010110 -
#37350000
b101100 "
b11100 .
b101100 '
b111 &
b111 /
b111010010111 -
#37360000
b1011 "
1#
b1011 '
b11111111111111111111111111111101 ,
b0 &
b10011 %
b10011 +
b0 /
b111010011000 -
#37370000
b10001 "
b10001 '
b1 &
b1 /
b111010011001 -
#37380000
b11 "
0#
b11 '
b10 &
b10 /
b111010011010 -
#37390000
b0 "
b0 '
b11 &
b11 /
b111010011011 -
#37400000
1!
1(
b100 &
b100 /
b111010011100 -
#37410000
0!
0(
b101 &
b101 /
b111010011101 -
#37420000
b10 "
b10 '
b10 .
b110 &
b110 /
b111010011110 -
#37430000
b101101 "
b11101 .
b101101 '
b111 &
b111 /
b111010011111 -
#37440000
b1010 "
1#
b1010 '
b11111111111111111111111111111100 ,
b0 &
b10100 %
b10100 +
b0 /
b111010100000 -
#37450000
b10010 "
b10010 '
b1 &
b1 /
b111010100001 -
#37460000
b100 "
0#
b100 '
b10 &
b10 /
b111010100010 -
#37470000
b0 "
b0 '
b11 &
b11 /
b111010100011 -
#37480000
1!
1(
b100 &
b100 /
b111010100100 -
#37490000
0!
0(
b101 &
b101 /
b111010100101 -
#37500000
b100 "
b100 '
b100 .
b110 &
b110 /
b111010100110 -
#37510000
b101010 "
b11010 .
b101010 '
b111 &
b111 /
b111010100111 -
#37520000
b1001 "
1#
b1001 '
b11111111111111111111111111111011 ,
b0 &
b10101 %
b10101 +
b0 /
b111010101000 -
#37530000
b10011 "
b10011 '
b1 &
b1 /
b111010101001 -
#37540000
b101 "
0#
b101 '
b10 &
b10 /
b111010101010 -
#37550000
b0 "
b0 '
b11 &
b11 /
b111010101011 -
#37560000
1!
1(
b100 &
b100 /
b111010101100 -
#37570000
0!
0(
b101 &
b101 /
b111010101101 -
#37580000
b100 "
b100 '
b100 .
b110 &
b110 /
b111010101110 -
#37590000
b101011 "
b11011 .
b101011 '
b111 &
b111 /
b111010101111 -
#37600000
b1000 "
1#
b1000 '
b11111111111111111111111111111010 ,
b0 &
b10110 %
b10110 +
b0 /
b111010110000 -
#37610000
b10100 "
b10100 '
b1 &
b1 /
b111010110001 -
#37620000
b110 "
0#
b110 '
b10 &
b10 /
b111010110010 -
#37630000
b0 "
b0 '
b11 &
b11 /
b111010110011 -
#37640000
1!
1(
b100 &
b100 /
b111010110100 -
#37650000
0!
0(
b101 &
b101 /
b111010110101 -
#37660000
b110 "
b110 '
b110 .
b110 &
b110 /
b111010110110 -
#37670000
b101000 "
b11000 .
b101000 '
b111 &
b111 /
b111010110111 -
#37680000
b111 "
1#
b111 '
b11111111111111111111111111111001 ,
b0 &
b10111 %
b10111 +
b0 /
b111010111000 -
#37690000
b10101 "
b10101 '
b1 &
b1 /
b111010111001 -
#37700000
b111 "
0#
b111 '
b10 &
b10 /
b111010111010 -
#37710000
b0 "
b0 '
b11 &
b11 /
b111010111011 -
#37720000
1!
1(
b100 &
b100 /
b111010111100 -
#37730000
0!
0(
b101 &
b101 /
b111010111101 -
#37740000
b110 "
b110 '
b110 .
b110 &
b110 /
b111010111110 -
#37750000
b101001 "
b11001 .
b101001 '
b111 &
b111 /
b111010111111 -
#37760000
b110 "
1#
b110 '
b11111111111111111111111111111000 ,
b0 &
b11000 %
b11000 +
b0 /
b111011000000 -
#37770000
b10110 "
b10110 '
b1 &
b1 /
b111011000001 -
#37780000
b1000 "
0#
b1000 '
b10 &
b10 /
b111011000010 -
#37790000
b0 "
b0 '
b11 &
b11 /
b111011000011 -
#37800000
1!
1(
b100 &
b100 /
b111011000100 -
#37810000
0!
0(
b101 &
b101 /
b111011000101 -
#37820000
b1000 "
b1000 '
b1000 .
b110 &
b110 /
b111011000110 -
#37830000
b100110 "
b10110 .
b100110 '
b111 &
b111 /
b111011000111 -
#37840000
b101 "
1#
b101 '
b11111111111111111111111111110111 ,
b0 &
b11001 %
b11001 +
b0 /
b111011001000 -
#37850000
b10111 "
b10111 '
b1 &
b1 /
b111011001001 -
#37860000
b1001 "
0#
b1001 '
b10 &
b10 /
b111011001010 -
#37870000
b0 "
b0 '
b11 &
b11 /
b111011001011 -
#37880000
1!
1(
b100 &
b100 /
b111011001100 -
#37890000
0!
0(
b101 &
b101 /
b111011001101 -
#37900000
b1000 "
b1000 '
b1000 .
b110 &
b110 /
b111011001110 -
#37910000
b100111 "
b10111 .
b100111 '
b111 &
b111 /
b111011001111 -
#37920000
b100 "
1#
b100 '
b11111111111111111111111111110110 ,
b0 &
b11010 %
b11010 +
b0 /
b111011010000 -
#37930000
b11000 "
b11000 '
b1 &
b1 /
b111011010001 -
#37940000
b1010 "
0#
b1010 '
b10 &
b10 /
b111011010010 -
#37950000
b0 "
b0 '
b11 &
b11 /
b111011010011 -
#37960000
1!
1(
b100 &
b100 /
b111011010100 -
#37970000
0!
0(
b101 &
b101 /
b111011010101 -
#37980000
b1010 "
b1010 '
b1010 .
b110 &
b110 /
b111011010110 -
#37990000
b100100 "
b10100 .
b100100 '
b111 &
b111 /
b111011010111 -
#38000000
b11 "
1#
b11 '
b11111111111111111111111111110101 ,
b0 &
b11011 %
b11011 +
b0 /
b111011011000 -
#38010000
b11001 "
b11001 '
b1 &
b1 /
b111011011001 -
#38020000
b1011 "
0#
b1011 '
b10 &
b10 /
b111011011010 -
#38030000
b0 "
b0 '
b11 &
b11 /
b111011011011 -
#38040000
1!
1(
b100 &
b100 /
b111011011100 -
#38050000
0!
0(
b101 &
b101 /
b111011011101 -
#38060000
b1010 "
b1010 '
b1010 .
b110 &
b110 /
b111011011110 -
#38070000
b100101 "
b10101 .
b100101 '
b111 &
b111 /
b111011011111 -
#38080000
b10 "
1#
b10 '
b11111111111111111111111111110100 ,
b0 &
b11100 %
b11100 +
b0 /
b111011100000 -
#38090000
b11010 "
b11010 '
b1 &
b1 /
b111011100001 -
#38100000
b1100 "
0#
b1100 '
b10 &
b10 /
b111011100010 -
#38110000
b0 "
b0 '
b11 &
b11 /
b111011100011 -
#38120000
1!
1(
b100 &
b100 /
b111011100100 -
#38130000
0!
0(
b101 &
b101 /
b111011100101 -
#38140000
b1100 "
b1100 '
b1100 .
b110 &
b110 /
b111011100110 -
#38150000
b100010 "
b10010 .
b100010 '
b111 &
b111 /
b111011100111 -
#38160000
b1 "
1#
b1 '
b11111111111111111111111111110011 ,
b0 &
b11101 %
b11101 +
b0 /
b111011101000 -
#38170000
b11011 "
b11011 '
b1 &
b1 /
b111011101001 -
#38180000
b1101 "
0#
b1101 '
b10 &
b10 /
b111011101010 -
#38190000
b0 "
b0 '
b11 &
b11 /
b111011101011 -
#38200000
1!
1(
b100 &
b100 /
b111011101100 -
#38210000
0!
0(
b101 &
b101 /
b111011101101 -
#38220000
b1100 "
b1100 '
b1100 .
b110 &
b110 /
b111011101110 -
#38230000
b100011 "
b10011 .
b100011 '
b111 &
b111 /
b111011101111 -
#38240000
b0 "
1#
b0 '
b11111111111111111111111111110010 ,
b0 &
b11110 %
b11110 +
b0 /
b111011110000 -
#38250000
b11100 "
b11100 '
b1 &
b1 /
b111011110001 -
#38260000
b1110 "
0#
b1110 '
b10 &
b10 /
b111011110010 -
#38270000
b0 "
b0 '
b11 &
b11 /
b111011110011 -
#38280000
1!
1(
b100 &
b100 /
b111011110100 -
#38290000
0!
0(
b101 &
b101 /
b111011110101 -
#38300000
b1110 "
b1110 '
b1110 .
b110 &
b110 /
b111011110110 -
#38310000
b100000 "
b10000 .
b100000 '
b111 &
b111 /
b111011110111 -
#38320000
b100001 "
1#
b100001 '
b11111111111111111111111111110001 ,
b0 &
b11111 %
b11111 +
b0 /
b111011111000 -
#38330000
b11101 "
b11101 '
b1 &
b1 /
b111011111001 -
#38340000
b1111 "
0#
b1111 '
b10 &
b10 /
b111011111010 -
#38350000
b0 "
b0 '
b11 &
b11 /
b111011111011 -
#38360000
1!
1(
b100 &
b100 /
b111011111100 -
#38370000
0!
0(
b101 &
b101 /
b111011111101 -
#38380000
b1110 "
b1110 '
b1110 .
b110 &
b110 /
b111011111110 -
#38390000
b100001 "
b10001 .
b100001 '
b111 &
b111 /
b111011111111 -
#38400000
b1111 "
1#
b1111 '
b0 ,
b1111 *
b0 &
b0 %
b1111 $
b1111 )
b0 +
b0 /
b111100000000 -
#38410000
b1111 "
b1111 '
b1 &
b1 /
b111100000001 -
#38420000
b0 "
0#
b0 '
b10 &
b10 /
b111100000010 -
#38430000
b11 &
b11 /
b111100000011 -
#38440000
1!
1(
b100 &
b100 /
b111100000100 -
#38450000
0!
0(
b101 &
b101 /
b111100000101 -
#38460000
b0 .
b110 &
b110 /
b111100000110 -
#38470000
b1111 "
b1111 '
b1111 .
b111 &
b111 /
b111100000111 -
#38480000
b10000 "
1#
b10000 '
b1 ,
b0 &
b1 %
b1 +
b0 /
b111100001000 -
#38490000
b1110 "
b1110 '
b1 &
b1 /
b111100001001 -
#38500000
b111111 "
0#
b111111 '
b10 &
b10 /
b111100001010 -
#38510000
b0 "
b0 '
b11 &
b11 /
b111100001011 -
#38520000
1!
1(
b100 &
b100 /
b111100001100 -
#38530000
0!
0(
b101 &
b101 /
b111100001101 -
#38540000
b1 "
b1 '
b1 .
b110 &
b110 /
b111100001110 -
#38550000
b1110 "
b1110 .
b1110 '
b111 &
b111 /
b111100001111 -
#38560000
b10001 "
1#
b10001 '
b10 ,
b0 &
b10 %
b10 +
b0 /
b111100010000 -
#38570000
b1101 "
b1101 '
b1 &
b1 /
b111100010001 -
#38580000
b111110 "
0#
b111110 '
b10 &
b10 /
b111100010010 -
#38590000
b0 "
b0 '
b11 &
b11 /
b111100010011 -
#38600000
1!
1(
b100 &
b100 /
b111100010100 -
#38610000
0!
0(
b101 &
b101 /
b111100010101 -
#38620000
b10 "
b10 '
b10 .
b110 &
b110 /
b111100010110 -
#38630000
b1101 "
b1101 .
b1101 '
b111 &
b111 /
b111100010111 -
#38640000
b10010 "
1#
b10010 '
b11 ,
b0 &
b11 %
b11 +
b0 /
b111100011000 -
#38650000
b1100 "
b1100 '
b1 &
b1 /
b111100011001 -
#38660000
b111101 "
0#
b111101 '
b10 &
b10 /
b111100011010 -
#38670000
b0 "
b0 '
b11 &
b11 /
b111100011011 -
#38680000
1!
1(
b100 &
b100 /
b111100011100 -
#38690000
0!
0(
b101 &
b101 /
b111100011101 -
#38700000
b11 "
b11 '
b11 .
b110 &
b110 /
b111100011110 -
#38710000
b1100 "
b1100 .
b1100 '
b111 &
b111 /
b111100011111 -
#38720000
b10011 "
1#
b10011 '
b100 ,
b0 &
b100 %
b100 +
b0 /
b111100100000 -
#38730000
b1011 "
b1011 '
b1 &
b1 /
b111100100001 -
#38740000
b111100 "
0#
b111100 '
b10 &
b10 /
b111100100010 -
#38750000
b0 "
b0 '
b11 &
b11 /
b111100100011 -
#38760000
1!
1(
b100 &
b100 /
b111100100100 -
#38770000
0!
0(
b101 &
b101 /
b111100100101 -
#38780000
b100 "
b100 '
b100 .
b110 &
b110 /
b111100100110 -
#38790000
b1011 "
b1011 .
b1011 '
b111 &
b111 /
b111100100111 -
#38800000
b10100 "
1#
b10100 '
b101 ,
b0 &
b101 %
b101 +
b0 /
b111100101000 -
#38810000
b1010 "
b1010 '
b1 &
b1 /
b111100101001 -
#38820000
b111011 "
0#
b111011 '
b10 &
b10 /
b111100101010 -
#38830000
b0 "
b0 '
b11 &
b11 /
b111100101011 -
#38840000
1!
1(
b100 &
b100 /
b111100101100 -
#38850000
0!
0(
b101 &
b101 /
b111100101101 -
#38860000
b101 "
b101 '
b101 .
b110 &
b110 /
b111100101110 -
#38870000
b1010 "
b1010 .
b1010 '
b111 &
b111 /
b111100101111 -
#38880000
b10101 "
1#
b10101 '
b110 ,
b0 &
b110 %
b110 +
b0 /
b111100110000 -
#38890000
b1001 "
b1001 '
b1 &
b1 /
b111100110001 -
#38900000
b111010 "
0#
b111010 '
b10 &
b10 /
b111100110010 -
#38910000
b0 "
b0 '
b11 &
b11 /
b111100110011 -
#38920000
1!
1(
b100 &
b100 /
b111100110100 -
#38930000
0!
0(
b101 &
b101 /
b111100110101 -
#38940000
b110 "
b110 '
b110 .
b110 &
b110 /
b111100110110 -
#38950000
b1001 "
b1001 .
b1001 '
b111 &
b111 /
b111100110111 -
#38960000
b10110 "
1#
b10110 '
b111 ,
b0 &
b111 %
b111 +
b0 /
b111100111000 -
#38970000
b1000 "
b1000 '
b1 &
b1 /
b111100111001 -
#38980000
b111001 "
0#
b111001 '
b10 &
b10 /
b111100111010 -
#38990000
b0 "
b0 '
b11 &
b11 /
b111100111011 -
#39000000
1!
1(
b100 &
b100 /
b111100111100 -
#39010000
0!
0(
b101 &
b101 /
b111100111101 -
#39020000
b111 "
b111 '
b111 .
b110 &
b110 /
b111100111110 -
#39030000
b1000 "
b1000 .
b1000 '
b111 &
b111 /
b111100111111 -
#39040000
b10111 "
1#
b10111 '
b1000 ,
b0 &
b1000 %
b1000 +
b0 /
b111101000000 -
#39050000
b111 "
b111 '
b1 &
b1 /
b111101000001 -
#39060000
b111000 "
0#
b111000 '
b10 &
b10 /
b111101000010 -
#39070000
b0 "
b0 '
b11 &
b11 /
b111101000011 -
#39080000
1!
1(
b100 &
b100 /
b111101000100 -
#39090000
0!
0(
b101 &
b101 /
b111101000101 -
#39100000
b1000 "
b1000 '
b110 &
b110 /
b111101000110 -
#39110000
b111 "
b111 .
b111 '
b111 &
b111 /
b111101000111 -
#39120000
b11000 "
1#
b11000 '
b1001 ,
b0 &
b1001 %
b1001 +
b0 /
b111101001000 -
#39130000
b110 "
b110 '
b1 &
b1 /
b111101001001 -
#39140000
b110111 "
0#
b110111 '
b10 &
b10 /
b111101001010 -
#39150000
b0 "
b0 '
b11 &
b11 /
b111101001011 -
#39160000
1!
1(
b100 &
b100 /
b111101001100 -
#39170000
0!
0(
b101 &
b101 /
b111101001101 -
#39180000
b1001 "
b1001 '
b1001 .
b110 &
b110 /
b111101001110 -
#39190000
b110 "
b110 .
b110 '
b111 &
b111 /
b111101001111 -
#39200000
b11001 "
1#
b11001 '
b1010 ,
b0 &
b1010 %
b1010 +
b0 /
b111101010000 -
#39210000
b101 "
b101 '
b1 &
b1 /
b111101010001 -
#39220000
b110110 "
0#
b110110 '
b10 &
b10 /
b111101010010 -
#39230000
b0 "
b0 '
b11 &
b11 /
b111101010011 -
#39240000
1!
1(
b100 &
b100 /
b111101010100 -
#39250000
0!
0(
b101 &
b101 /
b111101010101 -
#39260000
b1010 "
b1010 '
b1010 .
b110 &
b110 /
b111101010110 -
#39270000
b101 "
b101 .
b101 '
b111 &
b111 /
b111101010111 -
#39280000
b11010 "
1#
b11010 '
b1011 ,
b0 &
b1011 %
b1011 +
b0 /
b111101011000 -
#39290000
b100 "
b100 '
b1 &
b1 /
b111101011001 -
#39300000
b110101 "
0#
b110101 '
b10 &
b10 /
b111101011010 -
#39310000
b0 "
b0 '
b11 &
b11 /
b111101011011 -
#39320000
1!
1(
b100 &
b100 /
b111101011100 -
#39330000
0!
0(
b101 &
b101 /
b111101011101 -
#39340000
b1011 "
b1011 '
b1011 .
b110 &
b110 /
b111101011110 -
#39350000
b100 "
b100 .
b100 '
b111 &
b111 /
b111101011111 -
#39360000
b11011 "
1#
b11011 '
b1100 ,
b0 &
b1100 %
b1100 +
b0 /
b111101100000 -
#39370000
b11 "
b11 '
b1 &
b1 /
b111101100001 -
#39380000
b110100 "
0#
b110100 '
b10 &
b10 /
b111101100010 -
#39390000
b0 "
b0 '
b11 &
b11 /
b111101100011 -
#39400000
1!
1(
b100 &
b100 /
b111101100100 -
#39410000
0!
0(
b101 &
b101 /
b111101100101 -
#39420000
b1100 "
b1100 '
b1100 .
b110 &
b110 /
b111101100110 -
#39430000
b11 "
b11 .
b11 '
b111 &
b111 /
b111101100111 -
#39440000
b11100 "
1#
b11100 '
b1101 ,
b0 &
b1101 %
b1101 +
b0 /
b111101101000 -
#39450000
b10 "
b10 '
b1 &
b1 /
b111101101001 -
#39460000
b110011 "
0#
b110011 '
b10 &
b10 /
b111101101010 -
#39470000
b0 "
b0 '
b11 &
b11 /
b111101101011 -
#39480000
1!
1(
b100 &
b100 /
b111101101100 -
#39490000
0!
0(
b101 &
b101 /
b111101101101 -
#39500000
b1101 "
b1101 '
b1101 .
b110 &
b110 /
b111101101110 -
#39510000
b10 "
b10 .
b10 '
b111 &
b111 /
b111101101111 -
#39520000
b11101 "
1#
b11101 '
b1110 ,
b0 &
b1110 %
b1110 +
b0 /
b111101110000 -
#39530000
b1 "
b1 '
b1 &
b1 /
b111101110001 -
#39540000
b110010 "
0#
b110010 '
b10 &
b10 /
b111101110010 -
#39550000
b0 "
b0 '
b11 &
b11 /
b111101110011 -
#39560000
1!
1(
b100 &
b100 /
b111101110100 -
#39570000
0!
0(
b101 &
b101 /
b111101110101 -
#39580000
b1110 "
b1110 '
b1110 .
b110 &
b110 /
b111101110110 -
#39590000
b1 "
b1 .
b1 '
b111 &
b111 /
b111101110111 -
#39600000
b11110 "
1#
b11110 '
b1111 ,
b0 &
b1111 %
b1111 +
b0 /
b111101111000 -
#39610000
b0 "
b0 '
b1 &
b1 /
b111101111001 -
#39620000
b110001 "
0#
b110001 '
b10 &
b10 /
b111101111010 -
#39630000
b0 "
1!
1(
b0 '
b11 &
b11 /
b111101111011 -
#39640000
0!
0(
b100 &
b100 /
b111101111100 -
#39650000
b101 &
b101 /
b111101111101 -
#39660000
b1111 "
b1111 '
b1111 .
b110 &
b110 /
b111101111110 -
#39670000
b0 "
b0 .
b0 '
b111 &
b111 /
b111101111111 -
#39680000
b1111 "
1#
b1111 '
b0 ,
b0 &
b10000 %
b10000 +
b0 /
b111110000000 -
#39690000
b1111 "
b1111 '
b1 &
b1 /
b111110000001 -
#39700000
b0 "
0#
b0 '
b10 &
b10 /
b111110000010 -
#39710000
b11 &
b11 /
b111110000011 -
#39720000
1!
1(
b100 &
b100 /
b111110000100 -
#39730000
0!
0(
b101 &
b101 /
b111110000101 -
#39740000
b110 &
b110 /
b111110000110 -
#39750000
b101111 "
b101111 '
b11111 .
b111 &
b111 /
b111110000111 -
#39760000
b1110 "
1#
b1110 '
b11111111111111111111111111111111 ,
b0 &
b10001 %
b10001 +
b0 /
b111110001000 -
#39770000
b10000 "
b10000 '
b1 &
b1 /
b111110001001 -
#39780000
b1 "
0#
b1 '
b10 &
b10 /
b111110001010 -
#39790000
b0 "
b0 '
b11 &
b11 /
b111110001011 -
#39800000
1!
1(
b100 &
b100 /
b111110001100 -
#39810000
0!
0(
b101 &
b101 /
b111110001101 -
#39820000
b1 "
b1 '
b1 .
b110 &
b110 /
b111110001110 -
#39830000
b101110 "
b11110 .
b101110 '
b111 &
b111 /
b111110001111 -
#39840000
b1101 "
1#
b1101 '
b11111111111111111111111111111110 ,
b0 &
b10010 %
b10010 +
b0 /
b111110010000 -
#39850000
b10001 "
b10001 '
b1 &
b1 /
b111110010001 -
#39860000
b10 "
0#
b10 '
b10 &
b10 /
b111110010010 -
#39870000
b0 "
b0 '
b11 &
b11 /
b111110010011 -
#39880000
1!
1(
b100 &
b100 /
b111110010100 -
#39890000
0!
0(
b101 &
b101 /
b111110010101 -
#39900000
b10 "
b10 '
b10 .
b110 &
b110 /
b111110010110 -
#39910000
b101101 "
b11101 .
b101101 '
b111 &
b111 /
b111110010111 -
#39920000
b1100 "
1#
b1100 '
b11111111111111111111111111111101 ,
b0 &
b10011 %
b10011 +
b0 /
b111110011000 -
#39930000
b10010 "
b10010 '
b1 &
b1 /
b111110011001 -
#39940000
b11 "
0#
b11 '
b10 &
b10 /
b111110011010 -
#39950000
b0 "
b0 '
b11 &
b11 /
b111110011011 -
#39960000
1!
1(
b100 &
b100 /
b111110011100 -
#39970000
0!
0(
b101 &
b101 /
b111110011101 -
#39980000
b11 "
b11 '
b11 .
b110 &
b110 /
b111110011110 -
#39990000
b101100 "
b11100 .
b101100 '
b111 &
b111 /
b111110011111 -
#40000000
b1011 "
1#
b1011 '
b11111111111111111111111111111100 ,
b0 &
b10100 %
b10100 +
b0 /
b111110100000 -
#40010000
b10011 "
b10011 '
b1 &
b1 /
b111110100001 -
#40020000
b100 "
0#
b100 '
b10 &
b10 /
b111110100010 -
#40030000
b0 "
b0 '
b11 &
b11 /
b111110100011 -
#40040000
1!
1(
b100 &
b100 /
b111110100100 -
#40050000
0!
0(
b101 &
b101 /
b111110100101 -
#40060000
b100 "
b100 '
b100 .
b110 &
b110 /
b111110100110 -
#40070000
b101011 "
b11011 .
b101011 '
b111 &
b111 /
b111110100111 -
#40080000
b1010 "
1#
b1010 '
b11111111111111111111111111111011 ,
b0 &
b10101 %
b10101 +
b0 /
b111110101000 -
#40090000
b10100 "
b10100 '
b1 &
b1 /
b111110101001 -
#40100000
b101 "
0#
b101 '
b10 &
b10 /
b111110101010 -
#40110000
b0 "
b0 '
b11 &
b11 /
b111110101011 -
#40120000
1!
1(
b100 &
b100 /
b111110101100 -
#40130000
0!
0(
b101 &
b101 /
b111110101101 -
#40140000
b101 "
b101 '
b101 .
b110 &
b110 /
b111110101110 -
#40150000
b101010 "
b11010 .
b101010 '
b111 &
b111 /
b111110101111 -
#40160000
b1001 "
1#
b1001 '
b11111111111111111111111111111010 ,
b0 &
b10110 %
b10110 +
b0 /
b111110110000 -
#40170000
b10101 "
b10101 '
b1 &
b1 /
b111110110001 -
#40180000
b110 "
0#
b110 '
b10 &
b10 /
b111110110010 -
#40190000
b0 "
b0 '
b11 &
b11 /
b111110110011 -
#40200000
1!
1(
b100 &
b100 /
b111110110100 -
#40210000
0!
0(
b101 &
b101 /
b111110110101 -
#40220000
b110 "
b110 '
b110 .
b110 &
b110 /
b111110110110 -
#40230000
b101001 "
b11001 .
b101001 '
b111 &
b111 /
b111110110111 -
#40240000
b1000 "
1#
b1000 '
b11111111111111111111111111111001 ,
b0 &
b10111 %
b10111 +
b0 /
b111110111000 -
#40250000
b10110 "
b10110 '
b1 &
b1 /
b111110111001 -
#40260000
b111 "
0#
b111 '
b10 &
b10 /
b111110111010 -
#40270000
b0 "
b0 '
b11 &
b11 /
b111110111011 -
#40280000
1!
1(
b100 &
b100 /
b111110111100 -
#40290000
0!
0(
b101 &
b101 /
b111110111101 -
#40300000
b111 "
b111 '
b111 .
b110 &
b110 /
b111110111110 -
#40310000
b101000 "
b11000 .
b101000 '
b111 &
b111 /
b111110111111 -
#40320000
b111 "
1#
b111 '
b11111111111111111111111111111000 ,
b0 &
b11000 %
b11000 +
b0 /
b111111000000 -
#40330000
b10111 "
b10111 '
b1 &
b1 /
b111111000001 -
#40340000
b1000 "
0#
b1000 '
b10 &
b10 /
b111111000010 -
#40350000
b0 "
b0 '
b11 &
b11 /
b111111000011 -
#40360000
1!
1(
b100 &
b100 /
b111111000100 -
#40370000
0!
0(
b101 &
b101 /
b111111000101 -
#40380000
b1000 "
b1000 '
b1000 .
b110 &
b110 /
b111111000110 -
#40390000
b100111 "
b10111 .
b100111 '
b111 &
b111 /
b111111000111 -
#40400000
b110 "
1#
b110 '
b11111111111111111111111111110111 ,
b0 &
b11001 %
b11001 +
b0 /
b111111001000 -
#40410000
b11000 "
b11000 '
b1 &
b1 /
b111111001001 -
#40420000
b1001 "
0#
b1001 '
b10 &
b10 /
b111111001010 -
#40430000
b0 "
b0 '
b11 &
b11 /
b111111001011 -
#40440000
1!
1(
b100 &
b100 /
b111111001100 -
#40450000
0!
0(
b101 &
b101 /
b111111001101 -
#40460000
b1001 "
b1001 '
b1001 .
b110 &
b110 /
b111111001110 -
#40470000
b100110 "
b10110 .
b100110 '
b111 &
b111 /
b111111001111 -
#40480000
b101 "
1#
b101 '
b11111111111111111111111111110110 ,
b0 &
b11010 %
b11010 +
b0 /
b111111010000 -
#40490000
b11001 "
b11001 '
b1 &
b1 /
b111111010001 -
#40500000
b1010 "
0#
b1010 '
b10 &
b10 /
b111111010010 -
#40510000
b0 "
b0 '
b11 &
b11 /
b111111010011 -
#40520000
1!
1(
b100 &
b100 /
b111111010100 -
#40530000
0!
0(
b101 &
b101 /
b111111010101 -
#40540000
b1010 "
b1010 '
b1010 .
b110 &
b110 /
b111111010110 -
#40550000
b100101 "
b10101 .
b100101 '
b111 &
b111 /
b111111010111 -
#40560000
b100 "
1#
b100 '
b11111111111111111111111111110101 ,
b0 &
b11011 %
b11011 +
b0 /
b111111011000 -
#40570000
b11010 "
b11010 '
b1 &
b1 /
b111111011001 -
#40580000
b1011 "
0#
b1011 '
b10 &
b10 /
b111111011010 -
#40590000
b0 "
b0 '
b11 &
b11 /
b111111011011 -
#40600000
1!
1(
b100 &
b100 /
b111111011100 -
#40610000
0!
0(
b101 &
b101 /
b111111011101 -
#40620000
b1011 "
b1011 '
b1011 .
b110 &
b110 /
b111111011110 -
#40630000
b100100 "
b10100 .
b100100 '
b111 &
b111 /
b111111011111 -
#40640000
b11 "
1#
b11 '
b11111111111111111111111111110100 ,
b0 &
b11100 %
b11100 +
b0 /
b111111100000 -
#40650000
b11011 "
b11011 '
b1 &
b1 /
b111111100001 -
#40660000
b1100 "
0#
b1100 '
b10 &
b10 /
b111111100010 -
#40670000
b0 "
b0 '
b11 &
b11 /
b111111100011 -
#40680000
1!
1(
b100 &
b100 /
b111111100100 -
#40690000
0!
0(
b101 &
b101 /
b111111100101 -
#40700000
b1100 "
b1100 '
b1100 .
b110 &
b110 /
b111111100110 -
#40710000
b100011 "
b10011 .
b100011 '
b111 &
b111 /
b111111100111 -
#40720000
b10 "
1#
b10 '
b11111111111111111111111111110011 ,
b0 &
b11101 %
b11101 +
b0 /
b111111101000 -
#40730000
b11100 "
b11100 '
b1 &
b1 /
b111111101001 -
#40740000
b1101 "
0#
b1101 '
b10 &
b10 /
b111111101010 -
#40750000
b0 "
b0 '
b11 &
b11 /
b111111101011 -
#40760000
1!
1(
b100 &
b100 /
b111111101100 -
#40770000
0!
0(
b101 &
b101 /
b111111101101 -
#40780000
b1101 "
b1101 '
b1101 .
b110 &
b110 /
b111111101110 -
#40790000
b100010 "
b10010 .
b100010 '
b111 &
b111 /
b111111101111 -
#40800000
b1 "
1#
b1 '
b11111111111111111111111111110010 ,
b0 &
b11110 %
b11110 +
b0 /
b111111110000 -
#40810000
b11101 "
b11101 '
b1 &
b1 /
b111111110001 -
#40820000
b1110 "
0#
b1110 '
b10 &
b10 /
b111111110010 -
#40830000
b0 "
b0 '
b11 &
b11 /
b111111110011 -
#40840000
1!
1(
b100 &
b100 /
b111111110100 -
#40850000
0!
0(
b101 &
b101 /
b111111110101 -
#40860000
b1110 "
b1110 '
b1110 .
b110 &
b110 /
b111111110110 -
#40870000
b100001 "
b10001 .
b100001 '
b111 &
b111 /
b111111110111 -
#40880000
b0 "
1#
b0 '
b11111111111111111111111111110001 ,
b0 &
b11111 %
b11111 +
b0 /
b111111111000 -
#40890000
b11110 "
b11110 '
b1 &
b1 /
b111111111001 -
#40900000
b1111 "
0#
b1111 '
b10 &
b10 /
b111111111010 -
#40910000
b0 "
b0 '
b11 &
b11 /
b111111111011 -
#40920000
1!
1(
b100 &
b100 /
b111111111100 -
#40930000
0!
0(
b101 &
b101 /
b111111111101 -
#40940000
b1111 "
b1111 '
b1111 .
b110 &
b110 /
b111111111110 -
#40950000
b100000 "
b10000 .
b100000 '
b111 &
b111 /
b111111111111 -
#40960000
b0 "
1#
b0 '
b0 ,
b0 *
b0 &
b0 %
b10000 $
b10000 )
b0 +
b0 /
b1000000000000 -
#40970000
b0 "
b1 &
b1 /
b1000000000001 -
#40980000
0#
b10 &
b10 /
b1000000000010 -
#40990000
1!
1(
b11 &
b11 /
b1000000000011 -
#41000000
0!
0(
b100 &
b100 /
b1000000000100 -
#41010000
b101 &
b101 /
b1000000000101 -
#41020000
b0 .
b110 &
b110 /
b1000000000110 -
#41030000
b100000 "
b100000 '
b10000 .
b111 &
b111 /
b1000000000111 -
#41040000
b1 "
1#
b1 '
b1 ,
b0 &
b1 %
b1 +
b0 /
b1000000001000 -
#41050000
b100001 "
b100001 '
b1 &
b1 /
b1000000001001 -
#41060000
b111111 "
0#
b111111 '
b10 &
b10 /
b1000000001010 -
#41070000
b0 "
b0 '
b11 &
b11 /
b1000000001011 -
#41080000
b100 &
b100 /
b1000000001100 -
#41090000
1!
1(
b101 &
b101 /
b1000000001101 -
#41100000
0!
b0 .
0(
b110 &
b110 /
b1000000001110 -
#41110000
b100001 "
b100001 '
b10001 .
b111 &
b111 /
b1000000001111 -
#41120000
b10 "
1#
b10 '
b10 ,
b0 &
b10 %
b10 +
b0 /
b1000000010000 -
#41130000
b100010 "
b100010 '
b1 &
b1 /
b1000000010001 -
#41140000
b111110 "
0#
b111110 '
b10 &
b10 /
b1000000010010 -
#41150000
b0 "
b0 '
b11 &
b11 /
b1000000010011 -
#41160000
b100 &
b100 /
b1000000010100 -
#41170000
1!
1(
b101 &
b101 /
b1000000010101 -
#41180000
0!
b0 .
0(
b110 &
b110 /
b1000000010110 -
#41190000
b100010 "
b100010 '
b10010 .
b111 &
b111 /
b1000000010111 -
#41200000
b11 "
1#
b11 '
b11 ,
b0 &
b11 %
b11 +
b0 /
b1000000011000 -
#41210000
b100011 "
b100011 '
b1 &
b1 /
b1000000011001 -
#41220000
b111101 "
0#
b111101 '
b10 &
b10 /
b1000000011010 -
#41230000
b0 "
b0 '
b11 &
b11 /
b1000000011011 -
#41240000
b100 &
b100 /
b1000000011100 -
#41250000
1!
1(
b101 &
b101 /
b1000000011101 -
#41260000
0!
b0 .
0(
b110 &
b110 /
b1000000011110 -
#41270000
b100011 "
b100011 '
b10011 .
b111 &
b111 /
b1000000011111 -
#41280000
b100 "
1#
b100 '
b100 ,
b0 &
b100 %
b100 +
b0 /
b1000000100000 -
#41290000
b100100 "
b100100 '
b1 &
b1 /
b1000000100001 -
#41300000
b111100 "
0#
b111100 '
b10 &
b10 /
b1000000100010 -
#41310000
b0 "
b0 '
b11 &
b11 /
b1000000100011 -
#41320000
b100 &
b100 /
b1000000100100 -
#41330000
1!
1(
b101 &
b101 /
b1000000100101 -
#41340000
0!
b0 .
0(
b110 &
b110 /
b1000000100110 -
#41350000
b100100 "
b100100 '
b10100 .
b111 &
b111 /
b1000000100111 -
#41360000
b101 "
1#
b101 '
b101 ,
b0 &
b101 %
b101 +
b0 /
b1000000101000 -
#41370000
b100101 "
b100101 '
b1 &
b1 /
b1000000101001 -
#41380000
b111011 "
0#
b111011 '
b10 &
b10 /
b1000000101010 -
#41390000
b0 "
b0 '
b11 &
b11 /
b1000000101011 -
#41400000
b100 &
b100 /
b1000000101100 -
#41410000
1!
1(
b101 &
b101 /
b1000000101101 -
#41420000
0!
b0 .
0(
b110 &
b110 /
b1000000101110 -
#41430000
b100101 "
b100101 '
b10101 .
b111 &
b111 /
b1000000101111 -
#41440000
b110 "
1#
b110 '
b110 ,
b0 &
b110 %
b110 +
b0 /
b1000000110000 -
#41450000
b100110 "
b100110 '
b1 &
b1 /
b1000000110001 -
#41460000
b111010 "
0#
b111010 '
b10 &
b10 /
b1000000110010 -
#41470000
b0 "
b0 '
b11 &
b11 /
b1000000110011 -
#41480000
b100 &
b100 /
b1000000110100 -
#41490000
1!
1(
b101 &
b101 /
b1000000110101 -
#41500000
0!
b0 .
0(
b110 &
b110 /
b1000000110110 -
#41510000
b100110 "
b100110 '
b10110 .
b111 &
b111 /
b1000000110111 -
#41520000
b111 "
1#
b111 '
b111 ,
b0 &
b111 %
b111 +
b0 /
b1000000111000 -
#41530000
b100111 "
b100111 '
b1 &
b1 /
b1000000111001 -
#41540000
b111001 "
0#
b111001 '
b10 &
b10 /
b1000000111010 -
#41550000
b0 "
b0 '
b11 &
b11 /
b1000000111011 -
#41560000
b100 &
b100 /
b1000000111100 -
#41570000
1!
1(
b101 &
b101 /
b1000000111101 -
#41580000
0!
b0 .
0(
b110 &
b110 /
b1000000111110 -
#41590000
b100111 "
b100111 '
b10111 .
b111 &
b111 /
b1000000111111 -
#41600000
b1000 "
1#
b1000 '
b1000 ,
b0 &
b1000 %
b1000 +
b0 /
b1000001000000 -
#41610000
b101000 "
b101000 '
b1 &
b1 /
b1000001000001 -
#41620000
b111000 "
0#
b111000 '
b10 &
b10 /
b1000001000010 -
#41630000
b0 "
b0 '
b11 &
b11 /
b1000001000011 -
#41640000
b100 &
b100 /
b1000001000100 -
#41650000
1!
1(
b101 &
b101 /
b1000001000101 -
#41660000
0!
b0 .
0(
b110 &
b110 /
b1000001000110 -
#41670000
b101000 "
b101000 '
b11000 .
b111 &
b111 /
b1000001000111 -
#41680000
b1001 "
1#
b1001 '
b1001 ,
b0 &
b1001 %
b1001 +
b0 /
b1000001001000 -
#41690000
b101001 "
b101001 '
b1 &
b1 /
b1000001001001 -
#41700000
b110111 "
0#
b110111 '
b10 &
b10 /
b1000001001010 -
#41710000
b0 "
b0 '
b11 &
b11 /
b1000001001011 -
#41720000
b100 &
b100 /
b1000001001100 -
#41730000
1!
1(
b101 &
b101 /
b1000001001101 -
#41740000
0!
b0 .
0(
b110 &
b110 /
b1000001001110 -
#41750000
b101001 "
b101001 '
b11001 .
b111 &
b111 /
b1000001001111 -
#41760000
b1010 "
1#
b1010 '
b1010 ,
b0 &
b1010 %
b1010 +
b0 /
b1000001010000 -
#41770000
b101010 "
b101010 '
b1 &
b1 /
b1000001010001 -
#41780000
b110110 "
0#
b110110 '
b10 &
b10 /
b1000001010010 -
#41790000
b0 "
b0 '
b11 &
b11 /
b1000001010011 -
#41800000
b100 &
b100 /
b1000001010100 -
#41810000
1!
1(
b101 &
b101 /
b1000001010101 -
#41820000
0!
b0 .
0(
b110 &
b110 /
b1000001010110 -
#41830000
b101010 "
b101010 '
b11010 .
b111 &
b111 /
b1000001010111 -
#41840000
b1011 "
1#
b1011 '
b1011 ,
b0 &
b1011 %
b1011 +
b0 /
b1000001011000 -
#41850000
b101011 "
b101011 '
b1 &
b1 /
b1000001011001 -
#41860000
b110101 "
0#
b110101 '
b10 &
b10 /
b1000001011010 -
#41870000
b0 "
b0 '
b11 &
b11 /
b1000001011011 -
#41880000
b100 &
b100 /
b1000001011100 -
#41890000
1!
1(
b101 &
b101 /
b1000001011101 -
#41900000
0!
b0 .
0(
b110 &
b110 /
b1000001011110 -
#41910000
b101011 "
b101011 '
b11011 .
b111 &
b111 /
b1000001011111 -
#41920000
b1100 "
1#
b1100 '
b1100 ,
b0 &
b1100 %
b1100 +
b0 /
b1000001100000 -
#41930000
b101100 "
b101100 '
b1 &
b1 /
b1000001100001 -
#41940000
b110100 "
0#
b110100 '
b10 &
b10 /
b1000001100010 -
#41950000
b0 "
b0 '
b11 &
b11 /
b1000001100011 -
#41960000
b100 &
b100 /
b1000001100100 -
#41970000
1!
1(
b101 &
b101 /
b1000001100101 -
#41980000
0!
b0 .
0(
b110 &
b110 /
b1000001100110 -
#41990000
b101100 "
b101100 '
b11100 .
b111 &
b111 /
b1000001100111 -
#42000000
b1101 "
1#
b1101 '
b1101 ,
b0 &
b1101 %
b1101 +
b0 /
b1000001101000 -
#42010000
b101101 "
b101101 '
b1 &
b1 /
b1000001101001 -
#42020000
b110011 "
0#
b110011 '
b10 &
b10 /
b1000001101010 -
#42030000
b0 "
b0 '
b11 &
b11 /
b1000001101011 -
#42040000
b100 &
b100 /
b1000001101100 -
#42050000
1!
1(
b101 &
b101 /
b1000001101101 -
#42060000
0!
b0 .
0(
b110 &
b110 /
b1000001101110 -
#42070000
b101101 "
b101101 '
b11101 .
b111 &
b111 /
b1000001101111 -
#42080000
b1110 "
1#
b1110 '
b1110 ,
b0 &
b1110 %
b1110 +
b0 /
b1000001110000 -
#42090000
b101110 "
b101110 '
b1 &
b1 /
b1000001110001 -
#42100000
b110010 "
0#
b110010 '
b10 &
b10 /
b1000001110010 -
#42110000
b0 "
b0 '
b11 &
b11 /
b1000001110011 -
#42120000
b100 &
b100 /
b1000001110100 -
#42130000
1!
1(
b101 &
b101 /
b1000001110101 -
#42140000
0!
b0 .
0(
b110 &
b110 /
b1000001110110 -
#42150000
b101110 "
b101110 '
b11110 .
b111 &
b111 /
b1000001110111 -
#42160000
b1111 "
1#
b1111 '
b1111 ,
b0 &
b1111 %
b1111 +
b0 /
b1000001111000 -
#42170000
b101111 "
b101111 '
b1 &
b1 /
b1000001111001 -
#42180000
b110001 "
0#
b110001 '
b10 &
b10 /
b1000001111010 -
#42190000
b0 "
b0 '
b11 &
b11 /
b1000001111011 -
#42200000
b100 &
b100 /
b1000001111100 -
#42210000
1!
1(
b101 &
b101 /
b1000001111101 -
#42220000
0!
b0 .
0(
b110 &
b110 /
b1000001111110 -
#42230000
b101111 "
b101111 '
b11111 .
b111 &
b111 /
b1000001111111 -
#42240000
b0 "
1#
b0 '
b0 ,
b0 &
b10000 %
b10000 +
b0 /
b1000010000000 -
#42250000
b0 "
b1 &
b1 /
b1000010000001 -
#42260000
0#
b10 &
b10 /
b1000010000010 -
#42270000
1!
1(
b11 &
b11 /
b1000010000011 -
#42280000
0!
0(
b100 &
b100 /
b1000010000100 -
#42290000
b101 &
b101 /
b1000010000101 -
#42300000
b100000 "
b100000 '
b10000 .
b110 &
b110 /
b1000010000110 -
#42310000
b0 "
b0 .
b0 '
b111 &
b111 /
b1000010000111 -
#42320000
b100001 "
1#
b100001 '
b11111111111111111111111111111111 ,
b0 &
b10001 %
b10001 +
b0 /
b1000010001000 -
#42330000
b1 "
b1 '
b1 &
b1 /
b1000010001001 -
#42340000
0#
b1 '
b10 &
b10 /
b1000010001010 -
#42350000
b0 "
b0 '
b11 &
b11 /
b1000010001011 -
#42360000
1!
1(
b100 &
b100 /
b1000010001100 -
#42370000
0!
0(
b101 &
b101 /
b1000010001101 -
#42380000
b100000 "
b100000 '
b10000 .
b110 &
b110 /
b1000010001110 -
#42390000
b1 "
b1 .
b1 '
b111 &
b111 /
b1000010001111 -
#42400000
b100010 "
1#
b100010 '
b11111111111111111111111111111110 ,
b0 &
b10010 %
b10010 +
b0 /
b1000010010000 -
#42410000
b10 "
b10 '
b1 &
b1 /
b1000010010001 -
#42420000
0#
b10 '
b10 &
b10 /
b1000010010010 -
#42430000
b0 "
b0 '
b11 &
b11 /
b1000010010011 -
#42440000
1!
1(
b100 &
b100 /
b1000010010100 -
#42450000
0!
0(
b101 &
b101 /
b1000010010101 -
#42460000
b100000 "
b100000 '
b10000 .
b110 &
b110 /
b1000010010110 -
#42470000
b10 "
b10 .
b10 '
b111 &
b111 /
b1000010010111 -
#42480000
b100011 "
1#
b100011 '
b11111111111111111111111111111101 ,
b0 &
b10011 %
b10011 +
b0 /
b1000010011000 -
#42490000
b11 "
b11 '
b1 &
b1 /
b1000010011001 -
#42500000
0#
b11 '
b10 &
b10 /
b1000010011010 -
#42510000
b0 "
b0 '
b11 &
b11 /
b1000010011011 -
#42520000
1!
1(
b100 &
b100 /
b1000010011100 -
#42530000
0!
0(
b101 &
b101 /
b1000010011101 -
#42540000
b100000 "
b100000 '
b10000 .
b110 &
b110 /
b1000010011110 -
#42550000
b11 "
b11 .
b11 '
b111 &
b111 /
b1000010011111 -
#42560000
b100100 "
1#
b100100 '
b11111111111111111111111111111100 ,
b0 &
b10100 %
b10100 +
b0 /
b1000010100000 -
#42570000
b100 "
b100 '
b1 &
b1 /
b1000010100001 -
#42580000
0#
b100 '
b10 &
b10 /
b1000010100010 -
#42590000
b0 "
b0 '
b11 &
b11 /
b1000010100011 -
#42600000
1!
1(
b100 &
b100 /
b1000010100100 -
#42610000
0!
0(
b101 &
b101 /
b1000010100101 -
#42620000
b100000 "
b100000 '
b10000 .
b110 &
b110 /
b1000010100110 -
#42630000
b100 "
b100 .
b100 '
b111 &
b111 /
b1000010100111 -
#42640000
b100101 "
1#
b100101 '
b11111111111111111111111111111011 ,
b0 &
b10101 %
b10101 +
b0 /
b1000010101000 -
#42650000
b101 "
b101 '
b1 &
b1 /
b1000010101001 -
#42660000
0#
b101 '
b10 &
b10 /
b1000010101010 -
#42670000
b0 "
b0 '
b11 &
b11 /
b1000010101011 -
#42680000
1!
1(
b100 &
b100 /
b1000010101100 -
#42690000
0!
0(
b101 &
b101 /
b1000010101101 -
#42700000
b100000 "
b100000 '
b10000 .
b110 &
b110 /
b1000010101110 -
#42710000
b101 "
b101 .
b101 '
b111 &
b111 /
b1000010101111 -
#42720000
b100110 "
1#
b100110 '
b11111111111111111111111111111010 ,
b0 &
b10110 %
b10110 +
b0 /
b1000010110000 -
#42730000
b110 "
b110 '
b1 &
b1 /
b1000010110001 -
#42740000
0#
b110 '
b10 &
b10 /
b1000010110010 -
#42750000
b0 "
b0 '
b11 &
b11 /
b1000010110011 -
#42760000
1!
1(
b100 &
b100 /
b1000010110100 -
#42770000
0!
0(
b101 &
b101 /
b1000010110101 -
#42780000
b100000 "
b100000 '
b10000 .
b110 &
b110 /
b1000010110110 -
#42790000
b110 "
b110 .
b110 '
b111 &
b111 /
b1000010110111 -
#42800000
b100111 "
1#
b100111 '
b11111111111111111111111111111001 ,
b0 &
b10111 %
b10111 +
b0 /
b1000010111000 -
#42810000
b111 "
b111 '
b1 &
b1 /
b1000010111001 -
#42820000
0#
b111 '
b10 &
b10 /
b1000010111010 -
#42830000
b0 "
b0 '
b11 &
b11 /
b1000010111011 -
#42840000
1!
1(
b100 &
b100 /
b1000010111100 -
#42850000
0!
0(
b101 &
b101 /
b1000010111101 -
#42860000
b100000 "
b100000 '
b10000 .
b110 &
b110 /
b1000010111110 -
#42870000
b111 "
b111 .
b111 '
b111 &
b111 /
b1000010111111 -
#42880000
b101000 "
1#
b101000 '
b11111111111111111111111111111000 ,
b0 &
b11000 %
b11000 +
b0 /
b1000011000000 -
#42890000
b1000 "
b1000 '
b1 &
b1 /
b1000011000001 -
#42900000
0#
b1000 '
b10 &
b10 /
b1000011000010 -
#42910000
b0 "
b0 '
b11 &
b11 /
b1000011000011 -
#42920000
1!
1(
b100 &
b100 /
b1000011000100 -
#42930000
0!
0(
b101 &
b101 /
b1000011000101 -
#42940000
b100000 "
b100000 '
b10000 .
b110 &
b110 /
b1000011000110 -
#42950000
b1000 "
b1000 .
b1000 '
b111 &
b111 /
b1000011000111 -
#42960000
b101001 "
1#
b101001 '
b11111111111111111111111111110111 ,
b0 &
b11001 %
b11001 +
b0 /
b1000011001000 -
#42970000
b1001 "
b1001 '
b1 &
b1 /
b1000011001001 -
#42980000
0#
b1001 '
b10 &
b10 /
b1000011001010 -
#42990000
b0 "
b0 '
b11 &
b11 /
b1000011001011 -
#43000000
1!
1(
b100 &
b100 /
b1000011001100 -
#43010000
0!
0(
b101 &
b101 /
b1000011001101 -
#43020000
b100000 "
b100000 '
b10000 .
b110 &
b110 /
b1000011001110 -
#43030000
b1001 "
b1001 .
b1001 '
b111 &
b111 /
b1000011001111 -
#43040000
b101010 "
1#
b101010 '
b11111111111111111111111111110110 ,
b0 &
b11010 %
b11010 +
b0 /
b1000011010000 -
#43050000
b1010 "
b1010 '
b1 &
b1 /
b1000011010001 -
#43060000
0#
b1010 '
b10 &
b10 /
b1000011010010 -
#43070000
b0 "
b0 '
b11 &
b11 /
b1000011010011 -
#43080000
1!
1(
b100 &
b100 /
b1000011010100 -
#43090000
0!
0(
b101 &
b101 /
b1000011010101 -
#43100000
b100000 "
b100000 '
b10000 .
b110 &
b110 /
b1000011010110 -
#43110000
b1010 "
b1010 .
b1010 '
b111 &
b111 /
b1000011010111 -
#43120000
b101011 "
1#
b101011 '
b11111111111111111111111111110101 ,
b0 &
b11011 %
b11011 +
b0 /
b1000011011000 -
#43130000
b1011 "
b1011 '
b1 &
b1 /
b1000011011001 -
#43140000
0#
b1011 '
b10 &
b10 /
b1000011011010 -
#43150000
b0 "
b0 '
b11 &
b11 /
b1000011011011 -
#43160000
1!
1(
b100 &
b100 /
b1000011011100 -
#43170000
0!
0(
b101 &
b101 /
b1000011011101 -
#43180000
b100000 "
b100000 '
b10000 .
b110 &
b110 /
b1000011011110 -
#43190000
b1011 "
b1011 .
b1011 '
b111 &
b111 /
b1000011011111 -
#43200000
b101100 "
1#
b101100 '
b11111111111111111111111111110100 ,
b0 &
b11100 %
b11100 +
b0 /
b1000011100000 -
#43210000
b1100 "
b1100 '
b1 &
b1 /
b1000011100001 -
#43220000
0#
b1100 '
b10 &
b10 /
b1000011100010 -
#43230000
b0 "
b0 '
b11 &
b11 /
b1000011100011 -
#43240000
1!
1(
b100 &
b100 /
b1000011100100 -
#43250000
0!
0(
b101 &
b101 /
b1000011100101 -
#43260000
b100000 "
b100000 '
b10000 .
b110 &
b110 /
b1000011100110 -
#43270000
b1100 "
b1100 .
b1100 '
b111 &
b111 /
b1000011100111 -
#43280000
b101101 "
1#
b101101 '
b11111111111111111111111111110011 ,
b0 &
b11101 %
b11101 +
b0 /
b1000011101000 -
#43290000
b1101 "
b1101 '
b1 &
b1 /
b1000011101001 -
#43300000
0#
b1101 '
b10 &
b10 /
b1000011101010 -
#43310000
b0 "
b0 '
b11 &
b11 /
b1000011101011 -
#43320000
1!
1(
b100 &
b100 /
b1000011101100 -
#43330000
0!
0(
b101 &
b101 /
b1000011101101 -
#43340000
b100000 "
b100000 '
b10000 .
b110 &
b110 /
b1000011101110 -
#43350000
b1101 "
b1101 .
b1101 '
b111 &
b111 /
b1000011101111 -
#43360000
b101110 "
1#
b101110 '
b11111111111111111111111111110010 ,
b0 &
b11110 %
b11110 +
b0 /
b1000011110000 -
#43370000
b1110 "
b1110 '
b1 &
b1 /
b1000011110001 -
#43380000
0#
b1110 '
b10 &
b10 /
b1000011110010 -
#43390000
b0 "
b0 '
b11 &
b11 /
b1000011110011 -
#43400000
1!
1(
b100 &
b100 /
b1000011110100 -
#43410000
0!
0(
b101 &
b101 /
b1000011110101 -
#43420000
b100000 "
b100000 '
b10000 .
b110 &
b110 /
b1000011110110 -
#43430000
b1110 "
b1110 .
b1110 '
b111 &
b111 /
b1000011110111 -
#43440000
b101111 "
1#
b101111 '
b11111111111111111111111111110001 ,
b0 &
b11111 %
b11111 +
b0 /
b1000011111000 -
#43450000
b1111 "
b1111 '
b1 &
b1 /
b1000011111001 -
#43460000
0#
b1111 '
b10 &
b10 /
b1000011111010 -
#43470000
b0 "
b0 '
b11 &
b11 /
b1000011111011 -
#43480000
1!
1(
b100 &
b100 /
b1000011111100 -
#43490000
0!
0(
b101 &
b101 /
b1000011111101 -
#43500000
b100000 "
b100000 '
b10000 .
b110 &
b110 /
b1000011111110 -
#43510000
b1111 "
b1111 .
b1111 '
b111 &
b111 /
b1000011111111 -
#43520000
b100001 "
1#
b100001 '
b0 ,
b11111111111111111111111111111111 *
b0 &
b0 %
b10001 $
b10001 )
b0 +
b0 /
b1000100000000 -
#43530000
b100001 "
b100001 '
b1 &
b1 /
b1000100000001 -
#43540000
b0 "
0#
b0 '
b10 &
b10 /
b1000100000010 -
#43550000
b11 &
b11 /
b1000100000011 -
#43560000
b100 &
b100 /
b1000100000100 -
#43570000
1!
1(
b101 &
b101 /
b1000100000101 -
#43580000
0!
b0 .
0(
b110 &
b110 /
b1000100000110 -
#43590000
b100001 "
b100001 '
b10001 .
b111 &
b111 /
b1000100000111 -
#43600000
b0 "
1#
b0 '
b1 ,
b0 &
b1 %
b1 +
b0 /
b1000100001000 -
#43610000
b100010 "
b100010 '
b1 &
b1 /
b1000100001001 -
#43620000
b111111 "
0#
b111111 '
b10 &
b10 /
b1000100001010 -
#43630000
b0 "
b0 '
b11 &
b11 /
b1000100001011 -
#43640000
b100 &
b100 /
b1000100001100 -
#43650000
1!
1(
b101 &
b101 /
b1000100001101 -
#43660000
b1 "
0!
b1 '
b1 .
0(
b110 &
b110 /
b1000100001110 -
#43670000
b100000 "
b10000 .
b100000 '
b111 &
b111 /
b1000100001111 -
#43680000
b1 "
1#
b1 '
b10 ,
b0 &
b10 %
b10 +
b0 /
b1000100010000 -
#43690000
b100011 "
b100011 '
b1 &
b1 /
b1000100010001 -
#43700000
b111110 "
0#
b111110 '
b10 &
b10 /
b1000100010010 -
#43710000
b0 "
b0 '
b11 &
b11 /
b1000100010011 -
#43720000
b100 &
b100 /
b1000100010100 -
#43730000
1!
1(
b101 &
b101 /
b1000100010101 -
#43740000
0!
b0 .
0(
b110 &
b110 /
b1000100010110 -
#43750000
b100011 "
b100011 '
b10011 .
b111 &
b111 /
b1000100010111 -
#43760000
b10 "
1#
b10 '
b11 ,
b0 &
b11 %
b11 +
b0 /
b1000100011000 -
#43770000
b100100 "
b100100 '
b1 &
b1 /
b1000100011001 -
#43780000
b111101 "
0#
b111101 '
b10 &
b10 /
b1000100011010 -
#43790000
b0 "
b0 '
b11 &
b11 /
b1000100011011 -
#43800000
b100 &
b100 /
b1000100011100 -
#43810000
1!
1(
b101 &
b101 /
b1000100011101 -
#43820000
b1 "
0!
b1 '
b1 .
0(
b110 &
b110 /
b1000100011110 -
#43830000
b100010 "
b10010 .
b100010 '
b111 &
b111 /
b1000100011111 -
#43840000
b11 "
1#
b11 '
b100 ,
b0 &
b100 %
b100 +
b0 /
b1000100100000 -
#43850000
b100101 "
b100101 '
b1 &
b1 /
b1000100100001 -
#43860000
b111100 "
0#
b111100 '
b10 &
b10 /
b1000100100010 -
#43870000
b0 "
b0 '
b11 &
b11 /
b1000100100011 -
#43880000
b100 &
b100 /
b1000100100100 -
#43890000
1!
1(
b101 &
b101 /
b1000100100101 -
#43900000
0!
b0 .
0(
b110 &
b110 /
b1000100100110 -
#43910000
b100101 "
b100101 '
b10101 .
b111 &
b111 /
b1000100100111 -
#43920000
b100 "
1#
b100 '
b101 ,
b0 &
b101 %
b101 +
b0 /
b1000100101000 -
#43930000
b100110 "
b100110 '
b1 &
b1 /
b1000100101001 -
#43940000
b111011 "
0#
b111011 '
b10 &
b10 /
b1000100101010 -
#43950000
b0 "
b0 '
b11 &
b11 /
b1000100101011 -
#43960000
b100 &
b100 /
b1000100101100 -
#43970000
1!
1(
b101 &
b101 /
b1000100101101 -
#43980000
b1 "
0!
b1 '
b1 .
0(
b110 &
b110 /
b1000100101110 -
#43990000
b100100 "
b10100 .
b100100 '
b111 &
b111 /
b1000100101111 -
#44000000
b101 "
1#
b101 '
b110 ,
b0 &
b110 %
b110 +
b0 /
b1000100110000 -
#44010000
b100111 "
b100111 '
b1 &
b1 /
b1000100110001 -
#44020000
b111010 "
0#
b111010 '
b10 &
b10 /
b1000100110010 -
#44030000
b0 "
b0 '
b11 &
b11 /
b1000100110011 -
#44040000
b100 &
b100 /
b1000100110100 -
#44050000
1!
1(
b101 &
b101 /
b1000100110101 -
#44060000
0!
b0 .
0(
b110 &
b110 /
b1000100110110 -
#44070000
b100111 "
b100111 '
b10111 .
b111 &
b111 /
b1000100110111 -
#44080000
b110 "
1#
b110 '
b111 ,
b0 &
b111 %
b111 +
b0 /
b1000100111000 -
#44090000
b101000 "
b101000 '
b1 &
b1 /
b1000100111001 -
#44100000
b111001 "
0#
b111001 '
b10 &
b10 /
b1000100111010 -
#44110000
b0 "
b0 '
b11 &
b11 /
b1000100111011 -
#44120000
b100 &
b100 /
b1000100111100 -
#44130000
1!
1(
b101 &
b101 /
b1000100111101 -
#44140000
b1 "
0!
b1 '
b1 .
0(
b110 &
b110 /
b1000100111110 -
#44150000
b100110 "
b10110 .
b100110 '
b111 &
b111 /
b1000100111111 -
#44160000
b111 "
1#
b111 '
b1000 ,
b0 &
b1000 %
b1000 +
b0 /
b1000101000000 -
#44170000
b101001 "
b101001 '
b1 &
b1 /
b1000101000001 -
#44180000
b111000 "
0#
b111000 '
b10 &
b10 /
b1000101000010 -
#44190000
b0 "
b0 '
b11 &
b11 /
b1000101000011 -
#44200000
b100 &
b100 /
b1000101000100 -
#44210000
1!
1(
b101 &
b101 /
b1000101000101 -
#44220000
0!
b0 .
0(
b110 &
b110 /
b1000101000110 -
#44230000
b101001 "
b101001 '
b11001 .
b111 &
b111 /
b1000101000111 -
#44240000
b1000 "
1#
b1000 '
b1001 ,
b0 &
b1001 %
b1001 +
b0 /
b1000101001000 -
#44250000
b101010 "
b101010 '
b1 &
b1 /
b1000101001001 -
#44260000
b110111 "
0#
b110111 '
b10 &
b10 /
b1000101001010 -
#44270000
b0 "
b0 '
b11 &
b11 /
b1000101001011 -
#44280000
b100 &
b100 /
b1000101001100 -
#44290000
1!
1(
b101 &
b101 /
b1000101001101 -
#44300000
b1 "
0!
b1 '
b1 .
0(
b110 &
b110 /
b1000101001110 -
#44310000
b101000 "
b11000 .
b101000 '
b111 &
b111 /
b1000101001111 -
#44320000
b1001 "
1#
b1001 '
b1010 ,
b0 &
b1010 %
b1010 +
b0 /
b1000101010000 -
#44330000
b101011 "
b101011 '
b1 &
b1 /
b1000101010001 -
#44340000
b110110 "
0#
b110110 '
b10 &
b10 /
b1000101010010 -
#44350000
b0 "
b0 '
b11 &
b11 /
b1000101010011 -
#44360000
b100 &
b100 /
b1000101010100 -
#44370000
1!
1(
b101 &
b101 /
b1000101010101 -
#44380000
0!
b0 .
0(
b110 &
b110 /
b1000101010110 -
#44390000
b101011 "
b101011 '
b11011 .
b111 &
b111 /
b1000101010111 -
#44400000
b1010 "
1#
b1010 '
b1011 ,
b0 &
b1011 %
b1011 +
b0 /
b1000101011000 -
#44410000
b101100 "
b101100 '
b1 &
b1 /
b1000101011001 -
#44420000
b110101 "
0#
b110101 '
b10 &
b10 /
b1000101011010 -
#44430000
b0 "
b0 '
b11 &
b11 /
b1000101011011 -
#44440000
b100 &
b100 /
b1000101011100 -
#44450000
1!
1(
b101 &
b101 /
b1000101011101 -
#44460000
b1 "
0!
b1 '
b1 .
0(
b110 &
b110 /
b1000101011110 -
#44470000
b101010 "
b11010 .
b101010 '
b111 &
b111 /
b1000101011111 -
#44480000
b1011 "
1#
b1011 '
b1100 ,
b0 &
b1100 %
b1100 +
b0 /
b1000101100000 -
#44490000
b101101 "
b101101 '
b1 &
b1 /
b1000101100001 -
#44500000
b110100 "
0#
b110100 '
b10 &
b10 /
b1000101100010 -
#44510000
b0 "
b0 '
b11 &
b11 /
b1000101100011 -
#44520000
b100 &
b100 /
b1000101100100 -
#44530000
1!
1(
b101 &
b101 /
b1000101100101 -
#44540000
0!
b0 .
0(
b110 &
b110 /
b1000101100110 -
#44550000
b101101 "
b101101 '
b11101 .
b111 &
b111 /
b1000101100111 -
#44560000
b1100 "
1#
b1100 '
b1101 ,
b0 &
b1101 %
b1101 +
b0 /
b1000101101000 -
#44570000
b101110 "
b101110 '
b1 &
b1 /
b1000101101001 -
#44580000
b110011 "
0#
b110011 '
b10 &
b10 /
b1000101101010 -
#44590000
b0 "
b0 '
b11 &
b11 /
b1000101101011 -
#44600000
b100 &
b100 /
b1000101101100 -
#44610000
1!
1(
b101 &
b101 /
b1000101101101 -
#44620000
b1 "
0!
b1 '
b1 .
0(
b110 &
b110 /
b1000101101110 -
#44630000
b101100 "
b11100 .
b101100 '
b111 &
b111 /
b1000101101111 -
#44640000
b1101 "
1#
b1101 '
b1110 ,
b0 &
b1110 %
b1110 +
b0 /
b1000101110000 -
#44650000
b101111 "
b101111 '
b1 &
b1 /
b1000101110001 -
#44660000
b110010 "
0#
b110010 '
b10 &
b10 /
b1000101110010 -
#44670000
b0 "
b0 '
b11 &
b11 /
b1000101110011 -
#44680000
b100 &
b100 /
b1000101110100 -
#44690000
1!
1(
b101 &
b101 /
b1000101110101 -
#44700000
0!
b0 .
0(
b110 &
b110 /
b1000101110110 -
#44710000
b101111 "
b101111 '
b11111 .
b111 &
b111 /
b1000101110111 -
#44720000
b1110 "
1#
b1110 '
b1111 ,
b0 &
b1111 %
b1111 +
b0 /
b1000101111000 -
#44730000
b110000 "
b110000 '
b1 &
b1 /
b1000101111001 -
#44740000
b110001 "
0#
b110001 '
b10 &
b10 /
b1000101111010 -
#44750000
b0 "
b0 '
b11 &
b11 /
b1000101111011 -
#44760000
b100 &
b100 /
b1000101111100 -
#44770000
1!
1(
b101 &
b101 /
b1000101111101 -
#44780000
b1 "
0!
b1 '
b1 .
0(
b110 &
b110 /
b1000101111110 -
#44790000
b101110 "
b11110 .
b101110 '
b111 &
b111 /
b1000101111111 -
#44800000
b100001 "
1#
b100001 '
b0 ,
b0 &
b10000 %
b10000 +
b0 /
b1000110000000 -
#44810000
b100001 "
b100001 '
b1 &
b1 /
b1000110000001 -
#44820000
b0 "
0#
b0 '
b10 &
b10 /
b1000110000010 -
#44830000
b11 &
b11 /
b1000110000011 -
#44840000
b100 &
b100 /
b1000110000100 -
#44850000
1!
1(
b101 &
b101 /
b1000110000101 -
#44860000
b100000 "
0!
b100000 '
b10000 .
0(
b110 &
b110 /
b1000110000110 -
#44870000
b1 "
b1 .
b1 '
b111 &
b111 /
b1000110000111 -
#44880000
b100010 "
1#
b100010 '
b11111111111111111111111111111111 ,
b0 &
b10001 %
b10001 +
b0 /
b1000110001000 -
#44890000
b0 "
b0 '
b1 &
b1 /
b1000110001001 -
#44900000
b1 "
0#
b1 '
b10 &
b10 /
b1000110001010 -
#44910000
b0 "
1!
1(
b0 '
b11 &
b11 /
b1000110001011 -
#44920000
0!
0(
b100 &
b100 /
b1000110001100 -
#44930000
b101 &
b101 /
b1000110001101 -
#44940000
b100001 "
b100001 '
b10001 .
b110 &
b110 /
b1000110001110 -
#44950000
b0 "
b0 .
b0 '
b111 &
b111 /
b1000110001111 -
#44960000
b100011 "
1#
b100011 '
b11111111111111111111111111111110 ,
b0 &
b10010 %
b10010 +
b0 /
b1000110010000 -
#44970000
b1 "
b1 '
b1 &
b1 /
b1000110010001 -
#44980000
b10 "
0#
b10 '
b10 &
b10 /
b1000110010010 -
#44990000
b0 "
b0 '
b11 &
b11 /
b1000110010011 -
#45000000
1!
1(
b100 &
b100 /
b1000110010100 -
#45010000
0!
0(
b101 &
b101 /
b1000110010101 -
#45020000
b100000 "
b100000 '
b10000 .
b110 &
b110 /
b1000110010110 -
#45030000
b11 "
b11 .
b11 '
b111 &
b111 /
b1000110010111 -
#45040000
b100100 "
1#
b100100 '
b11111111111111111111111111111101 ,
b0 &
b10011 %
b10011 +
b0 /
b1000110011000 -
#45050000
b10 "
b10 '
b1 &
b1 /
b1000110011001 -
#45060000
b11 "
0#
b11 '
b10 &
b10 /
b1000110011010 -
#45070000
b0 "
b0 '
b11 &
b11 /
b1000110011011 -
#45080000
1!
1(
b100 &
b100 /
b1000110011100 -
#45090000
0!
0(
b101 &
b101 /
b1000110011101 -
#45100000
b100001 "
b100001 '
b10001 .
b110 &
b110 /
b1000110011110 -
#45110000
b10 "
b10 .
b10 '
b111 &
b111 /
b1000110011111 -
#45120000
b100101 "
1#
b100101 '
b11111111111111111111111111111100 ,
b0 &
b10100 %
b10100 +
b0 /
b1000110100000 -
#45130000
b11 "
b11 '
b1 &
b1 /
b1000110100001 -
#45140000
b100 "
0#
b100 '
b10 &
b10 /
b1000110100010 -
#45150000
b0 "
b0 '
b11 &
b11 /
b1000110100011 -
#45160000
1!
1(
b100 &
b100 /
b1000110100100 -
#45170000
0!
0(
b101 &
b101 /
b1000110100101 -
#45180000
b100000 "
b100000 '
b10000 .
b110 &
b110 /
b1000110100110 -
#45190000
b101 "
b101 .
b101 '
b111 &
b111 /
b1000110100111 -
#45200000
b100110 "
1#
b100110 '
b11111111111111111111111111111011 ,
b0 &
b10101 %
b10101 +
b0 /
b1000110101000 -
#45210000
b100 "
b100 '
b1 &
b1 /
b1000110101001 -
#45220000
b101 "
0#
b101 '
b10 &
b10 /
b1000110101010 -
#45230000
b0 "
b0 '
b11 &
b11 /
b1000110101011 -
#45240000
1!
1(
b100 &
b100 /
b1000110101100 -
#45250000
0!
0(
b101 &
b101 /
b1000110101101 -
#45260000
b100001 "
b100001 '
b10001 .
b110 &
b110 /
b1000110101110 -
#45270000
b100 "
b100 .
b100 '
b111 &
b111 /
b1000110101111 -
#45280000
b100111 "
1#
b100111 '
b11111111111111111111111111111010 ,
b0 &
b10110 %
b10110 +
b0 /
b1000110110000 -
#45290000
b101 "
b101 '
b1 &
b1 /
b1000110110001 -
#45300000
b110 "
0#
b110 '
b10 &
b10 /
b1000110110010 -
#45310000
b0 "
b0 '
b11 &
b11 /
b1000110110011 -
#45320000
1!
1(
b100 &
b100 /
b1000110110100 -
#45330000
0!
0(
b101 &
b101 /
b1000110110101 -
#45340000
b100000 "
b100000 '
b10000 .
b110 &
b110 /
b1000110110110 -
#45350000
b111 "
b111 .
b111 '
b111 &
b111 /
b1000110110111 -
#45360000
b101000 "
1#
b101000 '
b11111111111111111111111111111001 ,
b0 &
b10111 %
b10111 +
b0 /
b1000110111000 -
#45370000
b110 "
b110 '
b1 &
b1 /
b1000110111001 -
#45380000
b111 "
0#
b111 '
b10 &
b10 /
b1000110111010 -
#45390000
b0 "
b0 '
b11 &
b11 /
b1000110111011 -
#45400000
1!
1(
b100 &
b100 /
b1000110111100 -
#45410000
0!
0(
b101 &
b101 /
b1000110111101 -
#45420000
b100001 "
b100001 '
b10001 .
b110 &
b110 /
b1000110111110 -
#45430000
b110 "
b110 .
b110 '
b111 &
b111 /
b1000110111111 -
#45440000
b101001 "
1#
b101001 '
b11111111111111111111111111111000 ,
b0 &
b11000 %
b11000 +
b0 /
b1000111000000 -
#45450000
b111 "
b111 '
b1 &
b1 /
b1000111000001 -
#45460000
b1000 "
0#
b1000 '
b10 &
b10 /
b1000111000010 -
#45470000
b0 "
b0 '
b11 &
b11 /
b1000111000011 -
#45480000
1!
1(
b100 &
b100 /
b1000111000100 -
#45490000
0!
0(
b101 &
b101 /
b1000111000101 -
#45500000
b100000 "
b100000 '
b10000 .
b110 &
b110 /
b1000111000110 -
#45510000
b1001 "
b1001 .
b1001 '
b111 &
b111 /
b1000111000111 -
#45520000
b101010 "
1#
b101010 '
b11111111111111111111111111110111 ,
b0 &
b11001 %
b11001 +
b0 /
b1000111001000 -
#45530000
b1000 "
b1000 '
b1 &
b1 /
b1000111001001 -
#45540000
b1001 "
0#
b1001 '
b10 &
b10 /
b1000111001010 -
#45550000
b0 "
b0 '
b11 &
b11 /
b1000111001011 -
#45560000
1!
1(
b100 &
b100 /
b1000111001100 -
#45570000
0!
0(
b101 &
b101 /
b1000111001101 -
#45580000
b100001 "
b100001 '
b10001 .
b110 &
b110 /
b1000111001110 -
#45590000
b1000 "
b1000 .
b1000 '
b111 &
b111 /
b1000111001111 -
#45600000
b101011 "
1#
b101011 '
b11111111111111111111111111110110 ,
b0 &
b11010 %
b11010 +
b0 /
b1000111010000 -
#45610000
b1001 "
b1001 '
b1 &
b1 /
b1000111010001 -
#45620000
b1010 "
0#
b1010 '
b10 &
b10 /
b1000111010010 -
#45630000
b0 "
b0 '
b11 &
b11 /
b1000111010011 -
#45640000
1!
1(
b100 &
b100 /
b1000111010100 -
#45650000
0!
0(
b101 &
b101 /
b1000111010101 -
#45660000
b100000 "
b100000 '
b10000 .
b110 &
b110 /
b1000111010110 -
#45670000
b1011 "
b1011 .
b1011 '
b111 &
b111 /
b1000111010111 -
#45680000
b101100 "
1#
b101100 '
b11111111111111111111111111110101 ,
b0 &
b11011 %
b11011 +
b0 /
b1000111011000 -
#45690000
b1010 "
b1010 '
b1 &
b1 /
b1000111011001 -
#45700000
b1011 "
0#
b1011 '
b10 &
b10 /
b1000111011010 -
#45710000
b0 "
b0 '
b11 &
b11 /
b1000111011011 -
#45720000
1!
1(
b100 &
b100 /
b1000111011100 -
#45730000
0!
0(
b101 &
b101 /
b1000111011101 -
#45740000
b100001 "
b100001 '
b10001 .
b110 &
b110 /
b1000111011110 -
#45750000
b1010 "
b1010 .
b1010 '
b111 &
b111 /
b1000111011111 -
#45760000
b101101 "
1#
b101101 '
b11111111111111111111111111110100 ,
b0 &
b11100 %
b11100 +
b0 /
b1000111100000 -
#45770000
b1011 "
b1011 '
b1 &
b1 /
b1000111100001 -
#45780000
b1100 "
0#
b1100 '
b10 &
b10 /
b1000111100010 -
#45790000
b0 "
b0 '
b11 &
b11 /
b1000111100011 -
#45800000
1!
1(
b100 &
b100 /
b1000111100100 -
#45810000
0!
0(
b101 &
b101 /
b1000111100101 -
#45820000
b100000 "
b100000 '
b10000 .
b110 &
b110 /
b1000111100110 -
#45830000
b1101 "
b1101 .
b1101 '
b111 &
b111 /
b1000111100111 -
#45840000
b101110 "
1#
b101110 '
b11111111111111111111111111110011 ,
b0 &
b11101 %
b11101 +
b0 /
b1000111101000 -
#45850000
b1100 "
b1100 '
b1 &
b1 /
b1000111101001 -
#45860000
b1101 "
0#
b1101 '
b10 &
b10 /
b1000111101010 -
#45870000
b0 "
b0 '
b11 &
b11 /
b1000111101011 -
#45880000
1!
1(
b100 &
b100 /
b1000111101100 -
#45890000
0!
0(
b101 &
b101 /
b1000111101101 -
#45900000
b100001 "
b100001 '
b10001 .
b110 &
b110 /
b1000111101110 -
#45910000
b1100 "
b1100 .
b1100 '
b111 &
b111 /
b1000111101111 -
#45920000
b101111 "
1#
b101111 '
b11111111111111111111111111110010 ,
b0 &
b11110 %
b11110 +
b0 /
b1000111110000 -
#45930000
b1101 "
b1101 '
b1 &
b1 /
b1000111110001 -
#45940000
b1110 "
0#
b1110 '
b10 &
b10 /
b1000111110010 -
#45950000
b0 "
b0 '
b11 &
b11 /
b1000111110011 -
#45960000
1!
1(
b100 &
b100 /
b1000111110100 -
#45970000
0!
0(
b101 &
b101 /
b1000111110101 -
#45980000
b100000 "
b100000 '
b10000 .
b110 &
b110 /
b1000111110110 -
#45990000
b1111 "
b1111 .
b1111 '
b111 &
b111 /
b1000111110111 -
#46000000
b110000 "
1#
b110000 '
b11111111111111111111111111110001 ,
b0 &
b11111 %
b11111 +
b0 /
b1000111111000 -
#46010000
b1110 "
b1110 '
b1 &
b1 /
b1000111111001 -
#46020000
b1111 "
0#
b1111 '
b10 &
b10 /
b1000111111010 -
#46030000
b0 "
b0 '
b11 &
b11 /
b1000111111011 -
#46040000
1!
1(
b100 &
b100 /
b1000111111100 -
#46050000
0!
0(
b101 &
b101 /
b1000111111101 -
#46060000
b100001 "
b100001 '
b10001 .
b110 &
b110 /
b1000111111110 -
#46070000
b1110 "
b1110 .
b1110 '
b111 &
b111 /
b1000111111111 -
#46080000
b100010 "
1#
b100010 '
b0 ,
b11111111111111111111111111111110 *
b0 &
b0 %
b10010 $
b10010 )
b0 +
b0 /
b1001000000000 -
#46090000
b100010 "
b100010 '
b1 &
b1 /
b1001000000001 -
#46100000
b0 "
0#
b0 '
b10 &
b10 /
b1001000000010 -
#46110000
b11 &
b11 /
b1001000000011 -
#46120000
b100 &
b100 /
b1001000000100 -
#46130000
1!
1(
b101 &
b101 /
b1001000000101 -
#46140000
0!
b0 .
0(
b110 &
b110 /
b1001000000110 -
#46150000
b100010 "
b100010 '
b10010 .
b111 &
b111 /
b1001000000111 -
#46160000
b100001 "
1#
b100001 '
b1 ,
b0 &
b1 %
b1 +
b0 /
b1001000001000 -
#46170000
b100011 "
b100011 '
b1 &
b1 /
b1001000001001 -
#46180000
b111111 "
0#
b111111 '
b10 &
b10 /
b1001000001010 -
#46190000
b0 "
b0 '
b11 &
b11 /
b1001000001011 -
#46200000
b100 &
b100 /
b1001000001100 -
#46210000
1!
1(
b101 &
b101 /
b1001000001101 -
#46220000
0!
b0 .
0(
b110 &
b110 /
b1001000001110 -
#46230000
b100011 "
b100011 '
b10011 .
b111 &
b111 /
b1001000001111 -
#46240000
b0 "
1#
b0 '
b10 ,
b0 &
b10 %
b10 +
b0 /
b1001000010000 -
#46250000
b100100 "
b100100 '
b1 &
b1 /
b1001000010001 -
#46260000
b111110 "
0#
b111110 '
b10 &
b10 /
b1001000010010 -
#46270000
b0 "
b0 '
b11 &
b11 /
b1001000010011 -
#46280000
b100 &
b100 /
b1001000010100 -
#46290000
1!
1(
b101 &
b101 /
b1001000010101 -
#46300000
b10 "
0!
b10 '
b10 .
0(
b110 &
b110 /
b1001000010110 -
#46310000
b100000 "
b10000 .
b100000 '
b111 &
b111 /
b1001000010111 -
#46320000
b1 "
1#
b1 '
b11 ,
b0 &
b11 %
b11 +
b0 /
b1001000011000 -
#46330000
b100101 "
b100101 '
b1 &
b1 /
b1001000011001 -
#46340000
b111101 "
0#
b111101 '
b10 &
b10 /
b1001000011010 -
#46350000
b0 "
b0 '
b11 &
b11 /
b1001000011011 -
#46360000
b100 &
b100 /
b1001000011100 -
#46370000
1!
1(
b101 &
b101 /
b1001000011101 -
#46380000
b10 "
0!
b10 '
b10 .
0(
b110 &
b110 /
b1001000011110 -
#46390000
b100001 "
b10001 .
b100001 '
b111 &
b111 /
b1001000011111 -
#46400000
b10 "
1#
b10 '
b100 ,
b0 &
b100 %
b100 +
b0 /
b1001000100000 -
#46410000
b100110 "
b100110 '
b1 &
b1 /
b1001000100001 -
#46420000
b111100 "
0#
b111100 '
b10 &
b10 /
b1001000100010 -
#46430000
b0 "
b0 '
b11 &
b11 /
b1001000100011 -
#46440000
b100 &
b100 /
b1001000100100 -
#46450000
1!
1(
b101 &
b101 /
b1001000100101 -
#46460000
0!
b0 .
0(
b110 &
b110 /
b1001000100110 -
#46470000
b100110 "
b100110 '
b10110 .
b111 &
b111 /
b1001000100111 -
#46480000
b11 "
1#
b11 '
b101 ,
b0 &
b101 %
b101 +
b0 /
b1001000101000 -
#46490000
b100111 "
b100111 '
b1 &
b1 /
b1001000101001 -
#46500000
b111011 "
0#
b111011 '
b10 &
b10 /
b1001000101010 -
#46510000
b0 "
b0 '
b11 &
b11 /
b1001000101011 -
#46520000
b100 &
b100 /
b1001000101100 -
#46530000
1!
1(
b101 &
b101 /
b1001000101101 -
#46540000
0!
b0 .
0(
b110 &
b110 /
b1001000101110 -
#46550000
b100111 "
b100111 '
b10111 .
b111 &
b111 /
b1001000101111 -
#46560000
b100 "
1#
b100 '
b110 ,
b0 &
b110 %
b110 +
b0 /
b1001000110000 -
#46570000
b101000 "
b101000 '
b1 &
b1 /
b1001000110001 -
#46580000
b111010 "
0#
b111010 '
b10 &
b10 /
b1001000110010 -
#46590000
b0 "
b0 '
b11 &
b11 /
b1001000110011 -
#46600000
b100 &
b100 /
b1001000110100 -
#46610000
1!
1(
b101 &
b101 /
b1001000110101 -
#46620000
b10 "
0!
b10 '
b10 .
0(
b110 &
b110 /
b1001000110110 -
#46630000
b100100 "
b10100 .
b100100 '
b111 &
b111 /
b1001000110111 -
#46640000
b101 "
1#
b101 '
b111 ,
b0 &
b111 %
b111 +
b0 /
b1001000111000 -
#46650000
b101001 "
b101001 '
b1 &
b1 /
b1001000111001 -
#46660000
b111001 "
0#
b111001 '
b10 &
b10 /
b1001000111010 -
#46670000
b0 "
b0 '
b11 &
b11 /
b1001000111011 -
#46680000
b100 &
b100 /
b1001000111100 -
#46690000
1!
1(
b101 &
b101 /
b1001000111101 -
#46700000
b10 "
0!
b10 '
b10 .
0(
b110 &
b110 /
b1001000111110 -
#46710000
b100101 "
b10101 .
b100101 '
b111 &
b111 /
b1001000111111 -
#46720000
b110 "
1#
b110 '
b1000 ,
b0 &
b1000 %
b1000 +
b0 /
b1001001000000 -
#46730000
b101010 "
b101010 '
b1 &
b1 /
b1001001000001 -
#46740000
b111000 "
0#
b111000 '
b10 &
b10 /
b1001001000010 -
#46750000
b0 "
b0 '
b11 &
b11 /
b1001001000011 -
#46760000
b100 &
b100 /
b1001001000100 -
#46770000
1!
1(
b101 &
b101 /
b1001001000101 -
#46780000
0!
b0 .
0(
b110 &
b110 /
b1001001000110 -
#46790000
b101010 "
b101010 '
b11010 .
b111 &
b111 /
b1001001000111 -
#46800000
b111 "
1#
b111 '
b1001 ,
b0 &
b1001 %
b1001 +
b0 /
b1001001001000 -
#46810000
b101011 "
b101011 '
b1 &
b1 /
b1001001001001 -
#46820000
b110111 "
0#
b110111 '
b10 &
b10 /
b1001001001010 -
#46830000
b0 "
b0 '
b11 &
b11 /
b1001001001011 -
#46840000
b100 &
b100 /
b1001001001100 -
#46850000
1!
1(
b101 &
b101 /
b1001001001101 -
#46860000
0!
b0 .
0(
b110 &
b110 /
b1001001001110 -
#46870000
b101011 "
b101011 '
b11011 .
b111 &
b111 /
b1001001001111 -
#46880000
b1000 "
1#
b1000 '
b1010 ,
b0 &
b1010 %
b1010 +
b0 /
b1001001010000 -
#46890000
b101100 "
b101100 '
b1 &
b1 /
b1001001010001 -
#46900000
b110110 "
0#
b110110 '
b10 &
b10 /
b1001001010010 -
#46910000
b0 "
b0 '
b11 &
b11 /
b1001001010011 -
#46920000
b100 &
b100 /
b1001001010100 -
#46930000
1!
1(
b101 &
b101 /
b1001001010101 -
#46940000
b10 "
0!
b10 '
b10 .
0(
b110 &
b110 /
b1001001010110 -
#46950000
b101000 "
b11000 .
b101000 '
b111 &
b111 /
b1001001010111 -
#46960000
b1001 "
1#
b1001 '
b1011 ,
b0 &
b1011 %
b1011 +
b0 /
b1001001011000 -
#46970000
b101101 "
b101101 '
b1 &
b1 /
b1001001011001 -
#46980000
b110101 "
0#
b110101 '
b10 &
b10 /
b1001001011010 -
#46990000
b0 "
b0 '
b11 &
b11 /
b1001001011011 -
#47000000
b100 &
b100 /
b1001001011100 -
#47010000
1!
1(
b101 &
b101 /
b1001001011101 -
#47020000
b10 "
0!
b10 '
b10 .
0(
b110 &
b110 /
b1001001011110 -
#47030000
b101001 "
b11001 .
b101001 '
b111 &
b111 /
b1001001011111 -
#47040000
b1010 "
1#
b1010 '
b1100 ,
b0 &
b1100 %
b1100 +
b0 /
b1001001100000 -
#47050000
b101110 "
b101110 '
b1 &
b1 /
b1001001100001 -
#47060000
b110100 "
0#
b110100 '
b10 &
b10 /
b1001001100010 -
#47070000
b0 "
b0 '
b11 &
b11 /
b1001001100011 -
#47080000
b100 &
b100 /
b1001001100100 -
#47090000
1!
1(
b101 &
b101 /
b1001001100101 -
#47100000
0!
b0 .
0(
b110 &
b110 /
b1001001100110 -
#47110000
b101110 "
b101110 '
b11110 .
b111 &
b111 /
b1001001100111 -
#47120000
b1011 "
1#
b1011 '
b1101 ,
b0 &
b1101 %
b1101 +
b0 /
b1001001101000 -
#47130000
b101111 "
b101111 '
b1 &
b1 /
b1001001101001 -
#47140000
b110011 "
0#
b110011 '
b10 &
b10 /
b1001001101010 -
#47150000
b0 "
b0 '
b11 &
b11 /
b1001001101011 -
#47160000
b100 &
b100 /
b1001001101100 -
#47170000
1!
1(
b101 &
b101 /
b1001001101101 -
#47180000
0!
b0 .
0(
b110 &
b110 /
b1001001101110 -
#47190000
b101111 "
b101111 '
b11111 .
b111 &
b111 /
b1001001101111 -
#47200000
b1100 "
1#
b1100 '
b1110 ,
b0 &
b1110 %
b1110 +
b0 /
b1001001110000 -
#47210000
b110000 "
b110000 '
b1 &
b1 /
b1001001110001 -
#47220000
b110010 "
0#
b110010 '
b10 &
b10 /
b1001001110010 -
#47230000
b0 "
b0 '
b11 &
b11 /
b1001001110011 -
#47240000
b100 &
b100 /
b1001001110100 -
#47250000
1!
1(
b101 &
b101 /
b1001001110101 -
#47260000
b10 "
0!
b10 '
b10 .
0(
b110 &
b110 /
b1001001110110 -
#47270000
b101100 "
b11100 .
b101100 '
b111 &
b111 /
b1001001110111 -
#47280000
b1101 "
1#
b1101 '
b1111 ,
b0 &
b1111 %
b1111 +
b0 /
b1001001111000 -
#47290000
b110001 "
b110001 '
b1 &
b1 /
b1001001111001 -
#47300000
0#
b110001 '
b10 &
b10 /
b1001001111010 -
#47310000
b0 "
b0 '
b11 &
b11 /
b1001001111011 -
#47320000
b100 &
b100 /
b1001001111100 -
#47330000
1!
1(
b101 &
b101 /
b1001001111101 -
#47340000
b10 "
0!
b10 '
b10 .
0(
b110 &
b110 /
b1001001111110 -
#47350000
b101101 "
b11101 .
b101101 '
b111 &
b111 /
b1001001111111 -
#47360000
b100010 "
1#
b100010 '
b0 ,
b0 &
b10000 %
b10000 +
b0 /
b1001010000000 -
#47370000
b100010 "
b100010 '
b1 &
b1 /
b1001010000001 -
#47380000
b0 "
0#
b0 '
b10 &
b10 /
b1001010000010 -
#47390000
b11 &
b11 /
b1001010000011 -
#47400000
b100 &
b100 /
b1001010000100 -
#47410000
1!
1(
b101 &
b101 /
b1001010000101 -
#47420000
b100000 "
0!
b100000 '
b10000 .
0(
b110 &
b110 /
b1001010000110 -
#47430000
b10 "
b10 .
b10 '
b111 &
b111 /
b1001010000111 -
#47440000
b100011 "
1#
b100011 '
b11111111111111111111111111111111 ,
b0 &
b10001 %
b10001 +
b0 /
b1001010001000 -
#47450000
b100001 "
b100001 '
b1 &
b1 /
b1001010001001 -
#47460000
b1 "
0#
b1 '
b10 &
b10 /
b1001010001010 -
#47470000
b0 "
b0 '
b11 &
b11 /
b1001010001011 -
#47480000
b100 &
b100 /
b1001010001100 -
#47490000
1!
1(
b101 &
b101 /
b1001010001101 -
#47500000
b100000 "
0!
b100000 '
b10000 .
0(
b110 &
b110 /
b1001010001110 -
#47510000
b11 "
b11 .
b11 '
b111 &
b111 /
b1001010001111 -
#47520000
b100100 "
1#
b100100 '
b11111111111111111111111111111110 ,
b0 &
b10010 %
b10010 +
b0 /
b1001010010000 -
#47530000
b0 "
b0 '
b1 &
b1 /
b1001010010001 -
#47540000
b10 "
0#
b10 '
b10 &
b10 /
b1001010010010 -
#47550000
b0 "
1!
1(
b0 '
b11 &
b11 /
b1001010010011 -
#47560000
0!
0(
b100 &
b100 /
b1001010010100 -
#47570000
b101 &
b101 /
b1001010010101 -
#47580000
b100010 "
b100010 '
b10010 .
b110 &
b110 /
b1001010010110 -
#47590000
b0 "
b0 .
b0 '
b111 &
b111 /
b1001010010111 -
#47600000
b100101 "
1#
b100101 '
b11111111111111111111111111111101 ,
b0 &
b10011 %
b10011 +
b0 /
b1001010011000 -
#47610000
b1 "
b1 '
b1 &
b1 /
b1001010011001 -
#47620000
b11 "
0#
b11 '
b10 &
b10 /
b1001010011010 -
#47630000
b0 "
b0 '
b11 &
b11 /
b1001010011011 -
#47640000
1!
1(
b100 &
b100 /
b1001010011100 -
#47650000
0!
0(
b101 &
b101 /
b1001010011101 -
#47660000
b100010 "
b100010 '
b10010 .
b110 &
b110 /
b1001010011110 -
#47670000
b1 "
b1 .
b1 '
b111 &
b111 /
b1001010011111 -
#47680000
b100110 "
1#
b100110 '
b11111111111111111111111111111100 ,
b0 &
b10100 %
b10100 +
b0 /
b1001010100000 -
#47690000
b10 "
b10 '
b1 &
b1 /
b1001010100001 -
#47700000
b100 "
0#
b100 '
b10 &
b10 /
b1001010100010 -
#47710000
b0 "
b0 '
b11 &
b11 /
b1001010100011 -
#47720000
1!
1(
b100 &
b100 /
b1001010100100 -
#47730000
0!
0(
b101 &
b101 /
b1001010100101 -
#47740000
b100000 "
b100000 '
b10000 .
b110 &
b110 /
b1001010100110 -
#47750000
b110 "
b110 .
b110 '
b111 &
b111 /
b1001010100111 -
#47760000
b100111 "
1#
b100111 '
b11111111111111111111111111111011 ,
b0 &
b10101 %
b10101 +
b0 /
b1001010101000 -
#47770000
b11 "
b11 '
b1 &
b1 /
b1001010101001 -
#47780000
b101 "
0#
b101 '
b10 &
b10 /
b1001010101010 -
#47790000
b0 "
b0 '
b11 &
b11 /
b1001010101011 -
#47800000
1!
1(
b100 &
b100 /
b1001010101100 -
#47810000
0!
0(
b101 &
b101 /
b1001010101101 -
#47820000
b100000 "
b100000 '
b10000 .
b110 &
b110 /
b1001010101110 -
#47830000
b111 "
b111 .
b111 '
b111 &
b111 /
b1001010101111 -
#47840000
b101000 "
1#
b101000 '
b11111111111111111111111111111010 ,
b0 &
b10110 %
b10110 +
b0 /
b1001010110000 -
#47850000
b100 "
b100 '
b1 &
b1 /
b1001010110001 -
#47860000
b110 "
0#
b110 '
b10 &
b10 /
b1001010110010 -
#47870000
b0 "
b0 '
b11 &
b11 /
b1001010110011 -
#47880000
1!
1(
b100 &
b100 /
b1001010110100 -
#47890000
0!
0(
b101 &
b101 /
b1001010110101 -
#47900000
b100010 "
b100010 '
b10010 .
b110 &
b110 /
b1001010110110 -
#47910000
b100 "
b100 .
b100 '
b111 &
b111 /
b1001010110111 -
#47920000
b101001 "
1#
b101001 '
b11111111111111111111111111111001 ,
b0 &
b10111 %
b10111 +
b0 /
b1001010111000 -
#47930000
b101 "
b101 '
b1 &
b1 /
b1001010111001 -
#47940000
b111 "
0#
b111 '
b10 &
b10 /
b1001010111010 -
#47950000
b0 "
b0 '
b11 &
b11 /
b1001010111011 -
#47960000
1!
1(
b100 &
b100 /
b1001010111100 -
#47970000
0!
0(
b101 &
b101 /
b1001010111101 -
#47980000
b100010 "
b100010 '
b10010 .
b110 &
b110 /
b1001010111110 -
#47990000
b101 "
b101 .
b101 '
b111 &
b111 /
b1001010111111 -
#48000000
b101010 "
1#
b101010 '
b11111111111111111111111111111000 ,
b0 &
b11000 %
b11000 +
b0 /
b1001011000000 -
#48010000
b110 "
b110 '
b1 &
b1 /
b1001011000001 -
#48020000
b1000 "
0#
b1000 '
b10 &
b10 /
b1001011000010 -
#48030000
b0 "
b0 '
b11 &
b11 /
b1001011000011 -
#48040000
1!
1(
b100 &
b100 /
b1001011000100 -
#48050000
0!
0(
b101 &
b101 /
b1001011000101 -
#48060000
b100000 "
b100000 '
b10000 .
b110 &
b110 /
b1001011000110 -
#48070000
b1010 "
b1010 .
b1010 '
b111 &
b111 /
b1001011000111 -
#48080000
b101011 "
1#
b101011 '
b11111111111111111111111111110111 ,
b0 &
b11001 %
b11001 +
b0 /
b1001011001000 -
#48090000
b111 "
b111 '
b1 &
b1 /
b1001011001001 -
#48100000
b1001 "
0#
b1001 '
b10 &
b10 /
b1001011001010 -
#48110000
b0 "
b0 '
b11 &
b11 /
b1001011001011 -
#48120000
1!
1(
b100 &
b100 /
b1001011001100 -
#48130000
0!
0(
b101 &
b101 /
b1001011001101 -
#48140000
b100000 "
b100000 '
b10000 .
b110 &
b110 /
b1001011001110 -
#48150000
b1011 "
b1011 .
b1011 '
b111 &
b111 /
b1001011001111 -
#48160000
b101100 "
1#
b101100 '
b11111111111111111111111111110110 ,
b0 &
b11010 %
b11010 +
b0 /
b1001011010000 -
#48170000
b1000 "
b1000 '
b1 &
b1 /
b1001011010001 -
#48180000
b1010 "
0#
b1010 '
b10 &
b10 /
b1001011010010 -
#48190000
b0 "
b0 '
b11 &
b11 /
b1001011010011 -
#48200000
1!
1(
b100 &
b100 /
b1001011010100 -
#48210000
0!
0(
b101 &
b101 /
b1001011010101 -
#48220000
b100010 "
b100010 '
b10010 .
b110 &
b110 /
b1001011010110 -
#48230000
b1000 "
b1000 .
b1000 '
b111 &
b111 /
b1001011010111 -
#48240000
b101101 "
1#
b101101 '
b11111111111111111111111111110101 ,
b0 &
b11011 %
b11011 +
b0 /
b1001011011000 -
#48250000
b1001 "
b1001 '
b1 &
b1 /
b1001011011001 -
#48260000
b1011 "
0#
b1011 '
b10 &
b10 /
b1001011011010 -
#48270000
b0 "
b0 '
b11 &
b11 /
b1001011011011 -
#48280000
1!
1(
b100 &
b100 /
b1001011011100 -
#48290000
0!
0(
b101 &
b101 /
b1001011011101 -
#48300000
b100010 "
b100010 '
b10010 .
b110 &
b110 /
b1001011011110 -
#48310000
b1001 "
b1001 .
b1001 '
b111 &
b111 /
b1001011011111 -
#48320000
b101110 "
1#
b101110 '
b11111111111111111111111111110100 ,
b0 &
b11100 %
b11100 +
b0 /
b1001011100000 -
#48330000
b1010 "
b1010 '
b1 &
b1 /
b1001011100001 -
#48340000
b1100 "
0#
b1100 '
b10 &
b10 /
b1001011100010 -
#48350000
b0 "
b0 '
b11 &
b11 /
b1001011100011 -
#48360000
1!
1(
b100 &
b100 /
b1001011100100 -
#48370000
0!
0(
b101 &
b101 /
b1001011100101 -
#48380000
b100000 "
b100000 '
b10000 .
b110 &
b110 /
b1001011100110 -
#48390000
b1110 "
b1110 .
b1110 '
b111 &
b111 /
b1001011100111 -
#48400000
b101111 "
1#
b101111 '
b11111111111111111111111111110011 ,
b0 &
b11101 %
b11101 +
b0 /
b1001011101000 -
#48410000
b1011 "
b1011 '
b1 &
b1 /
b1001011101001 -
#48420000
b1101 "
0#
b1101 '
b10 &
b10 /
b1001011101010 -
#48430000
b0 "
b0 '
b11 &
b11 /
b1001011101011 -
#48440000
1!
1(
b100 &
b100 /
b1001011101100 -
#48450000
0!
0(
b101 &
b101 /
b1001011101101 -
#48460000
b100000 "
b100000 '
b10000 .
b110 &
b110 /
b1001011101110 -
#48470000
b1111 "
b1111 .
b1111 '
b111 &
b111 /
b1001011101111 -
#48480000
b110000 "
1#
b110000 '
b11111111111111111111111111110010 ,
b0 &
b11110 %
b11110 +
b0 /
b1001011110000 -
#48490000
b1100 "
b1100 '
b1 &
b1 /
b1001011110001 -
#48500000
b1110 "
0#
b1110 '
b10 &
b10 /
b1001011110010 -
#48510000
b0 "
b0 '
b11 &
b11 /
b1001011110011 -
#48520000
1!
1(
b100 &
b100 /
b1001011110100 -
#48530000
0!
0(
b101 &
b101 /
b1001011110101 -
#48540000
b100010 "
b100010 '
b10010 .
b110 &
b110 /
b1001011110110 -
#48550000
b1100 "
b1100 .
b1100 '
b111 &
b111 /
b1001011110111 -
#48560000
b110001 "
1#
b110001 '
b11111111111111111111111111110001 ,
b0 &
b11111 %
b11111 +
b0 /
b1001011111000 -
#48570000
b1101 "
b1101 '
b1 &
b1 /
b1001011111001 -
#48580000
b1111 "
0#
b1111 '
b10 &
b10 /
b1001011111010 -
#48590000
b0 "
b0 '
b11 &
b11 /
b1001011111011 -
#48600000
1!
1(
b100 &
b100 /
b1001011111100 -
#48610000
0!
0(
b101 &
b101 /
b1001011111101 -
#48620000
b100010 "
b100010 '
b10010 .
b110 &
b110 /
b1001011111110 -
#48630000
b1101 "
b1101 .
b1101 '
b111 &
b111 /
b1001011111111 -
#48640000
b100011 "
1#
b100011 '
b0 ,
b11111111111111111111111111111101 *
b0 &
b0 %
b10011 $
b10011 )
b0 +
b0 /
b1001100000000 -
#48650000
b100011 "
b100011 '
b1 &
b1 /
b1001100000001 -
#48660000
b0 "
0#
b0 '
b10 &
b10 /
b1001100000010 -
#48670000
b11 &
b11 /
b1001100000011 -
#48680000
b100 &
b100 /
b1001100000100 -
#48690000
1!
1(
b101 &
b101 /
b1001100000101 -
#48700000
0!
b0 .
0(
b110 &
b110 /
b1001100000110 -
#48710000
b100011 "
b100011 '
b10011 .
b111 &
b111 /
b1001100000111 -
#48720000
b100010 "
1#
b100010 '
b1 ,
b0 &
b1 %
b1 +
b0 /
b1001100001000 -
#48730000
b100100 "
b100100 '
b1 &
b1 /
b1001100001001 -
#48740000
b111111 "
0#
b111111 '
b10 &
b10 /
b1001100001010 -
#48750000
b0 "
b0 '
b11 &
b11 /
b1001100001011 -
#48760000
b100 &
b100 /
b1001100001100 -
#48770000
1!
1(
b101 &
b101 /
b1001100001101 -
#48780000
b1 "
0!
b1 '
b1 .
0(
b110 &
b110 /
b1001100001110 -
#48790000
b100010 "
b10010 .
b100010 '
b111 &
b111 /
b1001100001111 -
#48800000
b100001 "
1#
b100001 '
b10 ,
b0 &
b10 %
b10 +
b0 /
b1001100010000 -
#48810000
b100101 "
b100101 '
b1 &
b1 /
b1001100010001 -
#48820000
b111110 "
0#
b111110 '
b10 &
b10 /
b1001100010010 -
#48830000
b0 "
b0 '
b11 &
b11 /
b1001100010011 -
#48840000
b100 &
b100 /
b1001100010100 -
#48850000
1!
1(
b101 &
b101 /
b1001100010101 -
#48860000
b10 "
0!
b10 '
b10 .
0(
b110 &
b110 /
b1001100010110 -
#48870000
b100001 "
b10001 .
b100001 '
b111 &
b111 /
b1001100010111 -
#48880000
b0 "
1#
b0 '
b11 ,
b0 &
b11 %
b11 +
b0 /
b1001100011000 -
#48890000
b100110 "
b100110 '
b1 &
b1 /
b1001100011001 -
#48900000
b111101 "
0#
b111101 '
b10 &
b10 /
b1001100011010 -
#48910000
b0 "
b0 '
b11 &
b11 /
b1001100011011 -
#48920000
b100 &
b100 /
b1001100011100 -
#48930000
1!
1(
b101 &
b101 /
b1001100011101 -
#48940000
b11 "
0!
b11 '
b11 .
0(
b110 &
b110 /
b1001100011110 -
#48950000
b100000 "
b10000 .
b100000 '
b111 &
b111 /
b1001100011111 -
#48960000
b1 "
1#
b1 '
b100 ,
b0 &
b100 %
b100 +
b0 /
b1001100100000 -
#48970000
b100111 "
b100111 '
b1 &
b1 /
b1001100100001 -
#48980000
b111100 "
0#
b111100 '
b10 &
b10 /
b1001100100010 -
#48990000
b0 "
b0 '
b11 &
b11 /
b1001100100011 -
#49000000
b100 &
b100 /
b1001100100100 -
#49010000
1!
1(
b101 &
b101 /
b1001100100101 -
#49020000
0!
b0 .
0(
b110 &
b110 /
b1001100100110 -
#49030000
b100111 "
b100111 '
b10111 .
b111 &
b111 /
b1001100100111 -
#49040000
b10 "
1#
b10 '
b101 ,
b0 &
b101 %
b101 +
b0 /
b1001100101000 -
#49050000
b101000 "
b101000 '
b1 &
b1 /
b1001100101001 -
#49060000
b111011 "
0#
b111011 '
b10 &
b10 /
b1001100101010 -
#49070000
b0 "
b0 '
b11 &
b11 /
b1001100101011 -
#49080000
b100 &
b100 /
b1001100101100 -
#49090000
1!
1(
b101 &
b101 /
b1001100101101 -
#49100000
b1 "
0!
b1 '
b1 .
0(
b110 &
b110 /
b1001100101110 -
#49110000
b100110 "
b10110 .
b100110 '
b111 &
b111 /
b1001100101111 -
#49120000
b11 "
1#
b11 '
b110 ,
b0 &
b110 %
b110 +
b0 /
b1001100110000 -
#49130000
b101001 "
b101001 '
b1 &
b1 /
b1001100110001 -
#49140000
b111010 "
0#
b111010 '
b10 &
b10 /
b1001100110010 -
#49150000
b0 "
b0 '
b11 &
b11 /
b1001100110011 -
#49160000
b100 &
b100 /
b1001100110100 -
#49170000
1!
1(
b101 &
b101 /
b1001100110101 -
#49180000
b10 "
0!
b10 '
b10 .
0(
b110 &
b110 /
b1001100110110 -
#49190000
b100101 "
b10101 .
b100101 '
b111 &
b111 /
b1001100110111 -
#49200000
b100 "
1#
b100 '
b111 ,
b0 &
b111 %
b111 +
b0 /
b1001100111000 -
#49210000
b101010 "
b101010 '
b1 &
b1 /
b1001100111001 -
#49220000
b111001 "
0#
b111001 '
b10 &
b10 /
b1001100111010 -
#49230000
b0 "
b0 '
b11 &
b11 /
b1001100111011 -
#49240000
b100 &
b100 /
b1001100111100 -
#49250000
1!
1(
b101 &
b101 /
b1001100111101 -
#49260000
b11 "
0!
b11 '
b11 .
0(
b110 &
b110 /
b1001100111110 -
#49270000
b100100 "
b10100 .
b100100 '
b111 &
b111 /
b1001100111111 -
#49280000
b101 "
1#
b101 '
b1000 ,
b0 &
b1000 %
b1000 +
b0 /
b1001101000000 -
#49290000
b101011 "
b101011 '
b1 &
b1 /
b1001101000001 -
#49300000
b111000 "
0#
b111000 '
b10 &
b10 /
b1001101000010 -
#49310000
b0 "
b0 '
b11 &
b11 /
b1001101000011 -
#49320000
b100 &
b100 /
b1001101000100 -
#49330000
1!
1(
b101 &
b101 /
b1001101000101 -
#49340000
0!
b0 .
0(
b110 &
b110 /
b1001101000110 -
#49350000
b101011 "
b101011 '
b11011 .
b111 &
b111 /
b1001101000111 -
#49360000
b110 "
1#
b110 '
b1001 ,
b0 &
b1001 %
b1001 +
b0 /
b1001101001000 -
#49370000
b101100 "
b101100 '
b1 &
b1 /
b1001101001001 -
#49380000
b110111 "
0#
b110111 '
b10 &
b10 /
b1001101001010 -
#49390000
b0 "
b0 '
b11 &
b11 /
b1001101001011 -
#49400000
b100 &
b100 /
b1001101001100 -
#49410000
1!
1(
b101 &
b101 /
b1001101001101 -
#49420000
b1 "
0!
b1 '
b1 .
0(
b110 &
b110 /
b1001101001110 -
#49430000
b101010 "
b11010 .
b101010 '
b111 &
b111 /
b1001101001111 -
#49440000
b111 "
1#
b111 '
b1010 ,
b0 &
b1010 %
b1010 +
b0 /
b1001101010000 -
#49450000
b101101 "
b101101 '
b1 &
b1 /
b1001101010001 -
#49460000
b110110 "
0#
b110110 '
b10 &
b10 /
b1001101010010 -
#49470000
b0 "
b0 '
b11 &
b11 /
b1001101010011 -
#49480000
b100 &
b100 /
b1001101010100 -
#49490000
1!
1(
b101 &
b101 /
b1001101010101 -
#49500000
b10 "
0!
b10 '
b10 .
0(
b110 &
b110 /
b1001101010110 -
#49510000
b101001 "
b11001 .
b101001 '
b111 &
b111 /
b1001101010111 -
#49520000
b1000 "
1#
b1000 '
b1011 ,
b0 &
b1011 %
b1011 +
b0 /
b1001101011000 -
#49530000
b101110 "
b101110 '
b1 &
b1 /
b1001101011001 -
#49540000
b110101 "
0#
b110101 '
b10 &
b10 /
b1001101011010 -
#49550000
b0 "
b0 '
b11 &
b11 /
b1001101011011 -
#49560000
b100 &
b100 /
b1001101011100 -
#49570000
1!
1(
b101 &
b101 /
b1001101011101 -
#49580000
b11 "
0!
b11 '
b11 .
0(
b110 &
b110 /
b1001101011110 -
#49590000
b101000 "
b11000 .
b101000 '
b111 &
b111 /
b1001101011111 -
#49600000
b1001 "
1#
b1001 '
b1100 ,
b0 &
b1100 %
b1100 +
b0 /
b1001101100000 -
#49610000
b101111 "
b101111 '
b1 &
b1 /
b1001101100001 -
#49620000
b110100 "
0#
b110100 '
b10 &
b10 /
b1001101100010 -
#49630000
b0 "
b0 '
b11 &
b11 /
b1001101100011 -
#49640000
b100 &
b100 /
b1001101100100 -
#49650000
1!
1(
b101 &
b101 /
b1001101100101 -
#49660000
0!
b0 .
0(
b110 &
b110 /
b1001101100110 -
#49670000
b101111 "
b101111 '
b11111 .
b111 &
b111 /
b1001101100111 -
#49680000
b1010 "
1#
b1010 '
b1101 ,
b0 &
b1101 %
b1101 +
b0 /
b1001101101000 -
#49690000
b110000 "
b110000 '
b1 &
b1 /
b1001101101001 -
#49700000
b110011 "
0#
b110011 '
b10 &
b10 /
b1001101101010 -
#49710000
b0 "
b0 '
b11 &
b11 /
b1001101101011 -
#49720000
b100 &
b100 /
b1001101101100 -
#49730000
1!
1(
b101 &
b101 /
b1001101101101 -
#49740000
b1 "
0!
b1 '
b1 .
0(
b110 &
b110 /
b1001101101110 -
#49750000
b101110 "
b11110 .
b101110 '
b111 &
b111 /
b1001101101111 -
#49760000
b1011 "
1#
b1011 '
b1110 ,
b0 &
b1110 %
b1110 +
b0 /
b1001101110000 -
#49770000
b110001 "
b110001 '
b1 &
b1 /
b1001101110001 -
#49780000
b110010 "
0#
b110010 '
b10 &
b10 /
b1001101110010 -
#49790000
b0 "
b0 '
b11 &
b11 /
b1001101110011 -
#49800000
b100 &
b100 /
b1001101110100 -
#49810000
1!
1(
b101 &
b101 /
b1001101110101 -
#49820000
b10 "
0!
b10 '
b10 .
0(
b110 &
b110 /
b1001101110110 -
#49830000
b101101 "
b11101 .
b101101 '
b111 &
b111 /
b1001101110111 -
#49840000
b1100 "
1#
b1100 '
b1111 ,
b0 &
b1111 %
b1111 +
b0 /
b1001101111000 -
#49850000
b110010 "
b110010 '
b1 &
b1 /
b1001101111001 -
#49860000
b110001 "
0#
b110001 '
b10 &
b10 /
b1001101111010 -
#49870000
b0 "
b0 '
b11 &
b11 /
b1001101111011 -
#49880000
b100 &
b100 /
b1001101111100 -
#49890000
1!
1(
b101 &
b101 /
b1001101111101 -
#49900000
b11 "
0!
b11 '
b11 .
0(
b110 &
b110 /
b1001101111110 -
#49910000
b101100 "
b11100 .
b101100 '
b111 &
b111 /
b1001101111111 -
#49920000
b100011 "
1#
b100011 '
b0 ,
b0 &
b10000 %
b10000 +
b0 /
b1001110000000 -
#49930000
b100011 "
b100011 '
b1 &
b1 /
b1001110000001 -
#49940000
b0 "
0#
b0 '
b10 &
b10 /
b1001110000010 -
#49950000
b11 &
b11 /
b1001110000011 -
#49960000
b100 &
b100 /
b1001110000100 -
#49970000
1!
1(
b101 &
b101 /
b1001110000101 -
#49980000
b100000 "
0!
b100000 '
b10000 .
0(
b110 &
b110 /
b1001110000110 -
#49990000
b11 "
b11 .
b11 '
b111 &
b111 /
b1001110000111 -
#50000000
b100100 "
1#
b100100 '
b11111111111111111111111111111111 ,
b0 &
b10001 %
b10001 +
b0 /
b1001110001000 -
#50010000
b100010 "
b100010 '
b1 &
b1 /
b1001110001001 -
#50020000
b1 "
0#
b1 '
b10 &
b10 /
b1001110001010 -
#50030000
b0 "
b0 '
b11 &
b11 /
b1001110001011 -
#50040000
b100 &
b100 /
b1001110001100 -
#50050000
1!
1(
b101 &
b101 /
b1001110001101 -
#50060000
b100001 "
0!
b100001 '
b10001 .
0(
b110 &
b110 /
b1001110001110 -
#50070000
b10 "
b10 .
b10 '
b111 &
b111 /
b1001110001111 -
#50080000
b100101 "
1#
b100101 '
b11111111111111111111111111111110 ,
b0 &
b10010 %
b10010 +
b0 /
b1001110010000 -
#50090000
b100001 "
b100001 '
b1 &
b1 /
b1001110010001 -
#50100000
b10 "
0#
b10 '
b10 &
b10 /
b1001110010010 -
#50110000
b0 "
b0 '
b11 &
b11 /
b1001110010011 -
#50120000
b100 &
b100 /
b1001110010100 -
#50130000
1!
1(
b101 &
b101 /
b1001110010101 -
#50140000
b100010 "
0!
b100010 '
b10010 .
0(
b110 &
b110 /
b1001110010110 -
#50150000
b1 "
b1 .
b1 '
b111 &
b111 /
b1001110010111 -
#50160000
b100110 "
1#
b100110 '
b11111111111111111111111111111101 ,
b0 &
b10011 %
b10011 +
b0 /
b1001110011000 -
#50170000
b0 "
b0 '
b1 &
b1 /
b1001110011001 -
#50180000
b11 "
0#
b11 '
b10 &
b10 /
b1001110011010 -
#50190000
b0 "
1!
1(
b0 '
b11 &
b11 /
b1001110011011 -
#50200000
0!
0(
b100 &
b100 /
b1001110011100 -
#50210000
b101 &
b101 /
b1001110011101 -
#50220000
b100011 "
b100011 '
b10011 .
b110 &
b110 /
b1001110011110 -
#50230000
b0 "
b0 .
b0 '
b111 &
b111 /
b1001110011111 -
#50240000
b100111 "
1#
b100111 '
b11111111111111111111111111111100 ,
b0 &
b10100 %
b10100 +
b0 /
b1001110100000 -
#50250000
b1 "
b1 '
b1 &
b1 /
b1001110100001 -
#50260000
b100 "
0#
b100 '
b10 &
b10 /
b1001110100010 -
#50270000
b0 "
b0 '
b11 &
b11 /
b1001110100011 -
#50280000
1!
1(
b100 &
b100 /
b1001110100100 -
#50290000
0!
0(
b101 &
b101 /
b1001110100101 -
#50300000
b100000 "
b100000 '
b10000 .
b110 &
b110 /
b1001110100110 -
#50310000
b111 "
b111 .
b111 '
b111 &
b111 /
b1001110100111 -
#50320000
b101000 "
1#
b101000 '
b11111111111111111111111111111011 ,
b0 &
b10101 %
b10101 +
b0 /
b1001110101000 -
#50330000
b10 "
b10 '
b1 &
b1 /
b1001110101001 -
#50340000
b101 "
0#
b101 '
b10 &
b10 /
b1001110101010 -
#50350000
b0 "
b0 '
b11 &
b11 /
b1001110101011 -
#50360000
1!
1(
b100 &
b100 /
b1001110101100 -
#50370000
0!
0(
b101 &
b101 /
b1001110101101 -
#50380000
b100001 "
b100001 '
b10001 .
b110 &
b110 /
b1001110101110 -
#50390000
b110 "
b110 .
b110 '
b111 &
b111 /
b1001110101111 -
#50400000
b101001 "
1#
b101001 '
b11111111111111111111111111111010 ,
b0 &
b10110 %
b10110 +
b0 /
b1001110110000 -
#50410000
b11 "
b11 '
b1 &
b1 /
b1001110110001 -
#50420000
b110 "
0#
b110 '
b10 &
b10 /
b1001110110010 -
#50430000
b0 "
b0 '
b11 &
b11 /
b1001110110011 -
#50440000
1!
1(
b100 &
b100 /
b1001110110100 -
#50450000
0!
0(
b101 &
b101 /
b1001110110101 -
#50460000
b100010 "
b100010 '
b10010 .
b110 &
b110 /
b1001110110110 -
#50470000
b101 "
b101 .
b101 '
b111 &
b111 /
b1001110110111 -
#50480000
b101010 "
1#
b101010 '
b11111111111111111111111111111001 ,
b0 &
b10111 %
b10111 +
b0 /
b1001110111000 -
#50490000
b100 "
b100 '
b1 &
b1 /
b1001110111001 -
#50500000
b111 "
0#
b111 '
b10 &
b10 /
b1001110111010 -
#50510000
b0 "
b0 '
b11 &
b11 /
b1001110111011 -
#50520000
1!
1(
b100 &
b100 /
b1001110111100 -
#50530000
0!
0(
b101 &
b101 /
b1001110111101 -
#50540000
b100011 "
b100011 '
b10011 .
b110 &
b110 /
b1001110111110 -
#50550000
b100 "
b100 .
b100 '
b111 &
b111 /
b1001110111111 -
#50560000
b101011 "
1#
b101011 '
b11111111111111111111111111111000 ,
b0 &
b11000 %
b11000 +
b0 /
b1001111000000 -
#50570000
b101 "
b101 '
b1 &
b1 /
b1001111000001 -
#50580000
b1000 "
0#
b1000 '
b10 &
b10 /
b1001111000010 -
#50590000
b0 "
b0 '
b11 &
b11 /
b1001111000011 -
#50600000
1!
1(
b100 &
b100 /
b1001111000100 -
#50610000
0!
0(
b101 &
b101 /
b1001111000101 -
#50620000
b100000 "
b100000 '
b10000 .
b110 &
b110 /
b1001111000110 -
#50630000
b1011 "
b1011 .
b1011 '
b111 &
b111 /
b1001111000111 -
#50640000
b101100 "
1#
b101100 '
b11111111111111111111111111110111 ,
b0 &
b11001 %
b11001 +
b0 /
b1001111001000 -
#50650000
b110 "
b110 '
b1 &
b1 /
b1001111001001 -
#50660000
b1001 "
0#
b1001 '
b10 &
b10 /
b1001111001010 -
#50670000
b0 "
b0 '
b11 &
b11 /
b1001111001011 -
#50680000
1!
1(
b100 &
b100 /
b1001111001100 -
#50690000
0!
0(
b101 &
b101 /
b1001111001101 -
#50700000
b100001 "
b100001 '
b10001 .
b110 &
b110 /
b1001111001110 -
#50710000
b1010 "
b1010 .
b1010 '
b111 &
b111 /
b1001111001111 -
#50720000
b101101 "
1#
b101101 '
b11111111111111111111111111110110 ,
b0 &
b11010 %
b11010 +
b0 /
b1001111010000 -
#50730000
b111 "
b111 '
b1 &
b1 /
b1001111010001 -
#50740000
b1010 "
0#
b1010 '
b10 &
b10 /
b1001111010010 -
#50750000
b0 "
b0 '
b11 &
b11 /
b1001111010011 -
#50760000
1!
1(
b100 &
b100 /
b1001111010100 -
#50770000
0!
0(
b101 &
b101 /
b1001111010101 -
#50780000
b100010 "
b100010 '
b10010 .
b110 &
b110 /
b1001111010110 -
#50790000
b1001 "
b1001 .
b1001 '
b111 &
b111 /
b1001111010111 -
#50800000
b101110 "
1#
b101110 '
b11111111111111111111111111110101 ,
b0 &
b11011 %
b11011 +
b0 /
b1001111011000 -
#50810000
b1000 "
b1000 '
b1 &
b1 /
b1001111011001 -
#50820000
b1011 "
0#
b1011 '
b10 &
b10 /
b1001111011010 -
#50830000
b0 "
b0 '
b11 &
b11 /
b1001111011011 -
#50840000
1!
1(
b100 &
b100 /
b1001111011100 -
#50850000
0!
0(
b101 &
b101 /
b1001111011101 -
#50860000
b100011 "
b100011 '
b10011 .
b110 &
b110 /
b1001111011110 -
#50870000
b1000 "
b1000 .
b1000 '
b111 &
b111 /
b1001111011111 -
#50880000
b101111 "
1#
b101111 '
b11111111111111111111111111110100 ,
b0 &
b11100 %
b11100 +
b0 /
b1001111100000 -
#50890000
b1001 "
b1001 '
b1 &
b1 /
b1001111100001 -
#50900000
b1100 "
0#
b1100 '
b10 &
b10 /
b1001111100010 -
#50910000
b0 "
b0 '
b11 &
b11 /
b1001111100011 -
#50920000
1!
1(
b100 &
b100 /
b1001111100100 -
#50930000
0!
0(
b101 &
b101 /
b1001111100101 -
#50940000
b100000 "
b100000 '
b10000 .
b110 &
b110 /
b1001111100110 -
#50950000
b1111 "
b1111 .
b1111 '
b111 &
b111 /
b1001111100111 -
#50960000
b110000 "
1#
b110000 '
b11111111111111111111111111110011 ,
b0 &
b11101 %
b11101 +
b0 /
b1001111101000 -
#50970000
b1010 "
b1010 '
b1 &
b1 /
b1001111101001 -
#50980000
b1101 "
0#
b1101 '
b10 &
b10 /
b1001111101010 -
#50990000
b0 "
b0 '
b11 &
b11 /
b1001111101011 -
#51000000
1!
1(
b100 &
b100 /
b1001111101100 -
#51010000
0!
0(
b101 &
b101 /
b1001111101101 -
#51020000
b100001 "
b100001 '
b10001 .
b110 &
b110 /
b1001111101110 -
#51030000
b1110 "
b1110 .
b1110 '
b111 &
b111 /
b1001111101111 -
#51040000
b110001 "
1#
b110001 '
b11111111111111111111111111110010 ,
b0 &
b11110 %
b11110 +
b0 /
b1001111110000 -
#51050000
b1011 "
b1011 '
b1 &
b1 /
b1001111110001 -
#51060000
b1110 "
0#
b1110 '
b10 &
b10 /
b1001111110010 -
#51070000
b0 "
b0 '
b11 &
b11 /
b1001111110011 -
#51080000
1!
1(
b100 &
b100 /
b1001111110100 -
#51090000
0!
0(
b101 &
b101 /
b1001111110101 -
#51100000
b100010 "
b100010 '
b10010 .
b110 &
b110 /
b1001111110110 -
#51110000
b1101 "
b1101 .
b1101 '
b111 &
b111 /
b1001111110111 -
#51120000
b110010 "
1#
b110010 '
b11111111111111111111111111110001 ,
b0 &
b11111 %
b11111 +
b0 /
b1001111111000 -
#51130000
b1100 "
b1100 '
b1 &
b1 /
b1001111111001 -
#51140000
b1111 "
0#
b1111 '
b10 &
b10 /
b1001111111010 -
#51150000
b0 "
b0 '
b11 &
b11 /
b1001111111011 -
#51160000
1!
1(
b100 &
b100 /
b1001111111100 -
#51170000
0!
0(
b101 &
b101 /
b1001111111101 -
#51180000
b100011 "
b100011 '
b10011 .
b110 &
b110 /
b1001111111110 -
#51190000
b1100 "
b1100 .
b1100 '
b111 &
b111 /
b1001111111111 -
#51200000
b100100 "
1#
b100100 '
b0 ,
b11111111111111111111111111111100 *
b0 &
b0 %
b10100 $
b10100 )
b0 +
b0 /
b1010000000000 -
#51210000
b100100 "
b100100 '
b1 &
b1 /
b1010000000001 -
#51220000
b0 "
0#
b0 '
b10 &
b10 /
b1010000000010 -
#51230000
b11 &
b11 /
b1010000000011 -
#51240000
b100 &
b100 /
b1010000000100 -
#51250000
1!
1(
b101 &
b101 /
b1010000000101 -
#51260000
0!
b0 .
0(
b110 &
b110 /
b1010000000110 -
#51270000
b100100 "
b100100 '
b10100 .
b111 &
b111 /
b1010000000111 -
#51280000
b100011 "
1#
b100011 '
b1 ,
b0 &
b1 %
b1 +
b0 /
b1010000001000 -
#51290000
b100101 "
b100101 '
b1 &
b1 /
b1010000001001 -
#51300000
b111111 "
0#
b111111 '
b10 &
b10 /
b1010000001010 -
#51310000
b0 "
b0 '
b11 &
b11 /
b1010000001011 -
#51320000
b100 &
b100 /
b1010000001100 -
#51330000
1!
1(
b101 &
b101 /
b1010000001101 -
#51340000
0!
b0 .
0(
b110 &
b110 /
b1010000001110 -
#51350000
b100101 "
b100101 '
b10101 .
b111 &
b111 /
b1010000001111 -
#51360000
b100010 "
1#
b100010 '
b10 ,
b0 &
b10 %
b10 +
b0 /
b1010000010000 -
#51370000
b100110 "
b100110 '
b1 &
b1 /
b1010000010001 -
#51380000
b111110 "
0#
b111110 '
b10 &
b10 /
b1010000010010 -
#51390000
b0 "
b0 '
b11 &
b11 /
b1010000010011 -
#51400000
b100 &
b100 /
b1010000010100 -
#51410000
1!
1(
b101 &
b101 /
b1010000010101 -
#51420000
0!
b0 .
0(
b110 &
b110 /
b1010000010110 -
#51430000
b100110 "
b100110 '
b10110 .
b111 &
b111 /
b1010000010111 -
#51440000
b100001 "
1#
b100001 '
b11 ,
b0 &
b11 %
b11 +
b0 /
b1010000011000 -
#51450000
b100111 "
b100111 '
b1 &
b1 /
b1010000011001 -
#51460000
b111101 "
0#
b111101 '
b10 &
b10 /
b1010000011010 -
#51470000
b0 "
b0 '
b11 &
b11 /
b1010000011011 -
#51480000
b100 &
b100 /
b1010000011100 -
#51490000
1!
1(
b101 &
b101 /
b1010000011101 -
#51500000
0!
b0 .
0(
b110 &
b110 /
b1010000011110 -
#51510000
b100111 "
b100111 '
b10111 .
b111 &
b111 /
b1010000011111 -
#51520000
b0 "
1#
b0 '
b100 ,
b0 &
b100 %
b100 +
b0 /
b1010000100000 -
#51530000
b101000 "
b101000 '
b1 &
b1 /
b1010000100001 -
#51540000
b111100 "
0#
b111100 '
b10 &
b10 /
b1010000100010 -
#51550000
b0 "
b0 '
b11 &
b11 /
b1010000100011 -
#51560000
b100 &
b100 /
b1010000100100 -
#51570000
1!
1(
b101 &
b101 /
b1010000100101 -
#51580000
b100 "
0!
b100 '
b100 .
0(
b110 &
b110 /
b1010000100110 -
#51590000
b100000 "
b10000 .
b100000 '
b111 &
b111 /
b1010000100111 -
#51600000
b1 "
1#
b1 '
b101 ,
b0 &
b101 %
b101 +
b0 /
b1010000101000 -
#51610000
b101001 "
b101001 '
b1 &
b1 /
b1010000101001 -
#51620000
b111011 "
0#
b111011 '
b10 &
b10 /
b1010000101010 -
#51630000
b0 "
b0 '
b11 &
b11 /
b1010000101011 -
#51640000
b100 &
b100 /
b1010000101100 -
#51650000
1!
1(
b101 &
b101 /
b1010000101101 -
#51660000
b100 "
0!
b100 '
b100 .
0(
b110 &
b110 /
b1010000101110 -
#51670000
b100001 "
b10001 .
b100001 '
b111 &
b111 /
b1010000101111 -
#51680000
b10 "
1#
b10 '
b110 ,
b0 &
b110 %
b110 +
b0 /
b1010000110000 -
#51690000
b101010 "
b101010 '
b1 &
b1 /
b1010000110001 -
#51700000
b111010 "
0#
b111010 '
b10 &
b10 /
b1010000110010 -
#51710000
b0 "
b0 '
b11 &
b11 /
b1010000110011 -
#51720000
b100 &
b100 /
b1010000110100 -
#51730000
1!
1(
b101 &
b101 /
b1010000110101 -
#51740000
b100 "
0!
b100 '
b100 .
0(
b110 &
b110 /
b1010000110110 -
#51750000
b100010 "
b10010 .
b100010 '
b111 &
b111 /
b1010000110111 -
#51760000
b11 "
1#
b11 '
b111 ,
b0 &
b111 %
b111 +
b0 /
b1010000111000 -
#51770000
b101011 "
b101011 '
b1 &
b1 /
b1010000111001 -
#51780000
b111001 "
0#
b111001 '
b10 &
b10 /
b1010000111010 -
#51790000
b0 "
b0 '
b11 &
b11 /
b1010000111011 -
#51800000
b100 &
b100 /
b1010000111100 -
#51810000
1!
1(
b101 &
b101 /
b1010000111101 -
#51820000
b100 "
0!
b100 '
b100 .
0(
b110 &
b110 /
b1010000111110 -
#51830000
b100011 "
b10011 .
b100011 '
b111 &
b111 /
b1010000111111 -
#51840000
b100 "
1#
b100 '
b1000 ,
b0 &
b1000 %
b1000 +
b0 /
b1010001000000 -
#51850000
b101100 "
b101100 '
b1 &
b1 /
b1010001000001 -
#51860000
b111000 "
0#
b111000 '
b10 &
b10 /
b1010001000010 -
#51870000
b0 "
b0 '
b11 &
b11 /
b1010001000011 -
#51880000
b100 &
b100 /
b1010001000100 -
#51890000
1!
1(
b101 &
b101 /
b1010001000101 -
#51900000
0!
b0 .
0(
b110 &
b110 /
b1010001000110 -
#51910000
b101100 "
b101100 '
b11100 .
b111 &
b111 /
b1010001000111 -
#51920000
b101 "
1#
b101 '
b1001 ,
b0 &
b1001 %
b1001 +
b0 /
b1010001001000 -
#51930000
b101101 "
b101101 '
b1 &
b1 /
b1010001001001 -
#51940000
b110111 "
0#
b110111 '
b10 &
b10 /
b1010001001010 -
#51950000
b0 "
b0 '
b11 &
b11 /
b1010001001011 -
#51960000
b100 &
b100 /
b1010001001100 -
#51970000
1!
1(
b101 &
b101 /
b1010001001101 -
#51980000
0!
b0 .
0(
b110 &
b110 /
b1010001001110 -
#51990000
b101101 "
b101101 '
b11101 .
b111 &
b111 /
b1010001001111 -
#52000000
b110 "
1#
b110 '
b1010 ,
b0 &
b1010 %
b1010 +
b0 /
b1010001010000 -
#52010000
b101110 "
b101110 '
b1 &
b1 /
b1010001010001 -
#52020000
b110110 "
0#
b110110 '
b10 &
b10 /
b1010001010010 -
#52030000
b0 "
b0 '
b11 &
b11 /
b1010001010011 -
#52040000
b100 &
b100 /
b1010001010100 -
#52050000
1!
1(
b101 &
b101 /
b1010001010101 -
#52060000
0!
b0 .
0(
b110 &
b110 /
b1010001010110 -
#52070000
b101110 "
b101110 '
b11110 .
b111 &
b111 /
b1010001010111 -
#52080000
b111 "
1#
b111 '
b1011 ,
b0 &
b1011 %
b1011 +
b0 /
b1010001011000 -
#52090000
b101111 "
b101111 '
b1 &
b1 /
b1010001011001 -
#52100000
b110101 "
0#
b110101 '
b10 &
b10 /
b1010001011010 -
#52110000
b0 "
b0 '
b11 &
b11 /
b1010001011011 -
#52120000
b100 &
b100 /
b1010001011100 -
#52130000
1!
1(
b101 &
b101 /
b1010001011101 -
#52140000
0!
b0 .
0(
b110 &
b110 /
b1010001011110 -
#52150000
b101111 "
b101111 '
b11111 .
b111 &
b111 /
b1010001011111 -
#52160000
b1000 "
1#
b1000 '
b1100 ,
b0 &
b1100 %
b1100 +
b0 /
b1010001100000 -
#52170000
b110000 "
b110000 '
b1 &
b1 /
b1010001100001 -
#52180000
b110100 "
0#
b110100 '
b10 &
b10 /
b1010001100010 -
#52190000
b0 "
b0 '
b11 &
b11 /
b1010001100011 -
#52200000
b100 &
b100 /
b1010001100100 -
#52210000
1!
1(
b101 &
b101 /
b1010001100101 -
#52220000
b100 "
0!
b100 '
b100 .
0(
b110 &
b110 /
b1010001100110 -
#52230000
b101000 "
b11000 .
b101000 '
b111 &
b111 /
b1010001100111 -
#52240000
b1001 "
1#
b1001 '
b1101 ,
b0 &
b1101 %
b1101 +
b0 /
b1010001101000 -
#52250000
b110001 "
b110001 '
b1 &
b1 /
b1010001101001 -
#52260000
b110011 "
0#
b110011 '
b10 &
b10 /
b1010001101010 -
#52270000
b0 "
b0 '
b11 &
b11 /
b1010001101011 -
#52280000
b100 &
b100 /
b1010001101100 -
#52290000
1!
1(
b101 &
b101 /
b1010001101101 -
#52300000
b100 "
0!
b100 '
b100 .
0(
b110 &
b110 /
b1010001101110 -
#52310000
b101001 "
b11001 .
b101001 '
b111 &
b111 /
b1010001101111 -
#52320000
b1010 "
1#
b1010 '
b1110 ,
b0 &
b1110 %
b1110 +
b0 /
b1010001110000 -
#52330000
b110010 "
b110010 '
b1 &
b1 /
b1010001110001 -
#52340000
0#
b110010 '
b10 &
b10 /
b1010001110010 -
#52350000
b0 "
b0 '
b11 &
b11 /
b1010001110011 -
#52360000
b100 &
b100 /
b1010001110100 -
#52370000
1!
1(
b101 &
b101 /
b1010001110101 -
#52380000
b100 "
0!
b100 '
b100 .
0(
b110 &
b110 /
b1010001110110 -
#52390000
b101010 "
b11010 .
b101010 '
b111 &
b111 /
b1010001110111 -
#52400000
b1011 "
1#
b1011 '
b1111 ,
b0 &
b1111 %
b1111 +
b0 /
b1010001111000 -
#52410000
b110011 "
b110011 '
b1 &
b1 /
b1010001111001 -
#52420000
b110001 "
0#
b110001 '
b10 &
b10 /
b1010001111010 -
#52430000
b0 "
b0 '
b11 &
b11 /
b1010001111011 -
#52440000
b100 &
b100 /
b1010001111100 -
#52450000
1!
1(
b101 &
b101 /
b1010001111101 -
#52460000
b100 "
0!
b100 '
b100 .
0(
b110 &
b110 /
b1010001111110 -
#52470000
b101011 "
b11011 .
b101011 '
b111 &
b111 /
b1010001111111 -
#52480000
b100100 "
1#
b100100 '
b0 ,
b0 &
b10000 %
b10000 +
b0 /
b1010010000000 -
#52490000
b100100 "
b100100 '
b1 &
b1 /
b1010010000001 -
#52500000
b0 "
0#
b0 '
b10 &
b10 /
b1010010000010 -
#52510000
b11 &
b11 /
b1010010000011 -
#52520000
b100 &
b100 /
b1010010000100 -
#52530000
1!
1(
b101 &
b101 /
b1010010000101 -
#52540000
b100000 "
0!
b100000 '
b10000 .
0(
b110 &
b110 /
b1010010000110 -
#52550000
b100 "
b100 .
b100 '
b111 &
b111 /
b1010010000111 -
#52560000
b100101 "
1#
b100101 '
b11111111111111111111111111111111 ,
b0 &
b10001 %
b10001 +
b0 /
b1010010001000 -
#52570000
b100011 "
b100011 '
b1 &
b1 /
b1010010001001 -
#52580000
b1 "
0#
b1 '
b10 &
b10 /
b1010010001010 -
#52590000
b0 "
b0 '
b11 &
b11 /
b1010010001011 -
#52600000
b100 &
b100 /
b1010010001100 -
#52610000
1!
1(
b101 &
b101 /
b1010010001101 -
#52620000
b100000 "
0!
b100000 '
b10000 .
0(
b110 &
b110 /
b1010010001110 -
#52630000
b101 "
b101 .
b101 '
b111 &
b111 /
b1010010001111 -
#52640000
b100110 "
1#
b100110 '
b11111111111111111111111111111110 ,
b0 &
b10010 %
b10010 +
b0 /
b1010010010000 -
#52650000
b100010 "
b100010 '
b1 &
b1 /
b1010010010001 -
#52660000
b10 "
0#
b10 '
b10 &
b10 /
b1010010010010 -
#52670000
b0 "
b0 '
b11 &
b11 /
b1010010010011 -
#52680000
b100 &
b100 /
b1010010010100 -
#52690000
1!
1(
b101 &
b101 /
b1010010010101 -
#52700000
b100000 "
0!
b100000 '
b10000 .
0(
b110 &
b110 /
b1010010010110 -
#52710000
b110 "
b110 .
b110 '
b111 &
b111 /
b1010010010111 -
#52720000
b100111 "
1#
b100111 '
b11111111111111111111111111111101 ,
b0 &
b10011 %
b10011 +
b0 /
b1010010011000 -
#52730000
b100001 "
b100001 '
b1 &
b1 /
b1010010011001 -
#52740000
b11 "
0#
b11 '
b10 &
b10 /
b1010010011010 -
#52750000
b0 "
b0 '
b11 &
b11 /
b1010010011011 -
#52760000
b100 &
b100 /
b1010010011100 -
#52770000
1!
1(
b101 &
b101 /
b1010010011101 -
#52780000
b100000 "
0!
b100000 '
b10000 .
0(
b110 &
b110 /
b1010010011110 -
#52790000
b111 "
b111 .
b111 '
b111 &
b111 /
b1010010011111 -
#52800000
b101000 "
1#
b101000 '
b11111111111111111111111111111100 ,
b0 &
b10100 %
b10100 +
b0 /
b1010010100000 -
#52810000
b0 "
b0 '
b1 &
b1 /
b1010010100001 -
#52820000
b100 "
0#
b100 '
b10 &
b10 /
b1010010100010 -
#52830000
b0 "
1!
1(
b0 '
b11 &
b11 /
b1010010100011 -
#52840000
0!
0(
b100 &
b100 /
b1010010100100 -
#52850000
b101 &
b101 /
b1010010100101 -
#52860000
b100100 "
b100100 '
b10100 .
b110 &
b110 /
b1010010100110 -
#52870000
b0 "
b0 .
b0 '
b111 &
b111 /
b1010010100111 -
#52880000
b101001 "
1#
b101001 '
b11111111111111111111111111111011 ,
b0 &
b10101 %
b10101 +
b0 /
b1010010101000 -
#52890000
b1 "
b1 '
b1 &
b1 /
b1010010101001 -
#52900000
b101 "
0#
b101 '
b10 &
b10 /
b1010010101010 -
#52910000
b0 "
b0 '
b11 &
b11 /
b1010010101011 -
#52920000
1!
1(
b100 &
b100 /
b1010010101100 -
#52930000
0!
0(
b101 &
b101 /
b1010010101101 -
#52940000
b100100 "
b100100 '
b10100 .
b110 &
b110 /
b1010010101110 -
#52950000
b1 "
b1 .
b1 '
b111 &
b111 /
b1010010101111 -
#52960000
b101010 "
1#
b101010 '
b11111111111111111111111111111010 ,
b0 &
b10110 %
b10110 +
b0 /
b1010010110000 -
#52970000
b10 "
b10 '
b1 &
b1 /
b1010010110001 -
#52980000
b110 "
0#
b110 '
b10 &
b10 /
b1010010110010 -
#52990000
b0 "
b0 '
b11 &
b11 /
b1010010110011 -
#53000000
1!
1(
b100 &
b100 /
b1010010110100 -
#53010000
0!
0(
b101 &
b101 /
b1010010110101 -
#53020000
b100100 "
b100100 '
b10100 .
b110 &
b110 /
b1010010110110 -
#53030000
b10 "
b10 .
b10 '
b111 &
b111 /
b1010010110111 -
#53040000
b101011 "
1#
b101011 '
b11111111111111111111111111111001 ,
b0 &
b10111 %
b10111 +
b0 /
b1010010111000 -
#53050000
b11 "
b11 '
b1 &
b1 /
b1010010111001 -
#53060000
b111 "
0#
b111 '
b10 &
b10 /
b1010010111010 -
#53070000
b0 "
b0 '
b11 &
b11 /
b1010010111011 -
#53080000
1!
1(
b100 &
b100 /
b1010010111100 -
#53090000
0!
0(
b101 &
b101 /
b1010010111101 -
#53100000
b100100 "
b100100 '
b10100 .
b110 &
b110 /
b1010010111110 -
#53110000
b11 "
b11 .
b11 '
b111 &
b111 /
b1010010111111 -
#53120000
b101100 "
1#
b101100 '
b11111111111111111111111111111000 ,
b0 &
b11000 %
b11000 +
b0 /
b1010011000000 -
#53130000
b100 "
b100 '
b1 &
b1 /
b1010011000001 -
#53140000
b1000 "
0#
b1000 '
b10 &
b10 /
b1010011000010 -
#53150000
b0 "
b0 '
b11 &
b11 /
b1010011000011 -
#53160000
1!
1(
b100 &
b100 /
b1010011000100 -
#53170000
0!
0(
b101 &
b101 /
b1010011000101 -
#53180000
b100000 "
b100000 '
b10000 .
b110 &
b110 /
b1010011000110 -
#53190000
b1100 "
b1100 .
b1100 '
b111 &
b111 /
b1010011000111 -
#53200000
b101101 "
1#
b101101 '
b11111111111111111111111111110111 ,
b0 &
b11001 %
b11001 +
b0 /
b1010011001000 -
#53210000
b101 "
b101 '
b1 &
b1 /
b1010011001001 -
#53220000
b1001 "
0#
b1001 '
b10 &
b10 /
b1010011001010 -
#53230000
b0 "
b0 '
b11 &
b11 /
b1010011001011 -
#53240000
1!
1(
b100 &
b100 /
b1010011001100 -
#53250000
0!
0(
b101 &
b101 /
b1010011001101 -
#53260000
b100000 "
b100000 '
b10000 .
b110 &
b110 /
b1010011001110 -
#53270000
b1101 "
b1101 .
b1101 '
b111 &
b111 /
b1010011001111 -
#53280000
b101110 "
1#
b101110 '
b11111111111111111111111111110110 ,
b0 &
b11010 %
b11010 +
b0 /
b1010011010000 -
#53290000
b110 "
b110 '
b1 &
b1 /
b1010011010001 -
#53300000
b1010 "
0#
b1010 '
b10 &
b10 /
b1010011010010 -
#53310000
b0 "
b0 '
b11 &
b11 /
b1010011010011 -
#53320000
1!
1(
b100 &
b100 /
b1010011010100 -
#53330000
0!
0(
b101 &
b101 /
b1010011010101 -
#53340000
b100000 "
b100000 '
b10000 .
b110 &
b110 /
b1010011010110 -
#53350000
b1110 "
b1110 .
b1110 '
b111 &
b111 /
b1010011010111 -
#53360000
b101111 "
1#
b101111 '
b11111111111111111111111111110101 ,
b0 &
b11011 %
b11011 +
b0 /
b1010011011000 -
#53370000
b111 "
b111 '
b1 &
b1 /
b1010011011001 -
#53380000
b1011 "
0#
b1011 '
b10 &
b10 /
b1010011011010 -
#53390000
b0 "
b0 '
b11 &
b11 /
b1010011011011 -
#53400000
1!
1(
b100 &
b100 /
b1010011011100 -
#53410000
0!
0(
b101 &
b101 /
b1010011011101 -
#53420000
b100000 "
b100000 '
b10000 .
b110 &
b110 /
b1010011011110 -
#53430000
b1111 "
b1111 .
b1111 '
b111 &
b111 /
b1010011011111 -
#53440000
b110000 "
1#
b110000 '
b11111111111111111111111111110100 ,
b0 &
b11100 %
b11100 +
b0 /
b1010011100000 -
#53450000
b1000 "
b1000 '
b1 &
b1 /
b1010011100001 -
#53460000
b1100 "
0#
b1100 '
b10 &
b10 /
b1010011100010 -
#53470000
b0 "
b0 '
b11 &
b11 /
b1010011100011 -
#53480000
1!
1(
b100 &
b100 /
b1010011100100 -
#53490000
0!
0(
b101 &
b101 /
b1010011100101 -
#53500000
b100100 "
b100100 '
b10100 .
b110 &
b110 /
b1010011100110 -
#53510000
b1000 "
b1000 .
b1000 '
b111 &
b111 /
b1010011100111 -
#53520000
b110001 "
1#
b110001 '
b11111111111111111111111111110011 ,
b0 &
b11101 %
b11101 +
b0 /
b1010011101000 -
#53530000
b1001 "
b1001 '
b1 &
b1 /
b1010011101001 -
#53540000
b1101 "
0#
b1101 '
b10 &
b10 /
b1010011101010 -
#53550000
b0 "
b0 '
b11 &
b11 /
b1010011101011 -
#53560000
1!
1(
b100 &
b100 /
b1010011101100 -
#53570000
0!
0(
b101 &
b101 /
b1010011101101 -
#53580000
b100100 "
b100100 '
b10100 .
b110 &
b110 /
b1010011101110 -
#53590000
b1001 "
b1001 .
b1001 '
b111 &
b111 /
b1010011101111 -
#53600000
b110010 "
1#
b110010 '
b11111111111111111111111111110010 ,
b0 &
b11110 %
b11110 +
b0 /
b1010011110000 -
#53610000
b1010 "
b1010 '
b1 &
b1 /
b1010011110001 -
#53620000
b1110 "
0#
b1110 '
b10 &
b10 /
b1010011110010 -
#53630000
b0 "
b0 '
b11 &
b11 /
b1010011110011 -
#53640000
1!
1(
b100 &
b100 /
b1010011110100 -
#53650000
0!
0(
b101 &
b101 /
b1010011110101 -
#53660000
b100100 "
b100100 '
b10100 .
b110 &
b110 /
b1010011110110 -
#53670000
b1010 "
b1010 .
b1010 '
b111 &
b111 /
b1010011110111 -
#53680000
b110011 "
1#
b110011 '
b11111111111111111111111111110001 ,
b0 &
b11111 %
b11111 +
b0 /
b1010011111000 -
#53690000
b1011 "
b1011 '
b1 &
b1 /
b1010011111001 -
#53700000
b1111 "
0#
b1111 '
b10 &
b10 /
b1010011111010 -
#53710000
b0 "
b0 '
b11 &
b11 /
b1010011111011 -
#53720000
1!
1(
b100 &
b100 /
b1010011111100 -
#53730000
0!
0(
b101 &
b101 /
b1010011111101 -
#53740000
b100100 "
b100100 '
b10100 .
b110 &
b110 /
b1010011111110 -
#53750000
b1011 "
b1011 .
b1011 '
b111 &
b111 /
b1010011111111 -
#53760000
b100101 "
1#
b100101 '
b0 ,
b11111111111111111111111111111011 *
b0 &
b0 %
b10101 $
b10101 )
b0 +
b0 /
b1010100000000 -
#53770000
b100101 "
b100101 '
b1 &
b1 /
b1010100000001 -
#53780000
b0 "
0#
b0 '
b10 &
b10 /
b1010100000010 -
#53790000
b11 &
b11 /
b1010100000011 -
#53800000
b100 &
b100 /
b1010100000100 -
#53810000
1!
1(
b101 &
b101 /
b1010100000101 -
#53820000
0!
b0 .
0(
b110 &
b110 /
b1010100000110 -
#53830000
b100101 "
b100101 '
b10101 .
b111 &
b111 /
b1010100000111 -
#53840000
b100100 "
1#
b100100 '
b1 ,
b0 &
b1 %
b1 +
b0 /
b1010100001000 -
#53850000
b100110 "
b100110 '
b1 &
b1 /
b1010100001001 -
#53860000
b111111 "
0#
b111111 '
b10 &
b10 /
b1010100001010 -
#53870000
b0 "
b0 '
b11 &
b11 /
b1010100001011 -
#53880000
b100 &
b100 /
b1010100001100 -
#53890000
1!
1(
b101 &
b101 /
b1010100001101 -
#53900000
b1 "
0!
b1 '
b1 .
0(
b110 &
b110 /
b1010100001110 -
#53910000
b100100 "
b10100 .
b100100 '
b111 &
b111 /
b1010100001111 -
#53920000
b100011 "
1#
b100011 '
b10 ,
b0 &
b10 %
b10 +
b0 /
b1010100010000 -
#53930000
b100111 "
b100111 '
b1 &
b1 /
b1010100010001 -
#53940000
b111110 "
0#
b111110 '
b10 &
b10 /
b1010100010010 -
#53950000
b0 "
b0 '
b11 &
b11 /
b1010100010011 -
#53960000
b100 &
b100 /
b1010100010100 -
#53970000
1!
1(
b101 &
b101 /
b1010100010101 -
#53980000
0!
b0 .
0(
b110 &
b110 /
b1010100010110 -
#53990000
b100111 "
b100111 '
b10111 .
b111 &
b111 /
b1010100010111 -
#54000000
b100010 "
1#
b100010 '
b11 ,
b0 &
b11 %
b11 +
b0 /
b1010100011000 -
#54010000
b101000 "
b101000 '
b1 &
b1 /
b1010100011001 -
#54020000
b111101 "
0#
b111101 '
b10 &
b10 /
b1010100011010 -
#54030000
b0 "
b0 '
b11 &
b11 /
b1010100011011 -
#54040000
b100 &
b100 /
b1010100011100 -
#54050000
1!
1(
b101 &
b101 /
b1010100011101 -
#54060000
b1 "
0!
b1 '
b1 .
0(
b110 &
b110 /
b1010100011110 -
#54070000
b100110 "
b10110 .
b100110 '
b111 &
b111 /
b1010100011111 -
#54080000
b100001 "
1#
b100001 '
b100 ,
b0 &
b100 %
b100 +
b0 /
b1010100100000 -
#54090000
b101001 "
b101001 '
b1 &
b1 /
b1010100100001 -
#54100000
b111100 "
0#
b111100 '
b10 &
b10 /
b1010100100010 -
#54110000
b0 "
b0 '
b11 &
b11 /
b1010100100011 -
#54120000
b100 &
b100 /
b1010100100100 -
#54130000
1!
1(
b101 &
b101 /
b1010100100101 -
#54140000
b100 "
0!
b100 '
b100 .
0(
b110 &
b110 /
b1010100100110 -
#54150000
b100001 "
b10001 .
b100001 '
b111 &
b111 /
b1010100100111 -
#54160000
b0 "
1#
b0 '
b101 ,
b0 &
b101 %
b101 +
b0 /
b1010100101000 -
#54170000
b101010 "
b101010 '
b1 &
b1 /
b1010100101001 -
#54180000
b111011 "
0#
b111011 '
b10 &
b10 /
b1010100101010 -
#54190000
b0 "
b0 '
b11 &
b11 /
b1010100101011 -
#54200000
b100 &
b100 /
b1010100101100 -
#54210000
1!
1(
b101 &
b101 /
b1010100101101 -
#54220000
b101 "
0!
b101 '
b101 .
0(
b110 &
b110 /
b1010100101110 -
#54230000
b100000 "
b10000 .
b100000 '
b111 &
b111 /
b1010100101111 -
#54240000
b1 "
1#
b1 '
b110 ,
b0 &
b110 %
b110 +
b0 /
b1010100110000 -
#54250000
b101011 "
b101011 '
b1 &
b1 /
b1010100110001 -
#54260000
b111010 "
0#
b111010 '
b10 &
b10 /
b1010100110010 -
#54270000
b0 "
b0 '
b11 &
b11 /
b1010100110011 -
#54280000
b100 &
b100 /
b1010100110100 -
#54290000
1!
1(
b101 &
b101 /
b1010100110101 -
#54300000
b100 "
0!
b100 '
b100 .
0(
b110 &
b110 /
b1010100110110 -
#54310000
b100011 "
b10011 .
b100011 '
b111 &
b111 /
b1010100110111 -
#54320000
b10 "
1#
b10 '
b111 ,
b0 &
b111 %
b111 +
b0 /
b1010100111000 -
#54330000
b101100 "
b101100 '
b1 &
b1 /
b1010100111001 -
#54340000
b111001 "
0#
b111001 '
b10 &
b10 /
b1010100111010 -
#54350000
b0 "
b0 '
b11 &
b11 /
b1010100111011 -
#54360000
b100 &
b100 /
b1010100111100 -
#54370000
1!
1(
b101 &
b101 /
b1010100111101 -
#54380000
b101 "
0!
b101 '
b101 .
0(
b110 &
b110 /
b1010100111110 -
#54390000
b100010 "
b10010 .
b100010 '
b111 &
b111 /
b1010100111111 -
#54400000
b11 "
1#
b11 '
b1000 ,
b0 &
b1000 %
b1000 +
b0 /
b1010101000000 -
#54410000
b101101 "
b101101 '
b1 &
b1 /
b1010101000001 -
#54420000
b111000 "
0#
b111000 '
b10 &
b10 /
b1010101000010 -
#54430000
b0 "
b0 '
b11 &
b11 /
b1010101000011 -
#54440000
b100 &
b100 /
b1010101000100 -
#54450000
1!
1(
b101 &
b101 /
b1010101000101 -
#54460000
0!
b0 .
0(
b110 &
b110 /
b1010101000110 -
#54470000
b101101 "
b101101 '
b11101 .
b111 &
b111 /
b1010101000111 -
#54480000
b100 "
1#
b100 '
b1001 ,
b0 &
b1001 %
b1001 +
b0 /
b1010101001000 -
#54490000
b101110 "
b101110 '
b1 &
b1 /
b1010101001001 -
#54500000
b110111 "
0#
b110111 '
b10 &
b10 /
b1010101001010 -
#54510000
b0 "
b0 '
b11 &
b11 /
b1010101001011 -
#54520000
b100 &
b100 /
b1010101001100 -
#54530000
1!
1(
b101 &
b101 /
b1010101001101 -
#54540000
b1 "
0!
b1 '
b1 .
0(
b110 &
b110 /
b1010101001110 -
#54550000
b101100 "
b11100 .
b101100 '
b111 &
b111 /
b1010101001111 -
#54560000
b101 "
1#
b101 '
b1010 ,
b0 &
b1010 %
b1010 +
b0 /
b1010101010000 -
#54570000
b101111 "
b101111 '
b1 &
b1 /
b1010101010001 -
#54580000
b110110 "
0#
b110110 '
b10 &
b10 /
b1010101010010 -
#54590000
b0 "
b0 '
b11 &
b11 /
b1010101010011 -
#54600000
b100 &
b100 /
b1010101010100 -
#54610000
1!
1(
b101 &
b101 /
b1010101010101 -
#54620000
0!
b0 .
0(
b110 &
b110 /
b1010101010110 -
#54630000
b101111 "
b101111 '
b11111 .
b111 &
b111 /
b1010101010111 -
#54640000
b110 "
1#
b110 '
b1011 ,
b0 &
b1011 %
b1011 +
b0 /
b1010101011000 -
#54650000
b110000 "
b110000 '
b1 &
b1 /
b1010101011001 -
#54660000
b110101 "
0#
b110101 '
b10 &
b10 /
b1010101011010 -
#54670000
b0 "
b0 '
b11 &
b11 /
b1010101011011 -
#54680000
b100 &
b100 /
b1010101011100 -
#54690000
1!
1(
b101 &
b101 /
b1010101011101 -
#54700000
b1 "
0!
b1 '
b1 .
0(
b110 &
b110 /
b1010101011110 -
#54710000
b101110 "
b11110 .
b101110 '
b111 &
b111 /
b1010101011111 -
#54720000
b111 "
1#
b111 '
b1100 ,
b0 &
b1100 %
b1100 +
b0 /
b1010101100000 -
#54730000
b110001 "
b110001 '
b1 &
b1 /
b1010101100001 -
#54740000
b110100 "
0#
b110100 '
b10 &
b10 /
b1010101100010 -
#54750000
b0 "
b0 '
b11 &
b11 /
b1010101100011 -
#54760000
b100 &
b100 /
b1010101100100 -
#54770000
1!
1(
b101 &
b101 /
b1010101100101 -
#54780000
b100 "
0!
b100 '
b100 .
0(
b110 &
b110 /
b1010101100110 -
#54790000
b101001 "
b11001 .
b101001 '
b111 &
b111 /
b1010101100111 -
#54800000
b1000 "
1#
b1000 '
b1101 ,
b0 &
b1101 %
b1101 +
b0 /
b1010101101000 -
#54810000
b110010 "
b110010 '
b1 &
b1 /
b1010101101001 -
#54820000
b110011 "
0#
b110011 '
b10 &
b10 /
b1010101101010 -
#54830000
b0 "
b0 '
b11 &
b11 /
b1010101101011 -
#54840000
b100 &
b100 /
b1010101101100 -
#54850000
1!
1(
b101 &
b101 /
b1010101101101 -
#54860000
b101 "
0!
b101 '
b101 .
0(
b110 &
b110 /
b1010101101110 -
#54870000
b101000 "
b11000 .
b101000 '
b111 &
b111 /
b1010101101111 -
#54880000
b1001 "
1#
b1001 '
b1110 ,
b0 &
b1110 %
b1110 +
b0 /
b1010101110000 -
#54890000
b110011 "
b110011 '
b1 &
b1 /
b1010101110001 -
#54900000
b110010 "
0#
b110010 '
b10 &
b10 /
b1010101110010 -
#54910000
b0 "
b0 '
b11 &
b11 /
b1010101110011 -
#54920000
b100 &
b100 /
b1010101110100 -
#54930000
1!
1(
b101 &
b101 /
b1010101110101 -
#54940000
b100 "
0!
b100 '
b100 .
0(
b110 &
b110 /
b1010101110110 -
#54950000
b101011 "
b11011 .
b101011 '
b111 &
b111 /
b1010101110111 -
#54960000
b1010 "
1#
b1010 '
b1111 ,
b0 &
b1111 %
b1111 +
b0 /
b1010101111000 -
#54970000
b110100 "
b110100 '
b1 &
b1 /
b1010101111001 -
#54980000
b110001 "
0#
b110001 '
b10 &
b10 /
b1010101111010 -
#54990000
b0 "
b0 '
b11 &
b11 /
b1010101111011 -
#55000000
b100 &
b100 /
b1010101111100 -
#55010000
1!
1(
b101 &
b101 /
b1010101111101 -
#55020000
b101 "
0!
b101 '
b101 .
0(
b110 &
b110 /
b1010101111110 -
#55030000
b101010 "
b11010 .
b101010 '
b111 &
b111 /
b1010101111111 -
#55040000
b100101 "
1#
b100101 '
b0 ,
b0 &
b10000 %
b10000 +
b0 /
b1010110000000 -
#55050000
b100101 "
b100101 '
b1 &
b1 /
b1010110000001 -
#55060000
b0 "
0#
b0 '
b10 &
b10 /
b1010110000010 -
#55070000
b11 &
b11 /
b1010110000011 -
#55080000
b100 &
b100 /
b1010110000100 -
#55090000
1!
1(
b101 &
b101 /
b1010110000101 -
#55100000
b100000 "
0!
b100000 '
b10000 .
0(
b110 &
b110 /
b1010110000110 -
#55110000
b101 "
b101 .
b101 '
b111 &
b111 /
b1010110000111 -
#55120000
b100110 "
1#
b100110 '
b11111111111111111111111111111111 ,
b0 &
b10001 %
b10001 +
b0 /
b1010110001000 -
#55130000
b100100 "
b100100 '
b1 &
b1 /
b1010110001001 -
#55140000
b1 "
0#
b1 '
b10 &
b10 /
b1010110001010 -
#55150000
b0 "
b0 '
b11 &
b11 /
b1010110001011 -
#55160000
b100 &
b100 /
b1010110001100 -
#55170000
1!
1(
b101 &
b101 /
b1010110001101 -
#55180000
b100001 "
0!
b100001 '
b10001 .
0(
b110 &
b110 /
b1010110001110 -
#55190000
b100 "
b100 .
b100 '
b111 &
b111 /
b1010110001111 -
#55200000
b100111 "
1#
b100111 '
b11111111111111111111111111111110 ,
b0 &
b10010 %
b10010 +
b0 /
b1010110010000 -
#55210000
b100011 "
b100011 '
b1 &
b1 /
b1010110010001 -
#55220000
b10 "
0#
b10 '
b10 &
b10 /
b1010110010010 -
#55230000
b0 "
b0 '
b11 &
b11 /
b1010110010011 -
#55240000
b100 &
b100 /
b1010110010100 -
#55250000
1!
1(
b101 &
b101 /
b1010110010101 -
#55260000
b100000 "
0!
b100000 '
b10000 .
0(
b110 &
b110 /
b1010110010110 -
#55270000
b111 "
b111 .
b111 '
b111 &
b111 /
b1010110010111 -
#55280000
b101000 "
1#
b101000 '
b11111111111111111111111111111101 ,
b0 &
b10011 %
b10011 +
b0 /
b1010110011000 -
#55290000
b100010 "
b100010 '
b1 &
b1 /
b1010110011001 -
#55300000
b11 "
0#
b11 '
b10 &
b10 /
b1010110011010 -
#55310000
b0 "
b0 '
b11 &
b11 /
b1010110011011 -
#55320000
b100 &
b100 /
b1010110011100 -
#55330000
1!
1(
b101 &
b101 /
b1010110011101 -
#55340000
b100001 "
0!
b100001 '
b10001 .
0(
b110 &
b110 /
b1010110011110 -
#55350000
b110 "
b110 .
b110 '
b111 &
b111 /
b1010110011111 -
#55360000
b101001 "
1#
b101001 '
b11111111111111111111111111111100 ,
b0 &
b10100 %
b10100 +
b0 /
b1010110100000 -
#55370000
b100001 "
b100001 '
b1 &
b1 /
b1010110100001 -
#55380000
b100 "
0#
b100 '
b10 &
b10 /
b1010110100010 -
#55390000
b0 "
b0 '
b11 &
b11 /
b1010110100011 -
#55400000
b100 &
b100 /
b1010110100100 -
#55410000
1!
1(
b101 &
b101 /
b1010110100101 -
#55420000
b100100 "
0!
b100100 '
b10100 .
0(
b110 &
b110 /
b1010110100110 -
#55430000
b1 "
b1 .
b1 '
b111 &
b111 /
b1010110100111 -
#55440000
b101010 "
1#
b101010 '
b11111111111111111111111111111011 ,
b0 &
b10101 %
b10101 +
b0 /
b1010110101000 -
#55450000
b0 "
b0 '
b1 &
b1 /
b1010110101001 -
#55460000
b101 "
0#
b101 '
b10 &
b10 /
b1010110101010 -
#55470000
b0 "
1!
1(
b0 '
b11 &
b11 /
b1010110101011 -
#55480000
0!
0(
b100 &
b100 /
b1010110101100 -
#55490000
b101 &
b101 /
b1010110101101 -
#55500000
b100101 "
b100101 '
b10101 .
b110 &
b110 /
b1010110101110 -
#55510000
b0 "
b0 .
b0 '
b111 &
b111 /
b1010110101111 -
#55520000
b101011 "
1#
b101011 '
b11111111111111111111111111111010 ,
b0 &
b10110 %
b10110 +
b0 /
b1010110110000 -
#55530000
b1 "
b1 '
b1 &
b1 /
b1010110110001 -
#55540000
b110 "
0#
b110 '
b10 &
b10 /
b1010110110010 -
#55550000
b0 "
b0 '
b11 &
b11 /
b1010110110011 -
#55560000
1!
1(
b100 &
b100 /
b1010110110100 -
#55570000
0!
0(
b101 &
b101 /
b1010110110101 -
#55580000
b100100 "
b100100 '
b10100 .
b110 &
b110 /
b1010110110110 -
#55590000
b11 "
b11 .
b11 '
b111 &
b111 /
b1010110110111 -
#55600000
b101100 "
1#
b101100 '
b11111111111111111111111111111001 ,
b0 &
b10111 %
b10111 +
b0 /
b1010110111000 -
#55610000
b10 "
b10 '
b1 &
b1 /
b1010110111001 -
#55620000
b111 "
0#
b111 '
b10 &
b10 /
b1010110111010 -
#55630000
b0 "
b0 '
b11 &
b11 /
b1010110111011 -
#55640000
1!
1(
b100 &
b100 /
b1010110111100 -
#55650000
0!
0(
b101 &
b101 /
b1010110111101 -
#55660000
b100101 "
b100101 '
b10101 .
b110 &
b110 /
b1010110111110 -
#55670000
b10 "
b10 .
b10 '
b111 &
b111 /
b1010110111111 -
#55680000
b101101 "
1#
b101101 '
b11111111111111111111111111111000 ,
b0 &
b11000 %
b11000 +
b0 /
b1010111000000 -
#55690000
b11 "
b11 '
b1 &
b1 /
b1010111000001 -
#55700000
b1000 "
0#
b1000 '
b10 &
b10 /
b1010111000010 -
#55710000
b0 "
b0 '
b11 &
b11 /
b1010111000011 -
#55720000
1!
1(
b100 &
b100 /
b1010111000100 -
#55730000
0!
0(
b101 &
b101 /
b1010111000101 -
#55740000
b100000 "
b100000 '
b10000 .
b110 &
b110 /
b1010111000110 -
#55750000
b1101 "
b1101 .
b1101 '
b111 &
b111 /
b1010111000111 -
#55760000
b101110 "
1#
b101110 '
b11111111111111111111111111110111 ,
b0 &
b11001 %
b11001 +
b0 /
b1010111001000 -
#55770000
b100 "
b100 '
b1 &
b1 /
b1010111001001 -
#55780000
b1001 "
0#
b1001 '
b10 &
b10 /
b1010111001010 -
#55790000
b0 "
b0 '
b11 &
b11 /
b1010111001011 -
#55800000
1!
1(
b100 &
b100 /
b1010111001100 -
#55810000
0!
0(
b101 &
b101 /
b1010111001101 -
#55820000
b100001 "
b100001 '
b10001 .
b110 &
b110 /
b1010111001110 -
#55830000
b1100 "
b1100 .
b1100 '
b111 &
b111 /
b1010111001111 -
#55840000
b101111 "
1#
b101111 '
b11111111111111111111111111110110 ,
b0 &
b11010 %
b11010 +
b0 /
b1010111010000 -
#55850000
b101 "
b101 '
b1 &
b1 /
b1010111010001 -
#55860000
b1010 "
0#
b1010 '
b10 &
b10 /
b1010111010010 -
#55870000
b0 "
b0 '
b11 &
b11 /
b1010111010011 -
#55880000
1!
1(
b100 &
b100 /
b1010111010100 -
#55890000
0!
0(
b101 &
b101 /
b1010111010101 -
#55900000
b100000 "
b100000 '
b10000 .
b110 &
b110 /
b1010111010110 -
#55910000
b1111 "
b1111 .
b1111 '
b111 &
b111 /
b1010111010111 -
#55920000
b110000 "
1#
b110000 '
b11111111111111111111111111110101 ,
b0 &
b11011 %
b11011 +
b0 /
b1010111011000 -
#55930000
b110 "
b110 '
b1 &
b1 /
b1010111011001 -
#55940000
b1011 "
0#
b1011 '
b10 &
b10 /
b1010111011010 -
#55950000
b0 "
b0 '
b11 &
b11 /
b1010111011011 -
#55960000
1!
1(
b100 &
b100 /
b1010111011100 -
#55970000
0!
0(
b101 &
b101 /
b1010111011101 -
#55980000
b100001 "
b100001 '
b10001 .
b110 &
b110 /
b1010111011110 -
#55990000
b1110 "
b1110 .
b1110 '
b111 &
b111 /
b1010111011111 -
#56000000
b110001 "
1#
b110001 '
b11111111111111111111111111110100 ,
b0 &
b11100 %
b11100 +
b0 /
b1010111100000 -
#56010000
b111 "
b111 '
b1 &
b1 /
b1010111100001 -
#56020000
b1100 "
0#
b1100 '
b10 &
b10 /
b1010111100010 -
#56030000
b0 "
b0 '
b11 &
b11 /
b1010111100011 -
#56040000
1!
1(
b100 &
b100 /
b1010111100100 -
#56050000
0!
0(
b101 &
b101 /
b1010111100101 -
#56060000
b100100 "
b100100 '
b10100 .
b110 &
b110 /
b1010111100110 -
#56070000
b1001 "
b1001 .
b1001 '
b111 &
b111 /
b1010111100111 -
#56080000
b110010 "
1#
b110010 '
b11111111111111111111111111110011 ,
b0 &
b11101 %
b11101 +
b0 /
b1010111101000 -
#56090000
b1000 "
b1000 '
b1 &
b1 /
b1010111101001 -
#56100000
b1101 "
0#
b1101 '
b10 &
b10 /
b1010111101010 -
#56110000
b0 "
b0 '
b11 &
b11 /
b1010111101011 -
#56120000
1!
1(
b100 &
b100 /
b1010111101100 -
#56130000
0!
0(
b101 &
b101 /
b1010111101101 -
#56140000
b100101 "
b100101 '
b10101 .
b110 &
b110 /
b1010111101110 -
#56150000
b1000 "
b1000 .
b1000 '
b111 &
b111 /
b1010111101111 -
#56160000
b110011 "
1#
b110011 '
b11111111111111111111111111110010 ,
b0 &
b11110 %
b11110 +
b0 /
b1010111110000 -
#56170000
b1001 "
b1001 '
b1 &
b1 /
b1010111110001 -
#56180000
b1110 "
0#
b1110 '
b10 &
b10 /
b1010111110010 -
#56190000
b0 "
b0 '
b11 &
b11 /
b1010111110011 -
#56200000
1!
1(
b100 &
b100 /
b1010111110100 -
#56210000
0!
0(
b101 &
b101 /
b1010111110101 -
#56220000
b100100 "
b100100 '
b10100 .
b110 &
b110 /
b1010111110110 -
#56230000
b1011 "
b1011 .
b1011 '
b111 &
b111 /
b1010111110111 -
#56240000
b110100 "
1#
b110100 '
b11111111111111111111111111110001 ,
b0 &
b11111 %
b11111 +
b0 /
b1010111111000 -
#56250000
b1010 "
b1010 '
b1 &
b1 /
b1010111111001 -
#56260000
b1111 "
0#
b1111 '
b10 &
b10 /
b1010111111010 -
#56270000
b0 "
b0 '
b11 &
b11 /
b1010111111011 -
#56280000
1!
1(
b100 &
b100 /
b1010111111100 -
#56290000
0!
0(
b101 &
b101 /
b1010111111101 -
#56300000
b100101 "
b100101 '
b10101 .
b110 &
b110 /
b1010111111110 -
#56310000
b1010 "
b1010 .
b1010 '
b111 &
b111 /
b1010111111111 -
#56320000
b100110 "
1#
b100110 '
b0 ,
b11111111111111111111111111111010 *
b0 &
b0 %
b10110 $
b10110 )
b0 +
b0 /
b1011000000000 -
#56330000
b100110 "
b100110 '
b1 &
b1 /
b1011000000001 -
#56340000
b0 "
0#
b0 '
b10 &
b10 /
b1011000000010 -
#56350000
b11 &
b11 /
b1011000000011 -
#56360000
b100 &
b100 /
b1011000000100 -
#56370000
1!
1(
b101 &
b101 /
b1011000000101 -
#56380000
0!
b0 .
0(
b110 &
b110 /
b1011000000110 -
#56390000
b100110 "
b100110 '
b10110 .
b111 &
b111 /
b1011000000111 -
#56400000
b100101 "
1#
b100101 '
b1 ,
b0 &
b1 %
b1 +
b0 /
b1011000001000 -
#56410000
b100111 "
b100111 '
b1 &
b1 /
b1011000001001 -
#56420000
b111111 "
0#
b111111 '
b10 &
b10 /
b1011000001010 -
#56430000
b0 "
b0 '
b11 &
b11 /
b1011000001011 -
#56440000
b100 &
b100 /
b1011000001100 -
#56450000
1!
1(
b101 &
b101 /
b1011000001101 -
#56460000
0!
b0 .
0(
b110 &
b110 /
b1011000001110 -
#56470000
b100111 "
b100111 '
b10111 .
b111 &
b111 /
b1011000001111 -
#56480000
b100100 "
1#
b100100 '
b10 ,
b0 &
b10 %
b10 +
b0 /
b1011000010000 -
#56490000
b101000 "
b101000 '
b1 &
b1 /
b1011000010001 -
#56500000
b111110 "
0#
b111110 '
b10 &
b10 /
b1011000010010 -
#56510000
b0 "
b0 '
b11 &
b11 /
b1011000010011 -
#56520000
b100 &
b100 /
b1011000010100 -
#56530000
1!
1(
b101 &
b101 /
b1011000010101 -
#56540000
b10 "
0!
b10 '
b10 .
0(
b110 &
b110 /
b1011000010110 -
#56550000
b100100 "
b10100 .
b100100 '
b111 &
b111 /
b1011000010111 -
#56560000
b100011 "
1#
b100011 '
b11 ,
b0 &
b11 %
b11 +
b0 /
b1011000011000 -
#56570000
b101001 "
b101001 '
b1 &
b1 /
b1011000011001 -
#56580000
b111101 "
0#
b111101 '
b10 &
b10 /
b1011000011010 -
#56590000
b0 "
b0 '
b11 &
b11 /
b1011000011011 -
#56600000
b100 &
b100 /
b1011000011100 -
#56610000
1!
1(
b101 &
b101 /
b1011000011101 -
#56620000
b10 "
0!
b10 '
b10 .
0(
b110 &
b110 /
b1011000011110 -
#56630000
b100101 "
b10101 .
b100101 '
b111 &
b111 /
b1011000011111 -
#56640000
b100010 "
1#
b100010 '
b100 ,
b0 &
b100 %
b100 +
b0 /
b1011000100000 -
#56650000
b101010 "
b101010 '
b1 &
b1 /
b1011000100001 -
#56660000
b111100 "
0#
b111100 '
b10 &
b10 /
b1011000100010 -
#56670000
b0 "
b0 '
b11 &
b11 /
b1011000100011 -
#56680000
b100 &
b100 /
b1011000100100 -
#56690000
1!
1(
b101 &
b101 /
b1011000100101 -
#56700000
b100 "
0!
b100 '
b100 .
0(
b110 &
b110 /
b1011000100110 -
#56710000
b100010 "
b10010 .
b100010 '
b111 &
b111 /
b1011000100111 -
#56720000
b100001 "
1#
b100001 '
b101 ,
b0 &
b101 %
b101 +
b0 /
b1011000101000 -
#56730000
b101011 "
b101011 '
b1 &
b1 /
b1011000101001 -
#56740000
b111011 "
0#
b111011 '
b10 &
b10 /
b1011000101010 -
#56750000
b0 "
b0 '
b11 &
b11 /
b1011000101011 -
#56760000
b100 &
b100 /
b1011000101100 -
#56770000
1!
1(
b101 &
b101 /
b1011000101101 -
#56780000
b100 "
0!
b100 '
b100 .
0(
b110 &
b110 /
b1011000101110 -
#56790000
b100011 "
b10011 .
b100011 '
b111 &
b111 /
b1011000101111 -
#56800000
b0 "
1#
b0 '
b110 ,
b0 &
b110 %
b110 +
b0 /
b1011000110000 -
#56810000
b101100 "
b101100 '
b1 &
b1 /
b1011000110001 -
#56820000
b111010 "
0#
b111010 '
b10 &
b10 /
b1011000110010 -
#56830000
b0 "
b0 '
b11 &
b11 /
b1011000110011 -
#56840000
b100 &
b100 /
b1011000110100 -
#56850000
1!
1(
b101 &
b101 /
b1011000110101 -
#56860000
b110 "
0!
b110 '
b110 .
0(
b110 &
b110 /
b1011000110110 -
#56870000
b100000 "
b10000 .
b100000 '
b111 &
b111 /
b1011000110111 -
#56880000
b1 "
1#
b1 '
b111 ,
b0 &
b111 %
b111 +
b0 /
b1011000111000 -
#56890000
b101101 "
b101101 '
b1 &
b1 /
b1011000111001 -
#56900000
b111001 "
0#
b111001 '
b10 &
b10 /
b1011000111010 -
#56910000
b0 "
b0 '
b11 &
b11 /
b1011000111011 -
#56920000
b100 &
b100 /
b1011000111100 -
#56930000
1!
1(
b101 &
b101 /
b1011000111101 -
#56940000
b110 "
0!
b110 '
b110 .
0(
b110 &
b110 /
b1011000111110 -
#56950000
b100001 "
b10001 .
b100001 '
b111 &
b111 /
b1011000111111 -
#56960000
b10 "
1#
b10 '
b1000 ,
b0 &
b1000 %
b1000 +
b0 /
b1011001000000 -
#56970000
b101110 "
b101110 '
b1 &
b1 /
b1011001000001 -
#56980000
b111000 "
0#
b111000 '
b10 &
b10 /
b1011001000010 -
#56990000
b0 "
b0 '
b11 &
b11 /
b1011001000011 -
#57000000
b100 &
b100 /
b1011001000100 -
#57010000
1!
1(
b101 &
b101 /
b1011001000101 -
#57020000
0!
b0 .
0(
b110 &
b110 /
b1011001000110 -
#57030000
b101110 "
b101110 '
b11110 .
b111 &
b111 /
b1011001000111 -
#57040000
b11 "
1#
b11 '
b1001 ,
b0 &
b1001 %
b1001 +
b0 /
b1011001001000 -
#57050000
b101111 "
b101111 '
b1 &
b1 /
b1011001001001 -
#57060000
b110111 "
0#
b110111 '
b10 &
b10 /
b1011001001010 -
#57070000
b0 "
b0 '
b11 &
b11 /
b1011001001011 -
#57080000
b100 &
b100 /
b1011001001100 -
#57090000
1!
1(
b101 &
b101 /
b1011001001101 -
#57100000
0!
b0 .
0(
b110 &
b110 /
b1011001001110 -
#57110000
b101111 "
b101111 '
b11111 .
b111 &
b111 /
b1011001001111 -
#57120000
b100 "
1#
b100 '
b1010 ,
b0 &
b1010 %
b1010 +
b0 /
b1011001010000 -
#57130000
b110000 "
b110000 '
b1 &
b1 /
b1011001010001 -
#57140000
b110110 "
0#
b110110 '
b10 &
b10 /
b1011001010010 -
#57150000
b0 "
b0 '
b11 &
b11 /
b1011001010011 -
#57160000
b100 &
b100 /
b1011001010100 -
#57170000
1!
1(
b101 &
b101 /
b1011001010101 -
#57180000
b10 "
0!
b10 '
b10 .
0(
b110 &
b110 /
b1011001010110 -
#57190000
b101100 "
b11100 .
b101100 '
b111 &
b111 /
b1011001010111 -
#57200000
b101 "
1#
b101 '
b1011 ,
b0 &
b1011 %
b1011 +
b0 /
b1011001011000 -
#57210000
b110001 "
b110001 '
b1 &
b1 /
b1011001011001 -
#57220000
b110101 "
0#
b110101 '
b10 &
b10 /
b1011001011010 -
#57230000
b0 "
b0 '
b11 &
b11 /
b1011001011011 -
#57240000
b100 &
b100 /
b1011001011100 -
#57250000
1!
1(
b101 &
b101 /
b1011001011101 -
#57260000
b10 "
0!
b10 '
b10 .
0(
b110 &
b110 /
b1011001011110 -
#57270000
b101101 "
b11101 .
b101101 '
b111 &
b111 /
b1011001011111 -
#57280000
b110 "
1#
b110 '
b1100 ,
b0 &
b1100 %
b1100 +
b0 /
b1011001100000 -
#57290000
b110010 "
b110010 '
b1 &
b1 /
b1011001100001 -
#57300000
b110100 "
0#
b110100 '
b10 &
b10 /
b1011001100010 -
#57310000
b0 "
b0 '
b11 &
b11 /
b1011001100011 -
#57320000
b100 &
b100 /
b1011001100100 -
#57330000
1!
1(
b101 &
b101 /
b1011001100101 -
#57340000
b100 "
0!
b100 '
b100 .
0(
b110 &
b110 /
b1011001100110 -
#57350000
b101010 "
b11010 .
b101010 '
b111 &
b111 /
b1011001100111 -
#57360000
b111 "
1#
b111 '
b1101 ,
b0 &
b1101 %
b1101 +
b0 /
b1011001101000 -
#57370000
b110011 "
b110011 '
b1 &
b1 /
b1011001101001 -
#57380000
0#
b110011 '
b10 &
b10 /
b1011001101010 -
#57390000
b0 "
b0 '
b11 &
b11 /
b1011001101011 -
#57400000
b100 &
b100 /
b1011001101100 -
#57410000
1!
1(
b101 &
b101 /
b1011001101101 -
#57420000
b100 "
0!
b100 '
b100 .
0(
b110 &
b110 /
b1011001101110 -
#57430000
b101011 "
b11011 .
b101011 '
b111 &
b111 /
b1011001101111 -
#57440000
b1000 "
1#
b1000 '
b1110 ,
b0 &
b1110 %
b1110 +
b0 /
b1011001110000 -
#57450000
b110100 "
b110100 '
b1 &
b1 /
b1011001110001 -
#57460000
b110010 "
0#
b110010 '
b10 &
b10 /
b1011001110010 -
#57470000
b0 "
b0 '
b11 &
b11 /
b1011001110011 -
#57480000
b100 &
b100 /
b1011001110100 -
#57490000
1!
1(
b101 &
b101 /
b1011001110101 -
#57500000
b110 "
0!
b110 '
b110 .
0(
b110 &
b110 /
b1011001110110 -
#57510000
b101000 "
b11000 .
b101000 '
b111 &
b111 /
b1011001110111 -
#57520000
b1001 "
1#
b1001 '
b1111 ,
b0 &
b1111 %
b1111 +
b0 /
b1011001111000 -
#57530000
b110101 "
b110101 '
b1 &
b1 /
b1011001111001 -
#57540000
b110001 "
0#
b110001 '
b10 &
b10 /
b1011001111010 -
#57550000
b0 "
b0 '
b11 &
b11 /
b1011001111011 -
#57560000
b100 &
b100 /
b1011001111100 -
#57570000
1!
1(
b101 &
b101 /
b1011001111101 -
#57580000
b110 "
0!
b110 '
b110 .
0(
b110 &
b110 /
b1011001111110 -
#57590000
b101001 "
b11001 .
b101001 '
b111 &
b111 /
b1011001111111 -
#57600000
b100110 "
1#
b100110 '
b0 ,
b0 &
b10000 %
b10000 +
b0 /
b1011010000000 -
#57610000
b100110 "
b100110 '
b1 &
b1 /
b1011010000001 -
#57620000
b0 "
0#
b0 '
b10 &
b10 /
b1011010000010 -
#57630000
b11 &
b11 /
b1011010000011 -
#57640000
b100 &
b100 /
b1011010000100 -
#57650000
1!
1(
b101 &
b101 /
b1011010000101 -
#57660000
b100000 "
0!
b100000 '
b10000 .
0(
b110 &
b110 /
b1011010000110 -
#57670000
b110 "
b110 .
b110 '
b111 &
b111 /
b1011010000111 -
#57680000
b100111 "
1#
b100111 '
b11111111111111111111111111111111 ,
b0 &
b10001 %
b10001 +
b0 /
b1011010001000 -
#57690000
b100101 "
b100101 '
b1 &
b1 /
b1011010001001 -
#57700000
b1 "
0#
b1 '
b10 &
b10 /
b1011010001010 -
#57710000
b0 "
b0 '
b11 &
b11 /
b1011010001011 -
#57720000
b100 &
b100 /
b1011010001100 -
#57730000
1!
1(
b101 &
b101 /
b1011010001101 -
#57740000
b100000 "
0!
b100000 '
b10000 .
0(
b110 &
b110 /
b1011010001110 -
#57750000
b111 "
b111 .
b111 '
b111 &
b111 /
b1011010001111 -
#57760000
b101000 "
1#
b101000 '
b11111111111111111111111111111110 ,
b0 &
b10010 %
b10010 +
b0 /
b1011010010000 -
#57770000
b100100 "
b100100 '
b1 &
b1 /
b1011010010001 -
#57780000
b10 "
0#
b10 '
b10 &
b10 /
b1011010010010 -
#57790000
b0 "
b0 '
b11 &
b11 /
b1011010010011 -
#57800000
b100 &
b100 /
b1011010010100 -
#57810000
1!
1(
b101 &
b101 /
b1011010010101 -
#57820000
b100010 "
0!
b100010 '
b10010 .
0(
b110 &
b110 /
b1011010010110 -
#57830000
b100 "
b100 .
b100 '
b111 &
b111 /
b1011010010111 -
#57840000
b101001 "
1#
b101001 '
b11111111111111111111111111111101 ,
b0 &
b10011 %
b10011 +
b0 /
b1011010011000 -
#57850000
b100011 "
b100011 '
b1 &
b1 /
b1011010011001 -
#57860000
b11 "
0#
b11 '
b10 &
b10 /
b1011010011010 -
#57870000
b0 "
b0 '
b11 &
b11 /
b1011010011011 -
#57880000
b100 &
b100 /
b1011010011100 -
#57890000
1!
1(
b101 &
b101 /
b1011010011101 -
#57900000
b100010 "
0!
b100010 '
b10010 .
0(
b110 &
b110 /
b1011010011110 -
#57910000
b101 "
b101 .
b101 '
b111 &
b111 /
b1011010011111 -
#57920000
b101010 "
1#
b101010 '
b11111111111111111111111111111100 ,
b0 &
b10100 %
b10100 +
b0 /
b1011010100000 -
#57930000
b100010 "
b100010 '
b1 &
b1 /
b1011010100001 -
#57940000
b100 "
0#
b100 '
b10 &
b10 /
b1011010100010 -
#57950000
b0 "
b0 '
b11 &
b11 /
b1011010100011 -
#57960000
b100 &
b100 /
b1011010100100 -
#57970000
1!
1(
b101 &
b101 /
b1011010100101 -
#57980000
b100100 "
0!
b100100 '
b10100 .
0(
b110 &
b110 /
b1011010100110 -
#57990000
b10 "
b10 .
b10 '
b111 &
b111 /
b1011010100111 -
#58000000
b101011 "
1#
b101011 '
b11111111111111111111111111111011 ,
b0 &
b10101 %
b10101 +
b0 /
b1011010101000 -
#58010000
b100001 "
b100001 '
b1 &
b1 /
b1011010101001 -
#58020000
b101 "
0#
b101 '
b10 &
b10 /
b1011010101010 -
#58030000
b0 "
b0 '
b11 &
b11 /
b1011010101011 -
#58040000
b100 &
b100 /
b1011010101100 -
#58050000
1!
1(
b101 &
b101 /
b1011010101101 -
#58060000
b100100 "
0!
b100100 '
b10100 .
0(
b110 &
b110 /
b1011010101110 -
#58070000
b11 "
b11 .
b11 '
b111 &
b111 /
b1011010101111 -
#58080000
b101100 "
1#
b101100 '
b11111111111111111111111111111010 ,
b0 &
b10110 %
b10110 +
b0 /
b1011010110000 -
#58090000
b0 "
b0 '
b1 &
b1 /
b1011010110001 -
#58100000
b110 "
0#
b110 '
b10 &
b10 /
b1011010110010 -
#58110000
b0 "
1!
1(
b0 '
b11 &
b11 /
b1011010110011 -
#58120000
0!
0(
b100 &
b100 /
b1011010110100 -
#58130000
b101 &
b101 /
b1011010110101 -
#58140000
b100110 "
b100110 '
b10110 .
b110 &
b110 /
b1011010110110 -
#58150000
b0 "
b0 .
b0 '
b111 &
b111 /
b1011010110111 -
#58160000
b101101 "
1#
b101101 '
b11111111111111111111111111111001 ,
b0 &
b10111 %
b10111 +
b0 /
b1011010111000 -
#58170000
b1 "
b1 '
b1 &
b1 /
b1011010111001 -
#58180000
b111 "
0#
b111 '
b10 &
b10 /
b1011010111010 -
#58190000
b0 "
b0 '
b11 &
b11 /
b1011010111011 -
#58200000
1!
1(
b100 &
b100 /
b1011010111100 -
#58210000
0!
0(
b101 &
b101 /
b1011010111101 -
#58220000
b100110 "
b100110 '
b10110 .
b110 &
b110 /
b1011010111110 -
#58230000
b1 "
b1 .
b1 '
b111 &
b111 /
b1011010111111 -
#58240000
b101110 "
1#
b101110 '
b11111111111111111111111111111000 ,
b0 &
b11000 %
b11000 +
b0 /
b1011011000000 -
#58250000
b10 "
b10 '
b1 &
b1 /
b1011011000001 -
#58260000
b1000 "
0#
b1000 '
b10 &
b10 /
b1011011000010 -
#58270000
b0 "
b0 '
b11 &
b11 /
b1011011000011 -
#58280000
1!
1(
b100 &
b100 /
b1011011000100 -
#58290000
0!
0(
b101 &
b101 /
b1011011000101 -
#58300000
b100000 "
b100000 '
b10000 .
b110 &
b110 /
b1011011000110 -
#58310000
b1110 "
b1110 .
b1110 '
b111 &
b111 /
b1011011000111 -
#58320000
b101111 "
1#
b101111 '
b11111111111111111111111111110111 ,
b0 &
b11001 %
b11001 +
b0 /
b1011011001000 -
#58330000
b11 "
b11 '
b1 &
b1 /
b1011011001001 -
#58340000
b1001 "
0#
b1001 '
b10 &
b10 /
b1011011001010 -
#58350000
b0 "
b0 '
b11 &
b11 /
b1011011001011 -
#58360000
1!
1(
b100 &
b100 /
b1011011001100 -
#58370000
0!
0(
b101 &
b101 /
b1011011001101 -
#58380000
b100000 "
b100000 '
b10000 .
b110 &
b110 /
b1011011001110 -
#58390000
b1111 "
b1111 .
b1111 '
b111 &
b111 /
b1011011001111 -
#58400000
b110000 "
1#
b110000 '
b11111111111111111111111111110110 ,
b0 &
b11010 %
b11010 +
b0 /
b1011011010000 -
#58410000
b100 "
b100 '
b1 &
b1 /
b1011011010001 -
#58420000
b1010 "
0#
b1010 '
b10 &
b10 /
b1011011010010 -
#58430000
b0 "
b0 '
b11 &
b11 /
b1011011010011 -
#58440000
1!
1(
b100 &
b100 /
b1011011010100 -
#58450000
0!
0(
b101 &
b101 /
b1011011010101 -
#58460000
b100010 "
b100010 '
b10010 .
b110 &
b110 /
b1011011010110 -
#58470000
b1100 "
b1100 .
b1100 '
b111 &
b111 /
b1011011010111 -
#58480000
b110001 "
1#
b110001 '
b11111111111111111111111111110101 ,
b0 &
b11011 %
b11011 +
b0 /
b1011011011000 -
#58490000
b101 "
b101 '
b1 &
b1 /
b1011011011001 -
#58500000
b1011 "
0#
b1011 '
b10 &
b10 /
b1011011011010 -
#58510000
b0 "
b0 '
b11 &
b11 /
b1011011011011 -
#58520000
1!
1(
b100 &
b100 /
b1011011011100 -
#58530000
0!
0(
b101 &
b101 /
b1011011011101 -
#58540000
b100010 "
b100010 '
b10010 .
b110 &
b110 /
b1011011011110 -
#58550000
b1101 "
b1101 .
b1101 '
b111 &
b111 /
b1011011011111 -
#58560000
b110010 "
1#
b110010 '
b11111111111111111111111111110100 ,
b0 &
b11100 %
b11100 +
b0 /
b1011011100000 -
#58570000
b110 "
b110 '
b1 &
b1 /
b1011011100001 -
#58580000
b1100 "
0#
b1100 '
b10 &
b10 /
b1011011100010 -
#58590000
b0 "
b0 '
b11 &
b11 /
b1011011100011 -
#58600000
1!
1(
b100 &
b100 /
b1011011100100 -
#58610000
0!
0(
b101 &
b101 /
b1011011100101 -
#58620000
b100100 "
b100100 '
b10100 .
b110 &
b110 /
b1011011100110 -
#58630000
b1010 "
b1010 .
b1010 '
b111 &
b111 /
b1011011100111 -
#58640000
b110011 "
1#
b110011 '
b11111111111111111111111111110011 ,
b0 &
b11101 %
b11101 +
b0 /
b1011011101000 -
#58650000
b111 "
b111 '
b1 &
b1 /
b1011011101001 -
#58660000
b1101 "
0#
b1101 '
b10 &
b10 /
b1011011101010 -
#58670000
b0 "
b0 '
b11 &
b11 /
b1011011101011 -
#58680000
1!
1(
b100 &
b100 /
b1011011101100 -
#58690000
0!
0(
b101 &
b101 /
b1011011101101 -
#58700000
b100100 "
b100100 '
b10100 .
b110 &
b110 /
b1011011101110 -
#58710000
b1011 "
b1011 .
b1011 '
b111 &
b111 /
b1011011101111 -
#58720000
b110100 "
1#
b110100 '
b11111111111111111111111111110010 ,
b0 &
b11110 %
b11110 +
b0 /
b1011011110000 -
#58730000
b1000 "
b1000 '
b1 &
b1 /
b1011011110001 -
#58740000
b1110 "
0#
b1110 '
b10 &
b10 /
b1011011110010 -
#58750000
b0 "
b0 '
b11 &
b11 /
b1011011110011 -
#58760000
1!
1(
b100 &
b100 /
b1011011110100 -
#58770000
0!
0(
b101 &
b101 /
b1011011110101 -
#58780000
b100110 "
b100110 '
b10110 .
b110 &
b110 /
b1011011110110 -
#58790000
b1000 "
b1000 .
b1000 '
b111 &
b111 /
b1011011110111 -
#58800000
b110101 "
1#
b110101 '
b11111111111111111111111111110001 ,
b0 &
b11111 %
b11111 +
b0 /
b1011011111000 -
#58810000
b1001 "
b1001 '
b1 &
b1 /
b1011011111001 -
#58820000
b1111 "
0#
b1111 '
b10 &
b10 /
b1011011111010 -
#58830000
b0 "
b0 '
b11 &
b11 /
b1011011111011 -
#58840000
1!
1(
b100 &
b100 /
b1011011111100 -
#58850000
0!
0(
b101 &
b101 /
b1011011111101 -
#58860000
b100110 "
b100110 '
b10110 .
b110 &
b110 /
b1011011111110 -
#58870000
b1001 "
b1001 .
b1001 '
b111 &
b111 /
b1011011111111 -
#58880000
b100111 "
1#
b100111 '
b0 ,
b11111111111111111111111111111001 *
b0 &
b0 %
b10111 $
b10111 )
b0 +
b0 /
b1011100000000 -
#58890000
b100111 "
b100111 '
b1 &
b1 /
b1011100000001 -
#58900000
b0 "
0#
b0 '
b10 &
b10 /
b1011100000010 -
#58910000
b11 &
b11 /
b1011100000011 -
#58920000
b100 &
b100 /
b1011100000100 -
#58930000
1!
1(
b101 &
b101 /
b1011100000101 -
#58940000
0!
b0 .
0(
b110 &
b110 /
b1011100000110 -
#58950000
b100111 "
b100111 '
b10111 .
b111 &
b111 /
b1011100000111 -
#58960000
b100110 "
1#
b100110 '
b1 ,
b0 &
b1 %
b1 +
b0 /
b1011100001000 -
#58970000
b101000 "
b101000 '
b1 &
b1 /
b1011100001001 -
#58980000
b111111 "
0#
b111111 '
b10 &
b10 /
b1011100001010 -
#58990000
b0 "
b0 '
b11 &
b11 /
b1011100001011 -
#59000000
b100 &
b100 /
b1011100001100 -
#59010000
1!
1(
b101 &
b101 /
b1011100001101 -
#59020000
b1 "
0!
b1 '
b1 .
0(
b110 &
b110 /
b1011100001110 -
#59030000
b100110 "
b10110 .
b100110 '
b111 &
b111 /
b1011100001111 -
#59040000
b100101 "
1#
b100101 '
b10 ,
b0 &
b10 %
b10 +
b0 /
b1011100010000 -
#59050000
b101001 "
b101001 '
b1 &
b1 /
b1011100010001 -
#59060000
b111110 "
0#
b111110 '
b10 &
b10 /
b1011100010010 -
#59070000
b0 "
b0 '
b11 &
b11 /
b1011100010011 -
#59080000
b100 &
b100 /
b1011100010100 -
#59090000
1!
1(
b101 &
b101 /
b1011100010101 -
#59100000
b10 "
0!
b10 '
b10 .
0(
b110 &
b110 /
b1011100010110 -
#59110000
b100101 "
b10101 .
b100101 '
b111 &
b111 /
b1011100010111 -
#59120000
b100100 "
1#
b100100 '
b11 ,
b0 &
b11 %
b11 +
b0 /
b1011100011000 -
#59130000
b101010 "
b101010 '
b1 &
b1 /
b1011100011001 -
#59140000
b111101 "
0#
b111101 '
b10 &
b10 /
b1011100011010 -
#59150000
b0 "
b0 '
b11 &
b11 /
b1011100011011 -
#59160000
b100 &
b100 /
b1011100011100 -
#59170000
1!
1(
b101 &
b101 /
b1011100011101 -
#59180000
b11 "
0!
b11 '
b11 .
0(
b110 &
b110 /
b1011100011110 -
#59190000
b100100 "
b10100 .
b100100 '
b111 &
b111 /
b1011100011111 -
#59200000
b100011 "
1#
b100011 '
b100 ,
b0 &
b100 %
b100 +
b0 /
b1011100100000 -
#59210000
b101011 "
b101011 '
b1 &
b1 /
b1011100100001 -
#59220000
b111100 "
0#
b111100 '
b10 &
b10 /
b1011100100010 -
#59230000
b0 "
b0 '
b11 &
b11 /
b1011100100011 -
#59240000
b100 &
b100 /
b1011100100100 -
#59250000
1!
1(
b101 &
b101 /
b1011100100101 -
#59260000
b100 "
0!
b100 '
b100 .
0(
b110 &
b110 /
b1011100100110 -
#59270000
b100011 "
b10011 .
b100011 '
b111 &
b111 /
b1011100100111 -
#59280000
b100010 "
1#
b100010 '
b101 ,
b0 &
b101 %
b101 +
b0 /
b1011100101000 -
#59290000
b101100 "
b101100 '
b1 &
b1 /
b1011100101001 -
#59300000
b111011 "
0#
b111011 '
b10 &
b10 /
b1011100101010 -
#59310000
b0 "
b0 '
b11 &
b11 /
b1011100101011 -
#59320000
b100 &
b100 /
b1011100101100 -
#59330000
1!
1(
b101 &
b101 /
b1011100101101 -
#59340000
b101 "
0!
b101 '
b101 .
0(
b110 &
b110 /
b1011100101110 -
#59350000
b100010 "
b10010 .
b100010 '
b111 &
b111 /
b1011100101111 -
#59360000
b100001 "
1#
b100001 '
b110 ,
b0 &
b110 %
b110 +
b0 /
b1011100110000 -
#59370000
b101101 "
b101101 '
b1 &
b1 /
b1011100110001 -
#59380000
b111010 "
0#
b111010 '
b10 &
b10 /
b1011100110010 -
#59390000
b0 "
b0 '
b11 &
b11 /
b1011100110011 -
#59400000
b100 &
b100 /
b1011100110100 -
#59410000
1!
1(
b101 &
b101 /
b1011100110101 -
#59420000
b110 "
0!
b110 '
b110 .
0(
b110 &
b110 /
b1011100110110 -
#59430000
b100001 "
b10001 .
b100001 '
b111 &
b111 /
b1011100110111 -
#59440000
b0 "
1#
b0 '
b111 ,
b0 &
b111 %
b111 +
b0 /
b1011100111000 -
#59450000
b101110 "
b101110 '
b1 &
b1 /
b1011100111001 -
#59460000
b111001 "
0#
b111001 '
b10 &
b10 /
b1011100111010 -
#59470000
b0 "
b0 '
b11 &
b11 /
b1011100111011 -
#59480000
b100 &
b100 /
b1011100111100 -
#59490000
1!
1(
b101 &
b101 /
b1011100111101 -
#59500000
b111 "
0!
b111 '
b111 .
0(
b110 &
b110 /
b1011100111110 -
#59510000
b100000 "
b10000 .
b100000 '
b111 &
b111 /
b1011100111111 -
#59520000
b1 "
1#
b1 '
b1000 ,
b0 &
b1000 %
b1000 +
b0 /
b1011101000000 -
#59530000
b101111 "
b101111 '
b1 &
b1 /
b1011101000001 -
#59540000
b111000 "
0#
b111000 '
b10 &
b10 /
b1011101000010 -
#59550000
b0 "
b0 '
b11 &
b11 /
b1011101000011 -
#59560000
b100 &
b100 /
b1011101000100 -
#59570000
1!
1(
b101 &
b101 /
b1011101000101 -
#59580000
0!
b0 .
0(
b110 &
b110 /
b1011101000110 -
#59590000
b101111 "
b101111 '
b11111 .
b111 &
b111 /
b1011101000111 -
#59600000
b10 "
1#
b10 '
b1001 ,
b0 &
b1001 %
b1001 +
b0 /
b1011101001000 -
#59610000
b110000 "
b110000 '
b1 &
b1 /
b1011101001001 -
#59620000
b110111 "
0#
b110111 '
b10 &
b10 /
b1011101001010 -
#59630000
b0 "
b0 '
b11 &
b11 /
b1011101001011 -
#59640000
b100 &
b100 /
b1011101001100 -
#59650000
1!
1(
b101 &
b101 /
b1011101001101 -
#59660000
b1 "
0!
b1 '
b1 .
0(
b110 &
b110 /
b1011101001110 -
#59670000
b101110 "
b11110 .
b101110 '
b111 &
b111 /
b1011101001111 -
#59680000
b11 "
1#
b11 '
b1010 ,
b0 &
b1010 %
b1010 +
b0 /
b1011101010000 -
#59690000
b110001 "
b110001 '
b1 &
b1 /
b1011101010001 -
#59700000
b110110 "
0#
b110110 '
b10 &
b10 /
b1011101010010 -
#59710000
b0 "
b0 '
b11 &
b11 /
b1011101010011 -
#59720000
b100 &
b100 /
b1011101010100 -
#59730000
1!
1(
b101 &
b101 /
b1011101010101 -
#59740000
b10 "
0!
b10 '
b10 .
0(
b110 &
b110 /
b1011101010110 -
#59750000
b101101 "
b11101 .
b101101 '
b111 &
b111 /
b1011101010111 -
#59760000
b100 "
1#
b100 '
b1011 ,
b0 &
b1011 %
b1011 +
b0 /
b1011101011000 -
#59770000
b110010 "
b110010 '
b1 &
b1 /
b1011101011001 -
#59780000
b110101 "
0#
b110101 '
b10 &
b10 /
b1011101011010 -
#59790000
b0 "
b0 '
b11 &
b11 /
b1011101011011 -
#59800000
b100 &
b100 /
b1011101011100 -
#59810000
1!
1(
b101 &
b101 /
b1011101011101 -
#59820000
b11 "
0!
b11 '
b11 .
0(
b110 &
b110 /
b1011101011110 -
#59830000
b101100 "
b11100 .
b101100 '
b111 &
b111 /
b1011101011111 -
#59840000
b101 "
1#
b101 '
b1100 ,
b0 &
b1100 %
b1100 +
b0 /
b1011101100000 -
#59850000
b110011 "
b110011 '
b1 &
b1 /
b1011101100001 -
#59860000
b110100 "
0#
b110100 '
b10 &
b10 /
b1011101100010 -
#59870000
b0 "
b0 '
b11 &
b11 /
b1011101100011 -
#59880000
b100 &
b100 /
b1011101100100 -
#59890000
1!
1(
b101 &
b101 /
b1011101100101 -
#59900000
b100 "
0!
b100 '
b100 .
0(
b110 &
b110 /
b1011101100110 -
#59910000
b101011 "
b11011 .
b101011 '
b111 &
b111 /
b1011101100111 -
#59920000
b110 "
1#
b110 '
b1101 ,
b0 &
b1101 %
b1101 +
b0 /
b1011101101000 -
#59930000
b110100 "
b110100 '
b1 &
b1 /
b1011101101001 -
#59940000
b110011 "
0#
b110011 '
b10 &
b10 /
b1011101101010 -
#59950000
b0 "
b0 '
b11 &
b11 /
b1011101101011 -
#59960000
b100 &
b100 /
b1011101101100 -
#59970000
1!
1(
b101 &
b101 /
b1011101101101 -
#59980000
b101 "
0!
b101 '
b101 .
0(
b110 &
b110 /
b1011101101110 -
#59990000
b101010 "
b11010 .
b101010 '
b111 &
b111 /
b1011101101111 -
#60000000
b111 "
1#
b111 '
b1110 ,
b0 &
b1110 %
b1110 +
b0 /
b1011101110000 -
#60010000
b110101 "
b110101 '
b1 &
b1 /
b1011101110001 -
#60020000
b110010 "
0#
b110010 '
b10 &
b10 /
b1011101110010 -
#60030000
b0 "
b0 '
b11 &
b11 /
b1011101110011 -
#60040000
b100 &
b100 /
b1011101110100 -
#60050000
1!
1(
b101 &
b101 /
b1011101110101 -
#60060000
b110 "
0!
b110 '
b110 .
0(
b110 &
b110 /
b1011101110110 -
#60070000
b101001 "
b11001 .
b101001 '
b111 &
b111 /
b1011101110111 -
#60080000
b1000 "
1#
b1000 '
b1111 ,
b0 &
b1111 %
b1111 +
b0 /
b1011101111000 -
#60090000
b110110 "
b110110 '
b1 &
b1 /
b1011101111001 -
#60100000
b110001 "
0#
b110001 '
b10 &
b10 /
b1011101111010 -
#60110000
b0 "
b0 '
b11 &
b11 /
b1011101111011 -
#60120000
b100 &
b100 /
b1011101111100 -
#60130000
1!
1(
b101 &
b101 /
b1011101111101 -
#60140000
b111 "
0!
b111 '
b111 .
0(
b110 &
b110 /
b1011101111110 -
#60150000
b101000 "
b11000 .
b101000 '
b111 &
b111 /
b1011101111111 -
#60160000
b100111 "
1#
b100111 '
b0 ,
b0 &
b10000 %
b10000 +
b0 /
b1011110000000 -
#60170000
b100111 "
b100111 '
b1 &
b1 /
b1011110000001 -
#60180000
b0 "
0#
b0 '
b10 &
b10 /
b1011110000010 -
#60190000
b11 &
b11 /
b1011110000011 -
#60200000
b100 &
b100 /
b1011110000100 -
#60210000
1!
1(
b101 &
b101 /
b1011110000101 -
#60220000
b100000 "
0!
b100000 '
b10000 .
0(
b110 &
b110 /
b1011110000110 -
#60230000
b111 "
b111 .
b111 '
b111 &
b111 /
b1011110000111 -
#60240000
b101000 "
1#
b101000 '
b11111111111111111111111111111111 ,
b0 &
b10001 %
b10001 +
b0 /
b1011110001000 -
#60250000
b100110 "
b100110 '
b1 &
b1 /
b1011110001001 -
#60260000
b1 "
0#
b1 '
b10 &
b10 /
b1011110001010 -
#60270000
b0 "
b0 '
b11 &
b11 /
b1011110001011 -
#60280000
b100 &
b100 /
b1011110001100 -
#60290000
1!
1(
b101 &
b101 /
b1011110001101 -
#60300000
b100001 "
0!
b100001 '
b10001 .
0(
b110 &
b110 /
b1011110001110 -
#60310000
b110 "
b110 .
b110 '
b111 &
b111 /
b1011110001111 -
#60320000
b101001 "
1#
b101001 '
b11111111111111111111111111111110 ,
b0 &
b10010 %
b10010 +
b0 /
b1011110010000 -
#60330000
b100101 "
b100101 '
b1 &
b1 /
b1011110010001 -
#60340000
b10 "
0#
b10 '
b10 &
b10 /
b1011110010010 -
#60350000
b0 "
b0 '
b11 &
b11 /
b1011110010011 -
#60360000
b100 &
b100 /
b1011110010100 -
#60370000
1!
1(
b101 &
b101 /
b1011110010101 -
#60380000
b100010 "
0!
b100010 '
b10010 .
0(
b110 &
b110 /
b1011110010110 -
#60390000
b101 "
b101 .
b101 '
b111 &
b111 /
b1011110010111 -
#60400000
b101010 "
1#
b101010 '
b11111111111111111111111111111101 ,
b0 &
b10011 %
b10011 +
b0 /
b1011110011000 -
#60410000
b100100 "
b100100 '
b1 &
b1 /
b1011110011001 -
#60420000
b11 "
0#
b11 '
b10 &
b10 /
b1011110011010 -
#60430000
b0 "
b0 '
b11 &
b11 /
b1011110011011 -
#60440000
b100 &
b100 /
b1011110011100 -
#60450000
1!
1(
b101 &
b101 /
b1011110011101 -
#60460000
b100011 "
0!
b100011 '
b10011 .
0(
b110 &
b110 /
b1011110011110 -
#60470000
b100 "
b100 .
b100 '
b111 &
b111 /
b1011110011111 -
#60480000
b101011 "
1#
b101011 '
b11111111111111111111111111111100 ,
b0 &
b10100 %
b10100 +
b0 /
b1011110100000 -
#60490000
b100011 "
b100011 '
b1 &
b1 /
b1011110100001 -
#60500000
b100 "
0#
b100 '
b10 &
b10 /
b1011110100010 -
#60510000
b0 "
b0 '
b11 &
b11 /
b1011110100011 -
#60520000
b100 &
b100 /
b1011110100100 -
#60530000
1!
1(
b101 &
b101 /
b1011110100101 -
#60540000
b100100 "
0!
b100100 '
b10100 .
0(
b110 &
b110 /
b1011110100110 -
#60550000
b11 "
b11 .
b11 '
b111 &
b111 /
b1011110100111 -
#60560000
b101100 "
1#
b101100 '
b11111111111111111111111111111011 ,
b0 &
b10101 %
b10101 +
b0 /
b1011110101000 -
#60570000
b100010 "
b100010 '
b1 &
b1 /
b1011110101001 -
#60580000
b101 "
0#
b101 '
b10 &
b10 /
b1011110101010 -
#60590000
b0 "
b0 '
b11 &
b11 /
b1011110101011 -
#60600000
b100 &
b100 /
b1011110101100 -
#60610000
1!
1(
b101 &
b101 /
b1011110101101 -
#60620000
b100101 "
0!
b100101 '
b10101 .
0(
b110 &
b110 /
b1011110101110 -
#60630000
b10 "
b10 .
b10 '
b111 &
b111 /
b1011110101111 -
#60640000
b101101 "
1#
b101101 '
b11111111111111111111111111111010 ,
b0 &
b10110 %
b10110 +
b0 /
b1011110110000 -
#60650000
b100001 "
b100001 '
b1 &
b1 /
b1011110110001 -
#60660000
b110 "
0#
b110 '
b10 &
b10 /
b1011110110010 -
#60670000
b0 "
b0 '
b11 &
b11 /
b1011110110011 -
#60680000
b100 &
b100 /
b1011110110100 -
#60690000
1!
1(
b101 &
b101 /
b1011110110101 -
#60700000
b100110 "
0!
b100110 '
b10110 .
0(
b110 &
b110 /
b1011110110110 -
#60710000
b1 "
b1 .
b1 '
b111 &
b111 /
b1011110110111 -
#60720000
b101110 "
1#
b101110 '
b11111111111111111111111111111001 ,
b0 &
b10111 %
b10111 +
b0 /
b1011110111000 -
#60730000
b0 "
b0 '
b1 &
b1 /
b1011110111001 -
#60740000
b111 "
0#
b111 '
b10 &
b10 /
b1011110111010 -
#60750000
b0 "
1!
1(
b0 '
b11 &
b11 /
b1011110111011 -
#60760000
0!
0(
b100 &
b100 /
b1011110111100 -
#60770000
b101 &
b101 /
b1011110111101 -
#60780000
b100111 "
b100111 '
b10111 .
b110 &
b110 /
b1011110111110 -
#60790000
b0 "
b0 .
b0 '
b111 &
b111 /
b1011110111111 -
#60800000
b101111 "
1#
b101111 '
b11111111111111111111111111111000 ,
b0 &
b11000 %
b11000 +
b0 /
b1011111000000 -
#60810000
b1 "
b1 '
b1 &
b1 /
b1011111000001 -
#60820000
b1000 "
0#
b1000 '
b10 &
b10 /
b1011111000010 -
#60830000
b0 "
b0 '
b11 &
b11 /
b1011111000011 -
#60840000
1!
1(
b100 &
b100 /
b1011111000100 -
#60850000
0!
0(
b101 &
b101 /
b1011111000101 -
#60860000
b100000 "
b100000 '
b10000 .
b110 &
b110 /
b1011111000110 -
#60870000
b1111 "
b1111 .
b1111 '
b111 &
b111 /
b1011111000111 -
#60880000
b110000 "
1#
b110000 '
b11111111111111111111111111110111 ,
b0 &
b11001 %
b11001 +
b0 /
b1011111001000 -
#60890000
b10 "
b10 '
b1 &
b1 /
b1011111001001 -
#60900000
b1001 "
0#
b1001 '
b10 &
b10 /
b1011111001010 -
#60910000
b0 "
b0 '
b11 &
b11 /
b1011111001011 -
#60920000
1!
1(
b100 &
b100 /
b1011111001100 -
#60930000
0!
0(
b101 &
b101 /
b1011111001101 -
#60940000
b100001 "
b100001 '
b10001 .
b110 &
b110 /
b1011111001110 -
#60950000
b1110 "
b1110 .
b1110 '
b111 &
b111 /
b1011111001111 -
#60960000
b110001 "
1#
b110001 '
b11111111111111111111111111110110 ,
b0 &
b11010 %
b11010 +
b0 /
b1011111010000 -
#60970000
b11 "
b11 '
b1 &
b1 /
b1011111010001 -
#60980000
b1010 "
0#
b1010 '
b10 &
b10 /
b1011111010010 -
#60990000
b0 "
b0 '
b11 &
b11 /
b1011111010011 -
#61000000
1!
1(
b100 &
b100 /
b1011111010100 -
#61010000
0!
0(
b101 &
b101 /
b1011111010101 -
#61020000
b100010 "
b100010 '
b10010 .
b110 &
b110 /
b1011111010110 -
#61030000
b1101 "
b1101 .
b1101 '
b111 &
b111 /
b1011111010111 -
#61040000
b110010 "
1#
b110010 '
b11111111111111111111111111110101 ,
b0 &
b11011 %
b11011 +
b0 /
b1011111011000 -
#61050000
b100 "
b100 '
b1 &
b1 /
b1011111011001 -
#61060000
b1011 "
0#
b1011 '
b10 &
b10 /
b1011111011010 -
#61070000
b0 "
b0 '
b11 &
b11 /
b1011111011011 -
#61080000
1!
1(
b100 &
b100 /
b1011111011100 -
#61090000
0!
0(
b101 &
b101 /
b1011111011101 -
#61100000
b100011 "
b100011 '
b10011 .
b110 &
b110 /
b1011111011110 -
#61110000
b1100 "
b1100 .
b1100 '
b111 &
b111 /
b1011111011111 -
#61120000
b110011 "
1#
b110011 '
b11111111111111111111111111110100 ,
b0 &
b11100 %
b11100 +
b0 /
b1011111100000 -
#61130000
b101 "
b101 '
b1 &
b1 /
b1011111100001 -
#61140000
b1100 "
0#
b1100 '
b10 &
b10 /
b1011111100010 -
#61150000
b0 "
b0 '
b11 &
b11 /
b1011111100011 -
#61160000
1!
1(
b100 &
b100 /
b1011111100100 -
#61170000
0!
0(
b101 &
b101 /
b1011111100101 -
#61180000
b100100 "
b100100 '
b10100 .
b110 &
b110 /
b1011111100110 -
#61190000
b1011 "
b1011 .
b1011 '
b111 &
b111 /
b1011111100111 -
#61200000
b110100 "
1#
b110100 '
b11111111111111111111111111110011 ,
b0 &
b11101 %
b11101 +
b0 /
b1011111101000 -
#61210000
b110 "
b110 '
b1 &
b1 /
b1011111101001 -
#61220000
b1101 "
0#
b1101 '
b10 &
b10 /
b1011111101010 -
#61230000
b0 "
b0 '
b11 &
b11 /
b1011111101011 -
#61240000
1!
1(
b100 &
b100 /
b1011111101100 -
#61250000
0!
0(
b101 &
b101 /
b1011111101101 -
#61260000
b100101 "
b100101 '
b10101 .
b110 &
b110 /
b1011111101110 -
#61270000
b1010 "
b1010 .
b1010 '
b111 &
b111 /
b1011111101111 -
#61280000
b110101 "
1#
b110101 '
b11111111111111111111111111110010 ,
b0 &
b11110 %
b11110 +
b0 /
b1011111110000 -
#61290000
b111 "
b111 '
b1 &
b1 /
b1011111110001 -
#61300000
b1110 "
0#
b1110 '
b10 &
b10 /
b1011111110010 -
#61310000
b0 "
b0 '
b11 &
b11 /
b1011111110011 -
#61320000
1!
1(
b100 &
b100 /
b1011111110100 -
#61330000
0!
0(
b101 &
b101 /
b1011111110101 -
#61340000
b100110 "
b100110 '
b10110 .
b110 &
b110 /
b1011111110110 -
#61350000
b1001 "
b1001 .
b1001 '
b111 &
b111 /
b1011111110111 -
#61360000
b110110 "
1#
b110110 '
b11111111111111111111111111110001 ,
b0 &
b11111 %
b11111 +
b0 /
b1011111111000 -
#61370000
b1000 "
b1000 '
b1 &
b1 /
b1011111111001 -
#61380000
b1111 "
0#
b1111 '
b10 &
b10 /
b1011111111010 -
#61390000
b0 "
b0 '
b11 &
b11 /
b1011111111011 -
#61400000
1!
1(
b100 &
b100 /
b1011111111100 -
#61410000
0!
0(
b101 &
b101 /
b1011111111101 -
#61420000
b100111 "
b100111 '
b10111 .
b110 &
b110 /
b1011111111110 -
#61430000
b1000 "
b1000 .
b1000 '
b111 &
b111 /
b1011111111111 -
#61440000
b101000 "
1#
b101000 '
b0 ,
b11111111111111111111111111111000 *
b0 &
b0 %
b11000 $
b11000 )
b0 +
b0 /
b1100000000000 -
#61450000
b101000 "
b101000 '
b1 &
b1 /
b1100000000001 -
#61460000
b0 "
0#
b0 '
b10 &
b10 /
b1100000000010 -
#61470000
b11 &
b11 /
b1100000000011 -
#61480000
b100 &
b100 /
b1100000000100 -
#61490000
1!
1(
b101 &
b101 /
b1100000000101 -
#61500000
0!
b0 .
0(
b110 &
b110 /
b1100000000110 -
#61510000
b101000 "
b101000 '
b11000 .
b111 &
b111 /
b1100000000111 -
#61520000
b100111 "
1#
b100111 '
b1 ,
b0 &
b1 %
b1 +
b0 /
b1100000001000 -
#61530000
b101001 "
b101001 '
b1 &
b1 /
b1100000001001 -
#61540000
b111111 "
0#
b111111 '
b10 &
b10 /
b1100000001010 -
#61550000
b0 "
b0 '
b11 &
b11 /
b1100000001011 -
#61560000
b100 &
b100 /
b1100000001100 -
#61570000
1!
1(
b101 &
b101 /
b1100000001101 -
#61580000
0!
b0 .
0(
b110 &
b110 /
b1100000001110 -
#61590000
b101001 "
b101001 '
b11001 .
b111 &
b111 /
b1100000001111 -
#61600000
b100110 "
1#
b100110 '
b10 ,
b0 &
b10 %
b10 +
b0 /
b1100000010000 -
#61610000
b101010 "
b101010 '
b1 &
b1 /
b1100000010001 -
#61620000
b111110 "
0#
b111110 '
b10 &
b10 /
b1100000010010 -
#61630000
b0 "
b0 '
b11 &
b11 /
b1100000010011 -
#61640000
b100 &
b100 /
b1100000010100 -
#61650000
1!
1(
b101 &
b101 /
b1100000010101 -
#61660000
0!
b0 .
0(
b110 &
b110 /
b1100000010110 -
#61670000
b101010 "
b101010 '
b11010 .
b111 &
b111 /
b1100000010111 -
#61680000
b100101 "
1#
b100101 '
b11 ,
b0 &
b11 %
b11 +
b0 /
b1100000011000 -
#61690000
b101011 "
b101011 '
b1 &
b1 /
b1100000011001 -
#61700000
b111101 "
0#
b111101 '
b10 &
b10 /
b1100000011010 -
#61710000
b0 "
b0 '
b11 &
b11 /
b1100000011011 -
#61720000
b100 &
b100 /
b1100000011100 -
#61730000
1!
1(
b101 &
b101 /
b1100000011101 -
#61740000
0!
b0 .
0(
b110 &
b110 /
b1100000011110 -
#61750000
b101011 "
b101011 '
b11011 .
b111 &
b111 /
b1100000011111 -
#61760000
b100100 "
1#
b100100 '
b100 ,
b0 &
b100 %
b100 +
b0 /
b1100000100000 -
#61770000
b101100 "
b101100 '
b1 &
b1 /
b1100000100001 -
#61780000
b111100 "
0#
b111100 '
b10 &
b10 /
b1100000100010 -
#61790000
b0 "
b0 '
b11 &
b11 /
b1100000100011 -
#61800000
b100 &
b100 /
b1100000100100 -
#61810000
1!
1(
b101 &
b101 /
b1100000100101 -
#61820000
0!
b0 .
0(
b110 &
b110 /
b1100000100110 -
#61830000
b101100 "
b101100 '
b11100 .
b111 &
b111 /
b1100000100111 -
#61840000
b100011 "
1#
b100011 '
b101 ,
b0 &
b101 %
b101 +
b0 /
b1100000101000 -
#61850000
b101101 "
b101101 '
b1 &
b1 /
b1100000101001 -
#61860000
b111011 "
0#
b111011 '
b10 &
b10 /
b1100000101010 -
#61870000
b0 "
b0 '
b11 &
b11 /
b1100000101011 -
#61880000
b100 &
b100 /
b1100000101100 -
#61890000
1!
1(
b101 &
b101 /
b1100000101101 -
#61900000
0!
b0 .
0(
b110 &
b110 /
b1100000101110 -
#61910000
b101101 "
b101101 '
b11101 .
b111 &
b111 /
b1100000101111 -
#61920000
b100010 "
1#
b100010 '
b110 ,
b0 &
b110 %
b110 +
b0 /
b1100000110000 -
#61930000
b101110 "
b101110 '
b1 &
b1 /
b1100000110001 -
#61940000
b111010 "
0#
b111010 '
b10 &
b10 /
b1100000110010 -
#61950000
b0 "
b0 '
b11 &
b11 /
b1100000110011 -
#61960000
b100 &
b100 /
b1100000110100 -
#61970000
1!
1(
b101 &
b101 /
b1100000110101 -
#61980000
0!
b0 .
0(
b110 &
b110 /
b1100000110110 -
#61990000
b101110 "
b101110 '
b11110 .
b111 &
b111 /
b1100000110111 -
#62000000
b100001 "
1#
b100001 '
b111 ,
b0 &
b111 %
b111 +
b0 /
b1100000111000 -
#62010000
b101111 "
b101111 '
b1 &
b1 /
b1100000111001 -
#62020000
b111001 "
0#
b111001 '
b10 &
b10 /
b1100000111010 -
#62030000
b0 "
b0 '
b11 &
b11 /
b1100000111011 -
#62040000
b100 &
b100 /
b1100000111100 -
#62050000
1!
1(
b101 &
b101 /
b1100000111101 -
#62060000
0!
b0 .
0(
b110 &
b110 /
b1100000111110 -
#62070000
b101111 "
b101111 '
b11111 .
b111 &
b111 /
b1100000111111 -
#62080000
b0 "
1#
b0 '
b1000 ,
b0 &
b1000 %
b1000 +
b0 /
b1100001000000 -
#62090000
b110000 "
b110000 '
b1 &
b1 /
b1100001000001 -
#62100000
b111000 "
0#
b111000 '
b10 &
b10 /
b1100001000010 -
#62110000
b0 "
b0 '
b11 &
b11 /
b1100001000011 -
#62120000
b100 &
b100 /
b1100001000100 -
#62130000
1!
1(
b101 &
b101 /
b1100001000101 -
#62140000
b1000 "
0!
b1000 '
b1000 .
0(
b110 &
b110 /
b1100001000110 -
#62150000
b100000 "
b10000 .
b100000 '
b111 &
b111 /
b1100001000111 -
#62160000
b1 "
1#
b1 '
b1001 ,
b0 &
b1001 %
b1001 +
b0 /
b1100001001000 -
#62170000
b110001 "
b110001 '
b1 &
b1 /
b1100001001001 -
#62180000
b110111 "
0#
b110111 '
b10 &
b10 /
b1100001001010 -
#62190000
b0 "
b0 '
b11 &
b11 /
b1100001001011 -
#62200000
b100 &
b100 /
b1100001001100 -
#62210000
1!
1(
b101 &
b101 /
b1100001001101 -
#62220000
b1000 "
0!
b1000 '
b1000 .
0(
b110 &
b110 /
b1100001001110 -
#62230000
b100001 "
b10001 .
b100001 '
b111 &
b111 /
b1100001001111 -
#62240000
b10 "
1#
b10 '
b1010 ,
b0 &
b1010 %
b1010 +
b0 /
b1100001010000 -
#62250000
b110010 "
b110010 '
b1 &
b1 /
b1100001010001 -
#62260000
b110110 "
0#
b110110 '
b10 &
b10 /
b1100001010010 -
#62270000
b0 "
b0 '
b11 &
b11 /
b1100001010011 -
#62280000
b100 &
b100 /
b1100001010100 -
#62290000
1!
1(
b101 &
b101 /
b1100001010101 -
#62300000
b1000 "
0!
b1000 '
b1000 .
0(
b110 &
b110 /
b1100001010110 -
#62310000
b100010 "
b10010 .
b100010 '
b111 &
b111 /
b1100001010111 -
#62320000
b11 "
1#
b11 '
b1011 ,
b0 &
b1011 %
b1011 +
b0 /
b1100001011000 -
#62330000
b110011 "
b110011 '
b1 &
b1 /
b1100001011001 -
#62340000
b110101 "
0#
b110101 '
b10 &
b10 /
b1100001011010 -
#62350000
b0 "
b0 '
b11 &
b11 /
b1100001011011 -
#62360000
b100 &
b100 /
b1100001011100 -
#62370000
1!
1(
b101 &
b101 /
b1100001011101 -
#62380000
b1000 "
0!
b1000 '
b1000 .
0(
b110 &
b110 /
b1100001011110 -
#62390000
b100011 "
b10011 .
b100011 '
b111 &
b111 /
b1100001011111 -
#62400000
b100 "
1#
b100 '
b1100 ,
b0 &
b1100 %
b1100 +
b0 /
b1100001100000 -
#62410000
b110100 "
b110100 '
b1 &
b1 /
b1100001100001 -
#62420000
0#
b110100 '
b10 &
b10 /
b1100001100010 -
#62430000
b0 "
b0 '
b11 &
b11 /
b1100001100011 -
#62440000
b100 &
b100 /
b1100001100100 -
#62450000
1!
1(
b101 &
b101 /
b1100001100101 -
#62460000
b1000 "
0!
b1000 '
b1000 .
0(
b110 &
b110 /
b1100001100110 -
#62470000
b100100 "
b10100 .
b100100 '
b111 &
b111 /
b1100001100111 -
#62480000
b101 "
1#
b101 '
b1101 ,
b0 &
b1101 %
b1101 +
b0 /
b1100001101000 -
#62490000
b110101 "
b110101 '
b1 &
b1 /
b1100001101001 -
#62500000
b110011 "
0#
b110011 '
b10 &
b10 /
b1100001101010 -
#62510000
b0 "
b0 '
b11 &
b11 /
b1100001101011 -
#62520000
b100 &
b100 /
b1100001101100 -
#62530000
1!
1(
b101 &
b101 /
b1100001101101 -
#62540000
b1000 "
0!
b1000 '
b1000 .
0(
b110 &
b110 /
b1100001101110 -
#62550000
b100101 "
b10101 .
b100101 '
b111 &
b111 /
b1100001101111 -
#62560000
b110 "
1#
b110 '
b1110 ,
b0 &
b1110 %
b1110 +
b0 /
b1100001110000 -
#62570000
b110110 "
b110110 '
b1 &
b1 /
b1100001110001 -
#62580000
b110010 "
0#
b110010 '
b10 &
b10 /
b1100001110010 -
#62590000
b0 "
b0 '
b11 &
b11 /
b1100001110011 -
#62600000
b100 &
b100 /
b1100001110100 -
#62610000
1!
1(
b101 &
b101 /
b1100001110101 -
#62620000
b1000 "
0!
b1000 '
b1000 .
0(
b110 &
b110 /
b1100001110110 -
#62630000
b100110 "
b10110 .
b100110 '
b111 &
b111 /
b1100001110111 -
#62640000
b111 "
1#
b111 '
b1111 ,
b0 &
b1111 %
b1111 +
b0 /
b1100001111000 -
#62650000
b110111 "
b110111 '
b1 &
b1 /
b1100001111001 -
#62660000
b110001 "
0#
b110001 '
b10 &
b10 /
b1100001111010 -
#62670000
b0 "
b0 '
b11 &
b11 /
b1100001111011 -
#62680000
b100 &
b100 /
b1100001111100 -
#62690000
1!
1(
b101 &
b101 /
b1100001111101 -
#62700000
b1000 "
0!
b1000 '
b1000 .
0(
b110 &
b110 /
b1100001111110 -
#62710000
b100111 "
b10111 .
b100111 '
b111 &
b111 /
b1100001111111 -
#62720000
b101000 "
1#
b101000 '
b0 ,
b0 &
b10000 %
b10000 +
b0 /
b1100010000000 -
#62730000
b101000 "
b101000 '
b1 &
b1 /
b1100010000001 -
#62740000
b0 "
0#
b0 '
b10 &
b10 /
b1100010000010 -
#62750000
b11 &
b11 /
b1100010000011 -
#62760000
b100 &
b100 /
b1100010000100 -
#62770000
1!
1(
b101 &
b101 /
b1100010000101 -
#62780000
b100000 "
0!
b100000 '
b10000 .
0(
b110 &
b110 /
b1100010000110 -
#62790000
b1000 "
b1000 .
b1000 '
b111 &
b111 /
b1100010000111 -
#62800000
b101001 "
1#
b101001 '
b11111111111111111111111111111111 ,
b0 &
b10001 %
b10001 +
b0 /
b1100010001000 -
#62810000
b100111 "
b100111 '
b1 &
b1 /
b1100010001001 -
#62820000
b1 "
0#
b1 '
b10 &
b10 /
b1100010001010 -
#62830000
b0 "
b0 '
b11 &
b11 /
b1100010001011 -
#62840000
b100 &
b100 /
b1100010001100 -
#62850000
1!
1(
b101 &
b101 /
b1100010001101 -
#62860000
b100000 "
0!
b100000 '
b10000 .
0(
b110 &
b110 /
b1100010001110 -
#62870000
b1001 "
b1001 .
b1001 '
b111 &
b111 /
b1100010001111 -
#62880000
b101010 "
1#
b101010 '
b11111111111111111111111111111110 ,
b0 &
b10010 %
b10010 +
b0 /
b1100010010000 -
#62890000
b100110 "
b100110 '
b1 &
b1 /
b1100010010001 -
#62900000
b10 "
0#
b10 '
b10 &
b10 /
b1100010010010 -
#62910000
b0 "
b0 '
b11 &
b11 /
b1100010010011 -
#62920000
b100 &
b100 /
b1100010010100 -
#62930000
1!
1(
b101 &
b101 /
b1100010010101 -
#62940000
b100000 "
0!
b100000 '
b10000 .
0(
b110 &
b110 /
b1100010010110 -
#62950000
b1010 "
b1010 .
b1010 '
b111 &
b111 /
b1100010010111 -
#62960000
b101011 "
1#
b101011 '
b11111111111111111111111111111101 ,
b0 &
b10011 %
b10011 +
b0 /
b1100010011000 -
#62970000
b100101 "
b100101 '
b1 &
b1 /
b1100010011001 -
#62980000
b11 "
0#
b11 '
b10 &
b10 /
b1100010011010 -
#62990000
b0 "
b0 '
b11 &
b11 /
b1100010011011 -
#63000000
b100 &
b100 /
b1100010011100 -
#63010000
1!
1(
b101 &
b101 /
b1100010011101 -
#63020000
b100000 "
0!
b100000 '
b10000 .
0(
b110 &
b110 /
b1100010011110 -
#63030000
b1011 "
b1011 .
b1011 '
b111 &
b111 /
b1100010011111 -
#63040000
b101100 "
1#
b101100 '
b11111111111111111111111111111100 ,
b0 &
b10100 %
b10100 +
b0 /
b1100010100000 -
#63050000
b100100 "
b100100 '
b1 &
b1 /
b1100010100001 -
#63060000
b100 "
0#
b100 '
b10 &
b10 /
b1100010100010 -
#63070000
b0 "
b0 '
b11 &
b11 /
b1100010100011 -
#63080000
b100 &
b100 /
b1100010100100 -
#63090000
1!
1(
b101 &
b101 /
b1100010100101 -
#63100000
b100000 "
0!
b100000 '
b10000 .
0(
b110 &
b110 /
b1100010100110 -
#63110000
b1100 "
b1100 .
b1100 '
b111 &
b111 /
b1100010100111 -
#63120000
b101101 "
1#
b101101 '
b11111111111111111111111111111011 ,
b0 &
b10101 %
b10101 +
b0 /
b1100010101000 -
#63130000
b100011 "
b100011 '
b1 &
b1 /
b1100010101001 -
#63140000
b101 "
0#
b101 '
b10 &
b10 /
b1100010101010 -
#63150000
b0 "
b0 '
b11 &
b11 /
b1100010101011 -
#63160000
b100 &
b100 /
b1100010101100 -
#63170000
1!
1(
b101 &
b101 /
b1100010101101 -
#63180000
b100000 "
0!
b100000 '
b10000 .
0(
b110 &
b110 /
b1100010101110 -
#63190000
b1101 "
b1101 .
b1101 '
b111 &
b111 /
b1100010101111 -
#63200000
b101110 "
1#
b101110 '
b11111111111111111111111111111010 ,
b0 &
b10110 %
b10110 +
b0 /
b1100010110000 -
#63210000
b100010 "
b100010 '
b1 &
b1 /
b1100010110001 -
#63220000
b110 "
0#
b110 '
b10 &
b10 /
b1100010110010 -
#63230000
b0 "
b0 '
b11 &
b11 /
b1100010110011 -
#63240000
b100 &
b100 /
b1100010110100 -
#63250000
1!
1(
b101 &
b101 /
b1100010110101 -
#63260000
b100000 "
0!
b100000 '
b10000 .
0(
b110 &
b110 /
b1100010110110 -
#63270000
b1110 "
b1110 .
b1110 '
b111 &
b111 /
b1100010110111 -
#63280000
b101111 "
1#
b101111 '
b11111111111111111111111111111001 ,
b0 &
b10111 %
b10111 +
b0 /
b1100010111000 -
#63290000
b100001 "
b100001 '
b1 &
b1 /
b1100010111001 -
#63300000
b111 "
0#
b111 '
b10 &
b10 /
b1100010111010 -
#63310000
b0 "
b0 '
b11 &
b11 /
b1100010111011 -
#63320000
b100 &
b100 /
b1100010111100 -
#63330000
1!
1(
b101 &
b101 /
b1100010111101 -
#63340000
b100000 "
0!
b100000 '
b10000 .
0(
b110 &
b110 /
b1100010111110 -
#63350000
b1111 "
b1111 .
b1111 '
b111 &
b111 /
b1100010111111 -
#63360000
b110000 "
1#
b110000 '
b11111111111111111111111111111000 ,
b0 &
b11000 %
b11000 +
b0 /
b1100011000000 -
#63370000
b0 "
b0 '
b1 &
b1 /
b1100011000001 -
#63380000
b1000 "
0#
b1000 '
b10 &
b10 /
b1100011000010 -
#63390000
b0 "
1!
1(
b0 '
b11 &
b11 /
b1100011000011 -
#63400000
0!
0(
b100 &
b100 /
b1100011000100 -
#63410000
b101 &
b101 /
b1100011000101 -
#63420000
b101000 "
b101000 '
b11000 .
b110 &
b110 /
b1100011000110 -
#63430000
b0 "
b0 .
b0 '
b111 &
b111 /
b1100011000111 -
#63440000
b110001 "
1#
b110001 '
b11111111111111111111111111110111 ,
b0 &
b11001 %
b11001 +
b0 /
b1100011001000 -
#63450000
b1 "
b1 '
b1 &
b1 /
b1100011001001 -
#63460000
b1001 "
0#
b1001 '
b10 &
b10 /
b1100011001010 -
#63470000
b0 "
b0 '
b11 &
b11 /
b1100011001011 -
#63480000
1!
1(
b100 &
b100 /
b1100011001100 -
#63490000
0!
0(
b101 &
b101 /
b1100011001101 -
#63500000
b101000 "
b101000 '
b11000 .
b110 &
b110 /
b1100011001110 -
#63510000
b1 "
b1 .
b1 '
b111 &
b111 /
b1100011001111 -
#63520000
b110010 "
1#
b110010 '
b11111111111111111111111111110110 ,
b0 &
b11010 %
b11010 +
b0 /
b1100011010000 -
#63530000
b10 "
b10 '
b1 &
b1 /
b1100011010001 -
#63540000
b1010 "
0#
b1010 '
b10 &
b10 /
b1100011010010 -
#63550000
b0 "
b0 '
b11 &
b11 /
b1100011010011 -
#63560000
1!
1(
b100 &
b100 /
b1100011010100 -
#63570000
0!
0(
b101 &
b101 /
b1100011010101 -
#63580000
b101000 "
b101000 '
b11000 .
b110 &
b110 /
b1100011010110 -
#63590000
b10 "
b10 .
b10 '
b111 &
b111 /
b1100011010111 -
#63600000
b110011 "
1#
b110011 '
b11111111111111111111111111110101 ,
b0 &
b11011 %
b11011 +
b0 /
b1100011011000 -
#63610000
b11 "
b11 '
b1 &
b1 /
b1100011011001 -
#63620000
b1011 "
0#
b1011 '
b10 &
b10 /
b1100011011010 -
#63630000
b0 "
b0 '
b11 &
b11 /
b1100011011011 -
#63640000
1!
1(
b100 &
b100 /
b1100011011100 -
#63650000
0!
0(
b101 &
b101 /
b1100011011101 -
#63660000
b101000 "
b101000 '
b11000 .
b110 &
b110 /
b1100011011110 -
#63670000
b11 "
b11 .
b11 '
b111 &
b111 /
b1100011011111 -
#63680000
b110100 "
1#
b110100 '
b11111111111111111111111111110100 ,
b0 &
b11100 %
b11100 +
b0 /
b1100011100000 -
#63690000
b100 "
b100 '
b1 &
b1 /
b1100011100001 -
#63700000
b1100 "
0#
b1100 '
b10 &
b10 /
b1100011100010 -
#63710000
b0 "
b0 '
b11 &
b11 /
b1100011100011 -
#63720000
1!
1(
b100 &
b100 /
b1100011100100 -
#63730000
0!
0(
b101 &
b101 /
b1100011100101 -
#63740000
b101000 "
b101000 '
b11000 .
b110 &
b110 /
b1100011100110 -
#63750000
b100 "
b100 .
b100 '
b111 &
b111 /
b1100011100111 -
#63760000
b110101 "
1#
b110101 '
b11111111111111111111111111110011 ,
b0 &
b11101 %
b11101 +
b0 /
b1100011101000 -
#63770000
b101 "
b101 '
b1 &
b1 /
b1100011101001 -
#63780000
b1101 "
0#
b1101 '
b10 &
b10 /
b1100011101010 -
#63790000
b0 "
b0 '
b11 &
b11 /
b1100011101011 -
#63800000
1!
1(
b100 &
b100 /
b1100011101100 -
#63810000
0!
0(
b101 &
b101 /
b1100011101101 -
#63820000
b101000 "
b101000 '
b11000 .
b110 &
b110 /
b1100011101110 -
#63830000
b101 "
b101 .
b101 '
b111 &
b111 /
b1100011101111 -
#63840000
b110110 "
1#
b110110 '
b11111111111111111111111111110010 ,
b0 &
b11110 %
b11110 +
b0 /
b1100011110000 -
#63850000
b110 "
b110 '
b1 &
b1 /
b1100011110001 -
#63860000
b1110 "
0#
b1110 '
b10 &
b10 /
b1100011110010 -
#63870000
b0 "
b0 '
b11 &
b11 /
b1100011110011 -
#63880000
1!
1(
b100 &
b100 /
b1100011110100 -
#63890000
0!
0(
b101 &
b101 /
b1100011110101 -
#63900000
b101000 "
b101000 '
b11000 .
b110 &
b110 /
b1100011110110 -
#63910000
b110 "
b110 .
b110 '
b111 &
b111 /
b1100011110111 -
#63920000
b110111 "
1#
b110111 '
b11111111111111111111111111110001 ,
b0 &
b11111 %
b11111 +
b0 /
b1100011111000 -
#63930000
b111 "
b111 '
b1 &
b1 /
b1100011111001 -
#63940000
b1111 "
0#
b1111 '
b10 &
b10 /
b1100011111010 -
#63950000
b0 "
b0 '
b11 &
b11 /
b1100011111011 -
#63960000
1!
1(
b100 &
b100 /
b1100011111100 -
#63970000
0!
0(
b101 &
b101 /
b1100011111101 -
#63980000
b101000 "
b101000 '
b11000 .
b110 &
b110 /
b1100011111110 -
#63990000
b111 "
b111 .
b111 '
b111 &
b111 /
b1100011111111 -
#64000000
b101001 "
1#
b101001 '
b0 ,
b11111111111111111111111111110111 *
b0 &
b0 %
b11001 $
b11001 )
b0 +
b0 /
b1100100000000 -
#64010000
b101001 "
b101001 '
b1 &
b1 /
b1100100000001 -
#64020000
b0 "
0#
b0 '
b10 &
b10 /
b1100100000010 -
#64030000
b11 &
b11 /
b1100100000011 -
#64040000
b100 &
b100 /
b1100100000100 -
#64050000
1!
1(
b101 &
b101 /
b1100100000101 -
#64060000
0!
b0 .
0(
b110 &
b110 /
b1100100000110 -
#64070000
b101001 "
b101001 '
b11001 .
b111 &
b111 /
b1100100000111 -
#64080000
b101000 "
1#
b101000 '
b1 ,
b0 &
b1 %
b1 +
b0 /
b1100100001000 -
#64090000
b101010 "
b101010 '
b1 &
b1 /
b1100100001001 -
#64100000
b111111 "
0#
b111111 '
b10 &
b10 /
b1100100001010 -
#64110000
b0 "
b0 '
b11 &
b11 /
b1100100001011 -
#64120000
b100 &
b100 /
b1100100001100 -
#64130000
1!
1(
b101 &
b101 /
b1100100001101 -
#64140000
b1 "
0!
b1 '
b1 .
0(
b110 &
b110 /
b1100100001110 -
#64150000
b101000 "
b11000 .
b101000 '
b111 &
b111 /
b1100100001111 -
#64160000
b100111 "
1#
b100111 '
b10 ,
b0 &
b10 %
b10 +
b0 /
b1100100010000 -
#64170000
b101011 "
b101011 '
b1 &
b1 /
b1100100010001 -
#64180000
b111110 "
0#
b111110 '
b10 &
b10 /
b1100100010010 -
#64190000
b0 "
b0 '
b11 &
b11 /
b1100100010011 -
#64200000
b100 &
b100 /
b1100100010100 -
#64210000
1!
1(
b101 &
b101 /
b1100100010101 -
#64220000
0!
b0 .
0(
b110 &
b110 /
b1100100010110 -
#64230000
b101011 "
b101011 '
b11011 .
b111 &
b111 /
b1100100010111 -
#64240000
b100110 "
1#
b100110 '
b11 ,
b0 &
b11 %
b11 +
b0 /
b1100100011000 -
#64250000
b101100 "
b101100 '
b1 &
b1 /
b1100100011001 -
#64260000
b111101 "
0#
b111101 '
b10 &
b10 /
b1100100011010 -
#64270000
b0 "
b0 '
b11 &
b11 /
b1100100011011 -
#64280000
b100 &
b100 /
b1100100011100 -
#64290000
1!
1(
b101 &
b101 /
b1100100011101 -
#64300000
b1 "
0!
b1 '
b1 .
0(
b110 &
b110 /
b1100100011110 -
#64310000
b101010 "
b11010 .
b101010 '
b111 &
b111 /
b1100100011111 -
#64320000
b100101 "
1#
b100101 '
b100 ,
b0 &
b100 %
b100 +
b0 /
b1100100100000 -
#64330000
b101101 "
b101101 '
b1 &
b1 /
b1100100100001 -
#64340000
b111100 "
0#
b111100 '
b10 &
b10 /
b1100100100010 -
#64350000
b0 "
b0 '
b11 &
b11 /
b1100100100011 -
#64360000
b100 &
b100 /
b1100100100100 -
#64370000
1!
1(
b101 &
b101 /
b1100100100101 -
#64380000
0!
b0 .
0(
b110 &
b110 /
b1100100100110 -
#64390000
b101101 "
b101101 '
b11101 .
b111 &
b111 /
b1100100100111 -
#64400000
b100100 "
1#
b100100 '
b101 ,
b0 &
b101 %
b101 +
b0 /
b1100100101000 -
#64410000
b101110 "
b101110 '
b1 &
b1 /
b1100100101001 -
#64420000
b111011 "
0#
b111011 '
b10 &
b10 /
b1100100101010 -
#64430000
b0 "
b0 '
b11 &
b11 /
b1100100101011 -
#64440000
b100 &
b100 /
b1100100101100 -
#64450000
1!
1(
b101 &
b101 /
b1100100101101 -
#64460000
b1 "
0!
b1 '
b1 .
0(
b110 &
b110 /
b1100100101110 -
#64470000
b101100 "
b11100 .
b101100 '
b111 &
b111 /
b1100100101111 -
#64480000
b100011 "
1#
b100011 '
b110 ,
b0 &
b110 %
b110 +
b0 /
b1100100110000 -
#64490000
b101111 "
b101111 '
b1 &
b1 /
b1100100110001 -
#64500000
b111010 "
0#
b111010 '
b10 &
b10 /
b1100100110010 -
#64510000
b0 "
b0 '
b11 &
b11 /
b1100100110011 -
#64520000
b100 &
b100 /
b1100100110100 -
#64530000
1!
1(
b101 &
b101 /
b1100100110101 -
#64540000
0!
b0 .
0(
b110 &
b110 /
b1100100110110 -
#64550000
b101111 "
b101111 '
b11111 .
b111 &
b111 /
b1100100110111 -
#64560000
b100010 "
1#
b100010 '
b111 ,
b0 &
b111 %
b111 +
b0 /
b1100100111000 -
#64570000
b110000 "
b110000 '
b1 &
b1 /
b1100100111001 -
#64580000
b111001 "
0#
b111001 '
b10 &
b10 /
b1100100111010 -
#64590000
b0 "
b0 '
b11 &
b11 /
b1100100111011 -
#64600000
b100 &
b100 /
b1100100111100 -
#64610000
1!
1(
b101 &
b101 /
b1100100111101 -
#64620000
b1 "
0!
b1 '
b1 .
0(
b110 &
b110 /
b1100100111110 -
#64630000
b101110 "
b11110 .
b101110 '
b111 &
b111 /
b1100100111111 -
#64640000
b100001 "
1#
b100001 '
b1000 ,
b0 &
b1000 %
b1000 +
b0 /
b1100101000000 -
#64650000
b110001 "
b110001 '
b1 &
b1 /
b1100101000001 -
#64660000
b111000 "
0#
b111000 '
b10 &
b10 /
b1100101000010 -
#64670000
b0 "
b0 '
b11 &
b11 /
b1100101000011 -
#64680000
b100 &
b100 /
b1100101000100 -
#64690000
1!
1(
b101 &
b101 /
b1100101000101 -
#64700000
b1000 "
0!
b1000 '
b1000 .
0(
b110 &
b110 /
b1100101000110 -
#64710000
b100001 "
b10001 .
b100001 '
b111 &
b111 /
b1100101000111 -
#64720000
b0 "
1#
b0 '
b1001 ,
b0 &
b1001 %
b1001 +
b0 /
b1100101001000 -
#64730000
b110010 "
b110010 '
b1 &
b1 /
b1100101001001 -
#64740000
b110111 "
0#
b110111 '
b10 &
b10 /
b1100101001010 -
#64750000
b0 "
b0 '
b11 &
b11 /
b1100101001011 -
#64760000
b100 &
b100 /
b1100101001100 -
#64770000
1!
1(
b101 &
b101 /
b1100101001101 -
#64780000
b1001 "
0!
b1001 '
b1001 .
0(
b110 &
b110 /
b1100101001110 -
#64790000
b100000 "
b10000 .
b100000 '
b111 &
b111 /
b1100101001111 -
#64800000
b1 "
1#
b1 '
b1010 ,
b0 &
b1010 %
b1010 +
b0 /
b1100101010000 -
#64810000
b110011 "
b110011 '
b1 &
b1 /
b1100101010001 -
#64820000
b110110 "
0#
b110110 '
b10 &
b10 /
b1100101010010 -
#64830000
b0 "
b0 '
b11 &
b11 /
b1100101010011 -
#64840000
b100 &
b100 /
b1100101010100 -
#64850000
1!
1(
b101 &
b101 /
b1100101010101 -
#64860000
b1000 "
0!
b1000 '
b1000 .
0(
b110 &
b110 /
b1100101010110 -
#64870000
b100011 "
b10011 .
b100011 '
b111 &
b111 /
b1100101010111 -
#64880000
b10 "
1#
b10 '
b1011 ,
b0 &
b1011 %
b1011 +
b0 /
b1100101011000 -
#64890000
b110100 "
b110100 '
b1 &
b1 /
b1100101011001 -
#64900000
b110101 "
0#
b110101 '
b10 &
b10 /
b1100101011010 -
#64910000
b0 "
b0 '
b11 &
b11 /
b1100101011011 -
#64920000
b100 &
b100 /
b1100101011100 -
#64930000
1!
1(
b101 &
b101 /
b1100101011101 -
#64940000
b1001 "
0!
b1001 '
b1001 .
0(
b110 &
b110 /
b1100101011110 -
#64950000
b100010 "
b10010 .
b100010 '
b111 &
b111 /
b1100101011111 -
#64960000
b11 "
1#
b11 '
b1100 ,
b0 &
b1100 %
b1100 +
b0 /
b1100101100000 -
#64970000
b110101 "
b110101 '
b1 &
b1 /
b1100101100001 -
#64980000
b110100 "
0#
b110100 '
b10 &
b10 /
b1100101100010 -
#64990000
b0 "
b0 '
b11 &
b11 /
b1100101100011 -
#65000000
b100 &
b100 /
b1100101100100 -
#65010000
1!
1(
b101 &
b101 /
b1100101100101 -
#65020000
b1000 "
0!
b1000 '
b1000 .
0(
b110 &
b110 /
b1100101100110 -
#65030000
b100101 "
b10101 .
b100101 '
b111 &
b111 /
b1100101100111 -
#65040000
b100 "
1#
b100 '
b1101 ,
b0 &
b1101 %
b1101 +
b0 /
b1100101101000 -
#65050000
b110110 "
b110110 '
b1 &
b1 /
b1100101101001 -
#65060000
b110011 "
0#
b110011 '
b10 &
b10 /
b1100101101010 -
#65070000
b0 "
b0 '
b11 &
b11 /
b1100101101011 -
#65080000
b100 &
b100 /
b1100101101100 -
#65090000
1!
1(
b101 &
b101 /
b1100101101101 -
#65100000
b1001 "
0!
b1001 '
b1001 .
0(
b110 &
b110 /
b1100101101110 -
#65110000
b100100 "
b10100 .
b100100 '
b111 &
b111 /
b1100101101111 -
#65120000
b101 "
1#
b101 '
b1110 ,
b0 &
b1110 %
b1110 +
b0 /
b1100101110000 -
#65130000
b110111 "
b110111 '
b1 &
b1 /
b1100101110001 -
#65140000
b110010 "
0#
b110010 '
b10 &
b10 /
b1100101110010 -
#65150000
b0 "
b0 '
b11 &
b11 /
b1100101110011 -
#65160000
b100 &
b100 /
b1100101110100 -
#65170000
1!
1(
b101 &
b101 /
b1100101110101 -
#65180000
b1000 "
0!
b1000 '
b1000 .
0(
b110 &
b110 /
b1100101110110 -
#65190000
b100111 "
b10111 .
b100111 '
b111 &
b111 /
b1100101110111 -
#65200000
b110 "
1#
b110 '
b1111 ,
b0 &
b1111 %
b1111 +
b0 /
b1100101111000 -
#65210000
b111000 "
b111000 '
b1 &
b1 /
b1100101111001 -
#65220000
b110001 "
0#
b110001 '
b10 &
b10 /
b1100101111010 -
#65230000
b0 "
b0 '
b11 &
b11 /
b1100101111011 -
#65240000
b100 &
b100 /
b1100101111100 -
#65250000
1!
1(
b101 &
b101 /
b1100101111101 -
#65260000
b1001 "
0!
b1001 '
b1001 .
0(
b110 &
b110 /
b1100101111110 -
#65270000
b100110 "
b10110 .
b100110 '
b111 &
b111 /
b1100101111111 -
#65280000
b101001 "
1#
b101001 '
b0 ,
b0 &
b10000 %
b10000 +
b0 /
b1100110000000 -
#65290000
b101001 "
b101001 '
b1 &
b1 /
b1100110000001 -
#65300000
b0 "
0#
b0 '
b10 &
b10 /
b1100110000010 -
#65310000
b11 &
b11 /
b1100110000011 -
#65320000
b100 &
b100 /
b1100110000100 -
#65330000
1!
1(
b101 &
b101 /
b1100110000101 -
#65340000
b100000 "
0!
b100000 '
b10000 .
0(
b110 &
b110 /
b1100110000110 -
#65350000
b1001 "
b1001 .
b1001 '
b111 &
b111 /
b1100110000111 -
#65360000
b101010 "
1#
b101010 '
b11111111111111111111111111111111 ,
b0 &
b10001 %
b10001 +
b0 /
b1100110001000 -
#65370000
b101000 "
b101000 '
b1 &
b1 /
b1100110001001 -
#65380000
b1 "
0#
b1 '
b10 &
b10 /
b1100110001010 -
#65390000
b0 "
b0 '
b11 &
b11 /
b1100110001011 -
#65400000
b100 &
b100 /
b1100110001100 -
#65410000
1!
1(
b101 &
b101 /
b1100110001101 -
#65420000
b100001 "
0!
b100001 '
b10001 .
0(
b110 &
b110 /
b1100110001110 -
#65430000
b1000 "
b1000 .
b1000 '
b111 &
b111 /
b1100110001111 -
#65440000
b101011 "
1#
b101011 '
b11111111111111111111111111111110 ,
b0 &
b10010 %
b10010 +
b0 /
b1100110010000 -
#65450000
b100111 "
b100111 '
b1 &
b1 /
b1100110010001 -
#65460000
b10 "
0#
b10 '
b10 &
b10 /
b1100110010010 -
#65470000
b0 "
b0 '
b11 &
b11 /
b1100110010011 -
#65480000
b100 &
b100 /
b1100110010100 -
#65490000
1!
1(
b101 &
b101 /
b1100110010101 -
#65500000
b100000 "
0!
b100000 '
b10000 .
0(
b110 &
b110 /
b1100110010110 -
#65510000
b1011 "
b1011 .
b1011 '
b111 &
b111 /
b1100110010111 -
#65520000
b101100 "
1#
b101100 '
b11111111111111111111111111111101 ,
b0 &
b10011 %
b10011 +
b0 /
b1100110011000 -
#65530000
b100110 "
b100110 '
b1 &
b1 /
b1100110011001 -
#65540000
b11 "
0#
b11 '
b10 &
b10 /
b1100110011010 -
#65550000
b0 "
b0 '
b11 &
b11 /
b1100110011011 -
#65560000
b100 &
b100 /
b1100110011100 -
#65570000
1!
1(
b101 &
b101 /
b1100110011101 -
#65580000
b100001 "
0!
b100001 '
b10001 .
0(
b110 &
b110 /
b1100110011110 -
#65590000
b1010 "
b1010 .
b1010 '
b111 &
b111 /
b1100110011111 -
#65600000
b101101 "
1#
b101101 '
b11111111111111111111111111111100 ,
b0 &
b10100 %
b10100 +
b0 /
b1100110100000 -
#65610000
b100101 "
b100101 '
b1 &
b1 /
b1100110100001 -
#65620000
b100 "
0#
b100 '
b10 &
b10 /
b1100110100010 -
#65630000
b0 "
b0 '
b11 &
b11 /
b1100110100011 -
#65640000
b100 &
b100 /
b1100110100100 -
#65650000
1!
1(
b101 &
b101 /
b1100110100101 -
#65660000
b100000 "
0!
b100000 '
b10000 .
0(
b110 &
b110 /
b1100110100110 -
#65670000
b1101 "
b1101 .
b1101 '
b111 &
b111 /
b1100110100111 -
#65680000
b101110 "
1#
b101110 '
b11111111111111111111111111111011 ,
b0 &
b10101 %
b10101 +
b0 /
b1100110101000 -
#65690000
b100100 "
b100100 '
b1 &
b1 /
b1100110101001 -
#65700000
b101 "
0#
b101 '
b10 &
b10 /
b1100110101010 -
#65710000
b0 "
b0 '
b11 &
b11 /
b1100110101011 -
#65720000
b100 &
b100 /
b1100110101100 -
#65730000
1!
1(
b101 &
b101 /
b1100110101101 -
#65740000
b100001 "
0!
b100001 '
b10001 .
0(
b110 &
b110 /
b1100110101110 -
#65750000
b1100 "
b1100 .
b1100 '
b111 &
b111 /
b1100110101111 -
#65760000
b101111 "
1#
b101111 '
b11111111111111111111111111111010 ,
b0 &
b10110 %
b10110 +
b0 /
b1100110110000 -
#65770000
b100011 "
b100011 '
b1 &
b1 /
b1100110110001 -
#65780000
b110 "
0#
b110 '
b10 &
b10 /
b1100110110010 -
#65790000
b0 "
b0 '
b11 &
b11 /
b1100110110011 -
#65800000
b100 &
b100 /
b1100110110100 -
#65810000
1!
1(
b101 &
b101 /
b1100110110101 -
#65820000
b100000 "
0!
b100000 '
b10000 .
0(
b110 &
b110 /
b1100110110110 -
#65830000
b1111 "
b1111 .
b1111 '
b111 &
b111 /
b1100110110111 -
#65840000
b110000 "
1#
b110000 '
b11111111111111111111111111111001 ,
b0 &
b10111 %
b10111 +
b0 /
b1100110111000 -
#65850000
b100010 "
b100010 '
b1 &
b1 /
b1100110111001 -
#65860000
b111 "
0#
b111 '
b10 &
b10 /
b1100110111010 -
#65870000
b0 "
b0 '
b11 &
b11 /
b1100110111011 -
#65880000
b100 &
b100 /
b1100110111100 -
#65890000
1!
1(
b101 &
b101 /
b1100110111101 -
#65900000
b100001 "
0!
b100001 '
b10001 .
0(
b110 &
b110 /
b1100110111110 -
#65910000
b1110 "
b1110 .
b1110 '
b111 &
b111 /
b1100110111111 -
#65920000
b110001 "
1#
b110001 '
b11111111111111111111111111111000 ,
b0 &
b11000 %
b11000 +
b0 /
b1100111000000 -
#65930000
b100001 "
b100001 '
b1 &
b1 /
b1100111000001 -
#65940000
b1000 "
0#
b1000 '
b10 &
b10 /
b1100111000010 -
#65950000
b0 "
b0 '
b11 &
b11 /
b1100111000011 -
#65960000
b100 &
b100 /
b1100111000100 -
#65970000
1!
1(
b101 &
b101 /
b1100111000101 -
#65980000
b101000 "
0!
b101000 '
b11000 .
0(
b110 &
b110 /
b1100111000110 -
#65990000
b1 "
b1 .
b1 '
b111 &
b111 /
b1100111000111 -
#66000000
b110010 "
1#
b110010 '
b11111111111111111111111111110111 ,
b0 &
b11001 %
b11001 +
b0 /
b1100111001000 -
#66010000
b0 "
b0 '
b1 &
b1 /
b1100111001001 -
#66020000
b1001 "
0#
b1001 '
b10 &
b10 /
b1100111001010 -
#66030000
b0 "
1!
1(
b0 '
b11 &
b11 /
b1100111001011 -
#66040000
0!
0(
b100 &
b100 /
b1100111001100 -
#66050000
b101 &
b101 /
b1100111001101 -
#66060000
b101001 "
b101001 '
b11001 .
b110 &
b110 /
b1100111001110 -
#66070000
b0 "
b0 .
b0 '
b111 &
b111 /
b1100111001111 -
#66080000
b110011 "
1#
b110011 '
b11111111111111111111111111110110 ,
b0 &
b11010 %
b11010 +
b0 /
b1100111010000 -
#66090000
b1 "
b1 '
b1 &
b1 /
b1100111010001 -
#66100000
b1010 "
0#
b1010 '
b10 &
b10 /
b1100111010010 -
#66110000
b0 "
b0 '
b11 &
b11 /
b1100111010011 -
#66120000
1!
1(
b100 &
b100 /
b1100111010100 -
#66130000
0!
0(
b101 &
b101 /
b1100111010101 -
#66140000
b101000 "
b101000 '
b11000 .
b110 &
b110 /
b1100111010110 -
#66150000
b11 "
b11 .
b11 '
b111 &
b111 /
b1100111010111 -
#66160000
b110100 "
1#
b110100 '
b11111111111111111111111111110101 ,
b0 &
b11011 %
b11011 +
b0 /
b1100111011000 -
#66170000
b10 "
b10 '
b1 &
b1 /
b1100111011001 -
#66180000
b1011 "
0#
b1011 '
b10 &
b10 /
b1100111011010 -
#66190000
b0 "
b0 '
b11 &
b11 /
b1100111011011 -
#66200000
1!
1(
b100 &
b100 /
b1100111011100 -
#66210000
0!
0(
b101 &
b101 /
b1100111011101 -
#66220000
b101001 "
b101001 '
b11001 .
b110 &
b110 /
b1100111011110 -
#66230000
b10 "
b10 .
b10 '
b111 &
b111 /
b1100111011111 -
#66240000
b110101 "
1#
b110101 '
b11111111111111111111111111110100 ,
b0 &
b11100 %
b11100 +
b0 /
b1100111100000 -
#66250000
b11 "
b11 '
b1 &
b1 /
b1100111100001 -
#66260000
b1100 "
0#
b1100 '
b10 &
b10 /
b1100111100010 -
#66270000
b0 "
b0 '
b11 &
b11 /
b1100111100011 -
#66280000
1!
1(
b100 &
b100 /
b1100111100100 -
#66290000
0!
0(
b101 &
b101 /
b1100111100101 -
#66300000
b101000 "
b101000 '
b11000 .
b110 &
b110 /
b1100111100110 -
#66310000
b101 "
b101 .
b101 '
b111 &
b111 /
b1100111100111 -
#66320000
b110110 "
1#
b110110 '
b11111111111111111111111111110011 ,
b0 &
b11101 %
b11101 +
b0 /
b1100111101000 -
#66330000
b100 "
b100 '
b1 &
b1 /
b1100111101001 -
#66340000
b1101 "
0#
b1101 '
b10 &
b10 /
b1100111101010 -
#66350000
b0 "
b0 '
b11 &
b11 /
b1100111101011 -
#66360000
1!
1(
b100 &
b100 /
b1100111101100 -
#66370000
0!
0(
b101 &
b101 /
b1100111101101 -
#66380000
b101001 "
b101001 '
b11001 .
b110 &
b110 /
b1100111101110 -
#66390000
b100 "
b100 .
b100 '
b111 &
b111 /
b1100111101111 -
#66400000
b110111 "
1#
b110111 '
b11111111111111111111111111110010 ,
b0 &
b11110 %
b11110 +
b0 /
b1100111110000 -
#66410000
b101 "
b101 '
b1 &
b1 /
b1100111110001 -
#66420000
b1110 "
0#
b1110 '
b10 &
b10 /
b1100111110010 -
#66430000
b0 "
b0 '
b11 &
b11 /
b1100111110011 -
#66440000
1!
1(
b100 &
b100 /
b1100111110100 -
#66450000
0!
0(
b101 &
b101 /
b1100111110101 -
#66460000
b101000 "
b101000 '
b11000 .
b110 &
b110 /
b1100111110110 -
#66470000
b111 "
b111 .
b111 '
b111 &
b111 /
b1100111110111 -
#66480000
b111000 "
1#
b111000 '
b11111111111111111111111111110001 ,
b0 &
b11111 %
b11111 +
b0 /
b1100111111000 -
#66490000
b110 "
b110 '
b1 &
b1 /
b1100111111001 -
#66500000
b1111 "
0#
b1111 '
b10 &
b10 /
b1100111111010 -
#66510000
b0 "
b0 '
b11 &
b11 /
b1100111111011 -
#66520000
1!
1(
b100 &
b100 /
b1100111111100 -
#66530000
0!
0(
b101 &
b101 /
b1100111111101 -
#66540000
b101001 "
b101001 '
b11001 .
b110 &
b110 /
b1100111111110 -
#66550000
b110 "
b110 .
b110 '
b111 &
b111 /
b1100111111111 -
#66560000
b101010 "
1#
b101010 '
b0 ,
b11111111111111111111111111110110 *
b0 &
b0 %
b11010 $
b11010 )
b0 +
b0 /
b1101000000000 -
#66570000
b101010 "
b101010 '
b1 &
b1 /
b1101000000001 -
#66580000
b0 "
0#
b0 '
b10 &
b10 /
b1101000000010 -
#66590000
b11 &
b11 /
b1101000000011 -
#66600000
b100 &
b100 /
b1101000000100 -
#66610000
1!
1(
b101 &
b101 /
b1101000000101 -
#66620000
0!
b0 .
0(
b110 &
b110 /
b1101000000110 -
#66630000
b101010 "
b101010 '
b11010 .
b111 &
b111 /
b1101000000111 -
#66640000
b101001 "
1#
b101001 '
b1 ,
b0 &
b1 %
b1 +
b0 /
b1101000001000 -
#66650000
b101011 "
b101011 '
b1 &
b1 /
b1101000001001 -
#66660000
b111111 "
0#
b111111 '
b10 &
b10 /
b1101000001010 -
#66670000
b0 "
b0 '
b11 &
b11 /
b1101000001011 -
#66680000
b100 &
b100 /
b1101000001100 -
#66690000
1!
1(
b101 &
b101 /
b1101000001101 -
#66700000
0!
b0 .
0(
b110 &
b110 /
b1101000001110 -
#66710000
b101011 "
b101011 '
b11011 .
b111 &
b111 /
b1101000001111 -
#66720000
b101000 "
1#
b101000 '
b10 ,
b0 &
b10 %
b10 +
b0 /
b1101000010000 -
#66730000
b101100 "
b101100 '
b1 &
b1 /
b1101000010001 -
#66740000
b111110 "
0#
b111110 '
b10 &
b10 /
b1101000010010 -
#66750000
b0 "
b0 '
b11 &
b11 /
b1101000010011 -
#66760000
b100 &
b100 /
b1101000010100 -
#66770000
1!
1(
b101 &
b101 /
b1101000010101 -
#66780000
b10 "
0!
b10 '
b10 .
0(
b110 &
b110 /
b1101000010110 -
#66790000
b101000 "
b11000 .
b101000 '
b111 &
b111 /
b1101000010111 -
#66800000
b100111 "
1#
b100111 '
b11 ,
b0 &
b11 %
b11 +
b0 /
b1101000011000 -
#66810000
b101101 "
b101101 '
b1 &
b1 /
b1101000011001 -
#66820000
b111101 "
0#
b111101 '
b10 &
b10 /
b1101000011010 -
#66830000
b0 "
b0 '
b11 &
b11 /
b1101000011011 -
#66840000
b100 &
b100 /
b1101000011100 -
#66850000
1!
1(
b101 &
b101 /
b1101000011101 -
#66860000
b10 "
0!
b10 '
b10 .
0(
b110 &
b110 /
b1101000011110 -
#66870000
b101001 "
b11001 .
b101001 '
b111 &
b111 /
b1101000011111 -
#66880000
b100110 "
1#
b100110 '
b100 ,
b0 &
b100 %
b100 +
b0 /
b1101000100000 -
#66890000
b101110 "
b101110 '
b1 &
b1 /
b1101000100001 -
#66900000
b111100 "
0#
b111100 '
b10 &
b10 /
b1101000100010 -
#66910000
b0 "
b0 '
b11 &
b11 /
b1101000100011 -
#66920000
b100 &
b100 /
b1101000100100 -
#66930000
1!
1(
b101 &
b101 /
b1101000100101 -
#66940000
0!
b0 .
0(
b110 &
b110 /
b1101000100110 -
#66950000
b101110 "
b101110 '
b11110 .
b111 &
b111 /
b1101000100111 -
#66960000
b100101 "
1#
b100101 '
b101 ,
b0 &
b101 %
b101 +
b0 /
b1101000101000 -
#66970000
b101111 "
b101111 '
b1 &
b1 /
b1101000101001 -
#66980000
b111011 "
0#
b111011 '
b10 &
b10 /
b1101000101010 -
#66990000
b0 "
b0 '
b11 &
b11 /
b1101000101011 -
#67000000
b100 &
b100 /
b1101000101100 -
#67010000
1!
1(
b101 &
b101 /
b1101000101101 -
#67020000
0!
b0 .
0(
b110 &
b110 /
b1101000101110 -
#67030000
b101111 "
b101111 '
b11111 .
b111 &
b111 /
b1101000101111 -
#67040000
b100100 "
1#
b100100 '
b110 ,
b0 &
b110 %
b110 +
b0 /
b1101000110000 -
#67050000
b110000 "
b110000 '
b1 &
b1 /
b1101000110001 -
#67060000
b111010 "
0#
b111010 '
b10 &
b10 /
b1101000110010 -
#67070000
b0 "
b0 '
b11 &
b11 /
b1101000110011 -
#67080000
b100 &
b100 /
b1101000110100 -
#67090000
1!
1(
b101 &
b101 /
b1101000110101 -
#67100000
b10 "
0!
b10 '
b10 .
0(
b110 &
b110 /
b1101000110110 -
#67110000
b101100 "
b11100 .
b101100 '
b111 &
b111 /
b1101000110111 -
#67120000
b100011 "
1#
b100011 '
b111 ,
b0 &
b111 %
b111 +
b0 /
b1101000111000 -
#67130000
b110001 "
b110001 '
b1 &
b1 /
b1101000111001 -
#67140000
b111001 "
0#
b111001 '
b10 &
b10 /
b1101000111010 -
#67150000
b0 "
b0 '
b11 &
b11 /
b1101000111011 -
#67160000
b100 &
b100 /
b1101000111100 -
#67170000
1!
1(
b101 &
b101 /
b1101000111101 -
#67180000
b10 "
0!
b10 '
b10 .
0(
b110 &
b110 /
b1101000111110 -
#67190000
b101101 "
b11101 .
b101101 '
b111 &
b111 /
b1101000111111 -
#67200000
b100010 "
1#
b100010 '
b1000 ,
b0 &
b1000 %
b1000 +
b0 /
b1101001000000 -
#67210000
b110010 "
b110010 '
b1 &
b1 /
b1101001000001 -
#67220000
b111000 "
0#
b111000 '
b10 &
b10 /
b1101001000010 -
#67230000
b0 "
b0 '
b11 &
b11 /
b1101001000011 -
#67240000
b100 &
b100 /
b1101001000100 -
#67250000
1!
1(
b101 &
b101 /
b1101001000101 -
#67260000
b1000 "
0!
b1000 '
b1000 .
0(
b110 &
b110 /
b1101001000110 -
#67270000
b100010 "
b10010 .
b100010 '
b111 &
b111 /
b1101001000111 -
#67280000
b100001 "
1#
b100001 '
b1001 ,
b0 &
b1001 %
b1001 +
b0 /
b1101001001000 -
#67290000
b110011 "
b110011 '
b1 &
b1 /
b1101001001001 -
#67300000
b110111 "
0#
b110111 '
b10 &
b10 /
b1101001001010 -
#67310000
b0 "
b0 '
b11 &
b11 /
b1101001001011 -
#67320000
b100 &
b100 /
b1101001001100 -
#67330000
1!
1(
b101 &
b101 /
b1101001001101 -
#67340000
b1000 "
0!
b1000 '
b1000 .
0(
b110 &
b110 /
b1101001001110 -
#67350000
b100011 "
b10011 .
b100011 '
b111 &
b111 /
b1101001001111 -
#67360000
b0 "
1#
b0 '
b1010 ,
b0 &
b1010 %
b1010 +
b0 /
b1101001010000 -
#67370000
b110100 "
b110100 '
b1 &
b1 /
b1101001010001 -
#67380000
b110110 "
0#
b110110 '
b10 &
b10 /
b1101001010010 -
#67390000
b0 "
b0 '
b11 &
b11 /
b1101001010011 -
#67400000
b100 &
b100 /
b1101001010100 -
#67410000
1!
1(
b101 &
b101 /
b1101001010101 -
#67420000
b1010 "
0!
b1010 '
b1010 .
0(
b110 &
b110 /
b1101001010110 -
#67430000
b100000 "
b10000 .
b100000 '
b111 &
b111 /
b1101001010111 -
#67440000
b1 "
1#
b1 '
b1011 ,
b0 &
b1011 %
b1011 +
b0 /
b1101001011000 -
#67450000
b110101 "
b110101 '
b1 &
b1 /
b1101001011001 -
#67460000
0#
b110101 '
b10 &
b10 /
b1101001011010 -
#67470000
b0 "
b0 '
b11 &
b11 /
b1101001011011 -
#67480000
b100 &
b100 /
b1101001011100 -
#67490000
1!
1(
b101 &
b101 /
b1101001011101 -
#67500000
b1010 "
0!
b1010 '
b1010 .
0(
b110 &
b110 /
b1101001011110 -
#67510000
b100001 "
b10001 .
b100001 '
b111 &
b111 /
b1101001011111 -
#67520000
b10 "
1#
b10 '
b1100 ,
b0 &
b1100 %
b1100 +
b0 /
b1101001100000 -
#67530000
b110110 "
b110110 '
b1 &
b1 /
b1101001100001 -
#67540000
b110100 "
0#
b110100 '
b10 &
b10 /
b1101001100010 -
#67550000
b0 "
b0 '
b11 &
b11 /
b1101001100011 -
#67560000
b100 &
b100 /
b1101001100100 -
#67570000
1!
1(
b101 &
b101 /
b1101001100101 -
#67580000
b1000 "
0!
b1000 '
b1000 .
0(
b110 &
b110 /
b1101001100110 -
#67590000
b100110 "
b10110 .
b100110 '
b111 &
b111 /
b1101001100111 -
#67600000
b11 "
1#
b11 '
b1101 ,
b0 &
b1101 %
b1101 +
b0 /
b1101001101000 -
#67610000
b110111 "
b110111 '
b1 &
b1 /
b1101001101001 -
#67620000
b110011 "
0#
b110011 '
b10 &
b10 /
b1101001101010 -
#67630000
b0 "
b0 '
b11 &
b11 /
b1101001101011 -
#67640000
b100 &
b100 /
b1101001101100 -
#67650000
1!
1(
b101 &
b101 /
b1101001101101 -
#67660000
b1000 "
0!
b1000 '
b1000 .
0(
b110 &
b110 /
b1101001101110 -
#67670000
b100111 "
b10111 .
b100111 '
b111 &
b111 /
b1101001101111 -
#67680000
b100 "
1#
b100 '
b1110 ,
b0 &
b1110 %
b1110 +
b0 /
b1101001110000 -
#67690000
b111000 "
b111000 '
b1 &
b1 /
b1101001110001 -
#67700000
b110010 "
0#
b110010 '
b10 &
b10 /
b1101001110010 -
#67710000
b0 "
b0 '
b11 &
b11 /
b1101001110011 -
#67720000
b100 &
b100 /
b1101001110100 -
#67730000
1!
1(
b101 &
b101 /
b1101001110101 -
#67740000
b1010 "
0!
b1010 '
b1010 .
0(
b110 &
b110 /
b1101001110110 -
#67750000
b100100 "
b10100 .
b100100 '
b111 &
b111 /
b1101001110111 -
#67760000
b101 "
1#
b101 '
b1111 ,
b0 &
b1111 %
b1111 +
b0 /
b1101001111000 -
#67770000
b111001 "
b111001 '
b1 &
b1 /
b1101001111001 -
#67780000
b110001 "
0#
b110001 '
b10 &
b10 /
b1101001111010 -
#67790000
b0 "
b0 '
b11 &
b11 /
b1101001111011 -
#67800000
b100 &
b100 /
b1101001111100 -
#67810000
1!
1(
b101 &
b101 /
b1101001111101 -
#67820000
b1010 "
0!
b1010 '
b1010 .
0(
b110 &
b110 /
b1101001111110 -
#67830000
b100101 "
b10101 .
b100101 '
b111 &
b111 /
b1101001111111 -
#67840000
b101010 "
1#
b101010 '
b0 ,
b0 &
b10000 %
b10000 +
b0 /
b1101010000000 -
#67850000
b101010 "
b101010 '
b1 &
b1 /
b1101010000001 -
#67860000
b0 "
0#
b0 '
b10 &
b10 /
b1101010000010 -
#67870000
b11 &
b11 /
b1101010000011 -
#67880000
b100 &
b100 /
b1101010000100 -
#67890000
1!
1(
b101 &
b101 /
b1101010000101 -
#67900000
b100000 "
0!
b100000 '
b10000 .
0(
b110 &
b110 /
b1101010000110 -
#67910000
b1010 "
b1010 .
b1010 '
b111 &
b111 /
b1101010000111 -
#67920000
b101011 "
1#
b101011 '
b11111111111111111111111111111111 ,
b0 &
b10001 %
b10001 +
b0 /
b1101010001000 -
#67930000
b101001 "
b101001 '
b1 &
b1 /
b1101010001001 -
#67940000
b1 "
0#
b1 '
b10 &
b10 /
b1101010001010 -
#67950000
b0 "
b0 '
b11 &
b11 /
b1101010001011 -
#67960000
b100 &
b100 /
b1101010001100 -
#67970000
1!
1(
b101 &
b101 /
b1101010001101 -
#67980000
b100000 "
0!
b100000 '
b10000 .
0(
b110 &
b110 /
b1101010001110 -
#67990000
b1011 "
b1011 .
b1011 '
b111 &
b111 /
b1101010001111 -
#68000000
b101100 "
1#
b101100 '
b11111111111111111111111111111110 ,
b0 &
b10010 %
b10010 +
b0 /
b1101010010000 -
#68010000
b101000 "
b101000 '
b1 &
b1 /
b1101010010001 -
#68020000
b10 "
0#
b10 '
b10 &
b10 /
b1101010010010 -
#68030000
b0 "
b0 '
b11 &
b11 /
b1101010010011 -
#68040000
b100 &
b100 /
b1101010010100 -
#68050000
1!
1(
b101 &
b101 /
b1101010010101 -
#68060000
b100010 "
0!
b100010 '
b10010 .
0(
b110 &
b110 /
b1101010010110 -
#68070000
b1000 "
b1000 .
b1000 '
b111 &
b111 /
b1101010010111 -
#68080000
b101101 "
1#
b101101 '
b11111111111111111111111111111101 ,
b0 &
b10011 %
b10011 +
b0 /
b1101010011000 -
#68090000
b100111 "
b100111 '
b1 &
b1 /
b1101010011001 -
#68100000
b11 "
0#
b11 '
b10 &
b10 /
b1101010011010 -
#68110000
b0 "
b0 '
b11 &
b11 /
b1101010011011 -
#68120000
b100 &
b100 /
b1101010011100 -
#68130000
1!
1(
b101 &
b101 /
b1101010011101 -
#68140000
b100010 "
0!
b100010 '
b10010 .
0(
b110 &
b110 /
b1101010011110 -
#68150000
b1001 "
b1001 .
b1001 '
b111 &
b111 /
b1101010011111 -
#68160000
b101110 "
1#
b101110 '
b11111111111111111111111111111100 ,
b0 &
b10100 %
b10100 +
b0 /
b1101010100000 -
#68170000
b100110 "
b100110 '
b1 &
b1 /
b1101010100001 -
#68180000
b100 "
0#
b100 '
b10 &
b10 /
b1101010100010 -
#68190000
b0 "
b0 '
b11 &
b11 /
b1101010100011 -
#68200000
b100 &
b100 /
b1101010100100 -
#68210000
1!
1(
b101 &
b101 /
b1101010100101 -
#68220000
b100000 "
0!
b100000 '
b10000 .
0(
b110 &
b110 /
b1101010100110 -
#68230000
b1110 "
b1110 .
b1110 '
b111 &
b111 /
b1101010100111 -
#68240000
b101111 "
1#
b101111 '
b11111111111111111111111111111011 ,
b0 &
b10101 %
b10101 +
b0 /
b1101010101000 -
#68250000
b100101 "
b100101 '
b1 &
b1 /
b1101010101001 -
#68260000
b101 "
0#
b101 '
b10 &
b10 /
b1101010101010 -
#68270000
b0 "
b0 '
b11 &
b11 /
b1101010101011 -
#68280000
b100 &
b100 /
b1101010101100 -
#68290000
1!
1(
b101 &
b101 /
b1101010101101 -
#68300000
b100000 "
0!
b100000 '
b10000 .
0(
b110 &
b110 /
b1101010101110 -
#68310000
b1111 "
b1111 .
b1111 '
b111 &
b111 /
b1101010101111 -
#68320000
b110000 "
1#
b110000 '
b11111111111111111111111111111010 ,
b0 &
b10110 %
b10110 +
b0 /
b1101010110000 -
#68330000
b100100 "
b100100 '
b1 &
b1 /
b1101010110001 -
#68340000
b110 "
0#
b110 '
b10 &
b10 /
b1101010110010 -
#68350000
b0 "
b0 '
b11 &
b11 /
b1101010110011 -
#68360000
b100 &
b100 /
b1101010110100 -
#68370000
1!
1(
b101 &
b101 /
b1101010110101 -
#68380000
b100010 "
0!
b100010 '
b10010 .
0(
b110 &
b110 /
b1101010110110 -
#68390000
b1100 "
b1100 .
b1100 '
b111 &
b111 /
b1101010110111 -
#68400000
b110001 "
1#
b110001 '
b11111111111111111111111111111001 ,
b0 &
b10111 %
b10111 +
b0 /
b1101010111000 -
#68410000
b100011 "
b100011 '
b1 &
b1 /
b1101010111001 -
#68420000
b111 "
0#
b111 '
b10 &
b10 /
b1101010111010 -
#68430000
b0 "
b0 '
b11 &
b11 /
b1101010111011 -
#68440000
b100 &
b100 /
b1101010111100 -
#68450000
1!
1(
b101 &
b101 /
b1101010111101 -
#68460000
b100010 "
0!
b100010 '
b10010 .
0(
b110 &
b110 /
b1101010111110 -
#68470000
b1101 "
b1101 .
b1101 '
b111 &
b111 /
b1101010111111 -
#68480000
b110010 "
1#
b110010 '
b11111111111111111111111111111000 ,
b0 &
b11000 %
b11000 +
b0 /
b1101011000000 -
#68490000
b100010 "
b100010 '
b1 &
b1 /
b1101011000001 -
#68500000
b1000 "
0#
b1000 '
b10 &
b10 /
b1101011000010 -
#68510000
b0 "
b0 '
b11 &
b11 /
b1101011000011 -
#68520000
b100 &
b100 /
b1101011000100 -
#68530000
1!
1(
b101 &
b101 /
b1101011000101 -
#68540000
b101000 "
0!
b101000 '
b11000 .
0(
b110 &
b110 /
b1101011000110 -
#68550000
b10 "
b10 .
b10 '
b111 &
b111 /
b1101011000111 -
#68560000
b110011 "
1#
b110011 '
b11111111111111111111111111110111 ,
b0 &
b11001 %
b11001 +
b0 /
b1101011001000 -
#68570000
b100001 "
b100001 '
b1 &
b1 /
b1101011001001 -
#68580000
b1001 "
0#
b1001 '
b10 &
b10 /
b1101011001010 -
#68590000
b0 "
b0 '
b11 &
b11 /
b1101011001011 -
#68600000
b100 &
b100 /
b1101011001100 -
#68610000
1!
1(
b101 &
b101 /
b1101011001101 -
#68620000
b101000 "
0!
b101000 '
b11000 .
0(
b110 &
b110 /
b1101011001110 -
#68630000
b11 "
b11 .
b11 '
b111 &
b111 /
b1101011001111 -
#68640000
b110100 "
1#
b110100 '
b11111111111111111111111111110110 ,
b0 &
b11010 %
b11010 +
b0 /
b1101011010000 -
#68650000
b0 "
b0 '
b1 &
b1 /
b1101011010001 -
#68660000
b1010 "
0#
b1010 '
b10 &
b10 /
b1101011010010 -
#68670000
b0 "
1!
1(
b0 '
b11 &
b11 /
b1101011010011 -
#68680000
0!
0(
b100 &
b100 /
b1101011010100 -
#68690000
b101 &
b101 /
b1101011010101 -
#68700000
b101010 "
b101010 '
b11010 .
b110 &
b110 /
b1101011010110 -
#68710000
b0 "
b0 .
b0 '
b111 &
b111 /
b1101011010111 -
#68720000
b110101 "
1#
b110101 '
b11111111111111111111111111110101 ,
b0 &
b11011 %
b11011 +
b0 /
b1101011011000 -
#68730000
b1 "
b1 '
b1 &
b1 /
b1101011011001 -
#68740000
b1011 "
0#
b1011 '
b10 &
b10 /
b1101011011010 -
#68750000
b0 "
b0 '
b11 &
b11 /
b1101011011011 -
#68760000
1!
1(
b100 &
b100 /
b1101011011100 -
#68770000
0!
0(
b101 &
b101 /
b1101011011101 -
#68780000
b101010 "
b101010 '
b11010 .
b110 &
b110 /
b1101011011110 -
#68790000
b1 "
b1 .
b1 '
b111 &
b111 /
b1101011011111 -
#68800000
b110110 "
1#
b110110 '
b11111111111111111111111111110100 ,
b0 &
b11100 %
b11100 +
b0 /
b1101011100000 -
#68810000
b10 "
b10 '
b1 &
b1 /
b1101011100001 -
#68820000
b1100 "
0#
b1100 '
b10 &
b10 /
b1101011100010 -
#68830000
b0 "
b0 '
b11 &
b11 /
b1101011100011 -
#68840000
1!
1(
b100 &
b100 /
b1101011100100 -
#68850000
0!
0(
b101 &
b101 /
b1101011100101 -
#68860000
b101000 "
b101000 '
b11000 .
b110 &
b110 /
b1101011100110 -
#68870000
b110 "
b110 .
b110 '
b111 &
b111 /
b1101011100111 -
#68880000
b110111 "
1#
b110111 '
b11111111111111111111111111110011 ,
b0 &
b11101 %
b11101 +
b0 /
b1101011101000 -
#68890000
b11 "
b11 '
b1 &
b1 /
b1101011101001 -
#68900000
b1101 "
0#
b1101 '
b10 &
b10 /
b1101011101010 -
#68910000
b0 "
b0 '
b11 &
b11 /
b1101011101011 -
#68920000
1!
1(
b100 &
b100 /
b1101011101100 -
#68930000
0!
0(
b101 &
b101 /
b1101011101101 -
#68940000
b101000 "
b101000 '
b11000 .
b110 &
b110 /
b1101011101110 -
#68950000
b111 "
b111 .
b111 '
b111 &
b111 /
b1101011101111 -
#68960000
b111000 "
1#
b111000 '
b11111111111111111111111111110010 ,
b0 &
b11110 %
b11110 +
b0 /
b1101011110000 -
#68970000
b100 "
b100 '
b1 &
b1 /
b1101011110001 -
#68980000
b1110 "
0#
b1110 '
b10 &
b10 /
b1101011110010 -
#68990000
b0 "
b0 '
b11 &
b11 /
b1101011110011 -
#69000000
1!
1(
b100 &
b100 /
b1101011110100 -
#69010000
0!
0(
b101 &
b101 /
b1101011110101 -
#69020000
b101010 "
b101010 '
b11010 .
b110 &
b110 /
b1101011110110 -
#69030000
b100 "
b100 .
b100 '
b111 &
b111 /
b1101011110111 -
#69040000
b111001 "
1#
b111001 '
b11111111111111111111111111110001 ,
b0 &
b11111 %
b11111 +
b0 /
b1101011111000 -
#69050000
b101 "
b101 '
b1 &
b1 /
b1101011111001 -
#69060000
b1111 "
0#
b1111 '
b10 &
b10 /
b1101011111010 -
#69070000
b0 "
b0 '
b11 &
b11 /
b1101011111011 -
#69080000
1!
1(
b100 &
b100 /
b1101011111100 -
#69090000
0!
0(
b101 &
b101 /
b1101011111101 -
#69100000
b101010 "
b101010 '
b11010 .
b110 &
b110 /
b1101011111110 -
#69110000
b101 "
b101 .
b101 '
b111 &
b111 /
b1101011111111 -
#69120000
b101011 "
1#
b101011 '
b0 ,
b11111111111111111111111111110101 *
b0 &
b0 %
b11011 $
b11011 )
b0 +
b0 /
b1101100000000 -
#69130000
b101011 "
b101011 '
b1 &
b1 /
b1101100000001 -
#69140000
b0 "
0#
b0 '
b10 &
b10 /
b1101100000010 -
#69150000
b11 &
b11 /
b1101100000011 -
#69160000
b100 &
b100 /
b1101100000100 -
#69170000
1!
1(
b101 &
b101 /
b1101100000101 -
#69180000
0!
b0 .
0(
b110 &
b110 /
b1101100000110 -
#69190000
b101011 "
b101011 '
b11011 .
b111 &
b111 /
b1101100000111 -
#69200000
b101010 "
1#
b101010 '
b1 ,
b0 &
b1 %
b1 +
b0 /
b1101100001000 -
#69210000
b101100 "
b101100 '
b1 &
b1 /
b1101100001001 -
#69220000
b111111 "
0#
b111111 '
b10 &
b10 /
b1101100001010 -
#69230000
b0 "
b0 '
b11 &
b11 /
b1101100001011 -
#69240000
b100 &
b100 /
b1101100001100 -
#69250000
1!
1(
b101 &
b101 /
b1101100001101 -
#69260000
b1 "
0!
b1 '
b1 .
0(
b110 &
b110 /
b1101100001110 -
#69270000
b101010 "
b11010 .
b101010 '
b111 &
b111 /
b1101100001111 -
#69280000
b101001 "
1#
b101001 '
b10 ,
b0 &
b10 %
b10 +
b0 /
b1101100010000 -
#69290000
b101101 "
b101101 '
b1 &
b1 /
b1101100010001 -
#69300000
b111110 "
0#
b111110 '
b10 &
b10 /
b1101100010010 -
#69310000
b0 "
b0 '
b11 &
b11 /
b1101100010011 -
#69320000
b100 &
b100 /
b1101100010100 -
#69330000
1!
1(
b101 &
b101 /
b1101100010101 -
#69340000
b10 "
0!
b10 '
b10 .
0(
b110 &
b110 /
b1101100010110 -
#69350000
b101001 "
b11001 .
b101001 '
b111 &
b111 /
b1101100010111 -
#69360000
b101000 "
1#
b101000 '
b11 ,
b0 &
b11 %
b11 +
b0 /
b1101100011000 -
#69370000
b101110 "
b101110 '
b1 &
b1 /
b1101100011001 -
#69380000
b111101 "
0#
b111101 '
b10 &
b10 /
b1101100011010 -
#69390000
b0 "
b0 '
b11 &
b11 /
b1101100011011 -
#69400000
b100 &
b100 /
b1101100011100 -
#69410000
1!
1(
b101 &
b101 /
b1101100011101 -
#69420000
b11 "
0!
b11 '
b11 .
0(
b110 &
b110 /
b1101100011110 -
#69430000
b101000 "
b11000 .
b101000 '
b111 &
b111 /
b1101100011111 -
#69440000
b100111 "
1#
b100111 '
b100 ,
b0 &
b100 %
b100 +
b0 /
b1101100100000 -
#69450000
b101111 "
b101111 '
b1 &
b1 /
b1101100100001 -
#69460000
b111100 "
0#
b111100 '
b10 &
b10 /
b1101100100010 -
#69470000
b0 "
b0 '
b11 &
b11 /
b1101100100011 -
#69480000
b100 &
b100 /
b1101100100100 -
#69490000
1!
1(
b101 &
b101 /
b1101100100101 -
#69500000
0!
b0 .
0(
b110 &
b110 /
b1101100100110 -
#69510000
b101111 "
b101111 '
b11111 .
b111 &
b111 /
b1101100100111 -
#69520000
b100110 "
1#
b100110 '
b101 ,
b0 &
b101 %
b101 +
b0 /
b1101100101000 -
#69530000
b110000 "
b110000 '
b1 &
b1 /
b1101100101001 -
#69540000
b111011 "
0#
b111011 '
b10 &
b10 /
b1101100101010 -
#69550000
b0 "
b0 '
b11 &
b11 /
b1101100101011 -
#69560000
b100 &
b100 /
b1101100101100 -
#69570000
1!
1(
b101 &
b101 /
b1101100101101 -
#69580000
b1 "
0!
b1 '
b1 .
0(
b110 &
b110 /
b1101100101110 -
#69590000
b101110 "
b11110 .
b101110 '
b111 &
b111 /
b1101100101111 -
#69600000
b100101 "
1#
b100101 '
b110 ,
b0 &
b110 %
b110 +
b0 /
b1101100110000 -
#69610000
b110001 "
b110001 '
b1 &
b1 /
b1101100110001 -
#69620000
b111010 "
0#
b111010 '
b10 &
b10 /
b1101100110010 -
#69630000
b0 "
b0 '
b11 &
b11 /
b1101100110011 -
#69640000
b100 &
b100 /
b1101100110100 -
#69650000
1!
1(
b101 &
b101 /
b1101100110101 -
#69660000
b10 "
0!
b10 '
b10 .
0(
b110 &
b110 /
b1101100110110 -
#69670000
b101101 "
b11101 .
b101101 '
b111 &
b111 /
b1101100110111 -
#69680000
b100100 "
1#
b100100 '
b111 ,
b0 &
b111 %
b111 +
b0 /
b1101100111000 -
#69690000
b110010 "
b110010 '
b1 &
b1 /
b1101100111001 -
#69700000
b111001 "
0#
b111001 '
b10 &
b10 /
b1101100111010 -
#69710000
b0 "
b0 '
b11 &
b11 /
b1101100111011 -
#69720000
b100 &
b100 /
b1101100111100 -
#69730000
1!
1(
b101 &
b101 /
b1101100111101 -
#69740000
b11 "
0!
b11 '
b11 .
0(
b110 &
b110 /
b1101100111110 -
#69750000
b101100 "
b11100 .
b101100 '
b111 &
b111 /
b1101100111111 -
#69760000
b100011 "
1#
b100011 '
b1000 ,
b0 &
b1000 %
b1000 +
b0 /
b1101101000000 -
#69770000
b110011 "
b110011 '
b1 &
b1 /
b1101101000001 -
#69780000
b111000 "
0#
b111000 '
b10 &
b10 /
b1101101000010 -
#69790000
b0 "
b0 '
b11 &
b11 /
b1101101000011 -
#69800000
b100 &
b100 /
b1101101000100 -
#69810000
1!
1(
b101 &
b101 /
b1101101000101 -
#69820000
b1000 "
0!
b1000 '
b1000 .
0(
b110 &
b110 /
b1101101000110 -
#69830000
b100011 "
b10011 .
b100011 '
b111 &
b111 /
b1101101000111 -
#69840000
b100010 "
1#
b100010 '
b1001 ,
b0 &
b1001 %
b1001 +
b0 /
b1101101001000 -
#69850000
b110100 "
b110100 '
b1 &
b1 /
b1101101001001 -
#69860000
b110111 "
0#
b110111 '
b10 &
b10 /
b1101101001010 -
#69870000
b0 "
b0 '
b11 &
b11 /
b1101101001011 -
#69880000
b100 &
b100 /
b1101101001100 -
#69890000
1!
1(
b101 &
b101 /
b1101101001101 -
#69900000
b1001 "
0!
b1001 '
b1001 .
0(
b110 &
b110 /
b1101101001110 -
#69910000
b100010 "
b10010 .
b100010 '
b111 &
b111 /
b1101101001111 -
#69920000
b100001 "
1#
b100001 '
b1010 ,
b0 &
b1010 %
b1010 +
b0 /
b1101101010000 -
#69930000
b110101 "
b110101 '
b1 &
b1 /
b1101101010001 -
#69940000
b110110 "
0#
b110110 '
b10 &
b10 /
b1101101010010 -
#69950000
b0 "
b0 '
b11 &
b11 /
b1101101010011 -
#69960000
b100 &
b100 /
b1101101010100 -
#69970000
1!
1(
b101 &
b101 /
b1101101010101 -
#69980000
b1010 "
0!
b1010 '
b1010 .
0(
b110 &
b110 /
b1101101010110 -
#69990000
b100001 "
b10001 .
b100001 '
b111 &
b111 /
b1101101010111 -
#70000000
b0 "
1#
b0 '
b1011 ,
b0 &
b1011 %
b1011 +
b0 /
b1101101011000 -
#70010000
b110110 "
b110110 '
b1 &
b1 /
b1101101011001 -
#70020000
b110101 "
0#
b110101 '
b10 &
b10 /
b1101101011010 -
#70030000
b0 "
b0 '
b11 &
b11 /
b1101101011011 -
#70040000
b100 &
b100 /
b1101101011100 -
#70050000
1!
1(
b101 &
b101 /
b1101101011101 -
#70060000
b1011 "
0!
b1011 '
b1011 .
0(
b110 &
b110 /
b1101101011110 -
#70070000
b100000 "
b10000 .
b100000 '
b111 &
b111 /
b1101101011111 -
#70080000
b1 "
1#
b1 '
b1100 ,
b0 &
b1100 %
b1100 +
b0 /
b1101101100000 -
#70090000
b110111 "
b110111 '
b1 &
b1 /
b1101101100001 -
#70100000
b110100 "
0#
b110100 '
b10 &
b10 /
b1101101100010 -
#70110000
b0 "
b0 '
b11 &
b11 /
b1101101100011 -
#70120000
b100 &
b100 /
b1101101100100 -
#70130000
1!
1(
b101 &
b101 /
b1101101100101 -
#70140000
b1000 "
0!
b1000 '
b1000 .
0(
b110 &
b110 /
b1101101100110 -
#70150000
b100111 "
b10111 .
b100111 '
b111 &
b111 /
b1101101100111 -
#70160000
b10 "
1#
b10 '
b1101 ,
b0 &
b1101 %
b1101 +
b0 /
b1101101101000 -
#70170000
b111000 "
b111000 '
b1 &
b1 /
b1101101101001 -
#70180000
b110011 "
0#
b110011 '
b10 &
b10 /
b1101101101010 -
#70190000
b0 "
b0 '
b11 &
b11 /
b1101101101011 -
#70200000
b100 &
b100 /
b1101101101100 -
#70210000
1!
1(
b101 &
b101 /
b1101101101101 -
#70220000
b1001 "
0!
b1001 '
b1001 .
0(
b110 &
b110 /
b1101101101110 -
#70230000
b100110 "
b10110 .
b100110 '
b111 &
b111 /
b1101101101111 -
#70240000
b11 "
1#
b11 '
b1110 ,
b0 &
b1110 %
b1110 +
b0 /
b1101101110000 -
#70250000
b111001 "
b111001 '
b1 &
b1 /
b1101101110001 -
#70260000
b110010 "
0#
b110010 '
b10 &
b10 /
b1101101110010 -
#70270000
b0 "
b0 '
b11 &
b11 /
b1101101110011 -
#70280000
b100 &
b100 /
b1101101110100 -
#70290000
1!
1(
b101 &
b101 /
b1101101110101 -
#70300000
b1010 "
0!
b1010 '
b1010 .
0(
b110 &
b110 /
b1101101110110 -
#70310000
b100101 "
b10101 .
b100101 '
b111 &
b111 /
b1101101110111 -
#70320000
b100 "
1#
b100 '
b1111 ,
b0 &
b1111 %
b1111 +
b0 /
b1101101111000 -
#70330000
b111010 "
b111010 '
b1 &
b1 /
b1101101111001 -
#70340000
b110001 "
0#
b110001 '
b10 &
b10 /
b1101101111010 -
#70350000
b0 "
b0 '
b11 &
b11 /
b1101101111011 -
#70360000
b100 &
b100 /
b1101101111100 -
#70370000
1!
1(
b101 &
b101 /
b1101101111101 -
#70380000
b1011 "
0!
b1011 '
b1011 .
0(
b110 &
b110 /
b1101101111110 -
#70390000
b100100 "
b10100 .
b100100 '
b111 &
b111 /
b1101101111111 -
#70400000
b101011 "
1#
b101011 '
b0 ,
b0 &
b10000 %
b10000 +
b0 /
b1101110000000 -
#70410000
b101011 "
b101011 '
b1 &
b1 /
b1101110000001 -
#70420000
b0 "
0#
b0 '
b10 &
b10 /
b1101110000010 -
#70430000
b11 &
b11 /
b1101110000011 -
#70440000
b100 &
b100 /
b1101110000100 -
#70450000
1!
1(
b101 &
b101 /
b1101110000101 -
#70460000
b100000 "
0!
b100000 '
b10000 .
0(
b110 &
b110 /
b1101110000110 -
#70470000
b1011 "
b1011 .
b1011 '
b111 &
b111 /
b1101110000111 -
#70480000
b101100 "
1#
b101100 '
b11111111111111111111111111111111 ,
b0 &
b10001 %
b10001 +
b0 /
b1101110001000 -
#70490000
b101010 "
b101010 '
b1 &
b1 /
b1101110001001 -
#70500000
b1 "
0#
b1 '
b10 &
b10 /
b1101110001010 -
#70510000
b0 "
b0 '
b11 &
b11 /
b1101110001011 -
#70520000
b100 &
b100 /
b1101110001100 -
#70530000
1!
1(
b101 &
b101 /
b1101110001101 -
#70540000
b100001 "
0!
b100001 '
b10001 .
0(
b110 &
b110 /
b1101110001110 -
#70550000
b1010 "
b1010 .
b1010 '
b111 &
b111 /
b1101110001111 -
#70560000
b101101 "
1#
b101101 '
b11111111111111111111111111111110 ,
b0 &
b10010 %
b10010 +
b0 /
b1101110010000 -
#70570000
b101001 "
b101001 '
b1 &
b1 /
b1101110010001 -
#70580000
b10 "
0#
b10 '
b10 &
b10 /
b1101110010010 -
#70590000
b0 "
b0 '
b11 &
b11 /
b1101110010011 -
#70600000
b100 &
b100 /
b1101110010100 -
#70610000
1!
1(
b101 &
b101 /
b1101110010101 -
#70620000
b100010 "
0!
b100010 '
b10010 .
0(
b110 &
b110 /
b1101110010110 -
#70630000
b1001 "
b1001 .
b1001 '
b111 &
b111 /
b1101110010111 -
#70640000
b101110 "
1#
b101110 '
b11111111111111111111111111111101 ,
b0 &
b10011 %
b10011 +
b0 /
b1101110011000 -
#70650000
b101000 "
b101000 '
b1 &
b1 /
b1101110011001 -
#70660000
b11 "
0#
b11 '
b10 &
b10 /
b1101110011010 -
#70670000
b0 "
b0 '
b11 &
b11 /
b1101110011011 -
#70680000
b100 &
b100 /
b1101110011100 -
#70690000
1!
1(
b101 &
b101 /
b1101110011101 -
#70700000
b100011 "
0!
b100011 '
b10011 .
0(
b110 &
b110 /
b1101110011110 -
#70710000
b1000 "
b1000 .
b1000 '
b111 &
b111 /
b1101110011111 -
#70720000
b101111 "
1#
b101111 '
b11111111111111111111111111111100 ,
b0 &
b10100 %
b10100 +
b0 /
b1101110100000 -
#70730000
b100111 "
b100111 '
b1 &
b1 /
b1101110100001 -
#70740000
b100 "
0#
b100 '
b10 &
b10 /
b1101110100010 -
#70750000
b0 "
b0 '
b11 &
b11 /
b1101110100011 -
#70760000
b100 &
b100 /
b1101110100100 -
#70770000
1!
1(
b101 &
b101 /
b1101110100101 -
#70780000
b100000 "
0!
b100000 '
b10000 .
0(
b110 &
b110 /
b1101110100110 -
#70790000
b1111 "
b1111 .
b1111 '
b111 &
b111 /
b1101110100111 -
#70800000
b110000 "
1#
b110000 '
b11111111111111111111111111111011 ,
b0 &
b10101 %
b10101 +
b0 /
b1101110101000 -
#70810000
b100110 "
b100110 '
b1 &
b1 /
b1101110101001 -
#70820000
b101 "
0#
b101 '
b10 &
b10 /
b1101110101010 -
#70830000
b0 "
b0 '
b11 &
b11 /
b1101110101011 -
#70840000
b100 &
b100 /
b1101110101100 -
#70850000
1!
1(
b101 &
b101 /
b1101110101101 -
#70860000
b100001 "
0!
b100001 '
b10001 .
0(
b110 &
b110 /
b1101110101110 -
#70870000
b1110 "
b1110 .
b1110 '
b111 &
b111 /
b1101110101111 -
#70880000
b110001 "
1#
b110001 '
b11111111111111111111111111111010 ,
b0 &
b10110 %
b10110 +
b0 /
b1101110110000 -
#70890000
b100101 "
b100101 '
b1 &
b1 /
b1101110110001 -
#70900000
b110 "
0#
b110 '
b10 &
b10 /
b1101110110010 -
#70910000
b0 "
b0 '
b11 &
b11 /
b1101110110011 -
#70920000
b100 &
b100 /
b1101110110100 -
#70930000
1!
1(
b101 &
b101 /
b1101110110101 -
#70940000
b100010 "
0!
b100010 '
b10010 .
0(
b110 &
b110 /
b1101110110110 -
#70950000
b1101 "
b1101 .
b1101 '
b111 &
b111 /
b1101110110111 -
#70960000
b110010 "
1#
b110010 '
b11111111111111111111111111111001 ,
b0 &
b10111 %
b10111 +
b0 /
b1101110111000 -
#70970000
b100100 "
b100100 '
b1 &
b1 /
b1101110111001 -
#70980000
b111 "
0#
b111 '
b10 &
b10 /
b1101110111010 -
#70990000
b0 "
b0 '
b11 &
b11 /
b1101110111011 -
#71000000
b100 &
b100 /
b1101110111100 -
#71010000
1!
1(
b101 &
b101 /
b1101110111101 -
#71020000
b100011 "
0!
b100011 '
b10011 .
0(
b110 &
b110 /
b1101110111110 -
#71030000
b1100 "
b1100 .
b1100 '
b111 &
b111 /
b1101110111111 -
#71040000
b110011 "
1#
b110011 '
b11111111111111111111111111111000 ,
b0 &
b11000 %
b11000 +
b0 /
b1101111000000 -
#71050000
b100011 "
b100011 '
b1 &
b1 /
b1101111000001 -
#71060000
b1000 "
0#
b1000 '
b10 &
b10 /
b1101111000010 -
#71070000
b0 "
b0 '
b11 &
b11 /
b1101111000011 -
#71080000
b100 &
b100 /
b1101111000100 -
#71090000
1!
1(
b101 &
b101 /
b1101111000101 -
#71100000
b101000 "
0!
b101000 '
b11000 .
0(
b110 &
b110 /
b1101111000110 -
#71110000
b11 "
b11 .
b11 '
b111 &
b111 /
b1101111000111 -
#71120000
b110100 "
1#
b110100 '
b11111111111111111111111111110111 ,
b0 &
b11001 %
b11001 +
b0 /
b1101111001000 -
#71130000
b100010 "
b100010 '
b1 &
b1 /
b1101111001001 -
#71140000
b1001 "
0#
b1001 '
b10 &
b10 /
b1101111001010 -
#71150000
b0 "
b0 '
b11 &
b11 /
b1101111001011 -
#71160000
b100 &
b100 /
b1101111001100 -
#71170000
1!
1(
b101 &
b101 /
b1101111001101 -
#71180000
b101001 "
0!
b101001 '
b11001 .
0(
b110 &
b110 /
b1101111001110 -
#71190000
b10 "
b10 .
b10 '
b111 &
b111 /
b1101111001111 -
#71200000
b110101 "
1#
b110101 '
b11111111111111111111111111110110 ,
b0 &
b11010 %
b11010 +
b0 /
b1101111010000 -
#71210000
b100001 "
b100001 '
b1 &
b1 /
b1101111010001 -
#71220000
b1010 "
0#
b1010 '
b10 &
b10 /
b1101111010010 -
#71230000
b0 "
b0 '
b11 &
b11 /
b1101111010011 -
#71240000
b100 &
b100 /
b1101111010100 -
#71250000
1!
1(
b101 &
b101 /
b1101111010101 -
#71260000
b101010 "
0!
b101010 '
b11010 .
0(
b110 &
b110 /
b1101111010110 -
#71270000
b1 "
b1 .
b1 '
b111 &
b111 /
b1101111010111 -
#71280000
b110110 "
1#
b110110 '
b11111111111111111111111111110101 ,
b0 &
b11011 %
b11011 +
b0 /
b1101111011000 -
#71290000
b0 "
b0 '
b1 &
b1 /
b1101111011001 -
#71300000
b1011 "
0#
b1011 '
b10 &
b10 /
b1101111011010 -
#71310000
b0 "
1!
1(
b0 '
b11 &
b11 /
b1101111011011 -
#71320000
0!
0(
b100 &
b100 /
b1101111011100 -
#71330000
b101 &
b101 /
b1101111011101 -
#71340000
b101011 "
b101011 '
b11011 .
b110 &
b110 /
b1101111011110 -
#71350000
b0 "
b0 .
b0 '
b111 &
b111 /
b1101111011111 -
#71360000
b110111 "
1#
b110111 '
b11111111111111111111111111110100 ,
b0 &
b11100 %
b11100 +
b0 /
b1101111100000 -
#71370000
b1 "
b1 '
b1 &
b1 /
b1101111100001 -
#71380000
b1100 "
0#
b1100 '
b10 &
b10 /
b1101111100010 -
#71390000
b0 "
b0 '
b11 &
b11 /
b1101111100011 -
#71400000
1!
1(
b100 &
b100 /
b1101111100100 -
#71410000
0!
0(
b101 &
b101 /
b1101111100101 -
#71420000
b101000 "
b101000 '
b11000 .
b110 &
b110 /
b1101111100110 -
#71430000
b111 "
b111 .
b111 '
b111 &
b111 /
b1101111100111 -
#71440000
b111000 "
1#
b111000 '
b11111111111111111111111111110011 ,
b0 &
b11101 %
b11101 +
b0 /
b1101111101000 -
#71450000
b10 "
b10 '
b1 &
b1 /
b1101111101001 -
#71460000
b1101 "
0#
b1101 '
b10 &
b10 /
b1101111101010 -
#71470000
b0 "
b0 '
b11 &
b11 /
b1101111101011 -
#71480000
1!
1(
b100 &
b100 /
b1101111101100 -
#71490000
0!
0(
b101 &
b101 /
b1101111101101 -
#71500000
b101001 "
b101001 '
b11001 .
b110 &
b110 /
b1101111101110 -
#71510000
b110 "
b110 .
b110 '
b111 &
b111 /
b1101111101111 -
#71520000
b111001 "
1#
b111001 '
b11111111111111111111111111110010 ,
b0 &
b11110 %
b11110 +
b0 /
b1101111110000 -
#71530000
b11 "
b11 '
b1 &
b1 /
b1101111110001 -
#71540000
b1110 "
0#
b1110 '
b10 &
b10 /
b1101111110010 -
#71550000
b0 "
b0 '
b11 &
b11 /
b1101111110011 -
#71560000
1!
1(
b100 &
b100 /
b1101111110100 -
#71570000
0!
0(
b101 &
b101 /
b1101111110101 -
#71580000
b101010 "
b101010 '
b11010 .
b110 &
b110 /
b1101111110110 -
#71590000
b101 "
b101 .
b101 '
b111 &
b111 /
b1101111110111 -
#71600000
b111010 "
1#
b111010 '
b11111111111111111111111111110001 ,
b0 &
b11111 %
b11111 +
b0 /
b1101111111000 -
#71610000
b100 "
b100 '
b1 &
b1 /
b1101111111001 -
#71620000
b1111 "
0#
b1111 '
b10 &
b10 /
b1101111111010 -
#71630000
b0 "
b0 '
b11 &
b11 /
b1101111111011 -
#71640000
1!
1(
b100 &
b100 /
b1101111111100 -
#71650000
0!
0(
b101 &
b101 /
b1101111111101 -
#71660000
b101011 "
b101011 '
b11011 .
b110 &
b110 /
b1101111111110 -
#71670000
b100 "
b100 .
b100 '
b111 &
b111 /
b1101111111111 -
#71680000
b101100 "
1#
b101100 '
b0 ,
b11111111111111111111111111110100 *
b0 &
b0 %
b11100 $
b11100 )
b0 +
b0 /
b1110000000000 -
#71690000
b101100 "
b101100 '
b1 &
b1 /
b1110000000001 -
#71700000
b0 "
0#
b0 '
b10 &
b10 /
b1110000000010 -
#71710000
b11 &
b11 /
b1110000000011 -
#71720000
b100 &
b100 /
b1110000000100 -
#71730000
1!
1(
b101 &
b101 /
b1110000000101 -
#71740000
0!
b0 .
0(
b110 &
b110 /
b1110000000110 -
#71750000
b101100 "
b101100 '
b11100 .
b111 &
b111 /
b1110000000111 -
#71760000
b101011 "
1#
b101011 '
b1 ,
b0 &
b1 %
b1 +
b0 /
b1110000001000 -
#71770000
b101101 "
b101101 '
b1 &
b1 /
b1110000001001 -
#71780000
b111111 "
0#
b111111 '
b10 &
b10 /
b1110000001010 -
#71790000
b0 "
b0 '
b11 &
b11 /
b1110000001011 -
#71800000
b100 &
b100 /
b1110000001100 -
#71810000
1!
1(
b101 &
b101 /
b1110000001101 -
#71820000
0!
b0 .
0(
b110 &
b110 /
b1110000001110 -
#71830000
b101101 "
b101101 '
b11101 .
b111 &
b111 /
b1110000001111 -
#71840000
b101010 "
1#
b101010 '
b10 ,
b0 &
b10 %
b10 +
b0 /
b1110000010000 -
#71850000
b101110 "
b101110 '
b1 &
b1 /
b1110000010001 -
#71860000
b111110 "
0#
b111110 '
b10 &
b10 /
b1110000010010 -
#71870000
b0 "
b0 '
b11 &
b11 /
b1110000010011 -
#71880000
b100 &
b100 /
b1110000010100 -
#71890000
1!
1(
b101 &
b101 /
b1110000010101 -
#71900000
0!
b0 .
0(
b110 &
b110 /
b1110000010110 -
#71910000
b101110 "
b101110 '
b11110 .
b111 &
b111 /
b1110000010111 -
#71920000
b101001 "
1#
b101001 '
b11 ,
b0 &
b11 %
b11 +
b0 /
b1110000011000 -
#71930000
b101111 "
b101111 '
b1 &
b1 /
b1110000011001 -
#71940000
b111101 "
0#
b111101 '
b10 &
b10 /
b1110000011010 -
#71950000
b0 "
b0 '
b11 &
b11 /
b1110000011011 -
#71960000
b100 &
b100 /
b1110000011100 -
#71970000
1!
1(
b101 &
b101 /
b1110000011101 -
#71980000
0!
b0 .
0(
b110 &
b110 /
b1110000011110 -
#71990000
b101111 "
b101111 '
b11111 .
b111 &
b111 /
b1110000011111 -
#72000000
b101000 "
1#
b101000 '
b100 ,
b0 &
b100 %
b100 +
b0 /
b1110000100000 -
#72010000
b110000 "
b110000 '
b1 &
b1 /
b1110000100001 -
#72020000
b111100 "
0#
b111100 '
b10 &
b10 /
b1110000100010 -
#72030000
b0 "
b0 '
b11 &
b11 /
b1110000100011 -
#72040000
b100 &
b100 /
b1110000100100 -
#72050000
1!
1(
b101 &
b101 /
b1110000100101 -
#72060000
b100 "
0!
b100 '
b100 .
0(
b110 &
b110 /
b1110000100110 -
#72070000
b101000 "
b11000 .
b101000 '
b111 &
b111 /
b1110000100111 -
#72080000
b100111 "
1#
b100111 '
b101 ,
b0 &
b101 %
b101 +
b0 /
b1110000101000 -
#72090000
b110001 "
b110001 '
b1 &
b1 /
b1110000101001 -
#72100000
b111011 "
0#
b111011 '
b10 &
b10 /
b1110000101010 -
#72110000
b0 "
b0 '
b11 &
b11 /
b1110000101011 -
#72120000
b100 &
b100 /
b1110000101100 -
#72130000
1!
1(
b101 &
b101 /
b1110000101101 -
#72140000
b100 "
0!
b100 '
b100 .
0(
b110 &
b110 /
b1110000101110 -
#72150000
b101001 "
b11001 .
b101001 '
b111 &
b111 /
b1110000101111 -
#72160000
b100110 "
1#
b100110 '
b110 ,
b0 &
b110 %
b110 +
b0 /
b1110000110000 -
#72170000
b110010 "
b110010 '
b1 &
b1 /
b1110000110001 -
#72180000
b111010 "
0#
b111010 '
b10 &
b10 /
b1110000110010 -
#72190000
b0 "
b0 '
b11 &
b11 /
b1110000110011 -
#72200000
b100 &
b100 /
b1110000110100 -
#72210000
1!
1(
b101 &
b101 /
b1110000110101 -
#72220000
b100 "
0!
b100 '
b100 .
0(
b110 &
b110 /
b1110000110110 -
#72230000
b101010 "
b11010 .
b101010 '
b111 &
b111 /
b1110000110111 -
#72240000
b100101 "
1#
b100101 '
b111 ,
b0 &
b111 %
b111 +
b0 /
b1110000111000 -
#72250000
b110011 "
b110011 '
b1 &
b1 /
b1110000111001 -
#72260000
b111001 "
0#
b111001 '
b10 &
b10 /
b1110000111010 -
#72270000
b0 "
b0 '
b11 &
b11 /
b1110000111011 -
#72280000
b100 &
b100 /
b1110000111100 -
#72290000
1!
1(
b101 &
b101 /
b1110000111101 -
#72300000
b100 "
0!
b100 '
b100 .
0(
b110 &
b110 /
b1110000111110 -
#72310000
b101011 "
b11011 .
b101011 '
b111 &
b111 /
b1110000111111 -
#72320000
b100100 "
1#
b100100 '
b1000 ,
b0 &
b1000 %
b1000 +
b0 /
b1110001000000 -
#72330000
b110100 "
b110100 '
b1 &
b1 /
b1110001000001 -
#72340000
b111000 "
0#
b111000 '
b10 &
b10 /
b1110001000010 -
#72350000
b0 "
b0 '
b11 &
b11 /
b1110001000011 -
#72360000
b100 &
b100 /
b1110001000100 -
#72370000
1!
1(
b101 &
b101 /
b1110001000101 -
#72380000
b1000 "
0!
b1000 '
b1000 .
0(
b110 &
b110 /
b1110001000110 -
#72390000
b100100 "
b10100 .
b100100 '
b111 &
b111 /
b1110001000111 -
#72400000
b100011 "
1#
b100011 '
b1001 ,
b0 &
b1001 %
b1001 +
b0 /
b1110001001000 -
#72410000
b110101 "
b110101 '
b1 &
b1 /
b1110001001001 -
#72420000
b110111 "
0#
b110111 '
b10 &
b10 /
b1110001001010 -
#72430000
b0 "
b0 '
b11 &
b11 /
b1110001001011 -
#72440000
b100 &
b100 /
b1110001001100 -
#72450000
1!
1(
b101 &
b101 /
b1110001001101 -
#72460000
b1000 "
0!
b1000 '
b1000 .
0(
b110 &
b110 /
b1110001001110 -
#72470000
b100101 "
b10101 .
b100101 '
b111 &
b111 /
b1110001001111 -
#72480000
b100010 "
1#
b100010 '
b1010 ,
b0 &
b1010 %
b1010 +
b0 /
b1110001010000 -
#72490000
b110110 "
b110110 '
b1 &
b1 /
b1110001010001 -
#72500000
0#
b110110 '
b10 &
b10 /
b1110001010010 -
#72510000
b0 "
b0 '
b11 &
b11 /
b1110001010011 -
#72520000
b100 &
b100 /
b1110001010100 -
#72530000
1!
1(
b101 &
b101 /
b1110001010101 -
#72540000
b1000 "
0!
b1000 '
b1000 .
0(
b110 &
b110 /
b1110001010110 -
#72550000
b100110 "
b10110 .
b100110 '
b111 &
b111 /
b1110001010111 -
#72560000
b100001 "
1#
b100001 '
b1011 ,
b0 &
b1011 %
b1011 +
b0 /
b1110001011000 -
#72570000
b110111 "
b110111 '
b1 &
b1 /
b1110001011001 -
#72580000
b110101 "
0#
b110101 '
b10 &
b10 /
b1110001011010 -
#72590000
b0 "
b0 '
b11 &
b11 /
b1110001011011 -
#72600000
b100 &
b100 /
b1110001011100 -
#72610000
1!
1(
b101 &
b101 /
b1110001011101 -
#72620000
b1000 "
0!
b1000 '
b1000 .
0(
b110 &
b110 /
b1110001011110 -
#72630000
b100111 "
b10111 .
b100111 '
b111 &
b111 /
b1110001011111 -
#72640000
b0 "
1#
b0 '
b1100 ,
b0 &
b1100 %
b1100 +
b0 /
b1110001100000 -
#72650000
b111000 "
b111000 '
b1 &
b1 /
b1110001100001 -
#72660000
b110100 "
0#
b110100 '
b10 &
b10 /
b1110001100010 -
#72670000
b0 "
b0 '
b11 &
b11 /
b1110001100011 -
#72680000
b100 &
b100 /
b1110001100100 -
#72690000
1!
1(
b101 &
b101 /
b1110001100101 -
#72700000
b1100 "
0!
b1100 '
b1100 .
0(
b110 &
b110 /
b1110001100110 -
#72710000
b100000 "
b10000 .
b100000 '
b111 &
b111 /
b1110001100111 -
#72720000
b1 "
1#
b1 '
b1101 ,
b0 &
b1101 %
b1101 +
b0 /
b1110001101000 -
#72730000
b111001 "
b111001 '
b1 &
b1 /
b1110001101001 -
#72740000
b110011 "
0#
b110011 '
b10 &
b10 /
b1110001101010 -
#72750000
b0 "
b0 '
b11 &
b11 /
b1110001101011 -
#72760000
b100 &
b100 /
b1110001101100 -
#72770000
1!
1(
b101 &
b101 /
b1110001101101 -
#72780000
b1100 "
0!
b1100 '
b1100 .
0(
b110 &
b110 /
b1110001101110 -
#72790000
b100001 "
b10001 .
b100001 '
b111 &
b111 /
b1110001101111 -
#72800000
b10 "
1#
b10 '
b1110 ,
b0 &
b1110 %
b1110 +
b0 /
b1110001110000 -
#72810000
b111010 "
b111010 '
b1 &
b1 /
b1110001110001 -
#72820000
b110010 "
0#
b110010 '
b10 &
b10 /
b1110001110010 -
#72830000
b0 "
b0 '
b11 &
b11 /
b1110001110011 -
#72840000
b100 &
b100 /
b1110001110100 -
#72850000
1!
1(
b101 &
b101 /
b1110001110101 -
#72860000
b1100 "
0!
b1100 '
b1100 .
0(
b110 &
b110 /
b1110001110110 -
#72870000
b100010 "
b10010 .
b100010 '
b111 &
b111 /
b1110001110111 -
#72880000
b11 "
1#
b11 '
b1111 ,
b0 &
b1111 %
b1111 +
b0 /
b1110001111000 -
#72890000
b111011 "
b111011 '
b1 &
b1 /
b1110001111001 -
#72900000
b110001 "
0#
b110001 '
b10 &
b10 /
b1110001111010 -
#72910000
b0 "
b0 '
b11 &
b11 /
b1110001111011 -
#72920000
b100 &
b100 /
b1110001111100 -
#72930000
1!
1(
b101 &
b101 /
b1110001111101 -
#72940000
b1100 "
0!
b1100 '
b1100 .
0(
b110 &
b110 /
b1110001111110 -
#72950000
b100011 "
b10011 .
b100011 '
b111 &
b111 /
b1110001111111 -
#72960000
b101100 "
1#
b101100 '
b0 ,
b0 &
b10000 %
b10000 +
b0 /
b1110010000000 -
#72970000
b101100 "
b101100 '
b1 &
b1 /
b1110010000001 -
#72980000
b0 "
0#
b0 '
b10 &
b10 /
b1110010000010 -
#72990000
b11 &
b11 /
b1110010000011 -
#73000000
b100 &
b100 /
b1110010000100 -
#73010000
1!
1(
b101 &
b101 /
b1110010000101 -
#73020000
b100000 "
0!
b100000 '
b10000 .
0(
b110 &
b110 /
b1110010000110 -
#73030000
b1100 "
b1100 .
b1100 '
b111 &
b111 /
b1110010000111 -
#73040000
b101101 "
1#
b101101 '
b11111111111111111111111111111111 ,
b0 &
b10001 %
b10001 +
b0 /
b1110010001000 -
#73050000
b101011 "
b101011 '
b1 &
b1 /
b1110010001001 -
#73060000
b1 "
0#
b1 '
b10 &
b10 /
b1110010001010 -
#73070000
b0 "
b0 '
b11 &
b11 /
b1110010001011 -
#73080000
b100 &
b100 /
b1110010001100 -
#73090000
1!
1(
b101 &
b101 /
b1110010001101 -
#73100000
b100000 "
0!
b100000 '
b10000 .
0(
b110 &
b110 /
b1110010001110 -
#73110000
b1101 "
b1101 .
b1101 '
b111 &
b111 /
b1110010001111 -
#73120000
b101110 "
1#
b101110 '
b11111111111111111111111111111110 ,
b0 &
b10010 %
b10010 +
b0 /
b1110010010000 -
#73130000
b101010 "
b101010 '
b1 &
b1 /
b1110010010001 -
#73140000
b10 "
0#
b10 '
b10 &
b10 /
b1110010010010 -
#73150000
b0 "
b0 '
b11 &
b11 /
b1110010010011 -
#73160000
b100 &
b100 /
b1110010010100 -
#73170000
1!
1(
b101 &
b101 /
b1110010010101 -
#73180000
b100000 "
0!
b100000 '
b10000 .
0(
b110 &
b110 /
b1110010010110 -
#73190000
b1110 "
b1110 .
b1110 '
b111 &
b111 /
b1110010010111 -
#73200000
b101111 "
1#
b101111 '
b11111111111111111111111111111101 ,
b0 &
b10011 %
b10011 +
b0 /
b1110010011000 -
#73210000
b101001 "
b101001 '
b1 &
b1 /
b1110010011001 -
#73220000
b11 "
0#
b11 '
b10 &
b10 /
b1110010011010 -
#73230000
b0 "
b0 '
b11 &
b11 /
b1110010011011 -
#73240000
b100 &
b100 /
b1110010011100 -
#73250000
1!
1(
b101 &
b101 /
b1110010011101 -
#73260000
b100000 "
0!
b100000 '
b10000 .
0(
b110 &
b110 /
b1110010011110 -
#73270000
b1111 "
b1111 .
b1111 '
b111 &
b111 /
b1110010011111 -
#73280000
b110000 "
1#
b110000 '
b11111111111111111111111111111100 ,
b0 &
b10100 %
b10100 +
b0 /
b1110010100000 -
#73290000
b101000 "
b101000 '
b1 &
b1 /
b1110010100001 -
#73300000
b100 "
0#
b100 '
b10 &
b10 /
b1110010100010 -
#73310000
b0 "
b0 '
b11 &
b11 /
b1110010100011 -
#73320000
b100 &
b100 /
b1110010100100 -
#73330000
1!
1(
b101 &
b101 /
b1110010100101 -
#73340000
b100100 "
0!
b100100 '
b10100 .
0(
b110 &
b110 /
b1110010100110 -
#73350000
b1000 "
b1000 .
b1000 '
b111 &
b111 /
b1110010100111 -
#73360000
b110001 "
1#
b110001 '
b11111111111111111111111111111011 ,
b0 &
b10101 %
b10101 +
b0 /
b1110010101000 -
#73370000
b100111 "
b100111 '
b1 &
b1 /
b1110010101001 -
#73380000
b101 "
0#
b101 '
b10 &
b10 /
b1110010101010 -
#73390000
b0 "
b0 '
b11 &
b11 /
b1110010101011 -
#73400000
b100 &
b100 /
b1110010101100 -
#73410000
1!
1(
b101 &
b101 /
b1110010101101 -
#73420000
b100100 "
0!
b100100 '
b10100 .
0(
b110 &
b110 /
b1110010101110 -
#73430000
b1001 "
b1001 .
b1001 '
b111 &
b111 /
b1110010101111 -
#73440000
b110010 "
1#
b110010 '
b11111111111111111111111111111010 ,
b0 &
b10110 %
b10110 +
b0 /
b1110010110000 -
#73450000
b100110 "
b100110 '
b1 &
b1 /
b1110010110001 -
#73460000
b110 "
0#
b110 '
b10 &
b10 /
b1110010110010 -
#73470000
b0 "
b0 '
b11 &
b11 /
b1110010110011 -
#73480000
b100 &
b100 /
b1110010110100 -
#73490000
1!
1(
b101 &
b101 /
b1110010110101 -
#73500000
b100100 "
0!
b100100 '
b10100 .
0(
b110 &
b110 /
b1110010110110 -
#73510000
b1010 "
b1010 .
b1010 '
b111 &
b111 /
b1110010110111 -
#73520000
b110011 "
1#
b110011 '
b11111111111111111111111111111001 ,
b0 &
b10111 %
b10111 +
b0 /
b1110010111000 -
#73530000
b100101 "
b100101 '
b1 &
b1 /
b1110010111001 -
#73540000
b111 "
0#
b111 '
b10 &
b10 /
b1110010111010 -
#73550000
b0 "
b0 '
b11 &
b11 /
b1110010111011 -
#73560000
b100 &
b100 /
b1110010111100 -
#73570000
1!
1(
b101 &
b101 /
b1110010111101 -
#73580000
b100100 "
0!
b100100 '
b10100 .
0(
b110 &
b110 /
b1110010111110 -
#73590000
b1011 "
b1011 .
b1011 '
b111 &
b111 /
b1110010111111 -
#73600000
b110100 "
1#
b110100 '
b11111111111111111111111111111000 ,
b0 &
b11000 %
b11000 +
b0 /
b1110011000000 -
#73610000
b100100 "
b100100 '
b1 &
b1 /
b1110011000001 -
#73620000
b1000 "
0#
b1000 '
b10 &
b10 /
b1110011000010 -
#73630000
b0 "
b0 '
b11 &
b11 /
b1110011000011 -
#73640000
b100 &
b100 /
b1110011000100 -
#73650000
1!
1(
b101 &
b101 /
b1110011000101 -
#73660000
b101000 "
0!
b101000 '
b11000 .
0(
b110 &
b110 /
b1110011000110 -
#73670000
b100 "
b100 .
b100 '
b111 &
b111 /
b1110011000111 -
#73680000
b110101 "
1#
b110101 '
b11111111111111111111111111110111 ,
b0 &
b11001 %
b11001 +
b0 /
b1110011001000 -
#73690000
b100011 "
b100011 '
b1 &
b1 /
b1110011001001 -
#73700000
b1001 "
0#
b1001 '
b10 &
b10 /
b1110011001010 -
#73710000
b0 "
b0 '
b11 &
b11 /
b1110011001011 -
#73720000
b100 &
b100 /
b1110011001100 -
#73730000
1!
1(
b101 &
b101 /
b1110011001101 -
#73740000
b101000 "
0!
b101000 '
b11000 .
0(
b110 &
b110 /
b1110011001110 -
#73750000
b101 "
b101 .
b101 '
b111 &
b111 /
b1110011001111 -
#73760000
b110110 "
1#
b110110 '
b11111111111111111111111111110110 ,
b0 &
b11010 %
b11010 +
b0 /
b1110011010000 -
#73770000
b100010 "
b100010 '
b1 &
b1 /
b1110011010001 -
#73780000
b1010 "
0#
b1010 '
b10 &
b10 /
b1110011010010 -
#73790000
b0 "
b0 '
b11 &
b11 /
b1110011010011 -
#73800000
b100 &
b100 /
b1110011010100 -
#73810000
1!
1(
b101 &
b101 /
b1110011010101 -
#73820000
b101000 "
0!
b101000 '
b11000 .
0(
b110 &
b110 /
b1110011010110 -
#73830000
b110 "
b110 .
b110 '
b111 &
b111 /
b1110011010111 -
#73840000
b110111 "
1#
b110111 '
b11111111111111111111111111110101 ,
b0 &
b11011 %
b11011 +
b0 /
b1110011011000 -
#73850000
b100001 "
b100001 '
b1 &
b1 /
b1110011011001 -
#73860000
b1011 "
0#
b1011 '
b10 &
b10 /
b1110011011010 -
#73870000
b0 "
b0 '
b11 &
b11 /
b1110011011011 -
#73880000
b100 &
b100 /
b1110011011100 -
#73890000
1!
1(
b101 &
b101 /
b1110011011101 -
#73900000
b101000 "
0!
b101000 '
b11000 .
0(
b110 &
b110 /
b1110011011110 -
#73910000
b111 "
b111 .
b111 '
b111 &
b111 /
b1110011011111 -
#73920000
b111000 "
1#
b111000 '
b11111111111111111111111111110100 ,
b0 &
b11100 %
b11100 +
b0 /
b1110011100000 -
#73930000
b0 "
b0 '
b1 &
b1 /
b1110011100001 -
#73940000
b1100 "
0#
b1100 '
b10 &
b10 /
b1110011100010 -
#73950000
b0 "
1!
1(
b0 '
b11 &
b11 /
b1110011100011 -
#73960000
0!
0(
b100 &
b100 /
b1110011100100 -
#73970000
b101 &
b101 /
b1110011100101 -
#73980000
b101100 "
b101100 '
b11100 .
b110 &
b110 /
b1110011100110 -
#73990000
b0 "
b0 .
b0 '
b111 &
b111 /
b1110011100111 -
#74000000
b111001 "
1#
b111001 '
b11111111111111111111111111110011 ,
b0 &
b11101 %
b11101 +
b0 /
b1110011101000 -
#74010000
b1 "
b1 '
b1 &
b1 /
b1110011101001 -
#74020000
b1101 "
0#
b1101 '
b10 &
b10 /
b1110011101010 -
#74030000
b0 "
b0 '
b11 &
b11 /
b1110011101011 -
#74040000
1!
1(
b100 &
b100 /
b1110011101100 -
#74050000
0!
0(
b101 &
b101 /
b1110011101101 -
#74060000
b101100 "
b101100 '
b11100 .
b110 &
b110 /
b1110011101110 -
#74070000
b1 "
b1 .
b1 '
b111 &
b111 /
b1110011101111 -
#74080000
b111010 "
1#
b111010 '
b11111111111111111111111111110010 ,
b0 &
b11110 %
b11110 +
b0 /
b1110011110000 -
#74090000
b10 "
b10 '
b1 &
b1 /
b1110011110001 -
#74100000
b1110 "
0#
b1110 '
b10 &
b10 /
b1110011110010 -
#74110000
b0 "
b0 '
b11 &
b11 /
b1110011110011 -
#74120000
1!
1(
b100 &
b100 /
b1110011110100 -
#74130000
0!
0(
b101 &
b101 /
b1110011110101 -
#74140000
b101100 "
b101100 '
b11100 .
b110 &
b110 /
b1110011110110 -
#74150000
b10 "
b10 .
b10 '
b111 &
b111 /
b1110011110111 -
#74160000
b111011 "
1#
b111011 '
b11111111111111111111111111110001 ,
b0 &
b11111 %
b11111 +
b0 /
b1110011111000 -
#74170000
b11 "
b11 '
b1 &
b1 /
b1110011111001 -
#74180000
b1111 "
0#
b1111 '
b10 &
b10 /
b1110011111010 -
#74190000
b0 "
b0 '
b11 &
b11 /
b1110011111011 -
#74200000
1!
1(
b100 &
b100 /
b1110011111100 -
#74210000
0!
0(
b101 &
b101 /
b1110011111101 -
#74220000
b101100 "
b101100 '
b11100 .
b110 &
b110 /
b1110011111110 -
#74230000
b11 "
b11 .
b11 '
b111 &
b111 /
b1110011111111 -
#74240000
b101101 "
1#
b101101 '
b0 ,
b11111111111111111111111111110011 *
b0 &
b0 %
b11101 $
b11101 )
b0 +
b0 /
b1110100000000 -
#74250000
b101101 "
b101101 '
b1 &
b1 /
b1110100000001 -
#74260000
b0 "
0#
b0 '
b10 &
b10 /
b1110100000010 -
#74270000
b11 &
b11 /
b1110100000011 -
#74280000
b100 &
b100 /
b1110100000100 -
#74290000
1!
1(
b101 &
b101 /
b1110100000101 -
#74300000
0!
b0 .
0(
b110 &
b110 /
b1110100000110 -
#74310000
b101101 "
b101101 '
b11101 .
b111 &
b111 /
b1110100000111 -
#74320000
b101100 "
1#
b101100 '
b1 ,
b0 &
b1 %
b1 +
b0 /
b1110100001000 -
#74330000
b101110 "
b101110 '
b1 &
b1 /
b1110100001001 -
#74340000
b111111 "
0#
b111111 '
b10 &
b10 /
b1110100001010 -
#74350000
b0 "
b0 '
b11 &
b11 /
b1110100001011 -
#74360000
b100 &
b100 /
b1110100001100 -
#74370000
1!
1(
b101 &
b101 /
b1110100001101 -
#74380000
b1 "
0!
b1 '
b1 .
0(
b110 &
b110 /
b1110100001110 -
#74390000
b101100 "
b11100 .
b101100 '
b111 &
b111 /
b1110100001111 -
#74400000
b101011 "
1#
b101011 '
b10 ,
b0 &
b10 %
b10 +
b0 /
b1110100010000 -
#74410000
b101111 "
b101111 '
b1 &
b1 /
b1110100010001 -
#74420000
b111110 "
0#
b111110 '
b10 &
b10 /
b1110100010010 -
#74430000
b0 "
b0 '
b11 &
b11 /
b1110100010011 -
#74440000
b100 &
b100 /
b1110100010100 -
#74450000
1!
1(
b101 &
b101 /
b1110100010101 -
#74460000
0!
b0 .
0(
b110 &
b110 /
b1110100010110 -
#74470000
b101111 "
b101111 '
b11111 .
b111 &
b111 /
b1110100010111 -
#74480000
b101010 "
1#
b101010 '
b11 ,
b0 &
b11 %
b11 +
b0 /
b1110100011000 -
#74490000
b110000 "
b110000 '
b1 &
b1 /
b1110100011001 -
#74500000
b111101 "
0#
b111101 '
b10 &
b10 /
b1110100011010 -
#74510000
b0 "
b0 '
b11 &
b11 /
b1110100011011 -
#74520000
b100 &
b100 /
b1110100011100 -
#74530000
1!
1(
b101 &
b101 /
b1110100011101 -
#74540000
b1 "
0!
b1 '
b1 .
0(
b110 &
b110 /
b1110100011110 -
#74550000
b101110 "
b11110 .
b101110 '
b111 &
b111 /
b1110100011111 -
#74560000
b101001 "
1#
b101001 '
b100 ,
b0 &
b100 %
b100 +
b0 /
b1110100100000 -
#74570000
b110001 "
b110001 '
b1 &
b1 /
b1110100100001 -
#74580000
b111100 "
0#
b111100 '
b10 &
b10 /
b1110100100010 -
#74590000
b0 "
b0 '
b11 &
b11 /
b1110100100011 -
#74600000
b100 &
b100 /
b1110100100100 -
#74610000
1!
1(
b101 &
b101 /
b1110100100101 -
#74620000
b100 "
0!
b100 '
b100 .
0(
b110 &
b110 /
b1110100100110 -
#74630000
b101001 "
b11001 .
b101001 '
b111 &
b111 /
b1110100100111 -
#74640000
b101000 "
1#
b101000 '
b101 ,
b0 &
b101 %
b101 +
b0 /
b1110100101000 -
#74650000
b110010 "
b110010 '
b1 &
b1 /
b1110100101001 -
#74660000
b111011 "
0#
b111011 '
b10 &
b10 /
b1110100101010 -
#74670000
b0 "
b0 '
b11 &
b11 /
b1110100101011 -
#74680000
b100 &
b100 /
b1110100101100 -
#74690000
1!
1(
b101 &
b101 /
b1110100101101 -
#74700000
b101 "
0!
b101 '
b101 .
0(
b110 &
b110 /
b1110100101110 -
#74710000
b101000 "
b11000 .
b101000 '
b111 &
b111 /
b1110100101111 -
#74720000
b100111 "
1#
b100111 '
b110 ,
b0 &
b110 %
b110 +
b0 /
b1110100110000 -
#74730000
b110011 "
b110011 '
b1 &
b1 /
b1110100110001 -
#74740000
b111010 "
0#
b111010 '
b10 &
b10 /
b1110100110010 -
#74750000
b0 "
b0 '
b11 &
b11 /
b1110100110011 -
#74760000
b100 &
b100 /
b1110100110100 -
#74770000
1!
1(
b101 &
b101 /
b1110100110101 -
#74780000
b100 "
0!
b100 '
b100 .
0(
b110 &
b110 /
b1110100110110 -
#74790000
b101011 "
b11011 .
b101011 '
b111 &
b111 /
b1110100110111 -
#74800000
b100110 "
1#
b100110 '
b111 ,
b0 &
b111 %
b111 +
b0 /
b1110100111000 -
#74810000
b110100 "
b110100 '
b1 &
b1 /
b1110100111001 -
#74820000
b111001 "
0#
b111001 '
b10 &
b10 /
b1110100111010 -
#74830000
b0 "
b0 '
b11 &
b11 /
b1110100111011 -
#74840000
b100 &
b100 /
b1110100111100 -
#74850000
1!
1(
b101 &
b101 /
b1110100111101 -
#74860000
b101 "
0!
b101 '
b101 .
0(
b110 &
b110 /
b1110100111110 -
#74870000
b101010 "
b11010 .
b101010 '
b111 &
b111 /
b1110100111111 -
#74880000
b100101 "
1#
b100101 '
b1000 ,
b0 &
b1000 %
b1000 +
b0 /
b1110101000000 -
#74890000
b110101 "
b110101 '
b1 &
b1 /
b1110101000001 -
#74900000
b111000 "
0#
b111000 '
b10 &
b10 /
b1110101000010 -
#74910000
b0 "
b0 '
b11 &
b11 /
b1110101000011 -
#74920000
b100 &
b100 /
b1110101000100 -
#74930000
1!
1(
b101 &
b101 /
b1110101000101 -
#74940000
b1000 "
0!
b1000 '
b1000 .
0(
b110 &
b110 /
b1110101000110 -
#74950000
b100101 "
b10101 .
b100101 '
b111 &
b111 /
b1110101000111 -
#74960000
b100100 "
1#
b100100 '
b1001 ,
b0 &
b1001 %
b1001 +
b0 /
b1110101001000 -
#74970000
b110110 "
b110110 '
b1 &
b1 /
b1110101001001 -
#74980000
b110111 "
0#
b110111 '
b10 &
b10 /
b1110101001010 -
#74990000
b0 "
b0 '
b11 &
b11 /
b1110101001011 -
#75000000
b100 &
b100 /
b1110101001100 -
#75010000
1!
1(
b101 &
b101 /
b1110101001101 -
#75020000
b1001 "
0!
b1001 '
b1001 .
0(
b110 &
b110 /
b1110101001110 -
#75030000
b100100 "
b10100 .
b100100 '
b111 &
b111 /
b1110101001111 -
#75040000
b100011 "
1#
b100011 '
b1010 ,
b0 &
b1010 %
b1010 +
b0 /
b1110101010000 -
#75050000
b110111 "
b110111 '
b1 &
b1 /
b1110101010001 -
#75060000
b110110 "
0#
b110110 '
b10 &
b10 /
b1110101010010 -
#75070000
b0 "
b0 '
b11 &
b11 /
b1110101010011 -
#75080000
b100 &
b100 /
b1110101010100 -
#75090000
1!
1(
b101 &
b101 /
b1110101010101 -
#75100000
b1000 "
0!
b1000 '
b1000 .
0(
b110 &
b110 /
b1110101010110 -
#75110000
b100111 "
b10111 .
b100111 '
b111 &
b111 /
b1110101010111 -
#75120000
b100010 "
1#
b100010 '
b1011 ,
b0 &
b1011 %
b1011 +
b0 /
b1110101011000 -
#75130000
b111000 "
b111000 '
b1 &
b1 /
b1110101011001 -
#75140000
b110101 "
0#
b110101 '
b10 &
b10 /
b1110101011010 -
#75150000
b0 "
b0 '
b11 &
b11 /
b1110101011011 -
#75160000
b100 &
b100 /
b1110101011100 -
#75170000
1!
1(
b101 &
b101 /
b1110101011101 -
#75180000
b1001 "
0!
b1001 '
b1001 .
0(
b110 &
b110 /
b1110101011110 -
#75190000
b100110 "
b10110 .
b100110 '
b111 &
b111 /
b1110101011111 -
#75200000
b100001 "
1#
b100001 '
b1100 ,
b0 &
b1100 %
b1100 +
b0 /
b1110101100000 -
#75210000
b111001 "
b111001 '
b1 &
b1 /
b1110101100001 -
#75220000
b110100 "
0#
b110100 '
b10 &
b10 /
b1110101100010 -
#75230000
b0 "
b0 '
b11 &
b11 /
b1110101100011 -
#75240000
b100 &
b100 /
b1110101100100 -
#75250000
1!
1(
b101 &
b101 /
b1110101100101 -
#75260000
b1100 "
0!
b1100 '
b1100 .
0(
b110 &
b110 /
b1110101100110 -
#75270000
b100001 "
b10001 .
b100001 '
b111 &
b111 /
b1110101100111 -
#75280000
b0 "
1#
b0 '
b1101 ,
b0 &
b1101 %
b1101 +
b0 /
b1110101101000 -
#75290000
b111010 "
b111010 '
b1 &
b1 /
b1110101101001 -
#75300000
b110011 "
0#
b110011 '
b10 &
b10 /
b1110101101010 -
#75310000
b0 "
b0 '
b11 &
b11 /
b1110101101011 -
#75320000
b100 &
b100 /
b1110101101100 -
#75330000
1!
1(
b101 &
b101 /
b1110101101101 -
#75340000
b1101 "
0!
b1101 '
b1101 .
0(
b110 &
b110 /
b1110101101110 -
#75350000
b100000 "
b10000 .
b100000 '
b111 &
b111 /
b1110101101111 -
#75360000
b1 "
1#
b1 '
b1110 ,
b0 &
b1110 %
b1110 +
b0 /
b1110101110000 -
#75370000
b111011 "
b111011 '
b1 &
b1 /
b1110101110001 -
#75380000
b110010 "
0#
b110010 '
b10 &
b10 /
b1110101110010 -
#75390000
b0 "
b0 '
b11 &
b11 /
b1110101110011 -
#75400000
b100 &
b100 /
b1110101110100 -
#75410000
1!
1(
b101 &
b101 /
b1110101110101 -
#75420000
b1100 "
0!
b1100 '
b1100 .
0(
b110 &
b110 /
b1110101110110 -
#75430000
b100011 "
b10011 .
b100011 '
b111 &
b111 /
b1110101110111 -
#75440000
b10 "
1#
b10 '
b1111 ,
b0 &
b1111 %
b1111 +
b0 /
b1110101111000 -
#75450000
b111100 "
b111100 '
b1 &
b1 /
b1110101111001 -
#75460000
b110001 "
0#
b110001 '
b10 &
b10 /
b1110101111010 -
#75470000
b0 "
b0 '
b11 &
b11 /
b1110101111011 -
#75480000
b100 &
b100 /
b1110101111100 -
#75490000
1!
1(
b101 &
b101 /
b1110101111101 -
#75500000
b1101 "
0!
b1101 '
b1101 .
0(
b110 &
b110 /
b1110101111110 -
#75510000
b100010 "
b10010 .
b100010 '
b111 &
b111 /
b1110101111111 -
#75520000
b101101 "
1#
b101101 '
b0 ,
b0 &
b10000 %
b10000 +
b0 /
b1110110000000 -
#75530000
b101101 "
b101101 '
b1 &
b1 /
b1110110000001 -
#75540000
b0 "
0#
b0 '
b10 &
b10 /
b1110110000010 -
#75550000
b11 &
b11 /
b1110110000011 -
#75560000
b100 &
b100 /
b1110110000100 -
#75570000
1!
1(
b101 &
b101 /
b1110110000101 -
#75580000
b100000 "
0!
b100000 '
b10000 .
0(
b110 &
b110 /
b1110110000110 -
#75590000
b1101 "
b1101 .
b1101 '
b111 &
b111 /
b1110110000111 -
#75600000
b101110 "
1#
b101110 '
b11111111111111111111111111111111 ,
b0 &
b10001 %
b10001 +
b0 /
b1110110001000 -
#75610000
b101100 "
b101100 '
b1 &
b1 /
b1110110001001 -
#75620000
b1 "
0#
b1 '
b10 &
b10 /
b1110110001010 -
#75630000
b0 "
b0 '
b11 &
b11 /
b1110110001011 -
#75640000
b100 &
b100 /
b1110110001100 -
#75650000
1!
1(
b101 &
b101 /
b1110110001101 -
#75660000
b100001 "
0!
b100001 '
b10001 .
0(
b110 &
b110 /
b1110110001110 -
#75670000
b1100 "
b1100 .
b1100 '
b111 &
b111 /
b1110110001111 -
#75680000
b101111 "
1#
b101111 '
b11111111111111111111111111111110 ,
b0 &
b10010 %
b10010 +
b0 /
b1110110010000 -
#75690000
b101011 "
b101011 '
b1 &
b1 /
b1110110010001 -
#75700000
b10 "
0#
b10 '
b10 &
b10 /
b1110110010010 -
#75710000
b0 "
b0 '
b11 &
b11 /
b1110110010011 -
#75720000
b100 &
b100 /
b1110110010100 -
#75730000
1!
1(
b101 &
b101 /
b1110110010101 -
#75740000
b100000 "
0!
b100000 '
b10000 .
0(
b110 &
b110 /
b1110110010110 -
#75750000
b1111 "
b1111 .
b1111 '
b111 &
b111 /
b1110110010111 -
#75760000
b110000 "
1#
b110000 '
b11111111111111111111111111111101 ,
b0 &
b10011 %
b10011 +
b0 /
b1110110011000 -
#75770000
b101010 "
b101010 '
b1 &
b1 /
b1110110011001 -
#75780000
b11 "
0#
b11 '
b10 &
b10 /
b1110110011010 -
#75790000
b0 "
b0 '
b11 &
b11 /
b1110110011011 -
#75800000
b100 &
b100 /
b1110110011100 -
#75810000
1!
1(
b101 &
b101 /
b1110110011101 -
#75820000
b100001 "
0!
b100001 '
b10001 .
0(
b110 &
b110 /
b1110110011110 -
#75830000
b1110 "
b1110 .
b1110 '
b111 &
b111 /
b1110110011111 -
#75840000
b110001 "
1#
b110001 '
b11111111111111111111111111111100 ,
b0 &
b10100 %
b10100 +
b0 /
b1110110100000 -
#75850000
b101001 "
b101001 '
b1 &
b1 /
b1110110100001 -
#75860000
b100 "
0#
b100 '
b10 &
b10 /
b1110110100010 -
#75870000
b0 "
b0 '
b11 &
b11 /
b1110110100011 -
#75880000
b100 &
b100 /
b1110110100100 -
#75890000
1!
1(
b101 &
b101 /
b1110110100101 -
#75900000
b100100 "
0!
b100100 '
b10100 .
0(
b110 &
b110 /
b1110110100110 -
#75910000
b1001 "
b1001 .
b1001 '
b111 &
b111 /
b1110110100111 -
#75920000
b110010 "
1#
b110010 '
b11111111111111111111111111111011 ,
b0 &
b10101 %
b10101 +
b0 /
b1110110101000 -
#75930000
b101000 "
b101000 '
b1 &
b1 /
b1110110101001 -
#75940000
b101 "
0#
b101 '
b10 &
b10 /
b1110110101010 -
#75950000
b0 "
b0 '
b11 &
b11 /
b1110110101011 -
#75960000
b100 &
b100 /
b1110110101100 -
#75970000
1!
1(
b101 &
b101 /
b1110110101101 -
#75980000
b100101 "
0!
b100101 '
b10101 .
0(
b110 &
b110 /
b1110110101110 -
#75990000
b1000 "
b1000 .
b1000 '
b111 &
b111 /
b1110110101111 -
#76000000
b110011 "
1#
b110011 '
b11111111111111111111111111111010 ,
b0 &
b10110 %
b10110 +
b0 /
b1110110110000 -
#76010000
b100111 "
b100111 '
b1 &
b1 /
b1110110110001 -
#76020000
b110 "
0#
b110 '
b10 &
b10 /
b1110110110010 -
#76030000
b0 "
b0 '
b11 &
b11 /
b1110110110011 -
#76040000
b100 &
b100 /
b1110110110100 -
#76050000
1!
1(
b101 &
b101 /
b1110110110101 -
#76060000
b100100 "
0!
b100100 '
b10100 .
0(
b110 &
b110 /
b1110110110110 -
#76070000
b1011 "
b1011 .
b1011 '
b111 &
b111 /
b1110110110111 -
#76080000
b110100 "
1#
b110100 '
b11111111111111111111111111111001 ,
b0 &
b10111 %
b10111 +
b0 /
b1110110111000 -
#76090000
b100110 "
b100110 '
b1 &
b1 /
b1110110111001 -
#76100000
b111 "
0#
b111 '
b10 &
b10 /
b1110110111010 -
#76110000
b0 "
b0 '
b11 &
b11 /
b1110110111011 -
#76120000
b100 &
b100 /
b1110110111100 -
#76130000
1!
1(
b101 &
b101 /
b1110110111101 -
#76140000
b100101 "
0!
b100101 '
b10101 .
0(
b110 &
b110 /
b1110110111110 -
#76150000
b1010 "
b1010 .
b1010 '
b111 &
b111 /
b1110110111111 -
#76160000
b110101 "
1#
b110101 '
b11111111111111111111111111111000 ,
b0 &
b11000 %
b11000 +
b0 /
b1110111000000 -
#76170000
b100101 "
b100101 '
b1 &
b1 /
b1110111000001 -
#76180000
b1000 "
0#
b1000 '
b10 &
b10 /
b1110111000010 -
#76190000
b0 "
b0 '
b11 &
b11 /
b1110111000011 -
#76200000
b100 &
b100 /
b1110111000100 -
#76210000
1!
1(
b101 &
b101 /
b1110111000101 -
#76220000
b101000 "
0!
b101000 '
b11000 .
0(
b110 &
b110 /
b1110111000110 -
#76230000
b101 "
b101 .
b101 '
b111 &
b111 /
b1110111000111 -
#76240000
b110110 "
1#
b110110 '
b11111111111111111111111111110111 ,
b0 &
b11001 %
b11001 +
b0 /
b1110111001000 -
#76250000
b100100 "
b100100 '
b1 &
b1 /
b1110111001001 -
#76260000
b1001 "
0#
b1001 '
b10 &
b10 /
b1110111001010 -
#76270000
b0 "
b0 '
b11 &
b11 /
b1110111001011 -
#76280000
b100 &
b100 /
b1110111001100 -
#76290000
1!
1(
b101 &
b101 /
b1110111001101 -
#76300000
b101001 "
0!
b101001 '
b11001 .
0(
b110 &
b110 /
b1110111001110 -
#76310000
b100 "
b100 .
b100 '
b111 &
b111 /
b1110111001111 -
#76320000
b110111 "
1#
b110111 '
b11111111111111111111111111110110 ,
b0 &
b11010 %
b11010 +
b0 /
b1110111010000 -
#76330000
b100011 "
b100011 '
b1 &
b1 /
b1110111010001 -
#76340000
b1010 "
0#
b1010 '
b10 &
b10 /
b1110111010010 -
#76350000
b0 "
b0 '
b11 &
b11 /
b1110111010011 -
#76360000
b100 &
b100 /
b1110111010100 -
#76370000
1!
1(
b101 &
b101 /
b1110111010101 -
#76380000
b101000 "
0!
b101000 '
b11000 .
0(
b110 &
b110 /
b1110111010110 -
#76390000
b111 "
b111 .
b111 '
b111 &
b111 /
b1110111010111 -
#76400000
b111000 "
1#
b111000 '
b11111111111111111111111111110101 ,
b0 &
b11011 %
b11011 +
b0 /
b1110111011000 -
#76410000
b100010 "
b100010 '
b1 &
b1 /
b1110111011001 -
#76420000
b1011 "
0#
b1011 '
b10 &
b10 /
b1110111011010 -
#76430000
b0 "
b0 '
b11 &
b11 /
b1110111011011 -
#76440000
b100 &
b100 /
b1110111011100 -
#76450000
1!
1(
b101 &
b101 /
b1110111011101 -
#76460000
b101001 "
0!
b101001 '
b11001 .
0(
b110 &
b110 /
b1110111011110 -
#76470000
b110 "
b110 .
b110 '
b111 &
b111 /
b1110111011111 -
#76480000
b111001 "
1#
b111001 '
b11111111111111111111111111110100 ,
b0 &
b11100 %
b11100 +
b0 /
b1110111100000 -
#76490000
b100001 "
b100001 '
b1 &
b1 /
b1110111100001 -
#76500000
b1100 "
0#
b1100 '
b10 &
b10 /
b1110111100010 -
#76510000
b0 "
b0 '
b11 &
b11 /
b1110111100011 -
#76520000
b100 &
b100 /
b1110111100100 -
#76530000
1!
1(
b101 &
b101 /
b1110111100101 -
#76540000
b101100 "
0!
b101100 '
b11100 .
0(
b110 &
b110 /
b1110111100110 -
#76550000
b1 "
b1 .
b1 '
b111 &
b111 /
b1110111100111 -
#76560000
b111010 "
1#
b111010 '
b11111111111111111111111111110011 ,
b0 &
b11101 %
b11101 +
b0 /
b1110111101000 -
#76570000
b0 "
b0 '
b1 &
b1 /
b1110111101001 -
#76580000
b1101 "
0#
b1101 '
b10 &
b10 /
b1110111101010 -
#76590000
b0 "
1!
1(
b0 '
b11 &
b11 /
b1110111101011 -
#76600000
0!
0(
b100 &
b100 /
b1110111101100 -
#76610000
b101 &
b101 /
b1110111101101 -
#76620000
b101101 "
b101101 '
b11101 .
b110 &
b110 /
b1110111101110 -
#76630000
b0 "
b0 .
b0 '
b111 &
b111 /
b1110111101111 -
#76640000
b111011 "
1#
b111011 '
b11111111111111111111111111110010 ,
b0 &
b11110 %
b11110 +
b0 /
b1110111110000 -
#76650000
b1 "
b1 '
b1 &
b1 /
b1110111110001 -
#76660000
b1110 "
0#
b1110 '
b10 &
b10 /
b1110111110010 -
#76670000
b0 "
b0 '
b11 &
b11 /
b1110111110011 -
#76680000
1!
1(
b100 &
b100 /
b1110111110100 -
#76690000
0!
0(
b101 &
b101 /
b1110111110101 -
#76700000
b101100 "
b101100 '
b11100 .
b110 &
b110 /
b1110111110110 -
#76710000
b11 "
b11 .
b11 '
b111 &
b111 /
b1110111110111 -
#76720000
b111100 "
1#
b111100 '
b11111111111111111111111111110001 ,
b0 &
b11111 %
b11111 +
b0 /
b1110111111000 -
#76730000
b10 "
b10 '
b1 &
b1 /
b1110111111001 -
#76740000
b1111 "
0#
b1111 '
b10 &
b10 /
b1110111111010 -
#76750000
b0 "
b0 '
b11 &
b11 /
b1110111111011 -
#76760000
1!
1(
b100 &
b100 /
b1110111111100 -
#76770000
0!
0(
b101 &
b101 /
b1110111111101 -
#76780000
b101101 "
b101101 '
b11101 .
b110 &
b110 /
b1110111111110 -
#76790000
b10 "
b10 .
b10 '
b111 &
b111 /
b1110111111111 -
#76800000
b101110 "
1#
b101110 '
b0 ,
b11111111111111111111111111110010 *
b0 &
b0 %
b11110 $
b11110 )
b0 +
b0 /
b1111000000000 -
#76810000
b101110 "
b101110 '
b1 &
b1 /
b1111000000001 -
#76820000
b0 "
0#
b0 '
b10 &
b10 /
b1111000000010 -
#76830000
b11 &
b11 /
b1111000000011 -
#76840000
b100 &
b100 /
b1111000000100 -
#76850000
1!
1(
b101 &
b101 /
b1111000000101 -
#76860000
0!
b0 .
0(
b110 &
b110 /
b1111000000110 -
#76870000
b101110 "
b101110 '
b11110 .
b111 &
b111 /
b1111000000111 -
#76880000
b101101 "
1#
b101101 '
b1 ,
b0 &
b1 %
b1 +
b0 /
b1111000001000 -
#76890000
b101111 "
b101111 '
b1 &
b1 /
b1111000001001 -
#76900000
b111111 "
0#
b111111 '
b10 &
b10 /
b1111000001010 -
#76910000
b0 "
b0 '
b11 &
b11 /
b1111000001011 -
#76920000
b100 &
b100 /
b1111000001100 -
#76930000
1!
1(
b101 &
b101 /
b1111000001101 -
#76940000
0!
b0 .
0(
b110 &
b110 /
b1111000001110 -
#76950000
b101111 "
b101111 '
b11111 .
b111 &
b111 /
b1111000001111 -
#76960000
b101100 "
1#
b101100 '
b10 ,
b0 &
b10 %
b10 +
b0 /
b1111000010000 -
#76970000
b110000 "
b110000 '
b1 &
b1 /
b1111000010001 -
#76980000
b111110 "
0#
b111110 '
b10 &
b10 /
b1111000010010 -
#76990000
b0 "
b0 '
b11 &
b11 /
b1111000010011 -
#77000000
b100 &
b100 /
b1111000010100 -
#77010000
1!
1(
b101 &
b101 /
b1111000010101 -
#77020000
b10 "
0!
b10 '
b10 .
0(
b110 &
b110 /
b1111000010110 -
#77030000
b101100 "
b11100 .
b101100 '
b111 &
b111 /
b1111000010111 -
#77040000
b101011 "
1#
b101011 '
b11 ,
b0 &
b11 %
b11 +
b0 /
b1111000011000 -
#77050000
b110001 "
b110001 '
b1 &
b1 /
b1111000011001 -
#77060000
b111101 "
0#
b111101 '
b10 &
b10 /
b1111000011010 -
#77070000
b0 "
b0 '
b11 &
b11 /
b1111000011011 -
#77080000
b100 &
b100 /
b1111000011100 -
#77090000
1!
1(
b101 &
b101 /
b1111000011101 -
#77100000
b10 "
0!
b10 '
b10 .
0(
b110 &
b110 /
b1111000011110 -
#77110000
b101101 "
b11101 .
b101101 '
b111 &
b111 /
b1111000011111 -
#77120000
b101010 "
1#
b101010 '
b100 ,
b0 &
b100 %
b100 +
b0 /
b1111000100000 -
#77130000
b110010 "
b110010 '
b1 &
b1 /
b1111000100001 -
#77140000
b111100 "
0#
b111100 '
b10 &
b10 /
b1111000100010 -
#77150000
b0 "
b0 '
b11 &
b11 /
b1111000100011 -
#77160000
b100 &
b100 /
b1111000100100 -
#77170000
1!
1(
b101 &
b101 /
b1111000100101 -
#77180000
b100 "
0!
b100 '
b100 .
0(
b110 &
b110 /
b1111000100110 -
#77190000
b101010 "
b11010 .
b101010 '
b111 &
b111 /
b1111000100111 -
#77200000
b101001 "
1#
b101001 '
b101 ,
b0 &
b101 %
b101 +
b0 /
b1111000101000 -
#77210000
b110011 "
b110011 '
b1 &
b1 /
b1111000101001 -
#77220000
b111011 "
0#
b111011 '
b10 &
b10 /
b1111000101010 -
#77230000
b0 "
b0 '
b11 &
b11 /
b1111000101011 -
#77240000
b100 &
b100 /
b1111000101100 -
#77250000
1!
1(
b101 &
b101 /
b1111000101101 -
#77260000
b100 "
0!
b100 '
b100 .
0(
b110 &
b110 /
b1111000101110 -
#77270000
b101011 "
b11011 .
b101011 '
b111 &
b111 /
b1111000101111 -
#77280000
b101000 "
1#
b101000 '
b110 ,
b0 &
b110 %
b110 +
b0 /
b1111000110000 -
#77290000
b110100 "
b110100 '
b1 &
b1 /
b1111000110001 -
#77300000
b111010 "
0#
b111010 '
b10 &
b10 /
b1111000110010 -
#77310000
b0 "
b0 '
b11 &
b11 /
b1111000110011 -
#77320000
b100 &
b100 /
b1111000110100 -
#77330000
1!
1(
b101 &
b101 /
b1111000110101 -
#77340000
b110 "
0!
b110 '
b110 .
0(
b110 &
b110 /
b1111000110110 -
#77350000
b101000 "
b11000 .
b101000 '
b111 &
b111 /
b1111000110111 -
#77360000
b100111 "
1#
b100111 '
b111 ,
b0 &
b111 %
b111 +
b0 /
b1111000111000 -
#77370000
b110101 "
b110101 '
b1 &
b1 /
b1111000111001 -
#77380000
b111001 "
0#
b111001 '
b10 &
b10 /
b1111000111010 -
#77390000
b0 "
b0 '
b11 &
b11 /
b1111000111011 -
#77400000
b100 &
b100 /
b1111000111100 -
#77410000
1!
1(
b101 &
b101 /
b1111000111101 -
#77420000
b110 "
0!
b110 '
b110 .
0(
b110 &
b110 /
b1111000111110 -
#77430000
b101001 "
b11001 .
b101001 '
b111 &
b111 /
b1111000111111 -
#77440000
b100110 "
1#
b100110 '
b1000 ,
b0 &
b1000 %
b1000 +
b0 /
b1111001000000 -
#77450000
b110110 "
b110110 '
b1 &
b1 /
b1111001000001 -
#77460000
b111000 "
0#
b111000 '
b10 &
b10 /
b1111001000010 -
#77470000
b0 "
b0 '
b11 &
b11 /
b1111001000011 -
#77480000
b100 &
b100 /
b1111001000100 -
#77490000
1!
1(
b101 &
b101 /
b1111001000101 -
#77500000
b1000 "
0!
b1000 '
b1000 .
0(
b110 &
b110 /
b1111001000110 -
#77510000
b100110 "
b10110 .
b100110 '
b111 &
b111 /
b1111001000111 -
#77520000
b100101 "
1#
b100101 '
b1001 ,
b0 &
b1001 %
b1001 +
b0 /
b1111001001000 -
#77530000
b110111 "
b110111 '
b1 &
b1 /
b1111001001001 -
#77540000
0#
b110111 '
b10 &
b10 /
b1111001001010 -
#77550000
b0 "
b0 '
b11 &
b11 /
b1111001001011 -
#77560000
b100 &
b100 /
b1111001001100 -
#77570000
1!
1(
b101 &
b101 /
b1111001001101 -
#77580000
b1000 "
0!
b1000 '
b1000 .
0(
b110 &
b110 /
b1111001001110 -
#77590000
b100111 "
b10111 .
b100111 '
b111 &
b111 /
b1111001001111 -
#77600000
b100100 "
1#
b100100 '
b1010 ,
b0 &
b1010 %
b1010 +
b0 /
b1111001010000 -
#77610000
b111000 "
b111000 '
b1 &
b1 /
b1111001010001 -
#77620000
b110110 "
0#
b110110 '
b10 &
b10 /
b1111001010010 -
#77630000
b0 "
b0 '
b11 &
b11 /
b1111001010011 -
#77640000
b100 &
b100 /
b1111001010100 -
#77650000
1!
1(
b101 &
b101 /
b1111001010101 -
#77660000
b1010 "
0!
b1010 '
b1010 .
0(
b110 &
b110 /
b1111001010110 -
#77670000
b100100 "
b10100 .
b100100 '
b111 &
b111 /
b1111001010111 -
#77680000
b100011 "
1#
b100011 '
b1011 ,
b0 &
b1011 %
b1011 +
b0 /
b1111001011000 -
#77690000
b111001 "
b111001 '
b1 &
b1 /
b1111001011001 -
#77700000
b110101 "
0#
b110101 '
b10 &
b10 /
b1111001011010 -
#77710000
b0 "
b0 '
b11 &
b11 /
b1111001011011 -
#77720000
b100 &
b100 /
b1111001011100 -
#77730000
1!
1(
b101 &
b101 /
b1111001011101 -
#77740000
b1010 "
0!
b1010 '
b1010 .
0(
b110 &
b110 /
b1111001011110 -
#77750000
b100101 "
b10101 .
b100101 '
b111 &
b111 /
b1111001011111 -
#77760000
b100010 "
1#
b100010 '
b1100 ,
b0 &
b1100 %
b1100 +
b0 /
b1111001100000 -
#77770000
b111010 "
b111010 '
b1 &
b1 /
b1111001100001 -
#77780000
b110100 "
0#
b110100 '
b10 &
b10 /
b1111001100010 -
#77790000
b0 "
b0 '
b11 &
b11 /
b1111001100011 -
#77800000
b100 &
b100 /
b1111001100100 -
#77810000
1!
1(
b101 &
b101 /
b1111001100101 -
#77820000
b1100 "
0!
b1100 '
b1100 .
0(
b110 &
b110 /
b1111001100110 -
#77830000
b100010 "
b10010 .
b100010 '
b111 &
b111 /
b1111001100111 -
#77840000
b100001 "
1#
b100001 '
b1101 ,
b0 &
b1101 %
b1101 +
b0 /
b1111001101000 -
#77850000
b111011 "
b111011 '
b1 &
b1 /
b1111001101001 -
#77860000
b110011 "
0#
b110011 '
b10 &
b10 /
b1111001101010 -
#77870000
b0 "
b0 '
b11 &
b11 /
b1111001101011 -
#77880000
b100 &
b100 /
b1111001101100 -
#77890000
1!
1(
b101 &
b101 /
b1111001101101 -
#77900000
b1100 "
0!
b1100 '
b1100 .
0(
b110 &
b110 /
b1111001101110 -
#77910000
b100011 "
b10011 .
b100011 '
b111 &
b111 /
b1111001101111 -
#77920000
b0 "
1#
b0 '
b1110 ,
b0 &
b1110 %
b1110 +
b0 /
b1111001110000 -
#77930000
b111100 "
b111100 '
b1 &
b1 /
b1111001110001 -
#77940000
b110010 "
0#
b110010 '
b10 &
b10 /
b1111001110010 -
#77950000
b0 "
b0 '
b11 &
b11 /
b1111001110011 -
#77960000
b100 &
b100 /
b1111001110100 -
#77970000
1!
1(
b101 &
b101 /
b1111001110101 -
#77980000
b1110 "
0!
b1110 '
b1110 .
0(
b110 &
b110 /
b1111001110110 -
#77990000
b100000 "
b10000 .
b100000 '
b111 &
b111 /
b1111001110111 -
#78000000
b1 "
1#
b1 '
b1111 ,
b0 &
b1111 %
b1111 +
b0 /
b1111001111000 -
#78010000
b111101 "
b111101 '
b1 &
b1 /
b1111001111001 -
#78020000
b110001 "
0#
b110001 '
b10 &
b10 /
b1111001111010 -
#78030000
b0 "
b0 '
b11 &
b11 /
b1111001111011 -
#78040000
b100 &
b100 /
b1111001111100 -
#78050000
1!
1(
b101 &
b101 /
b1111001111101 -
#78060000
b1110 "
0!
b1110 '
b1110 .
0(
b110 &
b110 /
b1111001111110 -
#78070000
b100001 "
b10001 .
b100001 '
b111 &
b111 /
b1111001111111 -
#78080000
b101110 "
1#
b101110 '
b0 ,
b0 &
b10000 %
b10000 +
b0 /
b1111010000000 -
#78090000
b101110 "
b101110 '
b1 &
b1 /
b1111010000001 -
#78100000
b0 "
0#
b0 '
b10 &
b10 /
b1111010000010 -
#78110000
b11 &
b11 /
b1111010000011 -
#78120000
b100 &
b100 /
b1111010000100 -
#78130000
1!
1(
b101 &
b101 /
b1111010000101 -
#78140000
b100000 "
0!
b100000 '
b10000 .
0(
b110 &
b110 /
b1111010000110 -
#78150000
b1110 "
b1110 .
b1110 '
b111 &
b111 /
b1111010000111 -
#78160000
b101111 "
1#
b101111 '
b11111111111111111111111111111111 ,
b0 &
b10001 %
b10001 +
b0 /
b1111010001000 -
#78170000
b101101 "
b101101 '
b1 &
b1 /
b1111010001001 -
#78180000
b1 "
0#
b1 '
b10 &
b10 /
b1111010001010 -
#78190000
b0 "
b0 '
b11 &
b11 /
b1111010001011 -
#78200000
b100 &
b100 /
b1111010001100 -
#78210000
1!
1(
b101 &
b101 /
b1111010001101 -
#78220000
b100000 "
0!
b100000 '
b10000 .
0(
b110 &
b110 /
b1111010001110 -
#78230000
b1111 "
b1111 .
b1111 '
b111 &
b111 /
b1111010001111 -
#78240000
b110000 "
1#
b110000 '
b11111111111111111111111111111110 ,
b0 &
b10010 %
b10010 +
b0 /
b1111010010000 -
#78250000
b101100 "
b101100 '
b1 &
b1 /
b1111010010001 -
#78260000
b10 "
0#
b10 '
b10 &
b10 /
b1111010010010 -
#78270000
b0 "
b0 '
b11 &
b11 /
b1111010010011 -
#78280000
b100 &
b100 /
b1111010010100 -
#78290000
1!
1(
b101 &
b101 /
b1111010010101 -
#78300000
b100010 "
0!
b100010 '
b10010 .
0(
b110 &
b110 /
b1111010010110 -
#78310000
b1100 "
b1100 .
b1100 '
b111 &
b111 /
b1111010010111 -
#78320000
b110001 "
1#
b110001 '
b11111111111111111111111111111101 ,
b0 &
b10011 %
b10011 +
b0 /
b1111010011000 -
#78330000
b101011 "
b101011 '
b1 &
b1 /
b1111010011001 -
#78340000
b11 "
0#
b11 '
b10 &
b10 /
b1111010011010 -
#78350000
b0 "
b0 '
b11 &
b11 /
b1111010011011 -
#78360000
b100 &
b100 /
b1111010011100 -
#78370000
1!
1(
b101 &
b101 /
b1111010011101 -
#78380000
b100010 "
0!
b100010 '
b10010 .
0(
b110 &
b110 /
b1111010011110 -
#78390000
b1101 "
b1101 .
b1101 '
b111 &
b111 /
b1111010011111 -
#78400000
b110010 "
1#
b110010 '
b11111111111111111111111111111100 ,
b0 &
b10100 %
b10100 +
b0 /
b1111010100000 -
#78410000
b101010 "
b101010 '
b1 &
b1 /
b1111010100001 -
#78420000
b100 "
0#
b100 '
b10 &
b10 /
b1111010100010 -
#78430000
b0 "
b0 '
b11 &
b11 /
b1111010100011 -
#78440000
b100 &
b100 /
b1111010100100 -
#78450000
1!
1(
b101 &
b101 /
b1111010100101 -
#78460000
b100100 "
0!
b100100 '
b10100 .
0(
b110 &
b110 /
b1111010100110 -
#78470000
b1010 "
b1010 .
b1010 '
b111 &
b111 /
b1111010100111 -
#78480000
b110011 "
1#
b110011 '
b11111111111111111111111111111011 ,
b0 &
b10101 %
b10101 +
b0 /
b1111010101000 -
#78490000
b101001 "
b101001 '
b1 &
b1 /
b1111010101001 -
#78500000
b101 "
0#
b101 '
b10 &
b10 /
b1111010101010 -
#78510000
b0 "
b0 '
b11 &
b11 /
b1111010101011 -
#78520000
b100 &
b100 /
b1111010101100 -
#78530000
1!
1(
b101 &
b101 /
b1111010101101 -
#78540000
b100100 "
0!
b100100 '
b10100 .
0(
b110 &
b110 /
b1111010101110 -
#78550000
b1011 "
b1011 .
b1011 '
b111 &
b111 /
b1111010101111 -
#78560000
b110100 "
1#
b110100 '
b11111111111111111111111111111010 ,
b0 &
b10110 %
b10110 +
b0 /
b1111010110000 -
#78570000
b101000 "
b101000 '
b1 &
b1 /
b1111010110001 -
#78580000
b110 "
0#
b110 '
b10 &
b10 /
b1111010110010 -
#78590000
b0 "
b0 '
b11 &
b11 /
b1111010110011 -
#78600000
b100 &
b100 /
b1111010110100 -
#78610000
1!
1(
b101 &
b101 /
b1111010110101 -
#78620000
b100110 "
0!
b100110 '
b10110 .
0(
b110 &
b110 /
b1111010110110 -
#78630000
b1000 "
b1000 .
b1000 '
b111 &
b111 /
b1111010110111 -
#78640000
b110101 "
1#
b110101 '
b11111111111111111111111111111001 ,
b0 &
b10111 %
b10111 +
b0 /
b1111010111000 -
#78650000
b100111 "
b100111 '
b1 &
b1 /
b1111010111001 -
#78660000
b111 "
0#
b111 '
b10 &
b10 /
b1111010111010 -
#78670000
b0 "
b0 '
b11 &
b11 /
b1111010111011 -
#78680000
b100 &
b100 /
b1111010111100 -
#78690000
1!
1(
b101 &
b101 /
b1111010111101 -
#78700000
b100110 "
0!
b100110 '
b10110 .
0(
b110 &
b110 /
b1111010111110 -
#78710000
b1001 "
b1001 .
b1001 '
b111 &
b111 /
b1111010111111 -
#78720000
b110110 "
1#
b110110 '
b11111111111111111111111111111000 ,
b0 &
b11000 %
b11000 +
b0 /
b1111011000000 -
#78730000
b100110 "
b100110 '
b1 &
b1 /
b1111011000001 -
#78740000
b1000 "
0#
b1000 '
b10 &
b10 /
b1111011000010 -
#78750000
b0 "
b0 '
b11 &
b11 /
b1111011000011 -
#78760000
b100 &
b100 /
b1111011000100 -
#78770000
1!
1(
b101 &
b101 /
b1111011000101 -
#78780000
b101000 "
0!
b101000 '
b11000 .
0(
b110 &
b110 /
b1111011000110 -
#78790000
b110 "
b110 .
b110 '
b111 &
b111 /
b1111011000111 -
#78800000
b110111 "
1#
b110111 '
b11111111111111111111111111110111 ,
b0 &
b11001 %
b11001 +
b0 /
b1111011001000 -
#78810000
b100101 "
b100101 '
b1 &
b1 /
b1111011001001 -
#78820000
b1001 "
0#
b1001 '
b10 &
b10 /
b1111011001010 -
#78830000
b0 "
b0 '
b11 &
b11 /
b1111011001011 -
#78840000
b100 &
b100 /
b1111011001100 -
#78850000
1!
1(
b101 &
b101 /
b1111011001101 -
#78860000
b101000 "
0!
b101000 '
b11000 .
0(
b110 &
b110 /
b1111011001110 -
#78870000
b111 "
b111 .
b111 '
b111 &
b111 /
b1111011001111 -
#78880000
b111000 "
1#
b111000 '
b11111111111111111111111111110110 ,
b0 &
b11010 %
b11010 +
b0 /
b1111011010000 -
#78890000
b100100 "
b100100 '
b1 &
b1 /
b1111011010001 -
#78900000
b1010 "
0#
b1010 '
b10 &
b10 /
b1111011010010 -
#78910000
b0 "
b0 '
b11 &
b11 /
b1111011010011 -
#78920000
b100 &
b100 /
b1111011010100 -
#78930000
1!
1(
b101 &
b101 /
b1111011010101 -
#78940000
b101010 "
0!
b101010 '
b11010 .
0(
b110 &
b110 /
b1111011010110 -
#78950000
b100 "
b100 .
b100 '
b111 &
b111 /
b1111011010111 -
#78960000
b111001 "
1#
b111001 '
b11111111111111111111111111110101 ,
b0 &
b11011 %
b11011 +
b0 /
b1111011011000 -
#78970000
b100011 "
b100011 '
b1 &
b1 /
b1111011011001 -
#78980000
b1011 "
0#
b1011 '
b10 &
b10 /
b1111011011010 -
#78990000
b0 "
b0 '
b11 &
b11 /
b1111011011011 -
#79000000
b100 &
b100 /
b1111011011100 -
#79010000
1!
1(
b101 &
b101 /
b1111011011101 -
#79020000
b101010 "
0!
b101010 '
b11010 .
0(
b110 &
b110 /
b1111011011110 -
#79030000
b101 "
b101 .
b101 '
b111 &
b111 /
b1111011011111 -
#79040000
b111010 "
1#
b111010 '
b11111111111111111111111111110100 ,
b0 &
b11100 %
b11100 +
b0 /
b1111011100000 -
#79050000
b100010 "
b100010 '
b1 &
b1 /
b1111011100001 -
#79060000
b1100 "
0#
b1100 '
b10 &
b10 /
b1111011100010 -
#79070000
b0 "
b0 '
b11 &
b11 /
b1111011100011 -
#79080000
b100 &
b100 /
b1111011100100 -
#79090000
1!
1(
b101 &
b101 /
b1111011100101 -
#79100000
b101100 "
0!
b101100 '
b11100 .
0(
b110 &
b110 /
b1111011100110 -
#79110000
b10 "
b10 .
b10 '
b111 &
b111 /
b1111011100111 -
#79120000
b111011 "
1#
b111011 '
b11111111111111111111111111110011 ,
b0 &
b11101 %
b11101 +
b0 /
b1111011101000 -
#79130000
b100001 "
b100001 '
b1 &
b1 /
b1111011101001 -
#79140000
b1101 "
0#
b1101 '
b10 &
b10 /
b1111011101010 -
#79150000
b0 "
b0 '
b11 &
b11 /
b1111011101011 -
#79160000
b100 &
b100 /
b1111011101100 -
#79170000
1!
1(
b101 &
b101 /
b1111011101101 -
#79180000
b101100 "
0!
b101100 '
b11100 .
0(
b110 &
b110 /
b1111011101110 -
#79190000
b11 "
b11 .
b11 '
b111 &
b111 /
b1111011101111 -
#79200000
b111100 "
1#
b111100 '
b11111111111111111111111111110010 ,
b0 &
b11110 %
b11110 +
b0 /
b1111011110000 -
#79210000
b0 "
b0 '
b1 &
b1 /
b1111011110001 -
#79220000
b1110 "
0#
b1110 '
b10 &
b10 /
b1111011110010 -
#79230000
b0 "
1!
1(
b0 '
b11 &
b11 /
b1111011110011 -
#79240000
0!
0(
b100 &
b100 /
b1111011110100 -
#79250000
b101 &
b101 /
b1111011110101 -
#79260000
b101110 "
b101110 '
b11110 .
b110 &
b110 /
b1111011110110 -
#79270000
b0 "
b0 .
b0 '
b111 &
b111 /
b1111011110111 -
#79280000
b111101 "
1#
b111101 '
b11111111111111111111111111110001 ,
b0 &
b11111 %
b11111 +
b0 /
b1111011111000 -
#79290000
b1 "
b1 '
b1 &
b1 /
b1111011111001 -
#79300000
b1111 "
0#
b1111 '
b10 &
b10 /
b1111011111010 -
#79310000
b0 "
b0 '
b11 &
b11 /
b1111011111011 -
#79320000
1!
1(
b100 &
b100 /
b1111011111100 -
#79330000
0!
0(
b101 &
b101 /
b1111011111101 -
#79340000
b101110 "
b101110 '
b11110 .
b110 &
b110 /
b1111011111110 -
#79350000
b1 "
b1 .
b1 '
b111 &
b111 /
b1111011111111 -
#79360000
b101111 "
1#
b101111 '
b0 ,
b11111111111111111111111111110001 *
b0 &
b0 %
b11111 $
b11111 )
b0 +
b0 /
b1111100000000 -
#79370000
b101111 "
b101111 '
b1 &
b1 /
b1111100000001 -
#79380000
b0 "
0#
b0 '
b10 &
b10 /
b1111100000010 -
#79390000
b11 &
b11 /
b1111100000011 -
#79400000
b100 &
b100 /
b1111100000100 -
#79410000
1!
1(
b101 &
b101 /
b1111100000101 -
#79420000
0!
b0 .
0(
b110 &
b110 /
b1111100000110 -
#79430000
b101111 "
b101111 '
b11111 .
b111 &
b111 /
b1111100000111 -
#79440000
b101110 "
1#
b101110 '
b1 ,
b0 &
b1 %
b1 +
b0 /
b1111100001000 -
#79450000
b110000 "
b110000 '
b1 &
b1 /
b1111100001001 -
#79460000
b111111 "
0#
b111111 '
b10 &
b10 /
b1111100001010 -
#79470000
b0 "
b0 '
b11 &
b11 /
b1111100001011 -
#79480000
b100 &
b100 /
b1111100001100 -
#79490000
1!
1(
b101 &
b101 /
b1111100001101 -
#79500000
b1 "
0!
b1 '
b1 .
0(
b110 &
b110 /
b1111100001110 -
#79510000
b101110 "
b11110 .
b101110 '
b111 &
b111 /
b1111100001111 -
#79520000
b101101 "
1#
b101101 '
b10 ,
b0 &
b10 %
b10 +
b0 /
b1111100010000 -
#79530000
b110001 "
b110001 '
b1 &
b1 /
b1111100010001 -
#79540000
b111110 "
0#
b111110 '
b10 &
b10 /
b1111100010010 -
#79550000
b0 "
b0 '
b11 &
b11 /
b1111100010011 -
#79560000
b100 &
b100 /
b1111100010100 -
#79570000
1!
1(
b101 &
b101 /
b1111100010101 -
#79580000
b10 "
0!
b10 '
b10 .
0(
b110 &
b110 /
b1111100010110 -
#79590000
b101101 "
b11101 .
b101101 '
b111 &
b111 /
b1111100010111 -
#79600000
b101100 "
1#
b101100 '
b11 ,
b0 &
b11 %
b11 +
b0 /
b1111100011000 -
#79610000
b110010 "
b110010 '
b1 &
b1 /
b1111100011001 -
#79620000
b111101 "
0#
b111101 '
b10 &
b10 /
b1111100011010 -
#79630000
b0 "
b0 '
b11 &
b11 /
b1111100011011 -
#79640000
b100 &
b100 /
b1111100011100 -
#79650000
1!
1(
b101 &
b101 /
b1111100011101 -
#79660000
b11 "
0!
b11 '
b11 .
0(
b110 &
b110 /
b1111100011110 -
#79670000
b101100 "
b11100 .
b101100 '
b111 &
b111 /
b1111100011111 -
#79680000
b101011 "
1#
b101011 '
b100 ,
b0 &
b100 %
b100 +
b0 /
b1111100100000 -
#79690000
b110011 "
b110011 '
b1 &
b1 /
b1111100100001 -
#79700000
b111100 "
0#
b111100 '
b10 &
b10 /
b1111100100010 -
#79710000
b0 "
b0 '
b11 &
b11 /
b1111100100011 -
#79720000
b100 &
b100 /
b1111100100100 -
#79730000
1!
1(
b101 &
b101 /
b1111100100101 -
#79740000
b100 "
0!
b100 '
b100 .
0(
b110 &
b110 /
b1111100100110 -
#79750000
b101011 "
b11011 .
b101011 '
b111 &
b111 /
b1111100100111 -
#79760000
b101010 "
1#
b101010 '
b101 ,
b0 &
b101 %
b101 +
b0 /
b1111100101000 -
#79770000
b110100 "
b110100 '
b1 &
b1 /
b1111100101001 -
#79780000
b111011 "
0#
b111011 '
b10 &
b10 /
b1111100101010 -
#79790000
b0 "
b0 '
b11 &
b11 /
b1111100101011 -
#79800000
b100 &
b100 /
b1111100101100 -
#79810000
1!
1(
b101 &
b101 /
b1111100101101 -
#79820000
b101 "
0!
b101 '
b101 .
0(
b110 &
b110 /
b1111100101110 -
#79830000
b101010 "
b11010 .
b101010 '
b111 &
b111 /
b1111100101111 -
#79840000
b101001 "
1#
b101001 '
b110 ,
b0 &
b110 %
b110 +
b0 /
b1111100110000 -
#79850000
b110101 "
b110101 '
b1 &
b1 /
b1111100110001 -
#79860000
b111010 "
0#
b111010 '
b10 &
b10 /
b1111100110010 -
#79870000
b0 "
b0 '
b11 &
b11 /
b1111100110011 -
#79880000
b100 &
b100 /
b1111100110100 -
#79890000
1!
1(
b101 &
b101 /
b1111100110101 -
#79900000
b110 "
0!
b110 '
b110 .
0(
b110 &
b110 /
b1111100110110 -
#79910000
b101001 "
b11001 .
b101001 '
b111 &
b111 /
b1111100110111 -
#79920000
b101000 "
1#
b101000 '
b111 ,
b0 &
b111 %
b111 +
b0 /
b1111100111000 -
#79930000
b110110 "
b110110 '
b1 &
b1 /
b1111100111001 -
#79940000
b111001 "
0#
b111001 '
b10 &
b10 /
b1111100111010 -
#79950000
b0 "
b0 '
b11 &
b11 /
b1111100111011 -
#79960000
b100 &
b100 /
b1111100111100 -
#79970000
1!
1(
b101 &
b101 /
b1111100111101 -
#79980000
b111 "
0!
b111 '
b111 .
0(
b110 &
b110 /
b1111100111110 -
#79990000
b101000 "
b11000 .
b101000 '
b111 &
b111 /
b1111100111111 -
#80000000
b100111 "
1#
b100111 '
b1000 ,
b0 &
b1000 %
b1000 +
b0 /
b1111101000000 -
#80010000
b110111 "
b110111 '
b1 &
b1 /
b1111101000001 -
#80020000
b111000 "
0#
b111000 '
b10 &
b10 /
b1111101000010 -
#80030000
b0 "
b0 '
b11 &
b11 /
b1111101000011 -
#80040000
b100 &
b100 /
b1111101000100 -
#80050000
1!
1(
b101 &
b101 /
b1111101000101 -
#80060000
b1000 "
0!
b1000 '
b1000 .
0(
b110 &
b110 /
b1111101000110 -
#80070000
b100111 "
b10111 .
b100111 '
b111 &
b111 /
b1111101000111 -
#80080000
b100110 "
1#
b100110 '
b1001 ,
b0 &
b1001 %
b1001 +
b0 /
b1111101001000 -
#80090000
b111000 "
b111000 '
b1 &
b1 /
b1111101001001 -
#80100000
b110111 "
0#
b110111 '
b10 &
b10 /
b1111101001010 -
#80110000
b0 "
b0 '
b11 &
b11 /
b1111101001011 -
#80120000
b100 &
b100 /
b1111101001100 -
#80130000
1!
1(
b101 &
b101 /
b1111101001101 -
#80140000
b1001 "
0!
b1001 '
b1001 .
0(
b110 &
b110 /
b1111101001110 -
#80150000
b100110 "
b10110 .
b100110 '
b111 &
b111 /
b1111101001111 -
#80160000
b100101 "
1#
b100101 '
b1010 ,
b0 &
b1010 %
b1010 +
b0 /
b1111101010000 -
#80170000
b111001 "
b111001 '
b1 &
b1 /
b1111101010001 -
#80180000
b110110 "
0#
b110110 '
b10 &
b10 /
b1111101010010 -
#80190000
b0 "
b0 '
b11 &
b11 /
b1111101010011 -
#80200000
b100 &
b100 /
b1111101010100 -
#80210000
1!
1(
b101 &
b101 /
b1111101010101 -
#80220000
b1010 "
0!
b1010 '
b1010 .
0(
b110 &
b110 /
b1111101010110 -
#80230000
b100101 "
b10101 .
b100101 '
b111 &
b111 /
b1111101010111 -
#80240000
b100100 "
1#
b100100 '
b1011 ,
b0 &
b1011 %
b1011 +
b0 /
b1111101011000 -
#80250000
b111010 "
b111010 '
b1 &
b1 /
b1111101011001 -
#80260000
b110101 "
0#
b110101 '
b10 &
b10 /
b1111101011010 -
#80270000
b0 "
b0 '
b11 &
b11 /
b1111101011011 -
#80280000
b100 &
b100 /
b1111101011100 -
#80290000
1!
1(
b101 &
b101 /
b1111101011101 -
#80300000
b1011 "
0!
b1011 '
b1011 .
0(
b110 &
b110 /
b1111101011110 -
#80310000
b100100 "
b10100 .
b100100 '
b111 &
b111 /
b1111101011111 -
#80320000
b100011 "
1#
b100011 '
b1100 ,
b0 &
b1100 %
b1100 +
b0 /
b1111101100000 -
#80330000
b111011 "
b111011 '
b1 &
b1 /
b1111101100001 -
#80340000
b110100 "
0#
b110100 '
b10 &
b10 /
b1111101100010 -
#80350000
b0 "
b0 '
b11 &
b11 /
b1111101100011 -
#80360000
b100 &
b100 /
b1111101100100 -
#80370000
1!
1(
b101 &
b101 /
b1111101100101 -
#80380000
b1100 "
0!
b1100 '
b1100 .
0(
b110 &
b110 /
b1111101100110 -
#80390000
b100011 "
b10011 .
b100011 '
b111 &
b111 /
b1111101100111 -
#80400000
b100010 "
1#
b100010 '
b1101 ,
b0 &
b1101 %
b1101 +
b0 /
b1111101101000 -
#80410000
b111100 "
b111100 '
b1 &
b1 /
b1111101101001 -
#80420000
b110011 "
0#
b110011 '
b10 &
b10 /
b1111101101010 -
#80430000
b0 "
b0 '
b11 &
b11 /
b1111101101011 -
#80440000
b100 &
b100 /
b1111101101100 -
#80450000
1!
1(
b101 &
b101 /
b1111101101101 -
#80460000
b1101 "
0!
b1101 '
b1101 .
0(
b110 &
b110 /
b1111101101110 -
#80470000
b100010 "
b10010 .
b100010 '
b111 &
b111 /
b1111101101111 -
#80480000
b100001 "
1#
b100001 '
b1110 ,
b0 &
b1110 %
b1110 +
b0 /
b1111101110000 -
#80490000
b111101 "
b111101 '
b1 &
b1 /
b1111101110001 -
#80500000
b110010 "
0#
b110010 '
b10 &
b10 /
b1111101110010 -
#80510000
b0 "
b0 '
b11 &
b11 /
b1111101110011 -
#80520000
b100 &
b100 /
b1111101110100 -
#80530000
1!
1(
b101 &
b101 /
b1111101110101 -
#80540000
b1110 "
0!
b1110 '
b1110 .
0(
b110 &
b110 /
b1111101110110 -
#80550000
b100001 "
b10001 .
b100001 '
b111 &
b111 /
b1111101110111 -
#80560000
b0 "
1#
b0 '
b1111 ,
b0 &
b1111 %
b1111 +
b0 /
b1111101111000 -
#80570000
b111110 "
b111110 '
b1 &
b1 /
b1111101111001 -
#80580000
b110001 "
0#
b110001 '
b10 &
b10 /
b1111101111010 -
#80590000
b0 "
b0 '
b11 &
b11 /
b1111101111011 -
#80600000
b100 &
b100 /
b1111101111100 -
#80610000
1!
1(
b101 &
b101 /
b1111101111101 -
#80620000
b1111 "
0!
b1111 '
b1111 .
0(
b110 &
b110 /
b1111101111110 -
#80630000
b100000 "
b10000 .
b100000 '
b111 &
b111 /
b1111101111111 -
#80640000
b101111 "
1#
b101111 '
b0 ,
b0 &
b10000 %
b10000 +
b0 /
b1111110000000 -
#80650000
b101111 "
b101111 '
b1 &
b1 /
b1111110000001 -
#80660000
b0 "
0#
b0 '
b10 &
b10 /
b1111110000010 -
#80670000
b11 &
b11 /
b1111110000011 -
#80680000
b100 &
b100 /
b1111110000100 -
#80690000
1!
1(
b101 &
b101 /
b1111110000101 -
#80700000
b100000 "
0!
b100000 '
0(
b110 &
b110 /
b1111110000110 -
#80710000
b1111 "
b1111 .
b1111 '
b111 &
b111 /
b1111110000111 -
#80720000
b110000 "
1#
b110000 '
b11111111111111111111111111111111 ,
b0 &
b10001 %
b10001 +
b0 /
b1111110001000 -
#80730000
b101110 "
b101110 '
b1 &
b1 /
b1111110001001 -
#80740000
b1 "
0#
b1 '
b10 &
b10 /
b1111110001010 -
#80750000
b0 "
b0 '
b11 &
b11 /
b1111110001011 -
#80760000
b100 &
b100 /
b1111110001100 -
#80770000
1!
1(
b101 &
b101 /
b1111110001101 -
#80780000
b100001 "
0!
b100001 '
b10001 .
0(
b110 &
b110 /
b1111110001110 -
#80790000
b1110 "
b1110 .
b1110 '
b111 &
b111 /
b1111110001111 -
#80800000
b110001 "
1#
b110001 '
b11111111111111111111111111111110 ,
b0 &
b10010 %
b10010 +
b0 /
b1111110010000 -
#80810000
b101101 "
b101101 '
b1 &
b1 /
b1111110010001 -
#80820000
b10 "
0#
b10 '
b10 &
b10 /
b1111110010010 -
#80830000
b0 "
b0 '
b11 &
b11 /
b1111110010011 -
#80840000
b100 &
b100 /
b1111110010100 -
#80850000
1!
1(
b101 &
b101 /
b1111110010101 -
#80860000
b100010 "
0!
b100010 '
b10010 .
0(
b110 &
b110 /
b1111110010110 -
#80870000
b1101 "
b1101 .
b1101 '
b111 &
b111 /
b1111110010111 -
#80880000
b110010 "
1#
b110010 '
b11111111111111111111111111111101 ,
b0 &
b10011 %
b10011 +
b0 /
b1111110011000 -
#80890000
b101100 "
b101100 '
b1 &
b1 /
b1111110011001 -
#80900000
b11 "
0#
b11 '
b10 &
b10 /
b1111110011010 -
#80910000
b0 "
b0 '
b11 &
b11 /
b1111110011011 -
#80920000
b100 &
b100 /
b1111110011100 -
#80930000
1!
1(
b101 &
b101 /
b1111110011101 -
#80940000
b100011 "
0!
b100011 '
b10011 .
0(
b110 &
b110 /
b1111110011110 -
#80950000
b1100 "
b1100 .
b1100 '
b111 &
b111 /
b1111110011111 -
#80960000
b110011 "
1#
b110011 '
b11111111111111111111111111111100 ,
b0 &
b10100 %
b10100 +
b0 /
b1111110100000 -
#80970000
b101011 "
b101011 '
b1 &
b1 /
b1111110100001 -
#80980000
b100 "
0#
b100 '
b10 &
b10 /
b1111110100010 -
#80990000
b0 "
b0 '
b11 &
b11 /
b1111110100011 -
#81000000
b100 &
b100 /
b1111110100100 -
#81010000
1!
1(
b101 &
b101 /
b1111110100101 -
#81020000
b100100 "
0!
b100100 '
b10100 .
0(
b110 &
b110 /
b1111110100110 -
#81030000
b1011 "
b1011 .
b1011 '
b111 &
b111 /
b1111110100111 -
#81040000
b110100 "
1#
b110100 '
b11111111111111111111111111111011 ,
b0 &
b10101 %
b10101 +
b0 /
b1111110101000 -
#81050000
b101010 "
b101010 '
b1 &
b1 /
b1111110101001 -
#81060000
b101 "
0#
b101 '
b10 &
b10 /
b1111110101010 -
#81070000
b0 "
b0 '
b11 &
b11 /
b1111110101011 -
#81080000
b100 &
b100 /
b1111110101100 -
#81090000
1!
1(
b101 &
b101 /
b1111110101101 -
#81100000
b100101 "
0!
b100101 '
b10101 .
0(
b110 &
b110 /
b1111110101110 -
#81110000
b1010 "
b1010 .
b1010 '
b111 &
b111 /
b1111110101111 -
#81120000
b110101 "
1#
b110101 '
b11111111111111111111111111111010 ,
b0 &
b10110 %
b10110 +
b0 /
b1111110110000 -
#81130000
b101001 "
b101001 '
b1 &
b1 /
b1111110110001 -
#81140000
b110 "
0#
b110 '
b10 &
b10 /
b1111110110010 -
#81150000
b0 "
b0 '
b11 &
b11 /
b1111110110011 -
#81160000
b100 &
b100 /
b1111110110100 -
#81170000
1!
1(
b101 &
b101 /
b1111110110101 -
#81180000
b100110 "
0!
b100110 '
b10110 .
0(
b110 &
b110 /
b1111110110110 -
#81190000
b1001 "
b1001 .
b1001 '
b111 &
b111 /
b1111110110111 -
#81200000
b110110 "
1#
b110110 '
b11111111111111111111111111111001 ,
b0 &
b10111 %
b10111 +
b0 /
b1111110111000 -
#81210000
b101000 "
b101000 '
b1 &
b1 /
b1111110111001 -
#81220000
b111 "
0#
b111 '
b10 &
b10 /
b1111110111010 -
#81230000
b0 "
b0 '
b11 &
b11 /
b1111110111011 -
#81240000
b100 &
b100 /
b1111110111100 -
#81250000
1!
1(
b101 &
b101 /
b1111110111101 -
#81260000
b100111 "
0!
b100111 '
b10111 .
0(
b110 &
b110 /
b1111110111110 -
#81270000
b1000 "
b1000 .
b1000 '
b111 &
b111 /
b1111110111111 -
#81280000
b110111 "
1#
b110111 '
b11111111111111111111111111111000 ,
b0 &
b11000 %
b11000 +
b0 /
b1111111000000 -
#81290000
b100111 "
b100111 '
b1 &
b1 /
b1111111000001 -
#81300000
b1000 "
0#
b1000 '
b10 &
b10 /
b1111111000010 -
#81310000
b0 "
b0 '
b11 &
b11 /
b1111111000011 -
#81320000
b100 &
b100 /
b1111111000100 -
#81330000
1!
1(
b101 &
b101 /
b1111111000101 -
#81340000
b101000 "
0!
b101000 '
b11000 .
0(
b110 &
b110 /
b1111111000110 -
#81350000
b111 "
b111 .
b111 '
b111 &
b111 /
b1111111000111 -
#81360000
b111000 "
1#
b111000 '
b11111111111111111111111111110111 ,
b0 &
b11001 %
b11001 +
b0 /
b1111111001000 -
#81370000
b100110 "
b100110 '
b1 &
b1 /
b1111111001001 -
#81380000
b1001 "
0#
b1001 '
b10 &
b10 /
b1111111001010 -
#81390000
b0 "
b0 '
b11 &
b11 /
b1111111001011 -
#81400000
b100 &
b100 /
b1111111001100 -
#81410000
1!
1(
b101 &
b101 /
b1111111001101 -
#81420000
b101001 "
0!
b101001 '
b11001 .
0(
b110 &
b110 /
b1111111001110 -
#81430000
b110 "
b110 .
b110 '
b111 &
b111 /
b1111111001111 -
#81440000
b111001 "
1#
b111001 '
b11111111111111111111111111110110 ,
b0 &
b11010 %
b11010 +
b0 /
b1111111010000 -
#81450000
b100101 "
b100101 '
b1 &
b1 /
b1111111010001 -
#81460000
b1010 "
0#
b1010 '
b10 &
b10 /
b1111111010010 -
#81470000
b0 "
b0 '
b11 &
b11 /
b1111111010011 -
#81480000
b100 &
b100 /
b1111111010100 -
#81490000
1!
1(
b101 &
b101 /
b1111111010101 -
#81500000
b101010 "
0!
b101010 '
b11010 .
0(
b110 &
b110 /
b1111111010110 -
#81510000
b101 "
b101 .
b101 '
b111 &
b111 /
b1111111010111 -
#81520000
b111010 "
1#
b111010 '
b11111111111111111111111111110101 ,
b0 &
b11011 %
b11011 +
b0 /
b1111111011000 -
#81530000
b100100 "
b100100 '
b1 &
b1 /
b1111111011001 -
#81540000
b1011 "
0#
b1011 '
b10 &
b10 /
b1111111011010 -
#81550000
b0 "
b0 '
b11 &
b11 /
b1111111011011 -
#81560000
b100 &
b100 /
b1111111011100 -
#81570000
1!
1(
b101 &
b101 /
b1111111011101 -
#81580000
b101011 "
0!
b101011 '
b11011 .
0(
b110 &
b110 /
b1111111011110 -
#81590000
b100 "
b100 .
b100 '
b111 &
b111 /
b1111111011111 -
#81600000
b111011 "
1#
b111011 '
b11111111111111111111111111110100 ,
b0 &
b11100 %
b11100 +
b0 /
b1111111100000 -
#81610000
b100011 "
b100011 '
b1 &
b1 /
b1111111100001 -
#81620000
b1100 "
0#
b1100 '
b10 &
b10 /
b1111111100010 -
#81630000
b0 "
b0 '
b11 &
b11 /
b1111111100011 -
#81640000
b100 &
b100 /
b1111111100100 -
#81650000
1!
1(
b101 &
b101 /
b1111111100101 -
#81660000
b101100 "
0!
b101100 '
b11100 .
0(
b110 &
b110 /
b1111111100110 -
#81670000
b11 "
b11 .
b11 '
b111 &
b111 /
b1111111100111 -
#81680000
b111100 "
1#
b111100 '
b11111111111111111111111111110011 ,
b0 &
b11101 %
b11101 +
b0 /
b1111111101000 -
#81690000
b100010 "
b100010 '
b1 &
b1 /
b1111111101001 -
#81700000
b1101 "
0#
b1101 '
b10 &
b10 /
b1111111101010 -
#81710000
b0 "
b0 '
b11 &
b11 /
b1111111101011 -
#81720000
b100 &
b100 /
b1111111101100 -
#81730000
1!
1(
b101 &
b101 /
b1111111101101 -
#81740000
b101101 "
0!
b101101 '
b11101 .
0(
b110 &
b110 /
b1111111101110 -
#81750000
b10 "
b10 .
b10 '
b111 &
b111 /
b1111111101111 -
#81760000
b111101 "
1#
b111101 '
b11111111111111111111111111110010 ,
b0 &
b11110 %
b11110 +
b0 /
b1111111110000 -
#81770000
b100001 "
b100001 '
b1 &
b1 /
b1111111110001 -
#81780000
b1110 "
0#
b1110 '
b10 &
b10 /
b1111111110010 -
#81790000
b0 "
b0 '
b11 &
b11 /
b1111111110011 -
#81800000
b100 &
b100 /
b1111111110100 -
#81810000
1!
1(
b101 &
b101 /
b1111111110101 -
#81820000
b101110 "
0!
b101110 '
b11110 .
0(
b110 &
b110 /
b1111111110110 -
#81830000
b1 "
b1 .
b1 '
b111 &
b111 /
b1111111110111 -
#81840000
b111110 "
1#
b111110 '
b11111111111111111111111111110001 ,
b0 &
b11111 %
b11111 +
b0 /
b1111111111000 -
#81850000
b0 "
b0 '
b1 &
b1 /
b1111111111001 -
#81860000
b1111 "
0#
b1111 '
b10 &
b10 /
b1111111111010 -
#81870000
b0 "
1!
1(
b0 '
b11 &
b11 /
b1111111111011 -
#81880000
0!
0(
b100 &
b100 /
b1111111111100 -
#81890000
b101 &
b101 /
b1111111111101 -
#81900000
b101111 "
b101111 '
b11111 .
b110 &
b110 /
b1111111111110 -
#81910000
b0 "
b0 .
b0 '
b111 &
b111 /
b1111111111111 -
#81920000
b100000 )
b100000 +
b1000 /
b10000000000000 -
