----------------
; Command Info ;
----------------
Report Path: Found 20 paths. Longest delay is 23.788 

Tcl Command:
    report_path -show_routing -file output_files/caminhos_entrada_saida.rpt -from [all_inputs] -to [all_outputs] -npaths 20

Options:
    -from [all_inputs] 
    -to [all_outputs] 
    -npaths 20 
    -show_routing 
    -file_name "output_files/caminhos_entrada_saida.rpt" 

Delay Model:
    Slow 1200mV 85C Model

+------------------------------+
; Summary of Paths             ;
+--------+-----------+---------+
; Delay  ; From Node ; To Node ;
+--------+-----------+---------+
; 23.788 ; SW[5]     ; HEX0[1] ;
; 23.765 ; SW[5]     ; HEX0[1] ;
; 23.536 ; SW[5]     ; HEX0[2] ;
; 23.512 ; SW[5]     ; HEX0[2] ;
; 23.423 ; SW[5]     ; HEX0[1] ;
; 23.406 ; SW[5]     ; HEX0[1] ;
; 23.263 ; SW[5]     ; HEX0[1] ;
; 23.240 ; SW[5]     ; HEX0[1] ;
; 23.176 ; SW[5]     ; HEX0[2] ;
; 23.160 ; SW[5]     ; HEX0[1] ;
; 23.159 ; SW[5]     ; HEX0[2] ;
; 23.149 ; SW[5]     ; HEX0[1] ;
; 23.135 ; SW[6]     ; HEX0[1] ;
; 23.132 ; SW[5]     ; HEX0[1] ;
; 23.112 ; SW[6]     ; HEX0[1] ;
; 23.084 ; SW[10]    ; HEX0[1] ;
; 23.061 ; SW[10]    ; HEX0[1] ;
; 23.034 ; SW[0]     ; HEX0[1] ;
; 23.032 ; SW[5]     ; HEX0[5] ;
; 23.014 ; SW[0]     ; HEX0[1] ;
+--------+-----------+---------+

Path #1: Delay is 23.788
===============================================================================
+---------------------+
; Path Summary        ;
+-----------+---------+
; Property  ; Value   ;
+-----------+---------+
; From Node ; SW[5]   ;
; To Node   ; HEX0[1] ;
; Delay     ; 23.788  ;
+-----------+---------+

+-------------------------------------------------------------------------------------+
; Statistics                                                                          ;
+------------------------+--------+-------+-------------+------------+--------+-------+
; Property               ; Value  ; Count ; Total Delay ; % of Total ; Min    ; Max   ;
+------------------------+--------+-------+-------------+------------+--------+-------+
; Data Delay             ; 23.788 ;       ;             ;            ;        ;       ;
; Number of Logic Levels ;        ; 11    ;             ;            ;        ;       ;
; Physical Delays        ;        ;       ;             ;            ;        ;       ;
;  IC                    ;        ; 12    ; -0.003      ; 0          ; -0.003 ; 0.002 ;
;  Cell                  ;        ; 13    ; 8.802       ; 37         ; 0.000  ; 4.282 ;
;  Routing Element       ;        ; 58    ; 14.989      ; 63         ; 0.000  ; 2.663 ;
+------------------------+--------+-------+-------------+------------+--------+-------+
Note: Negative delays are omitted from totals when calculating percentages

+------------------------------------------------------------------------------------------------------------------------------------------------+
; Data Arrival Path                                                                                                                              ;
+----------+----------+----+------+--------+------------------------------------+----------------------------------------------------------------+
; Total    ; Incr     ; RF ; Type ; Fanout ; Location                           ; Element                                                        ;
+----------+----------+----+------+--------+------------------------------------+----------------------------------------------------------------+
; 23.788   ; 23.788   ;    ;      ;        ;                                    ; data path                                                      ;
;   0.000  ;   0.000  ;    ;      ; 1      ; PIN_AC26                           ; SW[5]                                                          ;
;   0.000  ;   0.000  ;    ; RE   ; 1      ; IOPAD_X115_Y11_N7                  ; CUDA_IO_PAD                                                    ;
;   0.000  ;   0.000  ; FF ; IC   ; 1      ; IOIBUF_X115_Y11_N8                 ; SW[5]~input|i                                                  ;
;   0.796  ;   0.796  ; FF ; CELL ; 19     ; IOIBUF_X115_Y11_N8                 ; SW[5]~input|o                                                  ;
;   3.459  ;   2.663  ;    ; RE   ; 1      ; IOIBUF_X115_Y11_N8                 ; CUDA_IO_IBUF                                                   ;
;   3.505  ;   0.046  ;    ; RE   ; 1      ; IO_DATAIN_X115_Y11_N1_I0           ; IO_DATAIN                                                      ;
;   3.716  ;   0.211  ;    ; RE   ; 1      ; R24_X105_Y11_N0_I0                 ; H_SEG24                                                        ;
;   4.065  ;   0.349  ;    ; RE   ; 2      ; C16_X104_Y12_N0_I0                 ; V_SEG16                                                        ;
;   4.370  ;   0.305  ;    ; RE   ; 1      ; R4_X105_Y22_N0_I4                  ; H_SEG4                                                         ;
;   4.588  ;   0.218  ;    ; RE   ; 4      ; R4_X108_Y22_N0_I7                  ; H_SEG4                                                         ;
;   4.893  ;   0.305  ;    ; RE   ; 1      ; C4_X109_Y18_N0_I17                 ; V_SEG4                                                         ;
;   5.204  ;   0.311  ;    ; RE   ; 1      ; C4_X109_Y15_N0_I17                 ; V_SEG4                                                         ;
;   5.783  ;   0.579  ;    ; RE   ; 13     ; LOCAL_INTERCONNECT_X110_Y16_N0_I33 ; LAB_LINE                                                       ;
;   5.785  ;   0.002  ; FF ; IC   ; 1      ; LCCOMB_X110_Y16_N12                ; ula|conv_b|fa_1|fa_xor_pcin~0|dataa                            ;
;   6.139  ;   0.354  ; FF ; CELL ; 4      ; LCCOMB_X110_Y16_N12                ; ula|conv_b|fa_1|fa_xor_pcin~0|combout                          ;
;   6.172  ;   0.033  ;    ; RE   ; 2      ; LCCOMB_X110_Y16_N12                ; CUDA_LCELL_COMB                                                ;
;   6.474  ;   0.302  ;    ; RE   ; 3      ; LOCAL_LINE_X110_Y16_N0_I6          ; LOCAL_LINE                                                     ;
;   6.474  ;   0.000  ; FF ; IC   ; 1      ; LCCOMB_X110_Y16_N22                ; ula|aritmetica|soma_sub|fa_1|fa_or_carry~0|dataa               ;
;   6.898  ;   0.424  ; FF ; CELL ; 2      ; LCCOMB_X110_Y16_N22                ; ula|aritmetica|soma_sub|fa_1|fa_or_carry~0|combout             ;
;   6.914  ;   0.016  ;    ; RE   ; 1      ; LCCOMB_X110_Y16_N22                ; CUDA_LCELL_COMB                                                ;
;   6.986  ;   0.072  ;    ; RE   ; 1      ; LE_BUFFER_X110_Y16_N0_I23          ; LE_BUFFER                                                      ;
;   7.172  ;   0.186  ;    ; RE   ; 1      ; R4_X107_Y16_N0_I28                 ; H_SEG4                                                         ;
;   7.451  ;   0.279  ;    ; RE   ; 1      ; C4_X107_Y17_N0_I8                  ; V_SEG4                                                         ;
;   7.899  ;   0.448  ;    ; RE   ; 2      ; LOCAL_INTERCONNECT_X108_Y18_N0_I19 ; LAB_LINE                                                       ;
;   7.898  ;   -0.001 ; FF ; IC   ; 1      ; LCCOMB_X108_Y18_N16                ; ula|aritmetica|soma_sub|fa_2|fa_or_carry~0|dataa               ;
;   8.322  ;   0.424  ; FF ; CELL ; 2      ; LCCOMB_X108_Y18_N16                ; ula|aritmetica|soma_sub|fa_2|fa_or_carry~0|combout             ;
;   8.341  ;   0.019  ;    ; RE   ; 1      ; LCCOMB_X108_Y18_N16                ; CUDA_LCELL_COMB                                                ;
;   8.610  ;   0.269  ;    ; RE   ; 2      ; LOCAL_LINE_X108_Y18_N0_I8          ; LOCAL_LINE                                                     ;
;   8.610  ;   0.000  ; FF ; IC   ; 1      ; LCCOMB_X108_Y18_N24                ; ula|aritmetica|soma_sub|fa_3|fa_xor_pcin|datab                 ;
;   9.051  ;   0.441  ; FR ; CELL ; 2      ; LCCOMB_X108_Y18_N24                ; ula|aritmetica|soma_sub|fa_3|fa_xor_pcin|combout               ;
;   9.075  ;   0.024  ;    ; RE   ; 1      ; LCCOMB_X108_Y18_N24                ; CUDA_LCELL_COMB                                                ;
;   9.157  ;   0.082  ;    ; RE   ; 1      ; LE_BUFFER_X108_Y18_N0_I25          ; LE_BUFFER                                                      ;
;   9.466  ;   0.309  ;    ; RE   ; 1      ; C4_X108_Y19_N0_I10                 ; V_SEG4                                                         ;
;   9.793  ;   0.327  ;    ; RE   ; 2      ; LOCAL_INTERCONNECT_X109_Y22_N0_I37 ; LAB_LINE                                                       ;
;   9.794  ;   0.001  ; RR ; IC   ; 1      ; LCCOMB_X109_Y22_N16                ; ula|selecao|sum_bit_5~1|datac                                  ;
;   10.061 ;   0.267  ; RF ; CELL ; 2      ; LCCOMB_X109_Y22_N16                ; ula|selecao|sum_bit_5~1|combout                                ;
;   10.077 ;   0.016  ;    ; RE   ; 1      ; LCCOMB_X109_Y22_N16                ; CUDA_LCELL_COMB                                                ;
;   10.155 ;   0.078  ;    ; RE   ; 1      ; LE_BUFFER_X109_Y22_N0_I17          ; LE_BUFFER                                                      ;
;   10.341 ;   0.186  ;    ; RE   ; 1      ; R4_X106_Y22_N0_I28                 ; H_SEG4                                                         ;
;   10.627 ;   0.286  ;    ; RE   ; 1      ; C4_X107_Y18_N0_I20                 ; V_SEG4                                                         ;
;   10.997 ;   0.370  ;    ; RE   ; 2      ; LOCAL_INTERCONNECT_X108_Y18_N0_I36 ; LAB_LINE                                                       ;
;   10.997 ;   0.000  ; FF ; IC   ; 1      ; LCCOMB_X108_Y18_N12                ; ula|selecao|sum_bit_4~1|datac                                  ;
;   11.277 ;   0.280  ; FF ; CELL ; 1      ; LCCOMB_X108_Y18_N12                ; ula|selecao|sum_bit_4~1|combout                                ;
;   11.296 ;   0.019  ;    ; RE   ; 1      ; LCCOMB_X108_Y18_N12                ; CUDA_LCELL_COMB                                                ;
;   11.560 ;   0.264  ;    ; RE   ; 1      ; LOCAL_LINE_X108_Y18_N0_I6          ; LOCAL_LINE                                                     ;
;   11.560 ;   0.000  ; FF ; IC   ; 1      ; LCCOMB_X108_Y18_N22                ; ula|selecao|sum_bit_4~3|dataa                                  ;
;   11.984 ;   0.424  ; FF ; CELL ; 11     ; LCCOMB_X108_Y18_N22                ; ula|selecao|sum_bit_4~3|combout                                ;
;   12.000 ;   0.016  ;    ; RE   ; 1      ; LCCOMB_X108_Y18_N22                ; CUDA_LCELL_COMB                                                ;
;   12.081 ;   0.081  ;    ; RE   ; 2      ; LE_BUFFER_X108_Y18_N0_I23          ; LE_BUFFER                                                      ;
;   12.336 ;   0.255  ;    ; RE   ; 2      ; C4_X108_Y19_N0_I9                  ; V_SEG4                                                         ;
;   12.815 ;   0.479  ;    ; RE   ; 5      ; LOCAL_INTERCONNECT_X109_Y22_N0_I26 ; LAB_LINE                                                       ;
;   12.814 ;   -0.001 ; FF ; IC   ; 1      ; LCCOMB_X109_Y22_N18                ; display_f|convert_mag|subtract_tens|fa_3|fa_xor_pcin~0|datab   ;
;   13.237 ;   0.423  ; FR ; CELL ; 5      ; LCCOMB_X109_Y22_N18                ; display_f|convert_mag|subtract_tens|fa_3|fa_xor_pcin~0|combout ;
;   13.275 ;   0.038  ;    ; RE   ; 2      ; LCCOMB_X109_Y22_N18                ; CUDA_LCELL_COMB                                                ;
;   13.366 ;   0.091  ;    ; RE   ; 1      ; LE_BUFFER_X109_Y22_N0_I19          ; LE_BUFFER                                                      ;
;   13.678 ;   0.312  ;    ; RE   ; 2      ; C4_X109_Y23_N0_I7                  ; V_SEG4                                                         ;
;   13.930 ;   0.252  ;    ; RE   ; 1      ; R4_X106_Y26_N0_I28                 ; H_SEG4                                                         ;
;   14.244 ;   0.314  ;    ; RE   ; 1      ; LOCAL_INTERCONNECT_X109_Y26_N0_I36 ; LAB_LINE                                                       ;
;   14.243 ;   -0.001 ; RR ; IC   ; 1      ; LCCOMB_X109_Y26_N30                ; display_f|mask_uni_6~5|dataa                                   ;
;   14.660 ;   0.417  ; RR ; CELL ; 3      ; LCCOMB_X109_Y26_N30                ; display_f|mask_uni_6~5|combout                                 ;
;   14.687 ;   0.027  ;    ; RE   ; 1      ; LCCOMB_X109_Y26_N30                ; CUDA_LCELL_COMB                                                ;
;   14.880 ;   0.193  ;    ; RE   ; 3      ; LOCAL_LINE_X109_Y26_N0_I15         ; LOCAL_LINE                                                     ;
;   14.880 ;   0.000  ; RR ; IC   ; 1      ; LCCOMB_X109_Y26_N24                ; display_f|mask_uni_1~0|datac                                   ;
;   15.150 ;   0.270  ; RF ; CELL ; 1      ; LCCOMB_X109_Y26_N24                ; display_f|mask_uni_1~0|combout                                 ;
;   15.166 ;   0.016  ;    ; RE   ; 1      ; LCCOMB_X109_Y26_N24                ; CUDA_LCELL_COMB                                                ;
;   15.239 ;   0.073  ;    ; RE   ; 1      ; LE_BUFFER_X109_Y26_N0_I25          ; LE_BUFFER                                                      ;
;   15.425 ;   0.186  ;    ; RE   ; 1      ; R4_X106_Y26_N0_I27                 ; H_SEG4                                                         ;
;   15.693 ;   0.268  ;    ; RE   ; 1      ; C4_X107_Y27_N0_I8                  ; V_SEG4                                                         ;
;   16.006 ;   0.313  ;    ; RE   ; 1      ; C4_X107_Y31_N0_I8                  ; V_SEG4                                                         ;
;   16.333 ;   0.327  ;    ; RE   ; 1      ; C4_X107_Y34_N0_I8                  ; V_SEG4                                                         ;
;   16.656 ;   0.323  ;    ; RE   ; 1      ; C4_X107_Y38_N0_I8                  ; V_SEG4                                                         ;
;   16.973 ;   0.317  ;    ; RE   ; 1      ; C4_X107_Y42_N0_I8                  ; V_SEG4                                                         ;
;   17.290 ;   0.317  ;    ; RE   ; 1      ; C4_X107_Y46_N0_I8                  ; V_SEG4                                                         ;
;   17.607 ;   0.317  ;    ; RE   ; 1      ; C4_X107_Y50_N0_I8                  ; V_SEG4                                                         ;
;   17.924 ;   0.317  ;    ; RE   ; 1      ; C4_X107_Y54_N0_I8                  ; V_SEG4                                                         ;
;   18.241 ;   0.317  ;    ; RE   ; 1      ; C4_X107_Y58_N0_I8                  ; V_SEG4                                                         ;
;   18.558 ;   0.317  ;    ; RE   ; 1      ; C4_X107_Y62_N0_I8                  ; V_SEG4                                                         ;
;   18.875 ;   0.317  ;    ; RE   ; 1      ; C4_X107_Y66_N0_I8                  ; V_SEG4                                                         ;
;   19.194 ;   0.319  ;    ; RE   ; 1      ; C4_X107_Y70_N0_I8                  ; V_SEG4                                                         ;
;   19.509 ;   0.315  ;    ; RE   ; 1      ; LOCAL_INTERCONNECT_X107_Y73_N0_I5  ; LAB_LINE                                                       ;
;   19.509 ;   0.000  ;    ; RE   ; 1      ; BLOCK_INPUT_MUX_X107_Y73_N0_I13    ; LEIM                                                           ;
;   19.506 ;   -0.003 ; FF ; IC   ; 1      ; IOOBUF_X107_Y73_N23                ; HEX0[1]~output|i                                               ;
;   23.788 ;   4.282  ; FF ; CELL ; 1      ; IOOBUF_X107_Y73_N23                ; HEX0[1]~output|o                                               ;
;   23.788 ;   0.000  ; FF ; CELL ; 0      ; PIN_F22                            ; HEX0[1]                                                        ;
+----------+----------+----+------+--------+------------------------------------+----------------------------------------------------------------+


Path #2: Delay is 23.765
===============================================================================
+---------------------+
; Path Summary        ;
+-----------+---------+
; Property  ; Value   ;
+-----------+---------+
; From Node ; SW[5]   ;
; To Node   ; HEX0[1] ;
; Delay     ; 23.765  ;
+-----------+---------+

+-------------------------------------------------------------------------------------+
; Statistics                                                                          ;
+------------------------+--------+-------+-------------+------------+--------+-------+
; Property               ; Value  ; Count ; Total Delay ; % of Total ; Min    ; Max   ;
+------------------------+--------+-------+-------------+------------+--------+-------+
; Data Delay             ; 23.765 ;       ;             ;            ;        ;       ;
; Number of Logic Levels ;        ; 11    ;             ;            ;        ;       ;
; Physical Delays        ;        ;       ;             ;            ;        ;       ;
;  IC                    ;        ; 12    ; -0.002      ; 0          ; -0.003 ; 0.002 ;
;  Cell                  ;        ; 13    ; 8.678       ; 37         ; 0.000  ; 4.282 ;
;  Routing Element       ;        ; 58    ; 15.089      ; 63         ; 0.000  ; 2.663 ;
+------------------------+--------+-------+-------------+------------+--------+-------+
Note: Negative delays are omitted from totals when calculating percentages

+------------------------------------------------------------------------------------------------------------------------------------+
; Data Arrival Path                                                                                                                  ;
+----------+----------+----+------+--------+------------------------------------+----------------------------------------------------+
; Total    ; Incr     ; RF ; Type ; Fanout ; Location                           ; Element                                            ;
+----------+----------+----+------+--------+------------------------------------+----------------------------------------------------+
; 23.765   ; 23.765   ;    ;      ;        ;                                    ; data path                                          ;
;   0.000  ;   0.000  ;    ;      ; 1      ; PIN_AC26                           ; SW[5]                                              ;
;   0.000  ;   0.000  ;    ; RE   ; 1      ; IOPAD_X115_Y11_N7                  ; CUDA_IO_PAD                                        ;
;   0.000  ;   0.000  ; FF ; IC   ; 1      ; IOIBUF_X115_Y11_N8                 ; SW[5]~input|i                                      ;
;   0.796  ;   0.796  ; FF ; CELL ; 19     ; IOIBUF_X115_Y11_N8                 ; SW[5]~input|o                                      ;
;   3.459  ;   2.663  ;    ; RE   ; 1      ; IOIBUF_X115_Y11_N8                 ; CUDA_IO_IBUF                                       ;
;   3.505  ;   0.046  ;    ; RE   ; 1      ; IO_DATAIN_X115_Y11_N1_I0           ; IO_DATAIN                                          ;
;   3.716  ;   0.211  ;    ; RE   ; 1      ; R24_X105_Y11_N0_I0                 ; H_SEG24                                            ;
;   4.065  ;   0.349  ;    ; RE   ; 2      ; C16_X104_Y12_N0_I0                 ; V_SEG16                                            ;
;   4.370  ;   0.305  ;    ; RE   ; 1      ; R4_X105_Y22_N0_I4                  ; H_SEG4                                             ;
;   4.588  ;   0.218  ;    ; RE   ; 4      ; R4_X108_Y22_N0_I7                  ; H_SEG4                                             ;
;   4.893  ;   0.305  ;    ; RE   ; 1      ; C4_X109_Y18_N0_I17                 ; V_SEG4                                             ;
;   5.204  ;   0.311  ;    ; RE   ; 1      ; C4_X109_Y15_N0_I17                 ; V_SEG4                                             ;
;   5.783  ;   0.579  ;    ; RE   ; 13     ; LOCAL_INTERCONNECT_X110_Y16_N0_I33 ; LAB_LINE                                           ;
;   5.785  ;   0.002  ; FF ; IC   ; 1      ; LCCOMB_X110_Y16_N12                ; ula|conv_b|fa_1|fa_xor_pcin~0|dataa                ;
;   6.139  ;   0.354  ; FF ; CELL ; 4      ; LCCOMB_X110_Y16_N12                ; ula|conv_b|fa_1|fa_xor_pcin~0|combout              ;
;   6.172  ;   0.033  ;    ; RE   ; 2      ; LCCOMB_X110_Y16_N12                ; CUDA_LCELL_COMB                                    ;
;   6.474  ;   0.302  ;    ; RE   ; 3      ; LOCAL_LINE_X110_Y16_N0_I6          ; LOCAL_LINE                                         ;
;   6.474  ;   0.000  ; FF ; IC   ; 1      ; LCCOMB_X110_Y16_N22                ; ula|aritmetica|soma_sub|fa_1|fa_or_carry~0|dataa   ;
;   6.898  ;   0.424  ; FF ; CELL ; 2      ; LCCOMB_X110_Y16_N22                ; ula|aritmetica|soma_sub|fa_1|fa_or_carry~0|combout ;
;   6.914  ;   0.016  ;    ; RE   ; 1      ; LCCOMB_X110_Y16_N22                ; CUDA_LCELL_COMB                                    ;
;   6.986  ;   0.072  ;    ; RE   ; 1      ; LE_BUFFER_X110_Y16_N0_I23          ; LE_BUFFER                                          ;
;   7.172  ;   0.186  ;    ; RE   ; 1      ; R4_X107_Y16_N0_I28                 ; H_SEG4                                             ;
;   7.451  ;   0.279  ;    ; RE   ; 1      ; C4_X107_Y17_N0_I8                  ; V_SEG4                                             ;
;   7.899  ;   0.448  ;    ; RE   ; 2      ; LOCAL_INTERCONNECT_X108_Y18_N0_I19 ; LAB_LINE                                           ;
;   7.898  ;   -0.001 ; FF ; IC   ; 1      ; LCCOMB_X108_Y18_N16                ; ula|aritmetica|soma_sub|fa_2|fa_or_carry~0|dataa   ;
;   8.322  ;   0.424  ; FF ; CELL ; 2      ; LCCOMB_X108_Y18_N16                ; ula|aritmetica|soma_sub|fa_2|fa_or_carry~0|combout ;
;   8.341  ;   0.019  ;    ; RE   ; 1      ; LCCOMB_X108_Y18_N16                ; CUDA_LCELL_COMB                                    ;
;   8.610  ;   0.269  ;    ; RE   ; 2      ; LOCAL_LINE_X108_Y18_N0_I8          ; LOCAL_LINE                                         ;
;   8.610  ;   0.000  ; FF ; IC   ; 1      ; LCCOMB_X108_Y18_N24                ; ula|aritmetica|soma_sub|fa_3|fa_xor_pcin|datab     ;
;   9.051  ;   0.441  ; FR ; CELL ; 2      ; LCCOMB_X108_Y18_N24                ; ula|aritmetica|soma_sub|fa_3|fa_xor_pcin|combout   ;
;   9.075  ;   0.024  ;    ; RE   ; 1      ; LCCOMB_X108_Y18_N24                ; CUDA_LCELL_COMB                                    ;
;   9.157  ;   0.082  ;    ; RE   ; 1      ; LE_BUFFER_X108_Y18_N0_I25          ; LE_BUFFER                                          ;
;   9.466  ;   0.309  ;    ; RE   ; 1      ; C4_X108_Y19_N0_I10                 ; V_SEG4                                             ;
;   9.793  ;   0.327  ;    ; RE   ; 2      ; LOCAL_INTERCONNECT_X109_Y22_N0_I37 ; LAB_LINE                                           ;
;   9.794  ;   0.001  ; RR ; IC   ; 1      ; LCCOMB_X109_Y22_N16                ; ula|selecao|sum_bit_5~1|datac                      ;
;   10.061 ;   0.267  ; RF ; CELL ; 2      ; LCCOMB_X109_Y22_N16                ; ula|selecao|sum_bit_5~1|combout                    ;
;   10.077 ;   0.016  ;    ; RE   ; 1      ; LCCOMB_X109_Y22_N16                ; CUDA_LCELL_COMB                                    ;
;   10.155 ;   0.078  ;    ; RE   ; 1      ; LE_BUFFER_X109_Y22_N0_I17          ; LE_BUFFER                                          ;
;   10.341 ;   0.186  ;    ; RE   ; 1      ; R4_X106_Y22_N0_I28                 ; H_SEG4                                             ;
;   10.627 ;   0.286  ;    ; RE   ; 1      ; C4_X107_Y18_N0_I20                 ; V_SEG4                                             ;
;   10.997 ;   0.370  ;    ; RE   ; 2      ; LOCAL_INTERCONNECT_X108_Y18_N0_I36 ; LAB_LINE                                           ;
;   10.997 ;   0.000  ; FF ; IC   ; 1      ; LCCOMB_X108_Y18_N12                ; ula|selecao|sum_bit_4~1|datac                      ;
;   11.277 ;   0.280  ; FF ; CELL ; 1      ; LCCOMB_X108_Y18_N12                ; ula|selecao|sum_bit_4~1|combout                    ;
;   11.296 ;   0.019  ;    ; RE   ; 1      ; LCCOMB_X108_Y18_N12                ; CUDA_LCELL_COMB                                    ;
;   11.560 ;   0.264  ;    ; RE   ; 1      ; LOCAL_LINE_X108_Y18_N0_I6          ; LOCAL_LINE                                         ;
;   11.560 ;   0.000  ; FF ; IC   ; 1      ; LCCOMB_X108_Y18_N22                ; ula|selecao|sum_bit_4~3|dataa                      ;
;   11.984 ;   0.424  ; FF ; CELL ; 11     ; LCCOMB_X108_Y18_N22                ; ula|selecao|sum_bit_4~3|combout                    ;
;   12.000 ;   0.016  ;    ; RE   ; 1      ; LCCOMB_X108_Y18_N22                ; CUDA_LCELL_COMB                                    ;
;   12.081 ;   0.081  ;    ; RE   ; 2      ; LE_BUFFER_X108_Y18_N0_I23          ; LE_BUFFER                                          ;
;   12.335 ;   0.254  ;    ; RE   ; 2      ; C4_X108_Y19_N0_I9                  ; V_SEG4                                             ;
;   12.667 ;   0.332  ;    ; RE   ; 1      ; C4_X108_Y22_N0_I9                  ; V_SEG4                                             ;
;   13.188 ;   0.521  ;    ; RE   ; 5      ; LOCAL_INTERCONNECT_X108_Y23_N0_I14 ; LAB_LINE                                           ;
;   13.187 ;   -0.001 ; FF ; IC   ; 1      ; LCCOMB_X108_Y23_N24                ; display_f|mask_uni_6~3|dataa                       ;
;   13.616 ;   0.429  ; FR ; CELL ; 2      ; LCCOMB_X108_Y23_N24                ; display_f|mask_uni_6~3|combout                     ;
;   13.640 ;   0.024  ;    ; RE   ; 1      ; LCCOMB_X108_Y23_N24                ; CUDA_LCELL_COMB                                    ;
;   13.717 ;   0.077  ;    ; RE   ; 1      ; LE_BUFFER_X108_Y23_N0_I25          ; LE_BUFFER                                          ;
;   14.025 ;   0.308  ;    ; RE   ; 1      ; C4_X108_Y24_N0_I10                 ; V_SEG4                                             ;
;   14.350 ;   0.325  ;    ; RE   ; 2      ; LOCAL_INTERCONNECT_X109_Y26_N0_I37 ; LAB_LINE                                           ;
;   14.350 ;   0.000  ; RR ; IC   ; 1      ; LCCOMB_X109_Y26_N30                ; display_f|mask_uni_6~5|datac                       ;
;   14.637 ;   0.287  ; RR ; CELL ; 3      ; LCCOMB_X109_Y26_N30                ; display_f|mask_uni_6~5|combout                     ;
;   14.664 ;   0.027  ;    ; RE   ; 1      ; LCCOMB_X109_Y26_N30                ; CUDA_LCELL_COMB                                    ;
;   14.857 ;   0.193  ;    ; RE   ; 3      ; LOCAL_LINE_X109_Y26_N0_I15         ; LOCAL_LINE                                         ;
;   14.857 ;   0.000  ; RR ; IC   ; 1      ; LCCOMB_X109_Y26_N24                ; display_f|mask_uni_1~0|datac                       ;
;   15.127 ;   0.270  ; RF ; CELL ; 1      ; LCCOMB_X109_Y26_N24                ; display_f|mask_uni_1~0|combout                     ;
;   15.143 ;   0.016  ;    ; RE   ; 1      ; LCCOMB_X109_Y26_N24                ; CUDA_LCELL_COMB                                    ;
;   15.216 ;   0.073  ;    ; RE   ; 1      ; LE_BUFFER_X109_Y26_N0_I25          ; LE_BUFFER                                          ;
;   15.402 ;   0.186  ;    ; RE   ; 1      ; R4_X106_Y26_N0_I27                 ; H_SEG4                                             ;
;   15.670 ;   0.268  ;    ; RE   ; 1      ; C4_X107_Y27_N0_I8                  ; V_SEG4                                             ;
;   15.983 ;   0.313  ;    ; RE   ; 1      ; C4_X107_Y31_N0_I8                  ; V_SEG4                                             ;
;   16.310 ;   0.327  ;    ; RE   ; 1      ; C4_X107_Y34_N0_I8                  ; V_SEG4                                             ;
;   16.633 ;   0.323  ;    ; RE   ; 1      ; C4_X107_Y38_N0_I8                  ; V_SEG4                                             ;
;   16.950 ;   0.317  ;    ; RE   ; 1      ; C4_X107_Y42_N0_I8                  ; V_SEG4                                             ;
;   17.267 ;   0.317  ;    ; RE   ; 1      ; C4_X107_Y46_N0_I8                  ; V_SEG4                                             ;
;   17.584 ;   0.317  ;    ; RE   ; 1      ; C4_X107_Y50_N0_I8                  ; V_SEG4                                             ;
;   17.901 ;   0.317  ;    ; RE   ; 1      ; C4_X107_Y54_N0_I8                  ; V_SEG4                                             ;
;   18.218 ;   0.317  ;    ; RE   ; 1      ; C4_X107_Y58_N0_I8                  ; V_SEG4                                             ;
;   18.535 ;   0.317  ;    ; RE   ; 1      ; C4_X107_Y62_N0_I8                  ; V_SEG4                                             ;
;   18.852 ;   0.317  ;    ; RE   ; 1      ; C4_X107_Y66_N0_I8                  ; V_SEG4                                             ;
;   19.171 ;   0.319  ;    ; RE   ; 1      ; C4_X107_Y70_N0_I8                  ; V_SEG4                                             ;
;   19.486 ;   0.315  ;    ; RE   ; 1      ; LOCAL_INTERCONNECT_X107_Y73_N0_I5  ; LAB_LINE                                           ;
;   19.486 ;   0.000  ;    ; RE   ; 1      ; BLOCK_INPUT_MUX_X107_Y73_N0_I13    ; LEIM                                               ;
;   19.483 ;   -0.003 ; FF ; IC   ; 1      ; IOOBUF_X107_Y73_N23                ; HEX0[1]~output|i                                   ;
;   23.765 ;   4.282  ; FF ; CELL ; 1      ; IOOBUF_X107_Y73_N23                ; HEX0[1]~output|o                                   ;
;   23.765 ;   0.000  ; FF ; CELL ; 0      ; PIN_F22                            ; HEX0[1]                                            ;
+----------+----------+----+------+--------+------------------------------------+----------------------------------------------------+


Path #3: Delay is 23.536
===============================================================================
+---------------------+
; Path Summary        ;
+-----------+---------+
; Property  ; Value   ;
+-----------+---------+
; From Node ; SW[5]   ;
; To Node   ; HEX0[2] ;
; Delay     ; 23.536  ;
+-----------+---------+

+-------------------------------------------------------------------------------------+
; Statistics                                                                          ;
+------------------------+--------+-------+-------------+------------+--------+-------+
; Property               ; Value  ; Count ; Total Delay ; % of Total ; Min    ; Max   ;
+------------------------+--------+-------+-------------+------------+--------+-------+
; Data Delay             ; 23.536 ;       ;             ;            ;        ;       ;
; Number of Logic Levels ;        ; 11    ;             ;            ;        ;       ;
; Physical Delays        ;        ;       ;             ;            ;        ;       ;
;  IC                    ;        ; 12    ; -0.001      ; 0          ; -0.002 ; 0.002 ;
;  Cell                  ;        ; 13    ; 7.311       ; 31         ; 0.000  ; 2.868 ;
;  Routing Element       ;        ; 61    ; 16.226      ; 69         ; 0.000  ; 2.663 ;
+------------------------+--------+-------+-------------+------------+--------+-------+
Note: Negative delays are omitted from totals when calculating percentages

+------------------------------------------------------------------------------------------------------------------------------------------------+
; Data Arrival Path                                                                                                                              ;
+----------+----------+----+------+--------+------------------------------------+----------------------------------------------------------------+
; Total    ; Incr     ; RF ; Type ; Fanout ; Location                           ; Element                                                        ;
+----------+----------+----+------+--------+------------------------------------+----------------------------------------------------------------+
; 23.536   ; 23.536   ;    ;      ;        ;                                    ; data path                                                      ;
;   0.000  ;   0.000  ;    ;      ; 1      ; PIN_AC26                           ; SW[5]                                                          ;
;   0.000  ;   0.000  ;    ; RE   ; 1      ; IOPAD_X115_Y11_N7                  ; CUDA_IO_PAD                                                    ;
;   0.000  ;   0.000  ; FF ; IC   ; 1      ; IOIBUF_X115_Y11_N8                 ; SW[5]~input|i                                                  ;
;   0.796  ;   0.796  ; FF ; CELL ; 19     ; IOIBUF_X115_Y11_N8                 ; SW[5]~input|o                                                  ;
;   3.459  ;   2.663  ;    ; RE   ; 1      ; IOIBUF_X115_Y11_N8                 ; CUDA_IO_IBUF                                                   ;
;   3.505  ;   0.046  ;    ; RE   ; 1      ; IO_DATAIN_X115_Y11_N1_I0           ; IO_DATAIN                                                      ;
;   3.716  ;   0.211  ;    ; RE   ; 1      ; R24_X105_Y11_N0_I0                 ; H_SEG24                                                        ;
;   4.065  ;   0.349  ;    ; RE   ; 2      ; C16_X104_Y12_N0_I0                 ; V_SEG16                                                        ;
;   4.370  ;   0.305  ;    ; RE   ; 1      ; R4_X105_Y22_N0_I4                  ; H_SEG4                                                         ;
;   4.588  ;   0.218  ;    ; RE   ; 4      ; R4_X108_Y22_N0_I7                  ; H_SEG4                                                         ;
;   4.893  ;   0.305  ;    ; RE   ; 1      ; C4_X109_Y18_N0_I17                 ; V_SEG4                                                         ;
;   5.204  ;   0.311  ;    ; RE   ; 1      ; C4_X109_Y15_N0_I17                 ; V_SEG4                                                         ;
;   5.783  ;   0.579  ;    ; RE   ; 13     ; LOCAL_INTERCONNECT_X110_Y16_N0_I33 ; LAB_LINE                                                       ;
;   5.785  ;   0.002  ; FF ; IC   ; 1      ; LCCOMB_X110_Y16_N12                ; ula|conv_b|fa_1|fa_xor_pcin~0|dataa                            ;
;   6.139  ;   0.354  ; FF ; CELL ; 4      ; LCCOMB_X110_Y16_N12                ; ula|conv_b|fa_1|fa_xor_pcin~0|combout                          ;
;   6.172  ;   0.033  ;    ; RE   ; 2      ; LCCOMB_X110_Y16_N12                ; CUDA_LCELL_COMB                                                ;
;   6.474  ;   0.302  ;    ; RE   ; 3      ; LOCAL_LINE_X110_Y16_N0_I6          ; LOCAL_LINE                                                     ;
;   6.474  ;   0.000  ; FF ; IC   ; 1      ; LCCOMB_X110_Y16_N22                ; ula|aritmetica|soma_sub|fa_1|fa_or_carry~0|dataa               ;
;   6.898  ;   0.424  ; FF ; CELL ; 2      ; LCCOMB_X110_Y16_N22                ; ula|aritmetica|soma_sub|fa_1|fa_or_carry~0|combout             ;
;   6.914  ;   0.016  ;    ; RE   ; 1      ; LCCOMB_X110_Y16_N22                ; CUDA_LCELL_COMB                                                ;
;   6.986  ;   0.072  ;    ; RE   ; 1      ; LE_BUFFER_X110_Y16_N0_I23          ; LE_BUFFER                                                      ;
;   7.172  ;   0.186  ;    ; RE   ; 1      ; R4_X107_Y16_N0_I28                 ; H_SEG4                                                         ;
;   7.451  ;   0.279  ;    ; RE   ; 1      ; C4_X107_Y17_N0_I8                  ; V_SEG4                                                         ;
;   7.899  ;   0.448  ;    ; RE   ; 2      ; LOCAL_INTERCONNECT_X108_Y18_N0_I19 ; LAB_LINE                                                       ;
;   7.898  ;   -0.001 ; FF ; IC   ; 1      ; LCCOMB_X108_Y18_N16                ; ula|aritmetica|soma_sub|fa_2|fa_or_carry~0|dataa               ;
;   8.322  ;   0.424  ; FF ; CELL ; 2      ; LCCOMB_X108_Y18_N16                ; ula|aritmetica|soma_sub|fa_2|fa_or_carry~0|combout             ;
;   8.341  ;   0.019  ;    ; RE   ; 1      ; LCCOMB_X108_Y18_N16                ; CUDA_LCELL_COMB                                                ;
;   8.610  ;   0.269  ;    ; RE   ; 2      ; LOCAL_LINE_X108_Y18_N0_I8          ; LOCAL_LINE                                                     ;
;   8.610  ;   0.000  ; FF ; IC   ; 1      ; LCCOMB_X108_Y18_N24                ; ula|aritmetica|soma_sub|fa_3|fa_xor_pcin|datab                 ;
;   9.051  ;   0.441  ; FR ; CELL ; 2      ; LCCOMB_X108_Y18_N24                ; ula|aritmetica|soma_sub|fa_3|fa_xor_pcin|combout               ;
;   9.075  ;   0.024  ;    ; RE   ; 1      ; LCCOMB_X108_Y18_N24                ; CUDA_LCELL_COMB                                                ;
;   9.157  ;   0.082  ;    ; RE   ; 1      ; LE_BUFFER_X108_Y18_N0_I25          ; LE_BUFFER                                                      ;
;   9.466  ;   0.309  ;    ; RE   ; 1      ; C4_X108_Y19_N0_I10                 ; V_SEG4                                                         ;
;   9.793  ;   0.327  ;    ; RE   ; 2      ; LOCAL_INTERCONNECT_X109_Y22_N0_I37 ; LAB_LINE                                                       ;
;   9.794  ;   0.001  ; RR ; IC   ; 1      ; LCCOMB_X109_Y22_N16                ; ula|selecao|sum_bit_5~1|datac                                  ;
;   10.061 ;   0.267  ; RF ; CELL ; 2      ; LCCOMB_X109_Y22_N16                ; ula|selecao|sum_bit_5~1|combout                                ;
;   10.077 ;   0.016  ;    ; RE   ; 1      ; LCCOMB_X109_Y22_N16                ; CUDA_LCELL_COMB                                                ;
;   10.155 ;   0.078  ;    ; RE   ; 1      ; LE_BUFFER_X109_Y22_N0_I17          ; LE_BUFFER                                                      ;
;   10.341 ;   0.186  ;    ; RE   ; 1      ; R4_X106_Y22_N0_I28                 ; H_SEG4                                                         ;
;   10.627 ;   0.286  ;    ; RE   ; 1      ; C4_X107_Y18_N0_I20                 ; V_SEG4                                                         ;
;   10.997 ;   0.370  ;    ; RE   ; 2      ; LOCAL_INTERCONNECT_X108_Y18_N0_I36 ; LAB_LINE                                                       ;
;   10.997 ;   0.000  ; FF ; IC   ; 1      ; LCCOMB_X108_Y18_N12                ; ula|selecao|sum_bit_4~1|datac                                  ;
;   11.277 ;   0.280  ; FF ; CELL ; 1      ; LCCOMB_X108_Y18_N12                ; ula|selecao|sum_bit_4~1|combout                                ;
;   11.296 ;   0.019  ;    ; RE   ; 1      ; LCCOMB_X108_Y18_N12                ; CUDA_LCELL_COMB                                                ;
;   11.560 ;   0.264  ;    ; RE   ; 1      ; LOCAL_LINE_X108_Y18_N0_I6          ; LOCAL_LINE                                                     ;
;   11.560 ;   0.000  ; FF ; IC   ; 1      ; LCCOMB_X108_Y18_N22                ; ula|selecao|sum_bit_4~3|dataa                                  ;
;   11.984 ;   0.424  ; FF ; CELL ; 11     ; LCCOMB_X108_Y18_N22                ; ula|selecao|sum_bit_4~3|combout                                ;
;   12.000 ;   0.016  ;    ; RE   ; 1      ; LCCOMB_X108_Y18_N22                ; CUDA_LCELL_COMB                                                ;
;   12.081 ;   0.081  ;    ; RE   ; 2      ; LE_BUFFER_X108_Y18_N0_I23          ; LE_BUFFER                                                      ;
;   12.336 ;   0.255  ;    ; RE   ; 2      ; C4_X108_Y19_N0_I9                  ; V_SEG4                                                         ;
;   12.815 ;   0.479  ;    ; RE   ; 5      ; LOCAL_INTERCONNECT_X109_Y22_N0_I26 ; LAB_LINE                                                       ;
;   12.814 ;   -0.001 ; FF ; IC   ; 1      ; LCCOMB_X109_Y22_N18                ; display_f|convert_mag|subtract_tens|fa_3|fa_xor_pcin~0|datab   ;
;   13.182 ;   0.368  ; FF ; CELL ; 5      ; LCCOMB_X109_Y22_N18                ; display_f|convert_mag|subtract_tens|fa_3|fa_xor_pcin~0|combout ;
;   13.212 ;   0.030  ;    ; RE   ; 2      ; LCCOMB_X109_Y22_N18                ; CUDA_LCELL_COMB                                                ;
;   13.298 ;   0.086  ;    ; RE   ; 1      ; LE_BUFFER_X109_Y22_N0_I19          ; LE_BUFFER                                                      ;
;   13.552 ;   0.254  ;    ; RE   ; 2      ; C4_X109_Y23_N0_I7                  ; V_SEG4                                                         ;
;   13.831 ;   0.279  ;    ; RE   ; 1      ; R4_X106_Y26_N0_I28                 ; H_SEG4                                                         ;
;   14.186 ;   0.355  ;    ; RE   ; 1      ; LOCAL_INTERCONNECT_X109_Y26_N0_I36 ; LAB_LINE                                                       ;
;   14.186 ;   0.000  ; FF ; IC   ; 1      ; LCCOMB_X109_Y26_N30                ; display_f|mask_uni_6~5|dataa                                   ;
;   14.590 ;   0.404  ; FF ; CELL ; 3      ; LCCOMB_X109_Y26_N30                ; display_f|mask_uni_6~5|combout                                 ;
;   14.609 ;   0.019  ;    ; RE   ; 1      ; LCCOMB_X109_Y26_N30                ; CUDA_LCELL_COMB                                                ;
;   14.850 ;   0.241  ;    ; RE   ; 3      ; LOCAL_LINE_X109_Y26_N0_I15         ; LOCAL_LINE                                                     ;
;   14.850 ;   0.000  ; FF ; IC   ; 1      ; LCCOMB_X109_Y26_N22                ; display_f|mask_uni_2~0|datac                                   ;
;   15.111 ;   0.261  ; FR ; CELL ; 1      ; LCCOMB_X109_Y26_N22                ; display_f|mask_uni_2~0|combout                                 ;
;   15.135 ;   0.024  ;    ; RE   ; 1      ; LCCOMB_X109_Y26_N22                ; CUDA_LCELL_COMB                                                ;
;   15.214 ;   0.079  ;    ; RE   ; 1      ; LE_BUFFER_X109_Y26_N0_I23          ; LE_BUFFER                                                      ;
;   15.427 ;   0.213  ;    ; RE   ; 1      ; R4_X106_Y26_N0_I30                 ; H_SEG4                                                         ;
;   15.737 ;   0.310  ;    ; RE   ; 1      ; C4_X106_Y27_N0_I10                 ; V_SEG4                                                         ;
;   16.057 ;   0.320  ;    ; RE   ; 1      ; C4_X106_Y31_N0_I10                 ; V_SEG4                                                         ;
;   16.391 ;   0.334  ;    ; RE   ; 1      ; C4_X106_Y35_N0_I10                 ; V_SEG4                                                         ;
;   16.712 ;   0.321  ;    ; RE   ; 1      ; C4_X106_Y39_N0_I10                 ; V_SEG4                                                         ;
;   17.032 ;   0.320  ;    ; RE   ; 1      ; C4_X106_Y43_N0_I10                 ; V_SEG4                                                         ;
;   17.352 ;   0.320  ;    ; RE   ; 1      ; C4_X106_Y47_N0_I10                 ; V_SEG4                                                         ;
;   17.672 ;   0.320  ;    ; RE   ; 1      ; C4_X106_Y51_N0_I10                 ; V_SEG4                                                         ;
;   17.992 ;   0.320  ;    ; RE   ; 1      ; C4_X106_Y55_N0_I10                 ; V_SEG4                                                         ;
;   18.312 ;   0.320  ;    ; RE   ; 1      ; C4_X106_Y59_N0_I10                 ; V_SEG4                                                         ;
;   18.632 ;   0.320  ;    ; RE   ; 1      ; C4_X106_Y63_N0_I10                 ; V_SEG4                                                         ;
;   18.953 ;   0.321  ;    ; RE   ; 1      ; C4_X106_Y67_N0_I10                 ; V_SEG4                                                         ;
;   19.312 ;   0.359  ;    ; RE   ; 1      ; R4_X103_Y70_N0_I31                 ; H_SEG4                                                         ;
;   19.691 ;   0.379  ;    ; RE   ; 1      ; R24_X80_Y70_N0_I0                  ; H_SEG24                                                        ;
;   20.105 ;   0.414  ;    ; RE   ; 1      ; R24_X56_Y70_N0_I0                  ; H_SEG24                                                        ;
;   20.416 ;   0.311  ;    ; RE   ; 1      ; C4_X66_Y71_N0_I3                   ; V_SEG4                                                         ;
;   20.670 ;   0.254  ;    ; RE   ; 1      ; LOCAL_INTERCONNECT_X67_Y73_N0_I17  ; LAB_LINE                                                       ;
;   20.670 ;   0.000  ;    ; RE   ; 1      ; BLOCK_INPUT_MUX_X67_Y73_N0_I13     ; LEIM                                                           ;
;   20.668 ;   -0.002 ; RR ; IC   ; 1      ; IOOBUF_X67_Y73_N23                 ; HEX0[2]~output|i                                               ;
;   23.536 ;   2.868  ; RR ; CELL ; 1      ; IOOBUF_X67_Y73_N23                 ; HEX0[2]~output|o                                               ;
;   23.536 ;   0.000  ; RR ; CELL ; 0      ; PIN_E17                            ; HEX0[2]                                                        ;
+----------+----------+----+------+--------+------------------------------------+----------------------------------------------------------------+


Path #4: Delay is 23.512
===============================================================================
+---------------------+
; Path Summary        ;
+-----------+---------+
; Property  ; Value   ;
+-----------+---------+
; From Node ; SW[5]   ;
; To Node   ; HEX0[2] ;
; Delay     ; 23.512  ;
+-----------+---------+

+-------------------------------------------------------------------------------------+
; Statistics                                                                          ;
+------------------------+--------+-------+-------------+------------+--------+-------+
; Property               ; Value  ; Count ; Total Delay ; % of Total ; Min    ; Max   ;
+------------------------+--------+-------+-------------+------------+--------+-------+
; Data Delay             ; 23.512 ;       ;             ;            ;        ;       ;
; Number of Logic Levels ;        ; 11    ;             ;            ;        ;       ;
; Physical Delays        ;        ;       ;             ;            ;        ;       ;
;  IC                    ;        ; 12    ; -0.001      ; 0          ; -0.002 ; 0.002 ;
;  Cell                  ;        ; 13    ; 7.187       ; 31         ; 0.000  ; 2.868 ;
;  Routing Element       ;        ; 61    ; 16.326      ; 69         ; 0.000  ; 2.663 ;
+------------------------+--------+-------+-------------+------------+--------+-------+
Note: Negative delays are omitted from totals when calculating percentages

+------------------------------------------------------------------------------------------------------------------------------------+
; Data Arrival Path                                                                                                                  ;
+----------+----------+----+------+--------+------------------------------------+----------------------------------------------------+
; Total    ; Incr     ; RF ; Type ; Fanout ; Location                           ; Element                                            ;
+----------+----------+----+------+--------+------------------------------------+----------------------------------------------------+
; 23.512   ; 23.512   ;    ;      ;        ;                                    ; data path                                          ;
;   0.000  ;   0.000  ;    ;      ; 1      ; PIN_AC26                           ; SW[5]                                              ;
;   0.000  ;   0.000  ;    ; RE   ; 1      ; IOPAD_X115_Y11_N7                  ; CUDA_IO_PAD                                        ;
;   0.000  ;   0.000  ; FF ; IC   ; 1      ; IOIBUF_X115_Y11_N8                 ; SW[5]~input|i                                      ;
;   0.796  ;   0.796  ; FF ; CELL ; 19     ; IOIBUF_X115_Y11_N8                 ; SW[5]~input|o                                      ;
;   3.459  ;   2.663  ;    ; RE   ; 1      ; IOIBUF_X115_Y11_N8                 ; CUDA_IO_IBUF                                       ;
;   3.505  ;   0.046  ;    ; RE   ; 1      ; IO_DATAIN_X115_Y11_N1_I0           ; IO_DATAIN                                          ;
;   3.716  ;   0.211  ;    ; RE   ; 1      ; R24_X105_Y11_N0_I0                 ; H_SEG24                                            ;
;   4.065  ;   0.349  ;    ; RE   ; 2      ; C16_X104_Y12_N0_I0                 ; V_SEG16                                            ;
;   4.370  ;   0.305  ;    ; RE   ; 1      ; R4_X105_Y22_N0_I4                  ; H_SEG4                                             ;
;   4.588  ;   0.218  ;    ; RE   ; 4      ; R4_X108_Y22_N0_I7                  ; H_SEG4                                             ;
;   4.893  ;   0.305  ;    ; RE   ; 1      ; C4_X109_Y18_N0_I17                 ; V_SEG4                                             ;
;   5.204  ;   0.311  ;    ; RE   ; 1      ; C4_X109_Y15_N0_I17                 ; V_SEG4                                             ;
;   5.783  ;   0.579  ;    ; RE   ; 13     ; LOCAL_INTERCONNECT_X110_Y16_N0_I33 ; LAB_LINE                                           ;
;   5.785  ;   0.002  ; FF ; IC   ; 1      ; LCCOMB_X110_Y16_N12                ; ula|conv_b|fa_1|fa_xor_pcin~0|dataa                ;
;   6.139  ;   0.354  ; FF ; CELL ; 4      ; LCCOMB_X110_Y16_N12                ; ula|conv_b|fa_1|fa_xor_pcin~0|combout              ;
;   6.172  ;   0.033  ;    ; RE   ; 2      ; LCCOMB_X110_Y16_N12                ; CUDA_LCELL_COMB                                    ;
;   6.474  ;   0.302  ;    ; RE   ; 3      ; LOCAL_LINE_X110_Y16_N0_I6          ; LOCAL_LINE                                         ;
;   6.474  ;   0.000  ; FF ; IC   ; 1      ; LCCOMB_X110_Y16_N22                ; ula|aritmetica|soma_sub|fa_1|fa_or_carry~0|dataa   ;
;   6.898  ;   0.424  ; FF ; CELL ; 2      ; LCCOMB_X110_Y16_N22                ; ula|aritmetica|soma_sub|fa_1|fa_or_carry~0|combout ;
;   6.914  ;   0.016  ;    ; RE   ; 1      ; LCCOMB_X110_Y16_N22                ; CUDA_LCELL_COMB                                    ;
;   6.986  ;   0.072  ;    ; RE   ; 1      ; LE_BUFFER_X110_Y16_N0_I23          ; LE_BUFFER                                          ;
;   7.172  ;   0.186  ;    ; RE   ; 1      ; R4_X107_Y16_N0_I28                 ; H_SEG4                                             ;
;   7.451  ;   0.279  ;    ; RE   ; 1      ; C4_X107_Y17_N0_I8                  ; V_SEG4                                             ;
;   7.899  ;   0.448  ;    ; RE   ; 2      ; LOCAL_INTERCONNECT_X108_Y18_N0_I19 ; LAB_LINE                                           ;
;   7.898  ;   -0.001 ; FF ; IC   ; 1      ; LCCOMB_X108_Y18_N16                ; ula|aritmetica|soma_sub|fa_2|fa_or_carry~0|dataa   ;
;   8.322  ;   0.424  ; FF ; CELL ; 2      ; LCCOMB_X108_Y18_N16                ; ula|aritmetica|soma_sub|fa_2|fa_or_carry~0|combout ;
;   8.341  ;   0.019  ;    ; RE   ; 1      ; LCCOMB_X108_Y18_N16                ; CUDA_LCELL_COMB                                    ;
;   8.610  ;   0.269  ;    ; RE   ; 2      ; LOCAL_LINE_X108_Y18_N0_I8          ; LOCAL_LINE                                         ;
;   8.610  ;   0.000  ; FF ; IC   ; 1      ; LCCOMB_X108_Y18_N24                ; ula|aritmetica|soma_sub|fa_3|fa_xor_pcin|datab     ;
;   9.051  ;   0.441  ; FR ; CELL ; 2      ; LCCOMB_X108_Y18_N24                ; ula|aritmetica|soma_sub|fa_3|fa_xor_pcin|combout   ;
;   9.075  ;   0.024  ;    ; RE   ; 1      ; LCCOMB_X108_Y18_N24                ; CUDA_LCELL_COMB                                    ;
;   9.157  ;   0.082  ;    ; RE   ; 1      ; LE_BUFFER_X108_Y18_N0_I25          ; LE_BUFFER                                          ;
;   9.466  ;   0.309  ;    ; RE   ; 1      ; C4_X108_Y19_N0_I10                 ; V_SEG4                                             ;
;   9.793  ;   0.327  ;    ; RE   ; 2      ; LOCAL_INTERCONNECT_X109_Y22_N0_I37 ; LAB_LINE                                           ;
;   9.794  ;   0.001  ; RR ; IC   ; 1      ; LCCOMB_X109_Y22_N16                ; ula|selecao|sum_bit_5~1|datac                      ;
;   10.061 ;   0.267  ; RF ; CELL ; 2      ; LCCOMB_X109_Y22_N16                ; ula|selecao|sum_bit_5~1|combout                    ;
;   10.077 ;   0.016  ;    ; RE   ; 1      ; LCCOMB_X109_Y22_N16                ; CUDA_LCELL_COMB                                    ;
;   10.155 ;   0.078  ;    ; RE   ; 1      ; LE_BUFFER_X109_Y22_N0_I17          ; LE_BUFFER                                          ;
;   10.341 ;   0.186  ;    ; RE   ; 1      ; R4_X106_Y22_N0_I28                 ; H_SEG4                                             ;
;   10.627 ;   0.286  ;    ; RE   ; 1      ; C4_X107_Y18_N0_I20                 ; V_SEG4                                             ;
;   10.997 ;   0.370  ;    ; RE   ; 2      ; LOCAL_INTERCONNECT_X108_Y18_N0_I36 ; LAB_LINE                                           ;
;   10.997 ;   0.000  ; FF ; IC   ; 1      ; LCCOMB_X108_Y18_N12                ; ula|selecao|sum_bit_4~1|datac                      ;
;   11.277 ;   0.280  ; FF ; CELL ; 1      ; LCCOMB_X108_Y18_N12                ; ula|selecao|sum_bit_4~1|combout                    ;
;   11.296 ;   0.019  ;    ; RE   ; 1      ; LCCOMB_X108_Y18_N12                ; CUDA_LCELL_COMB                                    ;
;   11.560 ;   0.264  ;    ; RE   ; 1      ; LOCAL_LINE_X108_Y18_N0_I6          ; LOCAL_LINE                                         ;
;   11.560 ;   0.000  ; FF ; IC   ; 1      ; LCCOMB_X108_Y18_N22                ; ula|selecao|sum_bit_4~3|dataa                      ;
;   11.984 ;   0.424  ; FF ; CELL ; 11     ; LCCOMB_X108_Y18_N22                ; ula|selecao|sum_bit_4~3|combout                    ;
;   12.000 ;   0.016  ;    ; RE   ; 1      ; LCCOMB_X108_Y18_N22                ; CUDA_LCELL_COMB                                    ;
;   12.081 ;   0.081  ;    ; RE   ; 2      ; LE_BUFFER_X108_Y18_N0_I23          ; LE_BUFFER                                          ;
;   12.335 ;   0.254  ;    ; RE   ; 2      ; C4_X108_Y19_N0_I9                  ; V_SEG4                                             ;
;   12.667 ;   0.332  ;    ; RE   ; 1      ; C4_X108_Y22_N0_I9                  ; V_SEG4                                             ;
;   13.188 ;   0.521  ;    ; RE   ; 5      ; LOCAL_INTERCONNECT_X108_Y23_N0_I14 ; LAB_LINE                                           ;
;   13.187 ;   -0.001 ; FF ; IC   ; 1      ; LCCOMB_X108_Y23_N24                ; display_f|mask_uni_6~3|dataa                       ;
;   13.555 ;   0.368  ; FF ; CELL ; 2      ; LCCOMB_X108_Y23_N24                ; display_f|mask_uni_6~3|combout                     ;
;   13.571 ;   0.016  ;    ; RE   ; 1      ; LCCOMB_X108_Y23_N24                ; CUDA_LCELL_COMB                                    ;
;   13.645 ;   0.074  ;    ; RE   ; 1      ; LE_BUFFER_X108_Y23_N0_I25          ; LE_BUFFER                                          ;
;   13.891 ;   0.246  ;    ; RE   ; 1      ; C4_X108_Y24_N0_I10                 ; V_SEG4                                             ;
;   14.286 ;   0.395  ;    ; RE   ; 2      ; LOCAL_INTERCONNECT_X109_Y26_N0_I37 ; LAB_LINE                                           ;
;   14.286 ;   0.000  ; FF ; IC   ; 1      ; LCCOMB_X109_Y26_N30                ; display_f|mask_uni_6~5|datac                       ;
;   14.566 ;   0.280  ; FF ; CELL ; 3      ; LCCOMB_X109_Y26_N30                ; display_f|mask_uni_6~5|combout                     ;
;   14.585 ;   0.019  ;    ; RE   ; 1      ; LCCOMB_X109_Y26_N30                ; CUDA_LCELL_COMB                                    ;
;   14.826 ;   0.241  ;    ; RE   ; 3      ; LOCAL_LINE_X109_Y26_N0_I15         ; LOCAL_LINE                                         ;
;   14.826 ;   0.000  ; FF ; IC   ; 1      ; LCCOMB_X109_Y26_N22                ; display_f|mask_uni_2~0|datac                       ;
;   15.087 ;   0.261  ; FR ; CELL ; 1      ; LCCOMB_X109_Y26_N22                ; display_f|mask_uni_2~0|combout                     ;
;   15.111 ;   0.024  ;    ; RE   ; 1      ; LCCOMB_X109_Y26_N22                ; CUDA_LCELL_COMB                                    ;
;   15.190 ;   0.079  ;    ; RE   ; 1      ; LE_BUFFER_X109_Y26_N0_I23          ; LE_BUFFER                                          ;
;   15.403 ;   0.213  ;    ; RE   ; 1      ; R4_X106_Y26_N0_I30                 ; H_SEG4                                             ;
;   15.713 ;   0.310  ;    ; RE   ; 1      ; C4_X106_Y27_N0_I10                 ; V_SEG4                                             ;
;   16.033 ;   0.320  ;    ; RE   ; 1      ; C4_X106_Y31_N0_I10                 ; V_SEG4                                             ;
;   16.367 ;   0.334  ;    ; RE   ; 1      ; C4_X106_Y35_N0_I10                 ; V_SEG4                                             ;
;   16.688 ;   0.321  ;    ; RE   ; 1      ; C4_X106_Y39_N0_I10                 ; V_SEG4                                             ;
;   17.008 ;   0.320  ;    ; RE   ; 1      ; C4_X106_Y43_N0_I10                 ; V_SEG4                                             ;
;   17.328 ;   0.320  ;    ; RE   ; 1      ; C4_X106_Y47_N0_I10                 ; V_SEG4                                             ;
;   17.648 ;   0.320  ;    ; RE   ; 1      ; C4_X106_Y51_N0_I10                 ; V_SEG4                                             ;
;   17.968 ;   0.320  ;    ; RE   ; 1      ; C4_X106_Y55_N0_I10                 ; V_SEG4                                             ;
;   18.288 ;   0.320  ;    ; RE   ; 1      ; C4_X106_Y59_N0_I10                 ; V_SEG4                                             ;
;   18.608 ;   0.320  ;    ; RE   ; 1      ; C4_X106_Y63_N0_I10                 ; V_SEG4                                             ;
;   18.929 ;   0.321  ;    ; RE   ; 1      ; C4_X106_Y67_N0_I10                 ; V_SEG4                                             ;
;   19.288 ;   0.359  ;    ; RE   ; 1      ; R4_X103_Y70_N0_I31                 ; H_SEG4                                             ;
;   19.667 ;   0.379  ;    ; RE   ; 1      ; R24_X80_Y70_N0_I0                  ; H_SEG24                                            ;
;   20.081 ;   0.414  ;    ; RE   ; 1      ; R24_X56_Y70_N0_I0                  ; H_SEG24                                            ;
;   20.392 ;   0.311  ;    ; RE   ; 1      ; C4_X66_Y71_N0_I3                   ; V_SEG4                                             ;
;   20.646 ;   0.254  ;    ; RE   ; 1      ; LOCAL_INTERCONNECT_X67_Y73_N0_I17  ; LAB_LINE                                           ;
;   20.646 ;   0.000  ;    ; RE   ; 1      ; BLOCK_INPUT_MUX_X67_Y73_N0_I13     ; LEIM                                               ;
;   20.644 ;   -0.002 ; RR ; IC   ; 1      ; IOOBUF_X67_Y73_N23                 ; HEX0[2]~output|i                                   ;
;   23.512 ;   2.868  ; RR ; CELL ; 1      ; IOOBUF_X67_Y73_N23                 ; HEX0[2]~output|o                                   ;
;   23.512 ;   0.000  ; RR ; CELL ; 0      ; PIN_E17                            ; HEX0[2]                                            ;
+----------+----------+----+------+--------+------------------------------------+----------------------------------------------------+


Path #5: Delay is 23.423
===============================================================================
+---------------------+
; Path Summary        ;
+-----------+---------+
; Property  ; Value   ;
+-----------+---------+
; From Node ; SW[5]   ;
; To Node   ; HEX0[1] ;
; Delay     ; 23.423  ;
+-----------+---------+

+------------------------------------------------------------------------------------+
; Statistics                                                                         ;
+------------------------+--------+-------+-------------+------------+-------+-------+
; Property               ; Value  ; Count ; Total Delay ; % of Total ; Min   ; Max   ;
+------------------------+--------+-------+-------------+------------+-------+-------+
; Data Delay             ; 23.423 ;       ;             ;            ;       ;       ;
; Number of Logic Levels ;        ; 11    ;             ;            ;       ;       ;
; Physical Delays        ;        ;       ;             ;            ;       ;       ;
;  IC                    ;        ; 12    ; 0.006       ; 0          ; 0.000 ; 0.003 ;
;  Cell                  ;        ; 13    ; 8.360       ; 36         ; 0.000 ; 4.220 ;
;  Routing Element       ;        ; 59    ; 15.057      ; 64         ; 0.000 ; 2.663 ;
+------------------------+--------+-------+-------------+------------+-------+-------+
Note: Negative delays are omitted from totals when calculating percentages

+-----------------------------------------------------------------------------------------------------------------------------------------------+
; Data Arrival Path                                                                                                                             ;
+----------+---------+----+------+--------+------------------------------------+----------------------------------------------------------------+
; Total    ; Incr    ; RF ; Type ; Fanout ; Location                           ; Element                                                        ;
+----------+---------+----+------+--------+------------------------------------+----------------------------------------------------------------+
; 23.423   ; 23.423  ;    ;      ;        ;                                    ; data path                                                      ;
;   0.000  ;   0.000 ;    ;      ; 1      ; PIN_AC26                           ; SW[5]                                                          ;
;   0.000  ;   0.000 ;    ; RE   ; 1      ; IOPAD_X115_Y11_N7                  ; CUDA_IO_PAD                                                    ;
;   0.000  ;   0.000 ; FF ; IC   ; 1      ; IOIBUF_X115_Y11_N8                 ; SW[5]~input|i                                                  ;
;   0.796  ;   0.796 ; FF ; CELL ; 19     ; IOIBUF_X115_Y11_N8                 ; SW[5]~input|o                                                  ;
;   3.459  ;   2.663 ;    ; RE   ; 1      ; IOIBUF_X115_Y11_N8                 ; CUDA_IO_IBUF                                                   ;
;   3.505  ;   0.046 ;    ; RE   ; 1      ; IO_DATAIN_X115_Y11_N1_I0           ; IO_DATAIN                                                      ;
;   3.716  ;   0.211 ;    ; RE   ; 1      ; R24_X105_Y11_N0_I0                 ; H_SEG24                                                        ;
;   4.065  ;   0.349 ;    ; RE   ; 2      ; C16_X104_Y12_N0_I0                 ; V_SEG16                                                        ;
;   4.370  ;   0.305 ;    ; RE   ; 1      ; R4_X105_Y22_N0_I4                  ; H_SEG4                                                         ;
;   4.588  ;   0.218 ;    ; RE   ; 4      ; R4_X108_Y22_N0_I7                  ; H_SEG4                                                         ;
;   4.893  ;   0.305 ;    ; RE   ; 1      ; C4_X109_Y18_N0_I17                 ; V_SEG4                                                         ;
;   5.204  ;   0.311 ;    ; RE   ; 1      ; C4_X109_Y15_N0_I17                 ; V_SEG4                                                         ;
;   5.725  ;   0.521 ;    ; RE   ; 13     ; LOCAL_INTERCONNECT_X110_Y16_N0_I33 ; LAB_LINE                                                       ;
;   5.727  ;   0.002 ; FF ; IC   ; 1      ; LCCOMB_X110_Y16_N6                 ; ula|aritmetica|soma_sub|fa_0|fa_or_carry~0|datad               ;
;   5.877  ;   0.150 ; FR ; CELL ; 2      ; LCCOMB_X110_Y16_N6                 ; ula|aritmetica|soma_sub|fa_0|fa_or_carry~0|combout             ;
;   5.901  ;   0.024 ;    ; RE   ; 1      ; LCCOMB_X110_Y16_N6                 ; CUDA_LCELL_COMB                                                ;
;   5.980  ;   0.079 ;    ; RE   ; 1      ; LE_BUFFER_X110_Y16_N0_I7           ; LE_BUFFER                                                      ;
;   6.266  ;   0.286 ;    ; RE   ; 2      ; LOCAL_INTERCONNECT_X110_Y16_N0_I31 ; LAB_LINE                                                       ;
;   6.266  ;   0.000 ; RR ; IC   ; 1      ; LCCOMB_X110_Y16_N22                ; ula|aritmetica|soma_sub|fa_1|fa_or_carry~0|datac               ;
;   6.553  ;   0.287 ; RR ; CELL ; 2      ; LCCOMB_X110_Y16_N22                ; ula|aritmetica|soma_sub|fa_1|fa_or_carry~0|combout             ;
;   6.577  ;   0.024 ;    ; RE   ; 1      ; LCCOMB_X110_Y16_N22                ; CUDA_LCELL_COMB                                                ;
;   6.653  ;   0.076 ;    ; RE   ; 1      ; LE_BUFFER_X110_Y16_N0_I23          ; LE_BUFFER                                                      ;
;   6.869  ;   0.216 ;    ; RE   ; 1      ; R4_X107_Y16_N0_I28                 ; H_SEG4                                                         ;
;   7.202  ;   0.333 ;    ; RE   ; 1      ; C4_X107_Y17_N0_I8                  ; V_SEG4                                                         ;
;   7.575  ;   0.373 ;    ; RE   ; 2      ; LOCAL_INTERCONNECT_X108_Y18_N0_I19 ; LAB_LINE                                                       ;
;   7.576  ;   0.001 ; RR ; IC   ; 1      ; LCCOMB_X108_Y18_N16                ; ula|aritmetica|soma_sub|fa_2|fa_or_carry~0|dataa               ;
;   7.976  ;   0.400 ; RR ; CELL ; 2      ; LCCOMB_X108_Y18_N16                ; ula|aritmetica|soma_sub|fa_2|fa_or_carry~0|combout             ;
;   8.003  ;   0.027 ;    ; RE   ; 1      ; LCCOMB_X108_Y18_N16                ; CUDA_LCELL_COMB                                                ;
;   8.224  ;   0.221 ;    ; RE   ; 2      ; LOCAL_LINE_X108_Y18_N0_I8          ; LOCAL_LINE                                                     ;
;   8.224  ;   0.000 ; RR ; IC   ; 1      ; LCCOMB_X108_Y18_N24                ; ula|aritmetica|soma_sub|fa_3|fa_xor_pcin|datab                 ;
;   8.667  ;   0.443 ; RF ; CELL ; 2      ; LCCOMB_X108_Y18_N24                ; ula|aritmetica|soma_sub|fa_3|fa_xor_pcin|combout               ;
;   8.683  ;   0.016 ;    ; RE   ; 1      ; LCCOMB_X108_Y18_N24                ; CUDA_LCELL_COMB                                                ;
;   8.763  ;   0.080 ;    ; RE   ; 1      ; LE_BUFFER_X108_Y18_N0_I25          ; LE_BUFFER                                                      ;
;   9.012  ;   0.249 ;    ; RE   ; 1      ; C4_X108_Y19_N0_I10                 ; V_SEG4                                                         ;
;   9.411  ;   0.399 ;    ; RE   ; 2      ; LOCAL_INTERCONNECT_X109_Y22_N0_I37 ; LAB_LINE                                                       ;
;   9.411  ;   0.000 ; FF ; IC   ; 1      ; LCCOMB_X109_Y22_N16                ; ula|selecao|sum_bit_5~1|datac                                  ;
;   9.672  ;   0.261 ; FR ; CELL ; 2      ; LCCOMB_X109_Y22_N16                ; ula|selecao|sum_bit_5~1|combout                                ;
;   9.696  ;   0.024 ;    ; RE   ; 1      ; LCCOMB_X109_Y22_N16                ; CUDA_LCELL_COMB                                                ;
;   9.778  ;   0.082 ;    ; RE   ; 1      ; LE_BUFFER_X109_Y22_N0_I17          ; LE_BUFFER                                                      ;
;   9.993  ;   0.215 ;    ; RE   ; 1      ; R4_X106_Y22_N0_I28                 ; H_SEG4                                                         ;
;   10.334 ;   0.341 ;    ; RE   ; 1      ; C4_X107_Y18_N0_I20                 ; V_SEG4                                                         ;
;   10.631 ;   0.297 ;    ; RE   ; 2      ; LOCAL_INTERCONNECT_X108_Y18_N0_I36 ; LAB_LINE                                                       ;
;   10.631 ;   0.000 ; RR ; IC   ; 1      ; LCCOMB_X108_Y18_N12                ; ula|selecao|sum_bit_4~1|datac                                  ;
;   10.918 ;   0.287 ; RR ; CELL ; 1      ; LCCOMB_X108_Y18_N12                ; ula|selecao|sum_bit_4~1|combout                                ;
;   10.945 ;   0.027 ;    ; RE   ; 1      ; LCCOMB_X108_Y18_N12                ; CUDA_LCELL_COMB                                                ;
;   11.159 ;   0.214 ;    ; RE   ; 1      ; LOCAL_LINE_X108_Y18_N0_I6          ; LOCAL_LINE                                                     ;
;   11.159 ;   0.000 ; RR ; IC   ; 1      ; LCCOMB_X108_Y18_N22                ; ula|selecao|sum_bit_4~3|dataa                                  ;
;   11.576 ;   0.417 ; RR ; CELL ; 11     ; LCCOMB_X108_Y18_N22                ; ula|selecao|sum_bit_4~3|combout                                ;
;   11.600 ;   0.024 ;    ; RE   ; 1      ; LCCOMB_X108_Y18_N22                ; CUDA_LCELL_COMB                                                ;
;   11.683 ;   0.083 ;    ; RE   ; 2      ; LE_BUFFER_X108_Y18_N0_I23          ; LE_BUFFER                                                      ;
;   11.996 ;   0.313 ;    ; RE   ; 2      ; C4_X108_Y19_N0_I9                  ; V_SEG4                                                         ;
;   12.388 ;   0.392 ;    ; RE   ; 5      ; LOCAL_INTERCONNECT_X109_Y22_N0_I26 ; LAB_LINE                                                       ;
;   12.388 ;   0.000 ; RR ; IC   ; 1      ; LCCOMB_X109_Y22_N18                ; display_f|convert_mag|subtract_tens|fa_3|fa_xor_pcin~0|datab   ;
;   12.822 ;   0.434 ; RF ; CELL ; 5      ; LCCOMB_X109_Y22_N18                ; display_f|convert_mag|subtract_tens|fa_3|fa_xor_pcin~0|combout ;
;   12.852 ;   0.030 ;    ; RE   ; 2      ; LCCOMB_X109_Y22_N18                ; CUDA_LCELL_COMB                                                ;
;   12.938 ;   0.086 ;    ; RE   ; 1      ; LE_BUFFER_X109_Y22_N0_I19          ; LE_BUFFER                                                      ;
;   13.192 ;   0.254 ;    ; RE   ; 2      ; C4_X109_Y23_N0_I7                  ; V_SEG4                                                         ;
;   13.471 ;   0.279 ;    ; RE   ; 1      ; R4_X106_Y26_N0_I28                 ; H_SEG4                                                         ;
;   13.826 ;   0.355 ;    ; RE   ; 1      ; LOCAL_INTERCONNECT_X109_Y26_N0_I36 ; LAB_LINE                                                       ;
;   13.826 ;   0.000 ; FF ; IC   ; 1      ; LCCOMB_X109_Y26_N30                ; display_f|mask_uni_6~5|dataa                                   ;
;   14.230 ;   0.404 ; FF ; CELL ; 3      ; LCCOMB_X109_Y26_N30                ; display_f|mask_uni_6~5|combout                                 ;
;   14.249 ;   0.019 ;    ; RE   ; 1      ; LCCOMB_X109_Y26_N30                ; CUDA_LCELL_COMB                                                ;
;   14.490 ;   0.241 ;    ; RE   ; 3      ; LOCAL_LINE_X109_Y26_N0_I15         ; LOCAL_LINE                                                     ;
;   14.490 ;   0.000 ; FF ; IC   ; 1      ; LCCOMB_X109_Y26_N24                ; display_f|mask_uni_1~0|datac                                   ;
;   14.751 ;   0.261 ; FR ; CELL ; 1      ; LCCOMB_X109_Y26_N24                ; display_f|mask_uni_1~0|combout                                 ;
;   14.775 ;   0.024 ;    ; RE   ; 1      ; LCCOMB_X109_Y26_N24                ; CUDA_LCELL_COMB                                                ;
;   14.852 ;   0.077 ;    ; RE   ; 1      ; LE_BUFFER_X109_Y26_N0_I25          ; LE_BUFFER                                                      ;
;   15.071 ;   0.219 ;    ; RE   ; 1      ; R4_X106_Y26_N0_I27                 ; H_SEG4                                                         ;
;   15.382 ;   0.311 ;    ; RE   ; 1      ; C4_X107_Y27_N0_I8                  ; V_SEG4                                                         ;
;   15.701 ;   0.319 ;    ; RE   ; 1      ; C4_X107_Y31_N0_I8                  ; V_SEG4                                                         ;
;   16.037 ;   0.336 ;    ; RE   ; 1      ; C4_X107_Y34_N0_I8                  ; V_SEG4                                                         ;
;   16.360 ;   0.323 ;    ; RE   ; 1      ; C4_X107_Y38_N0_I8                  ; V_SEG4                                                         ;
;   16.682 ;   0.322 ;    ; RE   ; 1      ; C4_X107_Y42_N0_I8                  ; V_SEG4                                                         ;
;   17.004 ;   0.322 ;    ; RE   ; 1      ; C4_X107_Y46_N0_I8                  ; V_SEG4                                                         ;
;   17.326 ;   0.322 ;    ; RE   ; 1      ; C4_X107_Y50_N0_I8                  ; V_SEG4                                                         ;
;   17.648 ;   0.322 ;    ; RE   ; 1      ; C4_X107_Y54_N0_I8                  ; V_SEG4                                                         ;
;   17.970 ;   0.322 ;    ; RE   ; 1      ; C4_X107_Y58_N0_I8                  ; V_SEG4                                                         ;
;   18.292 ;   0.322 ;    ; RE   ; 1      ; C4_X107_Y62_N0_I8                  ; V_SEG4                                                         ;
;   18.614 ;   0.322 ;    ; RE   ; 1      ; C4_X107_Y66_N0_I8                  ; V_SEG4                                                         ;
;   18.942 ;   0.328 ;    ; RE   ; 1      ; C4_X107_Y70_N0_I8                  ; V_SEG4                                                         ;
;   19.200 ;   0.258 ;    ; RE   ; 1      ; LOCAL_INTERCONNECT_X107_Y73_N0_I5  ; LAB_LINE                                                       ;
;   19.200 ;   0.000 ;    ; RE   ; 1      ; BLOCK_INPUT_MUX_X107_Y73_N0_I13    ; LEIM                                                           ;
;   19.203 ;   0.003 ; RR ; IC   ; 1      ; IOOBUF_X107_Y73_N23                ; HEX0[1]~output|i                                               ;
;   23.423 ;   4.220 ; RR ; CELL ; 1      ; IOOBUF_X107_Y73_N23                ; HEX0[1]~output|o                                               ;
;   23.423 ;   0.000 ; RR ; CELL ; 0      ; PIN_F22                            ; HEX0[1]                                                        ;
+----------+---------+----+------+--------+------------------------------------+----------------------------------------------------------------+


Path #6: Delay is 23.406
===============================================================================
+---------------------+
; Path Summary        ;
+-----------+---------+
; Property  ; Value   ;
+-----------+---------+
; From Node ; SW[5]   ;
; To Node   ; HEX0[1] ;
; Delay     ; 23.406  ;
+-----------+---------+

+-------------------------------------------------------------------------------------+
; Statistics                                                                          ;
+------------------------+--------+-------+-------------+------------+--------+-------+
; Property               ; Value  ; Count ; Total Delay ; % of Total ; Min    ; Max   ;
+------------------------+--------+-------+-------------+------------+--------+-------+
; Data Delay             ; 23.406 ;       ;             ;            ;        ;       ;
; Number of Logic Levels ;        ; 11    ;             ;            ;        ;       ;
; Physical Delays        ;        ;       ;             ;            ;        ;       ;
;  IC                    ;        ; 12    ; 0.005       ; 0          ; -0.001 ; 0.003 ;
;  Cell                  ;        ; 13    ; 8.239       ; 35         ; 0.000  ; 4.220 ;
;  Routing Element       ;        ; 59    ; 15.162      ; 65         ; 0.000  ; 2.663 ;
+------------------------+--------+-------+-------------+------------+--------+-------+
Note: Negative delays are omitted from totals when calculating percentages

+------------------------------------------------------------------------------------------------------------------------------------+
; Data Arrival Path                                                                                                                  ;
+----------+----------+----+------+--------+------------------------------------+----------------------------------------------------+
; Total    ; Incr     ; RF ; Type ; Fanout ; Location                           ; Element                                            ;
+----------+----------+----+------+--------+------------------------------------+----------------------------------------------------+
; 23.406   ; 23.406   ;    ;      ;        ;                                    ; data path                                          ;
;   0.000  ;   0.000  ;    ;      ; 1      ; PIN_AC26                           ; SW[5]                                              ;
;   0.000  ;   0.000  ;    ; RE   ; 1      ; IOPAD_X115_Y11_N7                  ; CUDA_IO_PAD                                        ;
;   0.000  ;   0.000  ; FF ; IC   ; 1      ; IOIBUF_X115_Y11_N8                 ; SW[5]~input|i                                      ;
;   0.796  ;   0.796  ; FF ; CELL ; 19     ; IOIBUF_X115_Y11_N8                 ; SW[5]~input|o                                      ;
;   3.459  ;   2.663  ;    ; RE   ; 1      ; IOIBUF_X115_Y11_N8                 ; CUDA_IO_IBUF                                       ;
;   3.505  ;   0.046  ;    ; RE   ; 1      ; IO_DATAIN_X115_Y11_N1_I0           ; IO_DATAIN                                          ;
;   3.716  ;   0.211  ;    ; RE   ; 1      ; R24_X105_Y11_N0_I0                 ; H_SEG24                                            ;
;   4.065  ;   0.349  ;    ; RE   ; 2      ; C16_X104_Y12_N0_I0                 ; V_SEG16                                            ;
;   4.370  ;   0.305  ;    ; RE   ; 1      ; R4_X105_Y22_N0_I4                  ; H_SEG4                                             ;
;   4.588  ;   0.218  ;    ; RE   ; 4      ; R4_X108_Y22_N0_I7                  ; H_SEG4                                             ;
;   4.893  ;   0.305  ;    ; RE   ; 1      ; C4_X109_Y18_N0_I17                 ; V_SEG4                                             ;
;   5.204  ;   0.311  ;    ; RE   ; 1      ; C4_X109_Y15_N0_I17                 ; V_SEG4                                             ;
;   5.725  ;   0.521  ;    ; RE   ; 13     ; LOCAL_INTERCONNECT_X110_Y16_N0_I33 ; LAB_LINE                                           ;
;   5.727  ;   0.002  ; FF ; IC   ; 1      ; LCCOMB_X110_Y16_N6                 ; ula|aritmetica|soma_sub|fa_0|fa_or_carry~0|datad   ;
;   5.877  ;   0.150  ; FR ; CELL ; 2      ; LCCOMB_X110_Y16_N6                 ; ula|aritmetica|soma_sub|fa_0|fa_or_carry~0|combout ;
;   5.901  ;   0.024  ;    ; RE   ; 1      ; LCCOMB_X110_Y16_N6                 ; CUDA_LCELL_COMB                                    ;
;   5.980  ;   0.079  ;    ; RE   ; 1      ; LE_BUFFER_X110_Y16_N0_I7           ; LE_BUFFER                                          ;
;   6.266  ;   0.286  ;    ; RE   ; 2      ; LOCAL_INTERCONNECT_X110_Y16_N0_I31 ; LAB_LINE                                           ;
;   6.266  ;   0.000  ; RR ; IC   ; 1      ; LCCOMB_X110_Y16_N22                ; ula|aritmetica|soma_sub|fa_1|fa_or_carry~0|datac   ;
;   6.553  ;   0.287  ; RR ; CELL ; 2      ; LCCOMB_X110_Y16_N22                ; ula|aritmetica|soma_sub|fa_1|fa_or_carry~0|combout ;
;   6.577  ;   0.024  ;    ; RE   ; 1      ; LCCOMB_X110_Y16_N22                ; CUDA_LCELL_COMB                                    ;
;   6.653  ;   0.076  ;    ; RE   ; 1      ; LE_BUFFER_X110_Y16_N0_I23          ; LE_BUFFER                                          ;
;   6.869  ;   0.216  ;    ; RE   ; 1      ; R4_X107_Y16_N0_I28                 ; H_SEG4                                             ;
;   7.202  ;   0.333  ;    ; RE   ; 1      ; C4_X107_Y17_N0_I8                  ; V_SEG4                                             ;
;   7.575  ;   0.373  ;    ; RE   ; 2      ; LOCAL_INTERCONNECT_X108_Y18_N0_I19 ; LAB_LINE                                           ;
;   7.576  ;   0.001  ; RR ; IC   ; 1      ; LCCOMB_X108_Y18_N16                ; ula|aritmetica|soma_sub|fa_2|fa_or_carry~0|dataa   ;
;   7.976  ;   0.400  ; RR ; CELL ; 2      ; LCCOMB_X108_Y18_N16                ; ula|aritmetica|soma_sub|fa_2|fa_or_carry~0|combout ;
;   8.003  ;   0.027  ;    ; RE   ; 1      ; LCCOMB_X108_Y18_N16                ; CUDA_LCELL_COMB                                    ;
;   8.224  ;   0.221  ;    ; RE   ; 2      ; LOCAL_LINE_X108_Y18_N0_I8          ; LOCAL_LINE                                         ;
;   8.224  ;   0.000  ; RR ; IC   ; 1      ; LCCOMB_X108_Y18_N24                ; ula|aritmetica|soma_sub|fa_3|fa_xor_pcin|datab     ;
;   8.667  ;   0.443  ; RF ; CELL ; 2      ; LCCOMB_X108_Y18_N24                ; ula|aritmetica|soma_sub|fa_3|fa_xor_pcin|combout   ;
;   8.683  ;   0.016  ;    ; RE   ; 1      ; LCCOMB_X108_Y18_N24                ; CUDA_LCELL_COMB                                    ;
;   8.763  ;   0.080  ;    ; RE   ; 1      ; LE_BUFFER_X108_Y18_N0_I25          ; LE_BUFFER                                          ;
;   9.012  ;   0.249  ;    ; RE   ; 1      ; C4_X108_Y19_N0_I10                 ; V_SEG4                                             ;
;   9.411  ;   0.399  ;    ; RE   ; 2      ; LOCAL_INTERCONNECT_X109_Y22_N0_I37 ; LAB_LINE                                           ;
;   9.411  ;   0.000  ; FF ; IC   ; 1      ; LCCOMB_X109_Y22_N16                ; ula|selecao|sum_bit_5~1|datac                      ;
;   9.672  ;   0.261  ; FR ; CELL ; 2      ; LCCOMB_X109_Y22_N16                ; ula|selecao|sum_bit_5~1|combout                    ;
;   9.696  ;   0.024  ;    ; RE   ; 1      ; LCCOMB_X109_Y22_N16                ; CUDA_LCELL_COMB                                    ;
;   9.778  ;   0.082  ;    ; RE   ; 1      ; LE_BUFFER_X109_Y22_N0_I17          ; LE_BUFFER                                          ;
;   9.993  ;   0.215  ;    ; RE   ; 1      ; R4_X106_Y22_N0_I28                 ; H_SEG4                                             ;
;   10.334 ;   0.341  ;    ; RE   ; 1      ; C4_X107_Y18_N0_I20                 ; V_SEG4                                             ;
;   10.631 ;   0.297  ;    ; RE   ; 2      ; LOCAL_INTERCONNECT_X108_Y18_N0_I36 ; LAB_LINE                                           ;
;   10.631 ;   0.000  ; RR ; IC   ; 1      ; LCCOMB_X108_Y18_N12                ; ula|selecao|sum_bit_4~1|datac                      ;
;   10.918 ;   0.287  ; RR ; CELL ; 1      ; LCCOMB_X108_Y18_N12                ; ula|selecao|sum_bit_4~1|combout                    ;
;   10.945 ;   0.027  ;    ; RE   ; 1      ; LCCOMB_X108_Y18_N12                ; CUDA_LCELL_COMB                                    ;
;   11.159 ;   0.214  ;    ; RE   ; 1      ; LOCAL_LINE_X108_Y18_N0_I6          ; LOCAL_LINE                                         ;
;   11.159 ;   0.000  ; RR ; IC   ; 1      ; LCCOMB_X108_Y18_N22                ; ula|selecao|sum_bit_4~3|dataa                      ;
;   11.576 ;   0.417  ; RR ; CELL ; 11     ; LCCOMB_X108_Y18_N22                ; ula|selecao|sum_bit_4~3|combout                    ;
;   11.600 ;   0.024  ;    ; RE   ; 1      ; LCCOMB_X108_Y18_N22                ; CUDA_LCELL_COMB                                    ;
;   11.683 ;   0.083  ;    ; RE   ; 2      ; LE_BUFFER_X108_Y18_N0_I23          ; LE_BUFFER                                          ;
;   11.996 ;   0.313  ;    ; RE   ; 2      ; C4_X108_Y19_N0_I9                  ; V_SEG4                                             ;
;   12.332 ;   0.336  ;    ; RE   ; 1      ; C4_X108_Y22_N0_I9                  ; V_SEG4                                             ;
;   12.766 ;   0.434  ;    ; RE   ; 5      ; LOCAL_INTERCONNECT_X108_Y23_N0_I14 ; LAB_LINE                                           ;
;   12.765 ;   -0.001 ; RR ; IC   ; 1      ; LCCOMB_X108_Y23_N24                ; display_f|mask_uni_6~3|dataa                       ;
;   13.202 ;   0.437  ; RF ; CELL ; 2      ; LCCOMB_X108_Y23_N24                ; display_f|mask_uni_6~3|combout                     ;
;   13.218 ;   0.016  ;    ; RE   ; 1      ; LCCOMB_X108_Y23_N24                ; CUDA_LCELL_COMB                                    ;
;   13.292 ;   0.074  ;    ; RE   ; 1      ; LE_BUFFER_X108_Y23_N0_I25          ; LE_BUFFER                                          ;
;   13.538 ;   0.246  ;    ; RE   ; 1      ; C4_X108_Y24_N0_I10                 ; V_SEG4                                             ;
;   13.933 ;   0.395  ;    ; RE   ; 2      ; LOCAL_INTERCONNECT_X109_Y26_N0_I37 ; LAB_LINE                                           ;
;   13.933 ;   0.000  ; FF ; IC   ; 1      ; LCCOMB_X109_Y26_N30                ; display_f|mask_uni_6~5|datac                       ;
;   14.213 ;   0.280  ; FF ; CELL ; 3      ; LCCOMB_X109_Y26_N30                ; display_f|mask_uni_6~5|combout                     ;
;   14.232 ;   0.019  ;    ; RE   ; 1      ; LCCOMB_X109_Y26_N30                ; CUDA_LCELL_COMB                                    ;
;   14.473 ;   0.241  ;    ; RE   ; 3      ; LOCAL_LINE_X109_Y26_N0_I15         ; LOCAL_LINE                                         ;
;   14.473 ;   0.000  ; FF ; IC   ; 1      ; LCCOMB_X109_Y26_N24                ; display_f|mask_uni_1~0|datac                       ;
;   14.734 ;   0.261  ; FR ; CELL ; 1      ; LCCOMB_X109_Y26_N24                ; display_f|mask_uni_1~0|combout                     ;
;   14.758 ;   0.024  ;    ; RE   ; 1      ; LCCOMB_X109_Y26_N24                ; CUDA_LCELL_COMB                                    ;
;   14.835 ;   0.077  ;    ; RE   ; 1      ; LE_BUFFER_X109_Y26_N0_I25          ; LE_BUFFER                                          ;
;   15.054 ;   0.219  ;    ; RE   ; 1      ; R4_X106_Y26_N0_I27                 ; H_SEG4                                             ;
;   15.365 ;   0.311  ;    ; RE   ; 1      ; C4_X107_Y27_N0_I8                  ; V_SEG4                                             ;
;   15.684 ;   0.319  ;    ; RE   ; 1      ; C4_X107_Y31_N0_I8                  ; V_SEG4                                             ;
;   16.020 ;   0.336  ;    ; RE   ; 1      ; C4_X107_Y34_N0_I8                  ; V_SEG4                                             ;
;   16.343 ;   0.323  ;    ; RE   ; 1      ; C4_X107_Y38_N0_I8                  ; V_SEG4                                             ;
;   16.665 ;   0.322  ;    ; RE   ; 1      ; C4_X107_Y42_N0_I8                  ; V_SEG4                                             ;
;   16.987 ;   0.322  ;    ; RE   ; 1      ; C4_X107_Y46_N0_I8                  ; V_SEG4                                             ;
;   17.309 ;   0.322  ;    ; RE   ; 1      ; C4_X107_Y50_N0_I8                  ; V_SEG4                                             ;
;   17.631 ;   0.322  ;    ; RE   ; 1      ; C4_X107_Y54_N0_I8                  ; V_SEG4                                             ;
;   17.953 ;   0.322  ;    ; RE   ; 1      ; C4_X107_Y58_N0_I8                  ; V_SEG4                                             ;
;   18.275 ;   0.322  ;    ; RE   ; 1      ; C4_X107_Y62_N0_I8                  ; V_SEG4                                             ;
;   18.597 ;   0.322  ;    ; RE   ; 1      ; C4_X107_Y66_N0_I8                  ; V_SEG4                                             ;
;   18.925 ;   0.328  ;    ; RE   ; 1      ; C4_X107_Y70_N0_I8                  ; V_SEG4                                             ;
;   19.183 ;   0.258  ;    ; RE   ; 1      ; LOCAL_INTERCONNECT_X107_Y73_N0_I5  ; LAB_LINE                                           ;
;   19.183 ;   0.000  ;    ; RE   ; 1      ; BLOCK_INPUT_MUX_X107_Y73_N0_I13    ; LEIM                                               ;
;   19.186 ;   0.003  ; RR ; IC   ; 1      ; IOOBUF_X107_Y73_N23                ; HEX0[1]~output|i                                   ;
;   23.406 ;   4.220  ; RR ; CELL ; 1      ; IOOBUF_X107_Y73_N23                ; HEX0[1]~output|o                                   ;
;   23.406 ;   0.000  ; RR ; CELL ; 0      ; PIN_F22                            ; HEX0[1]                                            ;
+----------+----------+----+------+--------+------------------------------------+----------------------------------------------------+


Path #7: Delay is 23.263
===============================================================================
+---------------------+
; Path Summary        ;
+-----------+---------+
; Property  ; Value   ;
+-----------+---------+
; From Node ; SW[5]   ;
; To Node   ; HEX0[1] ;
; Delay     ; 23.263  ;
+-----------+---------+

+-------------------------------------------------------------------------------------+
; Statistics                                                                          ;
+------------------------+--------+-------+-------------+------------+--------+-------+
; Property               ; Value  ; Count ; Total Delay ; % of Total ; Min    ; Max   ;
+------------------------+--------+-------+-------------+------------+--------+-------+
; Data Delay             ; 23.263 ;       ;             ;            ;        ;       ;
; Number of Logic Levels ;        ; 10    ;             ;            ;        ;       ;
; Physical Delays        ;        ;       ;             ;            ;        ;       ;
;  IC                    ;        ; 11    ; -0.003      ; 0          ; -0.003 ; 0.002 ;
;  Cell                  ;        ; 12    ; 8.531       ; 37         ; 0.000  ; 4.282 ;
;  Routing Element       ;        ; 56    ; 14.735      ; 63         ; 0.000  ; 2.663 ;
+------------------------+--------+-------+-------------+------------+--------+-------+
Note: Negative delays are omitted from totals when calculating percentages

+------------------------------------------------------------------------------------------------------------------------------------------------+
; Data Arrival Path                                                                                                                              ;
+----------+----------+----+------+--------+------------------------------------+----------------------------------------------------------------+
; Total    ; Incr     ; RF ; Type ; Fanout ; Location                           ; Element                                                        ;
+----------+----------+----+------+--------+------------------------------------+----------------------------------------------------------------+
; 23.263   ; 23.263   ;    ;      ;        ;                                    ; data path                                                      ;
;   0.000  ;   0.000  ;    ;      ; 1      ; PIN_AC26                           ; SW[5]                                                          ;
;   0.000  ;   0.000  ;    ; RE   ; 1      ; IOPAD_X115_Y11_N7                  ; CUDA_IO_PAD                                                    ;
;   0.000  ;   0.000  ; FF ; IC   ; 1      ; IOIBUF_X115_Y11_N8                 ; SW[5]~input|i                                                  ;
;   0.796  ;   0.796  ; FF ; CELL ; 19     ; IOIBUF_X115_Y11_N8                 ; SW[5]~input|o                                                  ;
;   3.459  ;   2.663  ;    ; RE   ; 1      ; IOIBUF_X115_Y11_N8                 ; CUDA_IO_IBUF                                                   ;
;   3.505  ;   0.046  ;    ; RE   ; 1      ; IO_DATAIN_X115_Y11_N1_I0           ; IO_DATAIN                                                      ;
;   3.716  ;   0.211  ;    ; RE   ; 1      ; R24_X105_Y11_N0_I0                 ; H_SEG24                                                        ;
;   4.065  ;   0.349  ;    ; RE   ; 2      ; C16_X104_Y12_N0_I0                 ; V_SEG16                                                        ;
;   4.370  ;   0.305  ;    ; RE   ; 1      ; R4_X105_Y22_N0_I4                  ; H_SEG4                                                         ;
;   4.588  ;   0.218  ;    ; RE   ; 4      ; R4_X108_Y22_N0_I7                  ; H_SEG4                                                         ;
;   4.893  ;   0.305  ;    ; RE   ; 1      ; C4_X109_Y18_N0_I17                 ; V_SEG4                                                         ;
;   5.204  ;   0.311  ;    ; RE   ; 1      ; C4_X109_Y15_N0_I17                 ; V_SEG4                                                         ;
;   5.783  ;   0.579  ;    ; RE   ; 13     ; LOCAL_INTERCONNECT_X110_Y16_N0_I33 ; LAB_LINE                                                       ;
;   5.785  ;   0.002  ; FF ; IC   ; 1      ; LCCOMB_X110_Y16_N12                ; ula|conv_b|fa_1|fa_xor_pcin~0|dataa                            ;
;   6.139  ;   0.354  ; FF ; CELL ; 4      ; LCCOMB_X110_Y16_N12                ; ula|conv_b|fa_1|fa_xor_pcin~0|combout                          ;
;   6.172  ;   0.033  ;    ; RE   ; 2      ; LCCOMB_X110_Y16_N12                ; CUDA_LCELL_COMB                                                ;
;   6.474  ;   0.302  ;    ; RE   ; 3      ; LOCAL_LINE_X110_Y16_N0_I6          ; LOCAL_LINE                                                     ;
;   6.474  ;   0.000  ; FF ; IC   ; 1      ; LCCOMB_X110_Y16_N22                ; ula|aritmetica|soma_sub|fa_1|fa_or_carry~0|dataa               ;
;   6.898  ;   0.424  ; FF ; CELL ; 2      ; LCCOMB_X110_Y16_N22                ; ula|aritmetica|soma_sub|fa_1|fa_or_carry~0|combout             ;
;   6.914  ;   0.016  ;    ; RE   ; 1      ; LCCOMB_X110_Y16_N22                ; CUDA_LCELL_COMB                                                ;
;   6.986  ;   0.072  ;    ; RE   ; 1      ; LE_BUFFER_X110_Y16_N0_I23          ; LE_BUFFER                                                      ;
;   7.172  ;   0.186  ;    ; RE   ; 1      ; R4_X107_Y16_N0_I28                 ; H_SEG4                                                         ;
;   7.451  ;   0.279  ;    ; RE   ; 1      ; C4_X107_Y17_N0_I8                  ; V_SEG4                                                         ;
;   7.899  ;   0.448  ;    ; RE   ; 2      ; LOCAL_INTERCONNECT_X108_Y18_N0_I19 ; LAB_LINE                                                       ;
;   7.899  ;   0.000  ; FF ; IC   ; 1      ; LCCOMB_X108_Y18_N20                ; ula|aritmetica|soma_sub|fa_2|fa_xor_pcin|dataa                 ;
;   8.328  ;   0.429  ; FR ; CELL ; 3      ; LCCOMB_X108_Y18_N20                ; ula|aritmetica|soma_sub|fa_2|fa_xor_pcin|combout               ;
;   8.352  ;   0.024  ;    ; RE   ; 1      ; LCCOMB_X108_Y18_N20                ; CUDA_LCELL_COMB                                                ;
;   8.429  ;   0.077  ;    ; RE   ; 1      ; LE_BUFFER_X108_Y18_N0_I21          ; LE_BUFFER                                                      ;
;   8.732  ;   0.303  ;    ; RE   ; 1      ; C4_X108_Y19_N0_I8                  ; V_SEG4                                                         ;
;   9.104  ;   0.372  ;    ; RE   ; 3      ; LOCAL_INTERCONNECT_X109_Y22_N0_I24 ; LAB_LINE                                                       ;
;   9.104  ;   0.000  ; RR ; IC   ; 1      ; LCCOMB_X109_Y22_N16                ; ula|selecao|sum_bit_5~1|datab                                  ;
;   9.536  ;   0.432  ; RF ; CELL ; 2      ; LCCOMB_X109_Y22_N16                ; ula|selecao|sum_bit_5~1|combout                                ;
;   9.552  ;   0.016  ;    ; RE   ; 1      ; LCCOMB_X109_Y22_N16                ; CUDA_LCELL_COMB                                                ;
;   9.630  ;   0.078  ;    ; RE   ; 1      ; LE_BUFFER_X109_Y22_N0_I17          ; LE_BUFFER                                                      ;
;   9.816  ;   0.186  ;    ; RE   ; 1      ; R4_X106_Y22_N0_I28                 ; H_SEG4                                                         ;
;   10.102 ;   0.286  ;    ; RE   ; 1      ; C4_X107_Y18_N0_I20                 ; V_SEG4                                                         ;
;   10.472 ;   0.370  ;    ; RE   ; 2      ; LOCAL_INTERCONNECT_X108_Y18_N0_I36 ; LAB_LINE                                                       ;
;   10.472 ;   0.000  ; FF ; IC   ; 1      ; LCCOMB_X108_Y18_N12                ; ula|selecao|sum_bit_4~1|datac                                  ;
;   10.752 ;   0.280  ; FF ; CELL ; 1      ; LCCOMB_X108_Y18_N12                ; ula|selecao|sum_bit_4~1|combout                                ;
;   10.771 ;   0.019  ;    ; RE   ; 1      ; LCCOMB_X108_Y18_N12                ; CUDA_LCELL_COMB                                                ;
;   11.035 ;   0.264  ;    ; RE   ; 1      ; LOCAL_LINE_X108_Y18_N0_I6          ; LOCAL_LINE                                                     ;
;   11.035 ;   0.000  ; FF ; IC   ; 1      ; LCCOMB_X108_Y18_N22                ; ula|selecao|sum_bit_4~3|dataa                                  ;
;   11.459 ;   0.424  ; FF ; CELL ; 11     ; LCCOMB_X108_Y18_N22                ; ula|selecao|sum_bit_4~3|combout                                ;
;   11.475 ;   0.016  ;    ; RE   ; 1      ; LCCOMB_X108_Y18_N22                ; CUDA_LCELL_COMB                                                ;
;   11.556 ;   0.081  ;    ; RE   ; 2      ; LE_BUFFER_X108_Y18_N0_I23          ; LE_BUFFER                                                      ;
;   11.811 ;   0.255  ;    ; RE   ; 2      ; C4_X108_Y19_N0_I9                  ; V_SEG4                                                         ;
;   12.290 ;   0.479  ;    ; RE   ; 5      ; LOCAL_INTERCONNECT_X109_Y22_N0_I26 ; LAB_LINE                                                       ;
;   12.289 ;   -0.001 ; FF ; IC   ; 1      ; LCCOMB_X109_Y22_N18                ; display_f|convert_mag|subtract_tens|fa_3|fa_xor_pcin~0|datab   ;
;   12.712 ;   0.423  ; FR ; CELL ; 5      ; LCCOMB_X109_Y22_N18                ; display_f|convert_mag|subtract_tens|fa_3|fa_xor_pcin~0|combout ;
;   12.750 ;   0.038  ;    ; RE   ; 2      ; LCCOMB_X109_Y22_N18                ; CUDA_LCELL_COMB                                                ;
;   12.841 ;   0.091  ;    ; RE   ; 1      ; LE_BUFFER_X109_Y22_N0_I19          ; LE_BUFFER                                                      ;
;   13.153 ;   0.312  ;    ; RE   ; 2      ; C4_X109_Y23_N0_I7                  ; V_SEG4                                                         ;
;   13.405 ;   0.252  ;    ; RE   ; 1      ; R4_X106_Y26_N0_I28                 ; H_SEG4                                                         ;
;   13.719 ;   0.314  ;    ; RE   ; 1      ; LOCAL_INTERCONNECT_X109_Y26_N0_I36 ; LAB_LINE                                                       ;
;   13.718 ;   -0.001 ; RR ; IC   ; 1      ; LCCOMB_X109_Y26_N30                ; display_f|mask_uni_6~5|dataa                                   ;
;   14.135 ;   0.417  ; RR ; CELL ; 3      ; LCCOMB_X109_Y26_N30                ; display_f|mask_uni_6~5|combout                                 ;
;   14.162 ;   0.027  ;    ; RE   ; 1      ; LCCOMB_X109_Y26_N30                ; CUDA_LCELL_COMB                                                ;
;   14.355 ;   0.193  ;    ; RE   ; 3      ; LOCAL_LINE_X109_Y26_N0_I15         ; LOCAL_LINE                                                     ;
;   14.355 ;   0.000  ; RR ; IC   ; 1      ; LCCOMB_X109_Y26_N24                ; display_f|mask_uni_1~0|datac                                   ;
;   14.625 ;   0.270  ; RF ; CELL ; 1      ; LCCOMB_X109_Y26_N24                ; display_f|mask_uni_1~0|combout                                 ;
;   14.641 ;   0.016  ;    ; RE   ; 1      ; LCCOMB_X109_Y26_N24                ; CUDA_LCELL_COMB                                                ;
;   14.714 ;   0.073  ;    ; RE   ; 1      ; LE_BUFFER_X109_Y26_N0_I25          ; LE_BUFFER                                                      ;
;   14.900 ;   0.186  ;    ; RE   ; 1      ; R4_X106_Y26_N0_I27                 ; H_SEG4                                                         ;
;   15.168 ;   0.268  ;    ; RE   ; 1      ; C4_X107_Y27_N0_I8                  ; V_SEG4                                                         ;
;   15.481 ;   0.313  ;    ; RE   ; 1      ; C4_X107_Y31_N0_I8                  ; V_SEG4                                                         ;
;   15.808 ;   0.327  ;    ; RE   ; 1      ; C4_X107_Y34_N0_I8                  ; V_SEG4                                                         ;
;   16.131 ;   0.323  ;    ; RE   ; 1      ; C4_X107_Y38_N0_I8                  ; V_SEG4                                                         ;
;   16.448 ;   0.317  ;    ; RE   ; 1      ; C4_X107_Y42_N0_I8                  ; V_SEG4                                                         ;
;   16.765 ;   0.317  ;    ; RE   ; 1      ; C4_X107_Y46_N0_I8                  ; V_SEG4                                                         ;
;   17.082 ;   0.317  ;    ; RE   ; 1      ; C4_X107_Y50_N0_I8                  ; V_SEG4                                                         ;
;   17.399 ;   0.317  ;    ; RE   ; 1      ; C4_X107_Y54_N0_I8                  ; V_SEG4                                                         ;
;   17.716 ;   0.317  ;    ; RE   ; 1      ; C4_X107_Y58_N0_I8                  ; V_SEG4                                                         ;
;   18.033 ;   0.317  ;    ; RE   ; 1      ; C4_X107_Y62_N0_I8                  ; V_SEG4                                                         ;
;   18.350 ;   0.317  ;    ; RE   ; 1      ; C4_X107_Y66_N0_I8                  ; V_SEG4                                                         ;
;   18.669 ;   0.319  ;    ; RE   ; 1      ; C4_X107_Y70_N0_I8                  ; V_SEG4                                                         ;
;   18.984 ;   0.315  ;    ; RE   ; 1      ; LOCAL_INTERCONNECT_X107_Y73_N0_I5  ; LAB_LINE                                                       ;
;   18.984 ;   0.000  ;    ; RE   ; 1      ; BLOCK_INPUT_MUX_X107_Y73_N0_I13    ; LEIM                                                           ;
;   18.981 ;   -0.003 ; FF ; IC   ; 1      ; IOOBUF_X107_Y73_N23                ; HEX0[1]~output|i                                               ;
;   23.263 ;   4.282  ; FF ; CELL ; 1      ; IOOBUF_X107_Y73_N23                ; HEX0[1]~output|o                                               ;
;   23.263 ;   0.000  ; FF ; CELL ; 0      ; PIN_F22                            ; HEX0[1]                                                        ;
+----------+----------+----+------+--------+------------------------------------+----------------------------------------------------------------+


Path #8: Delay is 23.240
===============================================================================
+---------------------+
; Path Summary        ;
+-----------+---------+
; Property  ; Value   ;
+-----------+---------+
; From Node ; SW[5]   ;
; To Node   ; HEX0[1] ;
; Delay     ; 23.240  ;
+-----------+---------+

+-------------------------------------------------------------------------------------+
; Statistics                                                                          ;
+------------------------+--------+-------+-------------+------------+--------+-------+
; Property               ; Value  ; Count ; Total Delay ; % of Total ; Min    ; Max   ;
+------------------------+--------+-------+-------------+------------+--------+-------+
; Data Delay             ; 23.240 ;       ;             ;            ;        ;       ;
; Number of Logic Levels ;        ; 10    ;             ;            ;        ;       ;
; Physical Delays        ;        ;       ;             ;            ;        ;       ;
;  IC                    ;        ; 11    ; -0.002      ; 0          ; -0.003 ; 0.002 ;
;  Cell                  ;        ; 12    ; 8.407       ; 36         ; 0.000  ; 4.282 ;
;  Routing Element       ;        ; 56    ; 14.835      ; 64         ; 0.000  ; 2.663 ;
+------------------------+--------+-------+-------------+------------+--------+-------+
Note: Negative delays are omitted from totals when calculating percentages

+------------------------------------------------------------------------------------------------------------------------------------+
; Data Arrival Path                                                                                                                  ;
+----------+----------+----+------+--------+------------------------------------+----------------------------------------------------+
; Total    ; Incr     ; RF ; Type ; Fanout ; Location                           ; Element                                            ;
+----------+----------+----+------+--------+------------------------------------+----------------------------------------------------+
; 23.240   ; 23.240   ;    ;      ;        ;                                    ; data path                                          ;
;   0.000  ;   0.000  ;    ;      ; 1      ; PIN_AC26                           ; SW[5]                                              ;
;   0.000  ;   0.000  ;    ; RE   ; 1      ; IOPAD_X115_Y11_N7                  ; CUDA_IO_PAD                                        ;
;   0.000  ;   0.000  ; FF ; IC   ; 1      ; IOIBUF_X115_Y11_N8                 ; SW[5]~input|i                                      ;
;   0.796  ;   0.796  ; FF ; CELL ; 19     ; IOIBUF_X115_Y11_N8                 ; SW[5]~input|o                                      ;
;   3.459  ;   2.663  ;    ; RE   ; 1      ; IOIBUF_X115_Y11_N8                 ; CUDA_IO_IBUF                                       ;
;   3.505  ;   0.046  ;    ; RE   ; 1      ; IO_DATAIN_X115_Y11_N1_I0           ; IO_DATAIN                                          ;
;   3.716  ;   0.211  ;    ; RE   ; 1      ; R24_X105_Y11_N0_I0                 ; H_SEG24                                            ;
;   4.065  ;   0.349  ;    ; RE   ; 2      ; C16_X104_Y12_N0_I0                 ; V_SEG16                                            ;
;   4.370  ;   0.305  ;    ; RE   ; 1      ; R4_X105_Y22_N0_I4                  ; H_SEG4                                             ;
;   4.588  ;   0.218  ;    ; RE   ; 4      ; R4_X108_Y22_N0_I7                  ; H_SEG4                                             ;
;   4.893  ;   0.305  ;    ; RE   ; 1      ; C4_X109_Y18_N0_I17                 ; V_SEG4                                             ;
;   5.204  ;   0.311  ;    ; RE   ; 1      ; C4_X109_Y15_N0_I17                 ; V_SEG4                                             ;
;   5.783  ;   0.579  ;    ; RE   ; 13     ; LOCAL_INTERCONNECT_X110_Y16_N0_I33 ; LAB_LINE                                           ;
;   5.785  ;   0.002  ; FF ; IC   ; 1      ; LCCOMB_X110_Y16_N12                ; ula|conv_b|fa_1|fa_xor_pcin~0|dataa                ;
;   6.139  ;   0.354  ; FF ; CELL ; 4      ; LCCOMB_X110_Y16_N12                ; ula|conv_b|fa_1|fa_xor_pcin~0|combout              ;
;   6.172  ;   0.033  ;    ; RE   ; 2      ; LCCOMB_X110_Y16_N12                ; CUDA_LCELL_COMB                                    ;
;   6.474  ;   0.302  ;    ; RE   ; 3      ; LOCAL_LINE_X110_Y16_N0_I6          ; LOCAL_LINE                                         ;
;   6.474  ;   0.000  ; FF ; IC   ; 1      ; LCCOMB_X110_Y16_N22                ; ula|aritmetica|soma_sub|fa_1|fa_or_carry~0|dataa   ;
;   6.898  ;   0.424  ; FF ; CELL ; 2      ; LCCOMB_X110_Y16_N22                ; ula|aritmetica|soma_sub|fa_1|fa_or_carry~0|combout ;
;   6.914  ;   0.016  ;    ; RE   ; 1      ; LCCOMB_X110_Y16_N22                ; CUDA_LCELL_COMB                                    ;
;   6.986  ;   0.072  ;    ; RE   ; 1      ; LE_BUFFER_X110_Y16_N0_I23          ; LE_BUFFER                                          ;
;   7.172  ;   0.186  ;    ; RE   ; 1      ; R4_X107_Y16_N0_I28                 ; H_SEG4                                             ;
;   7.451  ;   0.279  ;    ; RE   ; 1      ; C4_X107_Y17_N0_I8                  ; V_SEG4                                             ;
;   7.899  ;   0.448  ;    ; RE   ; 2      ; LOCAL_INTERCONNECT_X108_Y18_N0_I19 ; LAB_LINE                                           ;
;   7.899  ;   0.000  ; FF ; IC   ; 1      ; LCCOMB_X108_Y18_N20                ; ula|aritmetica|soma_sub|fa_2|fa_xor_pcin|dataa     ;
;   8.328  ;   0.429  ; FR ; CELL ; 3      ; LCCOMB_X108_Y18_N20                ; ula|aritmetica|soma_sub|fa_2|fa_xor_pcin|combout   ;
;   8.352  ;   0.024  ;    ; RE   ; 1      ; LCCOMB_X108_Y18_N20                ; CUDA_LCELL_COMB                                    ;
;   8.429  ;   0.077  ;    ; RE   ; 1      ; LE_BUFFER_X108_Y18_N0_I21          ; LE_BUFFER                                          ;
;   8.732  ;   0.303  ;    ; RE   ; 1      ; C4_X108_Y19_N0_I8                  ; V_SEG4                                             ;
;   9.104  ;   0.372  ;    ; RE   ; 3      ; LOCAL_INTERCONNECT_X109_Y22_N0_I24 ; LAB_LINE                                           ;
;   9.104  ;   0.000  ; RR ; IC   ; 1      ; LCCOMB_X109_Y22_N16                ; ula|selecao|sum_bit_5~1|datab                      ;
;   9.536  ;   0.432  ; RF ; CELL ; 2      ; LCCOMB_X109_Y22_N16                ; ula|selecao|sum_bit_5~1|combout                    ;
;   9.552  ;   0.016  ;    ; RE   ; 1      ; LCCOMB_X109_Y22_N16                ; CUDA_LCELL_COMB                                    ;
;   9.630  ;   0.078  ;    ; RE   ; 1      ; LE_BUFFER_X109_Y22_N0_I17          ; LE_BUFFER                                          ;
;   9.816  ;   0.186  ;    ; RE   ; 1      ; R4_X106_Y22_N0_I28                 ; H_SEG4                                             ;
;   10.102 ;   0.286  ;    ; RE   ; 1      ; C4_X107_Y18_N0_I20                 ; V_SEG4                                             ;
;   10.472 ;   0.370  ;    ; RE   ; 2      ; LOCAL_INTERCONNECT_X108_Y18_N0_I36 ; LAB_LINE                                           ;
;   10.472 ;   0.000  ; FF ; IC   ; 1      ; LCCOMB_X108_Y18_N12                ; ula|selecao|sum_bit_4~1|datac                      ;
;   10.752 ;   0.280  ; FF ; CELL ; 1      ; LCCOMB_X108_Y18_N12                ; ula|selecao|sum_bit_4~1|combout                    ;
;   10.771 ;   0.019  ;    ; RE   ; 1      ; LCCOMB_X108_Y18_N12                ; CUDA_LCELL_COMB                                    ;
;   11.035 ;   0.264  ;    ; RE   ; 1      ; LOCAL_LINE_X108_Y18_N0_I6          ; LOCAL_LINE                                         ;
;   11.035 ;   0.000  ; FF ; IC   ; 1      ; LCCOMB_X108_Y18_N22                ; ula|selecao|sum_bit_4~3|dataa                      ;
;   11.459 ;   0.424  ; FF ; CELL ; 11     ; LCCOMB_X108_Y18_N22                ; ula|selecao|sum_bit_4~3|combout                    ;
;   11.475 ;   0.016  ;    ; RE   ; 1      ; LCCOMB_X108_Y18_N22                ; CUDA_LCELL_COMB                                    ;
;   11.556 ;   0.081  ;    ; RE   ; 2      ; LE_BUFFER_X108_Y18_N0_I23          ; LE_BUFFER                                          ;
;   11.810 ;   0.254  ;    ; RE   ; 2      ; C4_X108_Y19_N0_I9                  ; V_SEG4                                             ;
;   12.142 ;   0.332  ;    ; RE   ; 1      ; C4_X108_Y22_N0_I9                  ; V_SEG4                                             ;
;   12.663 ;   0.521  ;    ; RE   ; 5      ; LOCAL_INTERCONNECT_X108_Y23_N0_I14 ; LAB_LINE                                           ;
;   12.662 ;   -0.001 ; FF ; IC   ; 1      ; LCCOMB_X108_Y23_N24                ; display_f|mask_uni_6~3|dataa                       ;
;   13.091 ;   0.429  ; FR ; CELL ; 2      ; LCCOMB_X108_Y23_N24                ; display_f|mask_uni_6~3|combout                     ;
;   13.115 ;   0.024  ;    ; RE   ; 1      ; LCCOMB_X108_Y23_N24                ; CUDA_LCELL_COMB                                    ;
;   13.192 ;   0.077  ;    ; RE   ; 1      ; LE_BUFFER_X108_Y23_N0_I25          ; LE_BUFFER                                          ;
;   13.500 ;   0.308  ;    ; RE   ; 1      ; C4_X108_Y24_N0_I10                 ; V_SEG4                                             ;
;   13.825 ;   0.325  ;    ; RE   ; 2      ; LOCAL_INTERCONNECT_X109_Y26_N0_I37 ; LAB_LINE                                           ;
;   13.825 ;   0.000  ; RR ; IC   ; 1      ; LCCOMB_X109_Y26_N30                ; display_f|mask_uni_6~5|datac                       ;
;   14.112 ;   0.287  ; RR ; CELL ; 3      ; LCCOMB_X109_Y26_N30                ; display_f|mask_uni_6~5|combout                     ;
;   14.139 ;   0.027  ;    ; RE   ; 1      ; LCCOMB_X109_Y26_N30                ; CUDA_LCELL_COMB                                    ;
;   14.332 ;   0.193  ;    ; RE   ; 3      ; LOCAL_LINE_X109_Y26_N0_I15         ; LOCAL_LINE                                         ;
;   14.332 ;   0.000  ; RR ; IC   ; 1      ; LCCOMB_X109_Y26_N24                ; display_f|mask_uni_1~0|datac                       ;
;   14.602 ;   0.270  ; RF ; CELL ; 1      ; LCCOMB_X109_Y26_N24                ; display_f|mask_uni_1~0|combout                     ;
;   14.618 ;   0.016  ;    ; RE   ; 1      ; LCCOMB_X109_Y26_N24                ; CUDA_LCELL_COMB                                    ;
;   14.691 ;   0.073  ;    ; RE   ; 1      ; LE_BUFFER_X109_Y26_N0_I25          ; LE_BUFFER                                          ;
;   14.877 ;   0.186  ;    ; RE   ; 1      ; R4_X106_Y26_N0_I27                 ; H_SEG4                                             ;
;   15.145 ;   0.268  ;    ; RE   ; 1      ; C4_X107_Y27_N0_I8                  ; V_SEG4                                             ;
;   15.458 ;   0.313  ;    ; RE   ; 1      ; C4_X107_Y31_N0_I8                  ; V_SEG4                                             ;
;   15.785 ;   0.327  ;    ; RE   ; 1      ; C4_X107_Y34_N0_I8                  ; V_SEG4                                             ;
;   16.108 ;   0.323  ;    ; RE   ; 1      ; C4_X107_Y38_N0_I8                  ; V_SEG4                                             ;
;   16.425 ;   0.317  ;    ; RE   ; 1      ; C4_X107_Y42_N0_I8                  ; V_SEG4                                             ;
;   16.742 ;   0.317  ;    ; RE   ; 1      ; C4_X107_Y46_N0_I8                  ; V_SEG4                                             ;
;   17.059 ;   0.317  ;    ; RE   ; 1      ; C4_X107_Y50_N0_I8                  ; V_SEG4                                             ;
;   17.376 ;   0.317  ;    ; RE   ; 1      ; C4_X107_Y54_N0_I8                  ; V_SEG4                                             ;
;   17.693 ;   0.317  ;    ; RE   ; 1      ; C4_X107_Y58_N0_I8                  ; V_SEG4                                             ;
;   18.010 ;   0.317  ;    ; RE   ; 1      ; C4_X107_Y62_N0_I8                  ; V_SEG4                                             ;
;   18.327 ;   0.317  ;    ; RE   ; 1      ; C4_X107_Y66_N0_I8                  ; V_SEG4                                             ;
;   18.646 ;   0.319  ;    ; RE   ; 1      ; C4_X107_Y70_N0_I8                  ; V_SEG4                                             ;
;   18.961 ;   0.315  ;    ; RE   ; 1      ; LOCAL_INTERCONNECT_X107_Y73_N0_I5  ; LAB_LINE                                           ;
;   18.961 ;   0.000  ;    ; RE   ; 1      ; BLOCK_INPUT_MUX_X107_Y73_N0_I13    ; LEIM                                               ;
;   18.958 ;   -0.003 ; FF ; IC   ; 1      ; IOOBUF_X107_Y73_N23                ; HEX0[1]~output|i                                   ;
;   23.240 ;   4.282  ; FF ; CELL ; 1      ; IOOBUF_X107_Y73_N23                ; HEX0[1]~output|o                                   ;
;   23.240 ;   0.000  ; FF ; CELL ; 0      ; PIN_F22                            ; HEX0[1]                                            ;
+----------+----------+----+------+--------+------------------------------------+----------------------------------------------------+


Path #9: Delay is 23.176
===============================================================================
+---------------------+
; Path Summary        ;
+-----------+---------+
; Property  ; Value   ;
+-----------+---------+
; From Node ; SW[5]   ;
; To Node   ; HEX0[2] ;
; Delay     ; 23.176  ;
+-----------+---------+

+-------------------------------------------------------------------------------------+
; Statistics                                                                          ;
+------------------------+--------+-------+-------------+------------+--------+-------+
; Property               ; Value  ; Count ; Total Delay ; % of Total ; Min    ; Max   ;
+------------------------+--------+-------+-------------+------------+--------+-------+
; Data Delay             ; 23.176 ;       ;             ;            ;        ;       ;
; Number of Logic Levels ;        ; 11    ;             ;            ;        ;       ;
; Physical Delays        ;        ;       ;             ;            ;        ;       ;
;  IC                    ;        ; 12    ; 0.001       ; 0          ; -0.002 ; 0.002 ;
;  Cell                  ;        ; 13    ; 7.008       ; 30         ; 0.000  ; 2.868 ;
;  Routing Element       ;        ; 62    ; 16.167      ; 70         ; 0.000  ; 2.663 ;
+------------------------+--------+-------+-------------+------------+--------+-------+
Note: Negative delays are omitted from totals when calculating percentages

+------------------------------------------------------------------------------------------------------------------------------------------------+
; Data Arrival Path                                                                                                                              ;
+----------+----------+----+------+--------+------------------------------------+----------------------------------------------------------------+
; Total    ; Incr     ; RF ; Type ; Fanout ; Location                           ; Element                                                        ;
+----------+----------+----+------+--------+------------------------------------+----------------------------------------------------------------+
; 23.176   ; 23.176   ;    ;      ;        ;                                    ; data path                                                      ;
;   0.000  ;   0.000  ;    ;      ; 1      ; PIN_AC26                           ; SW[5]                                                          ;
;   0.000  ;   0.000  ;    ; RE   ; 1      ; IOPAD_X115_Y11_N7                  ; CUDA_IO_PAD                                                    ;
;   0.000  ;   0.000  ; FF ; IC   ; 1      ; IOIBUF_X115_Y11_N8                 ; SW[5]~input|i                                                  ;
;   0.796  ;   0.796  ; FF ; CELL ; 19     ; IOIBUF_X115_Y11_N8                 ; SW[5]~input|o                                                  ;
;   3.459  ;   2.663  ;    ; RE   ; 1      ; IOIBUF_X115_Y11_N8                 ; CUDA_IO_IBUF                                                   ;
;   3.505  ;   0.046  ;    ; RE   ; 1      ; IO_DATAIN_X115_Y11_N1_I0           ; IO_DATAIN                                                      ;
;   3.716  ;   0.211  ;    ; RE   ; 1      ; R24_X105_Y11_N0_I0                 ; H_SEG24                                                        ;
;   4.065  ;   0.349  ;    ; RE   ; 2      ; C16_X104_Y12_N0_I0                 ; V_SEG16                                                        ;
;   4.370  ;   0.305  ;    ; RE   ; 1      ; R4_X105_Y22_N0_I4                  ; H_SEG4                                                         ;
;   4.588  ;   0.218  ;    ; RE   ; 4      ; R4_X108_Y22_N0_I7                  ; H_SEG4                                                         ;
;   4.893  ;   0.305  ;    ; RE   ; 1      ; C4_X109_Y18_N0_I17                 ; V_SEG4                                                         ;
;   5.204  ;   0.311  ;    ; RE   ; 1      ; C4_X109_Y15_N0_I17                 ; V_SEG4                                                         ;
;   5.725  ;   0.521  ;    ; RE   ; 13     ; LOCAL_INTERCONNECT_X110_Y16_N0_I33 ; LAB_LINE                                                       ;
;   5.727  ;   0.002  ; FF ; IC   ; 1      ; LCCOMB_X110_Y16_N6                 ; ula|aritmetica|soma_sub|fa_0|fa_or_carry~0|datad               ;
;   5.877  ;   0.150  ; FR ; CELL ; 2      ; LCCOMB_X110_Y16_N6                 ; ula|aritmetica|soma_sub|fa_0|fa_or_carry~0|combout             ;
;   5.901  ;   0.024  ;    ; RE   ; 1      ; LCCOMB_X110_Y16_N6                 ; CUDA_LCELL_COMB                                                ;
;   5.980  ;   0.079  ;    ; RE   ; 1      ; LE_BUFFER_X110_Y16_N0_I7           ; LE_BUFFER                                                      ;
;   6.266  ;   0.286  ;    ; RE   ; 2      ; LOCAL_INTERCONNECT_X110_Y16_N0_I31 ; LAB_LINE                                                       ;
;   6.266  ;   0.000  ; RR ; IC   ; 1      ; LCCOMB_X110_Y16_N22                ; ula|aritmetica|soma_sub|fa_1|fa_or_carry~0|datac               ;
;   6.553  ;   0.287  ; RR ; CELL ; 2      ; LCCOMB_X110_Y16_N22                ; ula|aritmetica|soma_sub|fa_1|fa_or_carry~0|combout             ;
;   6.577  ;   0.024  ;    ; RE   ; 1      ; LCCOMB_X110_Y16_N22                ; CUDA_LCELL_COMB                                                ;
;   6.653  ;   0.076  ;    ; RE   ; 1      ; LE_BUFFER_X110_Y16_N0_I23          ; LE_BUFFER                                                      ;
;   6.869  ;   0.216  ;    ; RE   ; 1      ; R4_X107_Y16_N0_I28                 ; H_SEG4                                                         ;
;   7.202  ;   0.333  ;    ; RE   ; 1      ; C4_X107_Y17_N0_I8                  ; V_SEG4                                                         ;
;   7.575  ;   0.373  ;    ; RE   ; 2      ; LOCAL_INTERCONNECT_X108_Y18_N0_I19 ; LAB_LINE                                                       ;
;   7.576  ;   0.001  ; RR ; IC   ; 1      ; LCCOMB_X108_Y18_N16                ; ula|aritmetica|soma_sub|fa_2|fa_or_carry~0|dataa               ;
;   7.976  ;   0.400  ; RR ; CELL ; 2      ; LCCOMB_X108_Y18_N16                ; ula|aritmetica|soma_sub|fa_2|fa_or_carry~0|combout             ;
;   8.003  ;   0.027  ;    ; RE   ; 1      ; LCCOMB_X108_Y18_N16                ; CUDA_LCELL_COMB                                                ;
;   8.224  ;   0.221  ;    ; RE   ; 2      ; LOCAL_LINE_X108_Y18_N0_I8          ; LOCAL_LINE                                                     ;
;   8.224  ;   0.000  ; RR ; IC   ; 1      ; LCCOMB_X108_Y18_N24                ; ula|aritmetica|soma_sub|fa_3|fa_xor_pcin|datab                 ;
;   8.667  ;   0.443  ; RF ; CELL ; 2      ; LCCOMB_X108_Y18_N24                ; ula|aritmetica|soma_sub|fa_3|fa_xor_pcin|combout               ;
;   8.683  ;   0.016  ;    ; RE   ; 1      ; LCCOMB_X108_Y18_N24                ; CUDA_LCELL_COMB                                                ;
;   8.763  ;   0.080  ;    ; RE   ; 1      ; LE_BUFFER_X108_Y18_N0_I25          ; LE_BUFFER                                                      ;
;   9.012  ;   0.249  ;    ; RE   ; 1      ; C4_X108_Y19_N0_I10                 ; V_SEG4                                                         ;
;   9.411  ;   0.399  ;    ; RE   ; 2      ; LOCAL_INTERCONNECT_X109_Y22_N0_I37 ; LAB_LINE                                                       ;
;   9.411  ;   0.000  ; FF ; IC   ; 1      ; LCCOMB_X109_Y22_N16                ; ula|selecao|sum_bit_5~1|datac                                  ;
;   9.672  ;   0.261  ; FR ; CELL ; 2      ; LCCOMB_X109_Y22_N16                ; ula|selecao|sum_bit_5~1|combout                                ;
;   9.696  ;   0.024  ;    ; RE   ; 1      ; LCCOMB_X109_Y22_N16                ; CUDA_LCELL_COMB                                                ;
;   9.778  ;   0.082  ;    ; RE   ; 1      ; LE_BUFFER_X109_Y22_N0_I17          ; LE_BUFFER                                                      ;
;   9.993  ;   0.215  ;    ; RE   ; 1      ; R4_X106_Y22_N0_I28                 ; H_SEG4                                                         ;
;   10.334 ;   0.341  ;    ; RE   ; 1      ; C4_X107_Y18_N0_I20                 ; V_SEG4                                                         ;
;   10.631 ;   0.297  ;    ; RE   ; 2      ; LOCAL_INTERCONNECT_X108_Y18_N0_I36 ; LAB_LINE                                                       ;
;   10.631 ;   0.000  ; RR ; IC   ; 1      ; LCCOMB_X108_Y18_N12                ; ula|selecao|sum_bit_4~1|datac                                  ;
;   10.918 ;   0.287  ; RR ; CELL ; 1      ; LCCOMB_X108_Y18_N12                ; ula|selecao|sum_bit_4~1|combout                                ;
;   10.945 ;   0.027  ;    ; RE   ; 1      ; LCCOMB_X108_Y18_N12                ; CUDA_LCELL_COMB                                                ;
;   11.159 ;   0.214  ;    ; RE   ; 1      ; LOCAL_LINE_X108_Y18_N0_I6          ; LOCAL_LINE                                                     ;
;   11.159 ;   0.000  ; RR ; IC   ; 1      ; LCCOMB_X108_Y18_N22                ; ula|selecao|sum_bit_4~3|dataa                                  ;
;   11.576 ;   0.417  ; RR ; CELL ; 11     ; LCCOMB_X108_Y18_N22                ; ula|selecao|sum_bit_4~3|combout                                ;
;   11.600 ;   0.024  ;    ; RE   ; 1      ; LCCOMB_X108_Y18_N22                ; CUDA_LCELL_COMB                                                ;
;   11.683 ;   0.083  ;    ; RE   ; 2      ; LE_BUFFER_X108_Y18_N0_I23          ; LE_BUFFER                                                      ;
;   11.996 ;   0.313  ;    ; RE   ; 2      ; C4_X108_Y19_N0_I9                  ; V_SEG4                                                         ;
;   12.388 ;   0.392  ;    ; RE   ; 5      ; LOCAL_INTERCONNECT_X109_Y22_N0_I26 ; LAB_LINE                                                       ;
;   12.388 ;   0.000  ; RR ; IC   ; 1      ; LCCOMB_X109_Y22_N18                ; display_f|convert_mag|subtract_tens|fa_3|fa_xor_pcin~0|datab   ;
;   12.822 ;   0.434  ; RF ; CELL ; 5      ; LCCOMB_X109_Y22_N18                ; display_f|convert_mag|subtract_tens|fa_3|fa_xor_pcin~0|combout ;
;   12.852 ;   0.030  ;    ; RE   ; 2      ; LCCOMB_X109_Y22_N18                ; CUDA_LCELL_COMB                                                ;
;   12.938 ;   0.086  ;    ; RE   ; 1      ; LE_BUFFER_X109_Y22_N0_I19          ; LE_BUFFER                                                      ;
;   13.192 ;   0.254  ;    ; RE   ; 2      ; C4_X109_Y23_N0_I7                  ; V_SEG4                                                         ;
;   13.471 ;   0.279  ;    ; RE   ; 1      ; R4_X106_Y26_N0_I28                 ; H_SEG4                                                         ;
;   13.826 ;   0.355  ;    ; RE   ; 1      ; LOCAL_INTERCONNECT_X109_Y26_N0_I36 ; LAB_LINE                                                       ;
;   13.826 ;   0.000  ; FF ; IC   ; 1      ; LCCOMB_X109_Y26_N30                ; display_f|mask_uni_6~5|dataa                                   ;
;   14.230 ;   0.404  ; FF ; CELL ; 3      ; LCCOMB_X109_Y26_N30                ; display_f|mask_uni_6~5|combout                                 ;
;   14.249 ;   0.019  ;    ; RE   ; 1      ; LCCOMB_X109_Y26_N30                ; CUDA_LCELL_COMB                                                ;
;   14.490 ;   0.241  ;    ; RE   ; 3      ; LOCAL_LINE_X109_Y26_N0_I15         ; LOCAL_LINE                                                     ;
;   14.490 ;   0.000  ; FF ; IC   ; 1      ; LCCOMB_X109_Y26_N22                ; display_f|mask_uni_2~0|datac                                   ;
;   14.751 ;   0.261  ; FR ; CELL ; 1      ; LCCOMB_X109_Y26_N22                ; display_f|mask_uni_2~0|combout                                 ;
;   14.775 ;   0.024  ;    ; RE   ; 1      ; LCCOMB_X109_Y26_N22                ; CUDA_LCELL_COMB                                                ;
;   14.854 ;   0.079  ;    ; RE   ; 1      ; LE_BUFFER_X109_Y26_N0_I23          ; LE_BUFFER                                                      ;
;   15.067 ;   0.213  ;    ; RE   ; 1      ; R4_X106_Y26_N0_I30                 ; H_SEG4                                                         ;
;   15.377 ;   0.310  ;    ; RE   ; 1      ; C4_X106_Y27_N0_I10                 ; V_SEG4                                                         ;
;   15.697 ;   0.320  ;    ; RE   ; 1      ; C4_X106_Y31_N0_I10                 ; V_SEG4                                                         ;
;   16.031 ;   0.334  ;    ; RE   ; 1      ; C4_X106_Y35_N0_I10                 ; V_SEG4                                                         ;
;   16.352 ;   0.321  ;    ; RE   ; 1      ; C4_X106_Y39_N0_I10                 ; V_SEG4                                                         ;
;   16.672 ;   0.320  ;    ; RE   ; 1      ; C4_X106_Y43_N0_I10                 ; V_SEG4                                                         ;
;   16.992 ;   0.320  ;    ; RE   ; 1      ; C4_X106_Y47_N0_I10                 ; V_SEG4                                                         ;
;   17.312 ;   0.320  ;    ; RE   ; 1      ; C4_X106_Y51_N0_I10                 ; V_SEG4                                                         ;
;   17.632 ;   0.320  ;    ; RE   ; 1      ; C4_X106_Y55_N0_I10                 ; V_SEG4                                                         ;
;   17.952 ;   0.320  ;    ; RE   ; 1      ; C4_X106_Y59_N0_I10                 ; V_SEG4                                                         ;
;   18.272 ;   0.320  ;    ; RE   ; 1      ; C4_X106_Y63_N0_I10                 ; V_SEG4                                                         ;
;   18.593 ;   0.321  ;    ; RE   ; 1      ; C4_X106_Y67_N0_I10                 ; V_SEG4                                                         ;
;   18.952 ;   0.359  ;    ; RE   ; 1      ; R4_X103_Y70_N0_I31                 ; H_SEG4                                                         ;
;   19.331 ;   0.379  ;    ; RE   ; 1      ; R24_X80_Y70_N0_I0                  ; H_SEG24                                                        ;
;   19.745 ;   0.414  ;    ; RE   ; 1      ; R24_X56_Y70_N0_I0                  ; H_SEG24                                                        ;
;   20.056 ;   0.311  ;    ; RE   ; 1      ; C4_X66_Y71_N0_I3                   ; V_SEG4                                                         ;
;   20.310 ;   0.254  ;    ; RE   ; 1      ; LOCAL_INTERCONNECT_X67_Y73_N0_I17  ; LAB_LINE                                                       ;
;   20.310 ;   0.000  ;    ; RE   ; 1      ; BLOCK_INPUT_MUX_X67_Y73_N0_I13     ; LEIM                                                           ;
;   20.308 ;   -0.002 ; RR ; IC   ; 1      ; IOOBUF_X67_Y73_N23                 ; HEX0[2]~output|i                                               ;
;   23.176 ;   2.868  ; RR ; CELL ; 1      ; IOOBUF_X67_Y73_N23                 ; HEX0[2]~output|o                                               ;
;   23.176 ;   0.000  ; RR ; CELL ; 0      ; PIN_E17                            ; HEX0[2]                                                        ;
+----------+----------+----+------+--------+------------------------------------+----------------------------------------------------------------+


Path #10: Delay is 23.160
===============================================================================
+---------------------+
; Path Summary        ;
+-----------+---------+
; Property  ; Value   ;
+-----------+---------+
; From Node ; SW[5]   ;
; To Node   ; HEX0[1] ;
; Delay     ; 23.160  ;
+-----------+---------+

+-------------------------------------------------------------------------------------+
; Statistics                                                                          ;
+------------------------+--------+-------+-------------+------------+--------+-------+
; Property               ; Value  ; Count ; Total Delay ; % of Total ; Min    ; Max   ;
+------------------------+--------+-------+-------------+------------+--------+-------+
; Data Delay             ; 23.160 ;       ;             ;            ;        ;       ;
; Number of Logic Levels ;        ; 10    ;             ;            ;        ;       ;
; Physical Delays        ;        ;       ;             ;            ;        ;       ;
;  IC                    ;        ; 11    ; 0.004       ; 0          ; -0.001 ; 0.003 ;
;  Cell                  ;        ; 12    ; 8.457       ; 37         ; 0.000  ; 4.220 ;
;  Routing Element       ;        ; 55    ; 14.699      ; 63         ; 0.000  ; 2.663 ;
+------------------------+--------+-------+-------------+------------+--------+-------+
Note: Negative delays are omitted from totals when calculating percentages

+----------------------------------------------------------------------------------------------------------------------------------------------+
; Data Arrival Path                                                                                                                            ;
+----------+----------+----+------+--------+------------------------------------+--------------------------------------------------------------+
; Total    ; Incr     ; RF ; Type ; Fanout ; Location                           ; Element                                                      ;
+----------+----------+----+------+--------+------------------------------------+--------------------------------------------------------------+
; 23.160   ; 23.160   ;    ;      ;        ;                                    ; data path                                                    ;
;   0.000  ;   0.000  ;    ;      ; 1      ; PIN_AC26                           ; SW[5]                                                        ;
;   0.000  ;   0.000  ;    ; RE   ; 1      ; IOPAD_X115_Y11_N7                  ; CUDA_IO_PAD                                                  ;
;   0.000  ;   0.000  ; FF ; IC   ; 1      ; IOIBUF_X115_Y11_N8                 ; SW[5]~input|i                                                ;
;   0.796  ;   0.796  ; FF ; CELL ; 19     ; IOIBUF_X115_Y11_N8                 ; SW[5]~input|o                                                ;
;   3.459  ;   2.663  ;    ; RE   ; 1      ; IOIBUF_X115_Y11_N8                 ; CUDA_IO_IBUF                                                 ;
;   3.505  ;   0.046  ;    ; RE   ; 1      ; IO_DATAIN_X115_Y11_N1_I0           ; IO_DATAIN                                                    ;
;   3.716  ;   0.211  ;    ; RE   ; 1      ; R24_X105_Y11_N0_I0                 ; H_SEG24                                                      ;
;   4.065  ;   0.349  ;    ; RE   ; 2      ; C16_X104_Y12_N0_I0                 ; V_SEG16                                                      ;
;   4.370  ;   0.305  ;    ; RE   ; 1      ; R4_X105_Y22_N0_I4                  ; H_SEG4                                                       ;
;   4.588  ;   0.218  ;    ; RE   ; 4      ; R4_X108_Y22_N0_I7                  ; H_SEG4                                                       ;
;   4.893  ;   0.305  ;    ; RE   ; 1      ; C4_X109_Y18_N0_I17                 ; V_SEG4                                                       ;
;   5.204  ;   0.311  ;    ; RE   ; 1      ; C4_X109_Y15_N0_I17                 ; V_SEG4                                                       ;
;   5.783  ;   0.579  ;    ; RE   ; 13     ; LOCAL_INTERCONNECT_X110_Y16_N0_I33 ; LAB_LINE                                                     ;
;   5.785  ;   0.002  ; FF ; IC   ; 1      ; LCCOMB_X110_Y16_N12                ; ula|conv_b|fa_1|fa_xor_pcin~0|dataa                          ;
;   6.139  ;   0.354  ; FF ; CELL ; 4      ; LCCOMB_X110_Y16_N12                ; ula|conv_b|fa_1|fa_xor_pcin~0|combout                        ;
;   6.172  ;   0.033  ;    ; RE   ; 2      ; LCCOMB_X110_Y16_N12                ; CUDA_LCELL_COMB                                              ;
;   6.474  ;   0.302  ;    ; RE   ; 3      ; LOCAL_LINE_X110_Y16_N0_I6          ; LOCAL_LINE                                                   ;
;   6.474  ;   0.000  ; FF ; IC   ; 1      ; LCCOMB_X110_Y16_N22                ; ula|aritmetica|soma_sub|fa_1|fa_or_carry~0|dataa             ;
;   6.898  ;   0.424  ; FF ; CELL ; 2      ; LCCOMB_X110_Y16_N22                ; ula|aritmetica|soma_sub|fa_1|fa_or_carry~0|combout           ;
;   6.914  ;   0.016  ;    ; RE   ; 1      ; LCCOMB_X110_Y16_N22                ; CUDA_LCELL_COMB                                              ;
;   6.986  ;   0.072  ;    ; RE   ; 1      ; LE_BUFFER_X110_Y16_N0_I23          ; LE_BUFFER                                                    ;
;   7.172  ;   0.186  ;    ; RE   ; 1      ; R4_X107_Y16_N0_I28                 ; H_SEG4                                                       ;
;   7.451  ;   0.279  ;    ; RE   ; 1      ; C4_X107_Y17_N0_I8                  ; V_SEG4                                                       ;
;   7.899  ;   0.448  ;    ; RE   ; 2      ; LOCAL_INTERCONNECT_X108_Y18_N0_I19 ; LAB_LINE                                                     ;
;   7.898  ;   -0.001 ; FF ; IC   ; 1      ; LCCOMB_X108_Y18_N16                ; ula|aritmetica|soma_sub|fa_2|fa_or_carry~0|dataa             ;
;   8.322  ;   0.424  ; FF ; CELL ; 2      ; LCCOMB_X108_Y18_N16                ; ula|aritmetica|soma_sub|fa_2|fa_or_carry~0|combout           ;
;   8.341  ;   0.019  ;    ; RE   ; 1      ; LCCOMB_X108_Y18_N16                ; CUDA_LCELL_COMB                                              ;
;   8.610  ;   0.269  ;    ; RE   ; 2      ; LOCAL_LINE_X108_Y18_N0_I8          ; LOCAL_LINE                                                   ;
;   8.610  ;   0.000  ; FF ; IC   ; 1      ; LCCOMB_X108_Y18_N24                ; ula|aritmetica|soma_sub|fa_3|fa_xor_pcin|datab               ;
;   9.051  ;   0.441  ; FR ; CELL ; 2      ; LCCOMB_X108_Y18_N24                ; ula|aritmetica|soma_sub|fa_3|fa_xor_pcin|combout             ;
;   9.075  ;   0.024  ;    ; RE   ; 1      ; LCCOMB_X108_Y18_N24                ; CUDA_LCELL_COMB                                              ;
;   9.157  ;   0.082  ;    ; RE   ; 1      ; LE_BUFFER_X108_Y18_N0_I25          ; LE_BUFFER                                                    ;
;   9.466  ;   0.309  ;    ; RE   ; 1      ; C4_X108_Y19_N0_I10                 ; V_SEG4                                                       ;
;   9.793  ;   0.327  ;    ; RE   ; 2      ; LOCAL_INTERCONNECT_X109_Y22_N0_I37 ; LAB_LINE                                                     ;
;   9.794  ;   0.001  ; RR ; IC   ; 1      ; LCCOMB_X109_Y22_N16                ; ula|selecao|sum_bit_5~1|datac                                ;
;   10.061 ;   0.267  ; RF ; CELL ; 2      ; LCCOMB_X109_Y22_N16                ; ula|selecao|sum_bit_5~1|combout                              ;
;   10.077 ;   0.016  ;    ; RE   ; 1      ; LCCOMB_X109_Y22_N16                ; CUDA_LCELL_COMB                                              ;
;   10.155 ;   0.078  ;    ; RE   ; 1      ; LE_BUFFER_X109_Y22_N0_I17          ; LE_BUFFER                                                    ;
;   10.341 ;   0.186  ;    ; RE   ; 1      ; R4_X106_Y22_N0_I28                 ; H_SEG4                                                       ;
;   10.627 ;   0.286  ;    ; RE   ; 1      ; C4_X107_Y18_N0_I20                 ; V_SEG4                                                       ;
;   10.997 ;   0.370  ;    ; RE   ; 2      ; LOCAL_INTERCONNECT_X108_Y18_N0_I36 ; LAB_LINE                                                     ;
;   10.997 ;   0.000  ; FF ; IC   ; 1      ; LCCOMB_X108_Y18_N12                ; ula|selecao|sum_bit_4~1|datac                                ;
;   11.277 ;   0.280  ; FF ; CELL ; 1      ; LCCOMB_X108_Y18_N12                ; ula|selecao|sum_bit_4~1|combout                              ;
;   11.296 ;   0.019  ;    ; RE   ; 1      ; LCCOMB_X108_Y18_N12                ; CUDA_LCELL_COMB                                              ;
;   11.560 ;   0.264  ;    ; RE   ; 1      ; LOCAL_LINE_X108_Y18_N0_I6          ; LOCAL_LINE                                                   ;
;   11.560 ;   0.000  ; FF ; IC   ; 1      ; LCCOMB_X108_Y18_N22                ; ula|selecao|sum_bit_4~3|dataa                                ;
;   11.984 ;   0.424  ; FF ; CELL ; 11     ; LCCOMB_X108_Y18_N22                ; ula|selecao|sum_bit_4~3|combout                              ;
;   12.000 ;   0.016  ;    ; RE   ; 1      ; LCCOMB_X108_Y18_N22                ; CUDA_LCELL_COMB                                              ;
;   12.081 ;   0.081  ;    ; RE   ; 2      ; LE_BUFFER_X108_Y18_N0_I23          ; LE_BUFFER                                                    ;
;   12.336 ;   0.255  ;    ; RE   ; 2      ; C4_X108_Y19_N0_I9                  ; V_SEG4                                                       ;
;   12.814 ;   0.478  ;    ; RE   ; 5      ; LOCAL_INTERCONNECT_X109_Y22_N0_I26 ; LAB_LINE                                                     ;
;   12.813 ;   -0.001 ; FF ; IC   ; 1      ; LCCOMB_X109_Y22_N22                ; display_f|convert_mag|subtract_tens|fa_1|fa_xor_ab~0|datab   ;
;   13.217 ;   0.404  ; FF ; CELL ; 7      ; LCCOMB_X109_Y22_N22                ; display_f|convert_mag|subtract_tens|fa_1|fa_xor_ab~0|combout ;
;   13.247 ;   0.030  ;    ; RE   ; 2      ; LCCOMB_X109_Y22_N22                ; CUDA_LCELL_COMB                                              ;
;   13.326 ;   0.079  ;    ; RE   ; 1      ; LE_BUFFER_X109_Y22_N0_I23          ; LE_BUFFER                                                    ;
;   13.574 ;   0.248  ;    ; RE   ; 1      ; C4_X109_Y23_N0_I8                  ; V_SEG4                                                       ;
;   14.065 ;   0.491  ;    ; RE   ; 6      ; LOCAL_INTERCONNECT_X109_Y26_N0_I11 ; LAB_LINE                                                     ;
;   14.065 ;   0.000  ; FF ; IC   ; 1      ; LCCOMB_X109_Y26_N24                ; display_f|mask_uni_1~0|datab                                 ;
;   14.488 ;   0.423  ; FR ; CELL ; 1      ; LCCOMB_X109_Y26_N24                ; display_f|mask_uni_1~0|combout                               ;
;   14.512 ;   0.024  ;    ; RE   ; 1      ; LCCOMB_X109_Y26_N24                ; CUDA_LCELL_COMB                                              ;
;   14.589 ;   0.077  ;    ; RE   ; 1      ; LE_BUFFER_X109_Y26_N0_I25          ; LE_BUFFER                                                    ;
;   14.808 ;   0.219  ;    ; RE   ; 1      ; R4_X106_Y26_N0_I27                 ; H_SEG4                                                       ;
;   15.119 ;   0.311  ;    ; RE   ; 1      ; C4_X107_Y27_N0_I8                  ; V_SEG4                                                       ;
;   15.438 ;   0.319  ;    ; RE   ; 1      ; C4_X107_Y31_N0_I8                  ; V_SEG4                                                       ;
;   15.774 ;   0.336  ;    ; RE   ; 1      ; C4_X107_Y34_N0_I8                  ; V_SEG4                                                       ;
;   16.097 ;   0.323  ;    ; RE   ; 1      ; C4_X107_Y38_N0_I8                  ; V_SEG4                                                       ;
;   16.419 ;   0.322  ;    ; RE   ; 1      ; C4_X107_Y42_N0_I8                  ; V_SEG4                                                       ;
;   16.741 ;   0.322  ;    ; RE   ; 1      ; C4_X107_Y46_N0_I8                  ; V_SEG4                                                       ;
;   17.063 ;   0.322  ;    ; RE   ; 1      ; C4_X107_Y50_N0_I8                  ; V_SEG4                                                       ;
;   17.385 ;   0.322  ;    ; RE   ; 1      ; C4_X107_Y54_N0_I8                  ; V_SEG4                                                       ;
;   17.707 ;   0.322  ;    ; RE   ; 1      ; C4_X107_Y58_N0_I8                  ; V_SEG4                                                       ;
;   18.029 ;   0.322  ;    ; RE   ; 1      ; C4_X107_Y62_N0_I8                  ; V_SEG4                                                       ;
;   18.351 ;   0.322  ;    ; RE   ; 1      ; C4_X107_Y66_N0_I8                  ; V_SEG4                                                       ;
;   18.679 ;   0.328  ;    ; RE   ; 1      ; C4_X107_Y70_N0_I8                  ; V_SEG4                                                       ;
;   18.937 ;   0.258  ;    ; RE   ; 1      ; LOCAL_INTERCONNECT_X107_Y73_N0_I5  ; LAB_LINE                                                     ;
;   18.937 ;   0.000  ;    ; RE   ; 1      ; BLOCK_INPUT_MUX_X107_Y73_N0_I13    ; LEIM                                                         ;
;   18.940 ;   0.003  ; RR ; IC   ; 1      ; IOOBUF_X107_Y73_N23                ; HEX0[1]~output|i                                             ;
;   23.160 ;   4.220  ; RR ; CELL ; 1      ; IOOBUF_X107_Y73_N23                ; HEX0[1]~output|o                                             ;
;   23.160 ;   0.000  ; RR ; CELL ; 0      ; PIN_F22                            ; HEX0[1]                                                      ;
+----------+----------+----+------+--------+------------------------------------+--------------------------------------------------------------+


Path #11: Delay is 23.159
===============================================================================
+---------------------+
; Path Summary        ;
+-----------+---------+
; Property  ; Value   ;
+-----------+---------+
; From Node ; SW[5]   ;
; To Node   ; HEX0[2] ;
; Delay     ; 23.159  ;
+-----------+---------+

+-------------------------------------------------------------------------------------+
; Statistics                                                                          ;
+------------------------+--------+-------+-------------+------------+--------+-------+
; Property               ; Value  ; Count ; Total Delay ; % of Total ; Min    ; Max   ;
+------------------------+--------+-------+-------------+------------+--------+-------+
; Data Delay             ; 23.159 ;       ;             ;            ;        ;       ;
; Number of Logic Levels ;        ; 11    ;             ;            ;        ;       ;
; Physical Delays        ;        ;       ;             ;            ;        ;       ;
;  IC                    ;        ; 12    ; 0.000       ; 0          ; -0.002 ; 0.002 ;
;  Cell                  ;        ; 13    ; 6.887       ; 30         ; 0.000  ; 2.868 ;
;  Routing Element       ;        ; 62    ; 16.272      ; 70         ; 0.000  ; 2.663 ;
+------------------------+--------+-------+-------------+------------+--------+-------+
Note: Negative delays are omitted from totals when calculating percentages

+------------------------------------------------------------------------------------------------------------------------------------+
; Data Arrival Path                                                                                                                  ;
+----------+----------+----+------+--------+------------------------------------+----------------------------------------------------+
; Total    ; Incr     ; RF ; Type ; Fanout ; Location                           ; Element                                            ;
+----------+----------+----+------+--------+------------------------------------+----------------------------------------------------+
; 23.159   ; 23.159   ;    ;      ;        ;                                    ; data path                                          ;
;   0.000  ;   0.000  ;    ;      ; 1      ; PIN_AC26                           ; SW[5]                                              ;
;   0.000  ;   0.000  ;    ; RE   ; 1      ; IOPAD_X115_Y11_N7                  ; CUDA_IO_PAD                                        ;
;   0.000  ;   0.000  ; FF ; IC   ; 1      ; IOIBUF_X115_Y11_N8                 ; SW[5]~input|i                                      ;
;   0.796  ;   0.796  ; FF ; CELL ; 19     ; IOIBUF_X115_Y11_N8                 ; SW[5]~input|o                                      ;
;   3.459  ;   2.663  ;    ; RE   ; 1      ; IOIBUF_X115_Y11_N8                 ; CUDA_IO_IBUF                                       ;
;   3.505  ;   0.046  ;    ; RE   ; 1      ; IO_DATAIN_X115_Y11_N1_I0           ; IO_DATAIN                                          ;
;   3.716  ;   0.211  ;    ; RE   ; 1      ; R24_X105_Y11_N0_I0                 ; H_SEG24                                            ;
;   4.065  ;   0.349  ;    ; RE   ; 2      ; C16_X104_Y12_N0_I0                 ; V_SEG16                                            ;
;   4.370  ;   0.305  ;    ; RE   ; 1      ; R4_X105_Y22_N0_I4                  ; H_SEG4                                             ;
;   4.588  ;   0.218  ;    ; RE   ; 4      ; R4_X108_Y22_N0_I7                  ; H_SEG4                                             ;
;   4.893  ;   0.305  ;    ; RE   ; 1      ; C4_X109_Y18_N0_I17                 ; V_SEG4                                             ;
;   5.204  ;   0.311  ;    ; RE   ; 1      ; C4_X109_Y15_N0_I17                 ; V_SEG4                                             ;
;   5.725  ;   0.521  ;    ; RE   ; 13     ; LOCAL_INTERCONNECT_X110_Y16_N0_I33 ; LAB_LINE                                           ;
;   5.727  ;   0.002  ; FF ; IC   ; 1      ; LCCOMB_X110_Y16_N6                 ; ula|aritmetica|soma_sub|fa_0|fa_or_carry~0|datad   ;
;   5.877  ;   0.150  ; FR ; CELL ; 2      ; LCCOMB_X110_Y16_N6                 ; ula|aritmetica|soma_sub|fa_0|fa_or_carry~0|combout ;
;   5.901  ;   0.024  ;    ; RE   ; 1      ; LCCOMB_X110_Y16_N6                 ; CUDA_LCELL_COMB                                    ;
;   5.980  ;   0.079  ;    ; RE   ; 1      ; LE_BUFFER_X110_Y16_N0_I7           ; LE_BUFFER                                          ;
;   6.266  ;   0.286  ;    ; RE   ; 2      ; LOCAL_INTERCONNECT_X110_Y16_N0_I31 ; LAB_LINE                                           ;
;   6.266  ;   0.000  ; RR ; IC   ; 1      ; LCCOMB_X110_Y16_N22                ; ula|aritmetica|soma_sub|fa_1|fa_or_carry~0|datac   ;
;   6.553  ;   0.287  ; RR ; CELL ; 2      ; LCCOMB_X110_Y16_N22                ; ula|aritmetica|soma_sub|fa_1|fa_or_carry~0|combout ;
;   6.577  ;   0.024  ;    ; RE   ; 1      ; LCCOMB_X110_Y16_N22                ; CUDA_LCELL_COMB                                    ;
;   6.653  ;   0.076  ;    ; RE   ; 1      ; LE_BUFFER_X110_Y16_N0_I23          ; LE_BUFFER                                          ;
;   6.869  ;   0.216  ;    ; RE   ; 1      ; R4_X107_Y16_N0_I28                 ; H_SEG4                                             ;
;   7.202  ;   0.333  ;    ; RE   ; 1      ; C4_X107_Y17_N0_I8                  ; V_SEG4                                             ;
;   7.575  ;   0.373  ;    ; RE   ; 2      ; LOCAL_INTERCONNECT_X108_Y18_N0_I19 ; LAB_LINE                                           ;
;   7.576  ;   0.001  ; RR ; IC   ; 1      ; LCCOMB_X108_Y18_N16                ; ula|aritmetica|soma_sub|fa_2|fa_or_carry~0|dataa   ;
;   7.976  ;   0.400  ; RR ; CELL ; 2      ; LCCOMB_X108_Y18_N16                ; ula|aritmetica|soma_sub|fa_2|fa_or_carry~0|combout ;
;   8.003  ;   0.027  ;    ; RE   ; 1      ; LCCOMB_X108_Y18_N16                ; CUDA_LCELL_COMB                                    ;
;   8.224  ;   0.221  ;    ; RE   ; 2      ; LOCAL_LINE_X108_Y18_N0_I8          ; LOCAL_LINE                                         ;
;   8.224  ;   0.000  ; RR ; IC   ; 1      ; LCCOMB_X108_Y18_N24                ; ula|aritmetica|soma_sub|fa_3|fa_xor_pcin|datab     ;
;   8.667  ;   0.443  ; RF ; CELL ; 2      ; LCCOMB_X108_Y18_N24                ; ula|aritmetica|soma_sub|fa_3|fa_xor_pcin|combout   ;
;   8.683  ;   0.016  ;    ; RE   ; 1      ; LCCOMB_X108_Y18_N24                ; CUDA_LCELL_COMB                                    ;
;   8.763  ;   0.080  ;    ; RE   ; 1      ; LE_BUFFER_X108_Y18_N0_I25          ; LE_BUFFER                                          ;
;   9.012  ;   0.249  ;    ; RE   ; 1      ; C4_X108_Y19_N0_I10                 ; V_SEG4                                             ;
;   9.411  ;   0.399  ;    ; RE   ; 2      ; LOCAL_INTERCONNECT_X109_Y22_N0_I37 ; LAB_LINE                                           ;
;   9.411  ;   0.000  ; FF ; IC   ; 1      ; LCCOMB_X109_Y22_N16                ; ula|selecao|sum_bit_5~1|datac                      ;
;   9.672  ;   0.261  ; FR ; CELL ; 2      ; LCCOMB_X109_Y22_N16                ; ula|selecao|sum_bit_5~1|combout                    ;
;   9.696  ;   0.024  ;    ; RE   ; 1      ; LCCOMB_X109_Y22_N16                ; CUDA_LCELL_COMB                                    ;
;   9.778  ;   0.082  ;    ; RE   ; 1      ; LE_BUFFER_X109_Y22_N0_I17          ; LE_BUFFER                                          ;
;   9.993  ;   0.215  ;    ; RE   ; 1      ; R4_X106_Y22_N0_I28                 ; H_SEG4                                             ;
;   10.334 ;   0.341  ;    ; RE   ; 1      ; C4_X107_Y18_N0_I20                 ; V_SEG4                                             ;
;   10.631 ;   0.297  ;    ; RE   ; 2      ; LOCAL_INTERCONNECT_X108_Y18_N0_I36 ; LAB_LINE                                           ;
;   10.631 ;   0.000  ; RR ; IC   ; 1      ; LCCOMB_X108_Y18_N12                ; ula|selecao|sum_bit_4~1|datac                      ;
;   10.918 ;   0.287  ; RR ; CELL ; 1      ; LCCOMB_X108_Y18_N12                ; ula|selecao|sum_bit_4~1|combout                    ;
;   10.945 ;   0.027  ;    ; RE   ; 1      ; LCCOMB_X108_Y18_N12                ; CUDA_LCELL_COMB                                    ;
;   11.159 ;   0.214  ;    ; RE   ; 1      ; LOCAL_LINE_X108_Y18_N0_I6          ; LOCAL_LINE                                         ;
;   11.159 ;   0.000  ; RR ; IC   ; 1      ; LCCOMB_X108_Y18_N22                ; ula|selecao|sum_bit_4~3|dataa                      ;
;   11.576 ;   0.417  ; RR ; CELL ; 11     ; LCCOMB_X108_Y18_N22                ; ula|selecao|sum_bit_4~3|combout                    ;
;   11.600 ;   0.024  ;    ; RE   ; 1      ; LCCOMB_X108_Y18_N22                ; CUDA_LCELL_COMB                                    ;
;   11.683 ;   0.083  ;    ; RE   ; 2      ; LE_BUFFER_X108_Y18_N0_I23          ; LE_BUFFER                                          ;
;   11.996 ;   0.313  ;    ; RE   ; 2      ; C4_X108_Y19_N0_I9                  ; V_SEG4                                             ;
;   12.332 ;   0.336  ;    ; RE   ; 1      ; C4_X108_Y22_N0_I9                  ; V_SEG4                                             ;
;   12.766 ;   0.434  ;    ; RE   ; 5      ; LOCAL_INTERCONNECT_X108_Y23_N0_I14 ; LAB_LINE                                           ;
;   12.765 ;   -0.001 ; RR ; IC   ; 1      ; LCCOMB_X108_Y23_N24                ; display_f|mask_uni_6~3|dataa                       ;
;   13.202 ;   0.437  ; RF ; CELL ; 2      ; LCCOMB_X108_Y23_N24                ; display_f|mask_uni_6~3|combout                     ;
;   13.218 ;   0.016  ;    ; RE   ; 1      ; LCCOMB_X108_Y23_N24                ; CUDA_LCELL_COMB                                    ;
;   13.292 ;   0.074  ;    ; RE   ; 1      ; LE_BUFFER_X108_Y23_N0_I25          ; LE_BUFFER                                          ;
;   13.538 ;   0.246  ;    ; RE   ; 1      ; C4_X108_Y24_N0_I10                 ; V_SEG4                                             ;
;   13.933 ;   0.395  ;    ; RE   ; 2      ; LOCAL_INTERCONNECT_X109_Y26_N0_I37 ; LAB_LINE                                           ;
;   13.933 ;   0.000  ; FF ; IC   ; 1      ; LCCOMB_X109_Y26_N30                ; display_f|mask_uni_6~5|datac                       ;
;   14.213 ;   0.280  ; FF ; CELL ; 3      ; LCCOMB_X109_Y26_N30                ; display_f|mask_uni_6~5|combout                     ;
;   14.232 ;   0.019  ;    ; RE   ; 1      ; LCCOMB_X109_Y26_N30                ; CUDA_LCELL_COMB                                    ;
;   14.473 ;   0.241  ;    ; RE   ; 3      ; LOCAL_LINE_X109_Y26_N0_I15         ; LOCAL_LINE                                         ;
;   14.473 ;   0.000  ; FF ; IC   ; 1      ; LCCOMB_X109_Y26_N22                ; display_f|mask_uni_2~0|datac                       ;
;   14.734 ;   0.261  ; FR ; CELL ; 1      ; LCCOMB_X109_Y26_N22                ; display_f|mask_uni_2~0|combout                     ;
;   14.758 ;   0.024  ;    ; RE   ; 1      ; LCCOMB_X109_Y26_N22                ; CUDA_LCELL_COMB                                    ;
;   14.837 ;   0.079  ;    ; RE   ; 1      ; LE_BUFFER_X109_Y26_N0_I23          ; LE_BUFFER                                          ;
;   15.050 ;   0.213  ;    ; RE   ; 1      ; R4_X106_Y26_N0_I30                 ; H_SEG4                                             ;
;   15.360 ;   0.310  ;    ; RE   ; 1      ; C4_X106_Y27_N0_I10                 ; V_SEG4                                             ;
;   15.680 ;   0.320  ;    ; RE   ; 1      ; C4_X106_Y31_N0_I10                 ; V_SEG4                                             ;
;   16.014 ;   0.334  ;    ; RE   ; 1      ; C4_X106_Y35_N0_I10                 ; V_SEG4                                             ;
;   16.335 ;   0.321  ;    ; RE   ; 1      ; C4_X106_Y39_N0_I10                 ; V_SEG4                                             ;
;   16.655 ;   0.320  ;    ; RE   ; 1      ; C4_X106_Y43_N0_I10                 ; V_SEG4                                             ;
;   16.975 ;   0.320  ;    ; RE   ; 1      ; C4_X106_Y47_N0_I10                 ; V_SEG4                                             ;
;   17.295 ;   0.320  ;    ; RE   ; 1      ; C4_X106_Y51_N0_I10                 ; V_SEG4                                             ;
;   17.615 ;   0.320  ;    ; RE   ; 1      ; C4_X106_Y55_N0_I10                 ; V_SEG4                                             ;
;   17.935 ;   0.320  ;    ; RE   ; 1      ; C4_X106_Y59_N0_I10                 ; V_SEG4                                             ;
;   18.255 ;   0.320  ;    ; RE   ; 1      ; C4_X106_Y63_N0_I10                 ; V_SEG4                                             ;
;   18.576 ;   0.321  ;    ; RE   ; 1      ; C4_X106_Y67_N0_I10                 ; V_SEG4                                             ;
;   18.935 ;   0.359  ;    ; RE   ; 1      ; R4_X103_Y70_N0_I31                 ; H_SEG4                                             ;
;   19.314 ;   0.379  ;    ; RE   ; 1      ; R24_X80_Y70_N0_I0                  ; H_SEG24                                            ;
;   19.728 ;   0.414  ;    ; RE   ; 1      ; R24_X56_Y70_N0_I0                  ; H_SEG24                                            ;
;   20.039 ;   0.311  ;    ; RE   ; 1      ; C4_X66_Y71_N0_I3                   ; V_SEG4                                             ;
;   20.293 ;   0.254  ;    ; RE   ; 1      ; LOCAL_INTERCONNECT_X67_Y73_N0_I17  ; LAB_LINE                                           ;
;   20.293 ;   0.000  ;    ; RE   ; 1      ; BLOCK_INPUT_MUX_X67_Y73_N0_I13     ; LEIM                                               ;
;   20.291 ;   -0.002 ; RR ; IC   ; 1      ; IOOBUF_X67_Y73_N23                 ; HEX0[2]~output|i                                   ;
;   23.159 ;   2.868  ; RR ; CELL ; 1      ; IOOBUF_X67_Y73_N23                 ; HEX0[2]~output|o                                   ;
;   23.159 ;   0.000  ; RR ; CELL ; 0      ; PIN_E17                            ; HEX0[2]                                            ;
+----------+----------+----+------+--------+------------------------------------+----------------------------------------------------+


Path #12: Delay is 23.149
===============================================================================
+---------------------+
; Path Summary        ;
+-----------+---------+
; Property  ; Value   ;
+-----------+---------+
; From Node ; SW[5]   ;
; To Node   ; HEX0[1] ;
; Delay     ; 23.149  ;
+-----------+---------+

+------------------------------------------------------------------------------------+
; Statistics                                                                         ;
+------------------------+--------+-------+-------------+------------+-------+-------+
; Property               ; Value  ; Count ; Total Delay ; % of Total ; Min   ; Max   ;
+------------------------+--------+-------+-------------+------------+-------+-------+
; Data Delay             ; 23.149 ;       ;             ;            ;       ;       ;
; Number of Logic Levels ;        ; 10    ;             ;            ;       ;       ;
; Physical Delays        ;        ;       ;             ;            ;       ;       ;
;  IC                    ;        ; 11    ; 0.005       ; 0          ; 0.000 ; 0.003 ;
;  Cell                  ;        ; 12    ; 8.033       ; 35         ; 0.000 ; 4.220 ;
;  Routing Element       ;        ; 58    ; 15.111      ; 65         ; 0.000 ; 2.663 ;
+------------------------+--------+-------+-------------+------------+-------+-------+
Note: Negative delays are omitted from totals when calculating percentages

+-----------------------------------------------------------------------------------------------------------------------------------------------+
; Data Arrival Path                                                                                                                             ;
+----------+---------+----+------+--------+------------------------------------+----------------------------------------------------------------+
; Total    ; Incr    ; RF ; Type ; Fanout ; Location                           ; Element                                                        ;
+----------+---------+----+------+--------+------------------------------------+----------------------------------------------------------------+
; 23.149   ; 23.149  ;    ;      ;        ;                                    ; data path                                                      ;
;   0.000  ;   0.000 ;    ;      ; 1      ; PIN_AC26                           ; SW[5]                                                          ;
;   0.000  ;   0.000 ;    ; RE   ; 1      ; IOPAD_X115_Y11_N7                  ; CUDA_IO_PAD                                                    ;
;   0.000  ;   0.000 ; FF ; IC   ; 1      ; IOIBUF_X115_Y11_N8                 ; SW[5]~input|i                                                  ;
;   0.796  ;   0.796 ; FF ; CELL ; 19     ; IOIBUF_X115_Y11_N8                 ; SW[5]~input|o                                                  ;
;   3.459  ;   2.663 ;    ; RE   ; 1      ; IOIBUF_X115_Y11_N8                 ; CUDA_IO_IBUF                                                   ;
;   3.505  ;   0.046 ;    ; RE   ; 1      ; IO_DATAIN_X115_Y11_N1_I0           ; IO_DATAIN                                                      ;
;   3.716  ;   0.211 ;    ; RE   ; 1      ; R24_X105_Y11_N0_I0                 ; H_SEG24                                                        ;
;   4.065  ;   0.349 ;    ; RE   ; 2      ; C16_X104_Y12_N0_I0                 ; V_SEG16                                                        ;
;   4.370  ;   0.305 ;    ; RE   ; 1      ; R4_X105_Y22_N0_I4                  ; H_SEG4                                                         ;
;   4.588  ;   0.218 ;    ; RE   ; 4      ; R4_X108_Y22_N0_I7                  ; H_SEG4                                                         ;
;   4.893  ;   0.305 ;    ; RE   ; 1      ; C4_X109_Y18_N0_I17                 ; V_SEG4                                                         ;
;   5.204  ;   0.311 ;    ; RE   ; 1      ; C4_X109_Y15_N0_I17                 ; V_SEG4                                                         ;
;   5.725  ;   0.521 ;    ; RE   ; 13     ; LOCAL_INTERCONNECT_X110_Y16_N0_I33 ; LAB_LINE                                                       ;
;   5.727  ;   0.002 ; FF ; IC   ; 1      ; LCCOMB_X110_Y16_N26                ; ula|conv_b|fa_1|fa_and_pcin~0|datad                            ;
;   5.852  ;   0.125 ; FF ; CELL ; 6      ; LCCOMB_X110_Y16_N26                ; ula|conv_b|fa_1|fa_and_pcin~0|combout                          ;
;   5.868  ;   0.016 ;    ; RE   ; 1      ; LCCOMB_X110_Y16_N26                ; CUDA_LCELL_COMB                                                ;
;   5.940  ;   0.072 ;    ; RE   ; 1      ; LE_BUFFER_X110_Y16_N0_I27          ; LE_BUFFER                                                      ;
;   6.120  ;   0.180 ;    ; RE   ; 2      ; R4_X107_Y16_N0_I30                 ; H_SEG4                                                         ;
;   6.380  ;   0.260 ;    ; RE   ; 1      ; C4_X109_Y17_N0_I10                 ; V_SEG4                                                         ;
;   6.879  ;   0.499 ;    ; RE   ; 5      ; LOCAL_INTERCONNECT_X109_Y18_N0_I2  ; LAB_LINE                                                       ;
;   6.879  ;   0.000 ; FF ; IC   ; 1      ; LCCOMB_X109_Y18_N18                ; ula|conv_b|fa_3|fa_xor_pcin|dataa                              ;
;   7.270  ;   0.391 ; FR ; CELL ; 4      ; LCCOMB_X109_Y18_N18                ; ula|conv_b|fa_3|fa_xor_pcin|combout                            ;
;   7.294  ;   0.024 ;    ; RE   ; 1      ; LCCOMB_X109_Y18_N18                ; CUDA_LCELL_COMB                                                ;
;   7.370  ;   0.076 ;    ; RE   ; 1      ; LE_BUFFER_X109_Y18_N0_I19          ; LE_BUFFER                                                      ;
;   7.597  ;   0.227 ;    ; RE   ; 2      ; R4_X106_Y18_N0_I26                 ; H_SEG4                                                         ;
;   7.956  ;   0.359 ;    ; RE   ; 2      ; LOCAL_INTERCONNECT_X108_Y18_N0_I34 ; LAB_LINE                                                       ;
;   7.956  ;   0.000 ; RR ; IC   ; 1      ; LCCOMB_X108_Y18_N24                ; ula|aritmetica|soma_sub|fa_3|fa_xor_pcin|dataa                 ;
;   8.393  ;   0.437 ; RF ; CELL ; 2      ; LCCOMB_X108_Y18_N24                ; ula|aritmetica|soma_sub|fa_3|fa_xor_pcin|combout               ;
;   8.409  ;   0.016 ;    ; RE   ; 1      ; LCCOMB_X108_Y18_N24                ; CUDA_LCELL_COMB                                                ;
;   8.489  ;   0.080 ;    ; RE   ; 1      ; LE_BUFFER_X108_Y18_N0_I25          ; LE_BUFFER                                                      ;
;   8.738  ;   0.249 ;    ; RE   ; 1      ; C4_X108_Y19_N0_I10                 ; V_SEG4                                                         ;
;   9.137  ;   0.399 ;    ; RE   ; 2      ; LOCAL_INTERCONNECT_X109_Y22_N0_I37 ; LAB_LINE                                                       ;
;   9.137  ;   0.000 ; FF ; IC   ; 1      ; LCCOMB_X109_Y22_N16                ; ula|selecao|sum_bit_5~1|datac                                  ;
;   9.398  ;   0.261 ; FR ; CELL ; 2      ; LCCOMB_X109_Y22_N16                ; ula|selecao|sum_bit_5~1|combout                                ;
;   9.422  ;   0.024 ;    ; RE   ; 1      ; LCCOMB_X109_Y22_N16                ; CUDA_LCELL_COMB                                                ;
;   9.504  ;   0.082 ;    ; RE   ; 1      ; LE_BUFFER_X109_Y22_N0_I17          ; LE_BUFFER                                                      ;
;   9.719  ;   0.215 ;    ; RE   ; 1      ; R4_X106_Y22_N0_I28                 ; H_SEG4                                                         ;
;   10.060 ;   0.341 ;    ; RE   ; 1      ; C4_X107_Y18_N0_I20                 ; V_SEG4                                                         ;
;   10.357 ;   0.297 ;    ; RE   ; 2      ; LOCAL_INTERCONNECT_X108_Y18_N0_I36 ; LAB_LINE                                                       ;
;   10.357 ;   0.000 ; RR ; IC   ; 1      ; LCCOMB_X108_Y18_N12                ; ula|selecao|sum_bit_4~1|datac                                  ;
;   10.644 ;   0.287 ; RR ; CELL ; 1      ; LCCOMB_X108_Y18_N12                ; ula|selecao|sum_bit_4~1|combout                                ;
;   10.671 ;   0.027 ;    ; RE   ; 1      ; LCCOMB_X108_Y18_N12                ; CUDA_LCELL_COMB                                                ;
;   10.885 ;   0.214 ;    ; RE   ; 1      ; LOCAL_LINE_X108_Y18_N0_I6          ; LOCAL_LINE                                                     ;
;   10.885 ;   0.000 ; RR ; IC   ; 1      ; LCCOMB_X108_Y18_N22                ; ula|selecao|sum_bit_4~3|dataa                                  ;
;   11.302 ;   0.417 ; RR ; CELL ; 11     ; LCCOMB_X108_Y18_N22                ; ula|selecao|sum_bit_4~3|combout                                ;
;   11.326 ;   0.024 ;    ; RE   ; 1      ; LCCOMB_X108_Y18_N22                ; CUDA_LCELL_COMB                                                ;
;   11.409 ;   0.083 ;    ; RE   ; 2      ; LE_BUFFER_X108_Y18_N0_I23          ; LE_BUFFER                                                      ;
;   11.722 ;   0.313 ;    ; RE   ; 2      ; C4_X108_Y19_N0_I9                  ; V_SEG4                                                         ;
;   12.114 ;   0.392 ;    ; RE   ; 5      ; LOCAL_INTERCONNECT_X109_Y22_N0_I26 ; LAB_LINE                                                       ;
;   12.114 ;   0.000 ; RR ; IC   ; 1      ; LCCOMB_X109_Y22_N18                ; display_f|convert_mag|subtract_tens|fa_3|fa_xor_pcin~0|datab   ;
;   12.548 ;   0.434 ; RF ; CELL ; 5      ; LCCOMB_X109_Y22_N18                ; display_f|convert_mag|subtract_tens|fa_3|fa_xor_pcin~0|combout ;
;   12.578 ;   0.030 ;    ; RE   ; 2      ; LCCOMB_X109_Y22_N18                ; CUDA_LCELL_COMB                                                ;
;   12.664 ;   0.086 ;    ; RE   ; 1      ; LE_BUFFER_X109_Y22_N0_I19          ; LE_BUFFER                                                      ;
;   12.918 ;   0.254 ;    ; RE   ; 2      ; C4_X109_Y23_N0_I7                  ; V_SEG4                                                         ;
;   13.197 ;   0.279 ;    ; RE   ; 1      ; R4_X106_Y26_N0_I28                 ; H_SEG4                                                         ;
;   13.552 ;   0.355 ;    ; RE   ; 1      ; LOCAL_INTERCONNECT_X109_Y26_N0_I36 ; LAB_LINE                                                       ;
;   13.552 ;   0.000 ; FF ; IC   ; 1      ; LCCOMB_X109_Y26_N30                ; display_f|mask_uni_6~5|dataa                                   ;
;   13.956 ;   0.404 ; FF ; CELL ; 3      ; LCCOMB_X109_Y26_N30                ; display_f|mask_uni_6~5|combout                                 ;
;   13.975 ;   0.019 ;    ; RE   ; 1      ; LCCOMB_X109_Y26_N30                ; CUDA_LCELL_COMB                                                ;
;   14.216 ;   0.241 ;    ; RE   ; 3      ; LOCAL_LINE_X109_Y26_N0_I15         ; LOCAL_LINE                                                     ;
;   14.216 ;   0.000 ; FF ; IC   ; 1      ; LCCOMB_X109_Y26_N24                ; display_f|mask_uni_1~0|datac                                   ;
;   14.477 ;   0.261 ; FR ; CELL ; 1      ; LCCOMB_X109_Y26_N24                ; display_f|mask_uni_1~0|combout                                 ;
;   14.501 ;   0.024 ;    ; RE   ; 1      ; LCCOMB_X109_Y26_N24                ; CUDA_LCELL_COMB                                                ;
;   14.578 ;   0.077 ;    ; RE   ; 1      ; LE_BUFFER_X109_Y26_N0_I25          ; LE_BUFFER                                                      ;
;   14.797 ;   0.219 ;    ; RE   ; 1      ; R4_X106_Y26_N0_I27                 ; H_SEG4                                                         ;
;   15.108 ;   0.311 ;    ; RE   ; 1      ; C4_X107_Y27_N0_I8                  ; V_SEG4                                                         ;
;   15.427 ;   0.319 ;    ; RE   ; 1      ; C4_X107_Y31_N0_I8                  ; V_SEG4                                                         ;
;   15.763 ;   0.336 ;    ; RE   ; 1      ; C4_X107_Y34_N0_I8                  ; V_SEG4                                                         ;
;   16.086 ;   0.323 ;    ; RE   ; 1      ; C4_X107_Y38_N0_I8                  ; V_SEG4                                                         ;
;   16.408 ;   0.322 ;    ; RE   ; 1      ; C4_X107_Y42_N0_I8                  ; V_SEG4                                                         ;
;   16.730 ;   0.322 ;    ; RE   ; 1      ; C4_X107_Y46_N0_I8                  ; V_SEG4                                                         ;
;   17.052 ;   0.322 ;    ; RE   ; 1      ; C4_X107_Y50_N0_I8                  ; V_SEG4                                                         ;
;   17.374 ;   0.322 ;    ; RE   ; 1      ; C4_X107_Y54_N0_I8                  ; V_SEG4                                                         ;
;   17.696 ;   0.322 ;    ; RE   ; 1      ; C4_X107_Y58_N0_I8                  ; V_SEG4                                                         ;
;   18.018 ;   0.322 ;    ; RE   ; 1      ; C4_X107_Y62_N0_I8                  ; V_SEG4                                                         ;
;   18.340 ;   0.322 ;    ; RE   ; 1      ; C4_X107_Y66_N0_I8                  ; V_SEG4                                                         ;
;   18.668 ;   0.328 ;    ; RE   ; 1      ; C4_X107_Y70_N0_I8                  ; V_SEG4                                                         ;
;   18.926 ;   0.258 ;    ; RE   ; 1      ; LOCAL_INTERCONNECT_X107_Y73_N0_I5  ; LAB_LINE                                                       ;
;   18.926 ;   0.000 ;    ; RE   ; 1      ; BLOCK_INPUT_MUX_X107_Y73_N0_I13    ; LEIM                                                           ;
;   18.929 ;   0.003 ; RR ; IC   ; 1      ; IOOBUF_X107_Y73_N23                ; HEX0[1]~output|i                                               ;
;   23.149 ;   4.220 ; RR ; CELL ; 1      ; IOOBUF_X107_Y73_N23                ; HEX0[1]~output|o                                               ;
;   23.149 ;   0.000 ; RR ; CELL ; 0      ; PIN_F22                            ; HEX0[1]                                                        ;
+----------+---------+----+------+--------+------------------------------------+----------------------------------------------------------------+


Path #13: Delay is 23.135
===============================================================================
+---------------------+
; Path Summary        ;
+-----------+---------+
; Property  ; Value   ;
+-----------+---------+
; From Node ; SW[6]   ;
; To Node   ; HEX0[1] ;
; Delay     ; 23.135  ;
+-----------+---------+

+-------------------------------------------------------------------------------------+
; Statistics                                                                          ;
+------------------------+--------+-------+-------------+------------+--------+-------+
; Property               ; Value  ; Count ; Total Delay ; % of Total ; Min    ; Max   ;
+------------------------+--------+-------+-------------+------------+--------+-------+
; Data Delay             ; 23.135 ;       ;             ;            ;        ;       ;
; Number of Logic Levels ;        ; 11    ;             ;            ;        ;       ;
; Physical Delays        ;        ;       ;             ;            ;        ;       ;
;  IC                    ;        ; 12    ; -0.005      ; 0          ; -0.003 ; 0.001 ;
;  Cell                  ;        ; 13    ; 8.739       ; 38         ; 0.000  ; 4.282 ;
;  Routing Element       ;        ; 56    ; 14.401      ; 62         ; 0.000  ; 2.663 ;
+------------------------+--------+-------+-------------+------------+--------+-------+
Note: Negative delays are omitted from totals when calculating percentages

+------------------------------------------------------------------------------------------------------------------------------------------------+
; Data Arrival Path                                                                                                                              ;
+----------+----------+----+------+--------+------------------------------------+----------------------------------------------------------------+
; Total    ; Incr     ; RF ; Type ; Fanout ; Location                           ; Element                                                        ;
+----------+----------+----+------+--------+------------------------------------+----------------------------------------------------------------+
; 23.135   ; 23.135   ;    ;      ;        ;                                    ; data path                                                      ;
;   0.000  ;   0.000  ;    ;      ; 1      ; PIN_AD26                           ; SW[6]                                                          ;
;   0.000  ;   0.000  ;    ; RE   ; 1      ; IOPAD_X115_Y10_N0                  ; CUDA_IO_PAD                                                    ;
;   0.000  ;   0.000  ; FF ; IC   ; 1      ; IOIBUF_X115_Y10_N1                 ; SW[6]~input|i                                                  ;
;   0.806  ;   0.806  ; FF ; CELL ; 15     ; IOIBUF_X115_Y10_N1                 ; SW[6]~input|o                                                  ;
;   3.469  ;   2.663  ;    ; RE   ; 1      ; IOIBUF_X115_Y10_N1                 ; CUDA_IO_IBUF                                                   ;
;   3.515  ;   0.046  ;    ; RE   ; 1      ; IO_DATAIN_X115_Y10_N0_I1           ; IO_DATAIN                                                      ;
;   3.782  ;   0.267  ;    ; RE   ; 2      ; R24_X96_Y10_N0_I0                  ; H_SEG24                                                        ;
;   4.168  ;   0.386  ;    ; RE   ; 1      ; C16_X110_Y11_N0_I0                 ; V_SEG16                                                        ;
;   4.480  ;   0.312  ;    ; RE   ; 2      ; R4_X107_Y18_N0_I31                 ; H_SEG4                                                         ;
;   4.741  ;   0.261  ;    ; RE   ; 1      ; C4_X109_Y14_N0_I22                 ; V_SEG4                                                         ;
;   5.205  ;   0.464  ;    ; RE   ; 10     ; LOCAL_INTERCONNECT_X110_Y16_N0_I36 ; LAB_LINE                                                       ;
;   5.205  ;   0.000  ; FF ; IC   ; 1      ; LCCOMB_X110_Y16_N12                ; ula|conv_b|fa_1|fa_xor_pcin~0|datac                            ;
;   5.486  ;   0.281  ; FF ; CELL ; 4      ; LCCOMB_X110_Y16_N12                ; ula|conv_b|fa_1|fa_xor_pcin~0|combout                          ;
;   5.519  ;   0.033  ;    ; RE   ; 2      ; LCCOMB_X110_Y16_N12                ; CUDA_LCELL_COMB                                                ;
;   5.821  ;   0.302  ;    ; RE   ; 3      ; LOCAL_LINE_X110_Y16_N0_I6          ; LOCAL_LINE                                                     ;
;   5.821  ;   0.000  ; FF ; IC   ; 1      ; LCCOMB_X110_Y16_N22                ; ula|aritmetica|soma_sub|fa_1|fa_or_carry~0|dataa               ;
;   6.245  ;   0.424  ; FF ; CELL ; 2      ; LCCOMB_X110_Y16_N22                ; ula|aritmetica|soma_sub|fa_1|fa_or_carry~0|combout             ;
;   6.261  ;   0.016  ;    ; RE   ; 1      ; LCCOMB_X110_Y16_N22                ; CUDA_LCELL_COMB                                                ;
;   6.333  ;   0.072  ;    ; RE   ; 1      ; LE_BUFFER_X110_Y16_N0_I23          ; LE_BUFFER                                                      ;
;   6.519  ;   0.186  ;    ; RE   ; 1      ; R4_X107_Y16_N0_I28                 ; H_SEG4                                                         ;
;   6.798  ;   0.279  ;    ; RE   ; 1      ; C4_X107_Y17_N0_I8                  ; V_SEG4                                                         ;
;   7.246  ;   0.448  ;    ; RE   ; 2      ; LOCAL_INTERCONNECT_X108_Y18_N0_I19 ; LAB_LINE                                                       ;
;   7.245  ;   -0.001 ; FF ; IC   ; 1      ; LCCOMB_X108_Y18_N16                ; ula|aritmetica|soma_sub|fa_2|fa_or_carry~0|dataa               ;
;   7.669  ;   0.424  ; FF ; CELL ; 2      ; LCCOMB_X108_Y18_N16                ; ula|aritmetica|soma_sub|fa_2|fa_or_carry~0|combout             ;
;   7.688  ;   0.019  ;    ; RE   ; 1      ; LCCOMB_X108_Y18_N16                ; CUDA_LCELL_COMB                                                ;
;   7.957  ;   0.269  ;    ; RE   ; 2      ; LOCAL_LINE_X108_Y18_N0_I8          ; LOCAL_LINE                                                     ;
;   7.957  ;   0.000  ; FF ; IC   ; 1      ; LCCOMB_X108_Y18_N24                ; ula|aritmetica|soma_sub|fa_3|fa_xor_pcin|datab                 ;
;   8.398  ;   0.441  ; FR ; CELL ; 2      ; LCCOMB_X108_Y18_N24                ; ula|aritmetica|soma_sub|fa_3|fa_xor_pcin|combout               ;
;   8.422  ;   0.024  ;    ; RE   ; 1      ; LCCOMB_X108_Y18_N24                ; CUDA_LCELL_COMB                                                ;
;   8.504  ;   0.082  ;    ; RE   ; 1      ; LE_BUFFER_X108_Y18_N0_I25          ; LE_BUFFER                                                      ;
;   8.813  ;   0.309  ;    ; RE   ; 1      ; C4_X108_Y19_N0_I10                 ; V_SEG4                                                         ;
;   9.140  ;   0.327  ;    ; RE   ; 2      ; LOCAL_INTERCONNECT_X109_Y22_N0_I37 ; LAB_LINE                                                       ;
;   9.141  ;   0.001  ; RR ; IC   ; 1      ; LCCOMB_X109_Y22_N16                ; ula|selecao|sum_bit_5~1|datac                                  ;
;   9.408  ;   0.267  ; RF ; CELL ; 2      ; LCCOMB_X109_Y22_N16                ; ula|selecao|sum_bit_5~1|combout                                ;
;   9.424  ;   0.016  ;    ; RE   ; 1      ; LCCOMB_X109_Y22_N16                ; CUDA_LCELL_COMB                                                ;
;   9.502  ;   0.078  ;    ; RE   ; 1      ; LE_BUFFER_X109_Y22_N0_I17          ; LE_BUFFER                                                      ;
;   9.688  ;   0.186  ;    ; RE   ; 1      ; R4_X106_Y22_N0_I28                 ; H_SEG4                                                         ;
;   9.974  ;   0.286  ;    ; RE   ; 1      ; C4_X107_Y18_N0_I20                 ; V_SEG4                                                         ;
;   10.344 ;   0.370  ;    ; RE   ; 2      ; LOCAL_INTERCONNECT_X108_Y18_N0_I36 ; LAB_LINE                                                       ;
;   10.344 ;   0.000  ; FF ; IC   ; 1      ; LCCOMB_X108_Y18_N12                ; ula|selecao|sum_bit_4~1|datac                                  ;
;   10.624 ;   0.280  ; FF ; CELL ; 1      ; LCCOMB_X108_Y18_N12                ; ula|selecao|sum_bit_4~1|combout                                ;
;   10.643 ;   0.019  ;    ; RE   ; 1      ; LCCOMB_X108_Y18_N12                ; CUDA_LCELL_COMB                                                ;
;   10.907 ;   0.264  ;    ; RE   ; 1      ; LOCAL_LINE_X108_Y18_N0_I6          ; LOCAL_LINE                                                     ;
;   10.907 ;   0.000  ; FF ; IC   ; 1      ; LCCOMB_X108_Y18_N22                ; ula|selecao|sum_bit_4~3|dataa                                  ;
;   11.331 ;   0.424  ; FF ; CELL ; 11     ; LCCOMB_X108_Y18_N22                ; ula|selecao|sum_bit_4~3|combout                                ;
;   11.347 ;   0.016  ;    ; RE   ; 1      ; LCCOMB_X108_Y18_N22                ; CUDA_LCELL_COMB                                                ;
;   11.428 ;   0.081  ;    ; RE   ; 2      ; LE_BUFFER_X108_Y18_N0_I23          ; LE_BUFFER                                                      ;
;   11.683 ;   0.255  ;    ; RE   ; 2      ; C4_X108_Y19_N0_I9                  ; V_SEG4                                                         ;
;   12.162 ;   0.479  ;    ; RE   ; 5      ; LOCAL_INTERCONNECT_X109_Y22_N0_I26 ; LAB_LINE                                                       ;
;   12.161 ;   -0.001 ; FF ; IC   ; 1      ; LCCOMB_X109_Y22_N18                ; display_f|convert_mag|subtract_tens|fa_3|fa_xor_pcin~0|datab   ;
;   12.584 ;   0.423  ; FR ; CELL ; 5      ; LCCOMB_X109_Y22_N18                ; display_f|convert_mag|subtract_tens|fa_3|fa_xor_pcin~0|combout ;
;   12.622 ;   0.038  ;    ; RE   ; 2      ; LCCOMB_X109_Y22_N18                ; CUDA_LCELL_COMB                                                ;
;   12.713 ;   0.091  ;    ; RE   ; 1      ; LE_BUFFER_X109_Y22_N0_I19          ; LE_BUFFER                                                      ;
;   13.025 ;   0.312  ;    ; RE   ; 2      ; C4_X109_Y23_N0_I7                  ; V_SEG4                                                         ;
;   13.277 ;   0.252  ;    ; RE   ; 1      ; R4_X106_Y26_N0_I28                 ; H_SEG4                                                         ;
;   13.591 ;   0.314  ;    ; RE   ; 1      ; LOCAL_INTERCONNECT_X109_Y26_N0_I36 ; LAB_LINE                                                       ;
;   13.590 ;   -0.001 ; RR ; IC   ; 1      ; LCCOMB_X109_Y26_N30                ; display_f|mask_uni_6~5|dataa                                   ;
;   14.007 ;   0.417  ; RR ; CELL ; 3      ; LCCOMB_X109_Y26_N30                ; display_f|mask_uni_6~5|combout                                 ;
;   14.034 ;   0.027  ;    ; RE   ; 1      ; LCCOMB_X109_Y26_N30                ; CUDA_LCELL_COMB                                                ;
;   14.227 ;   0.193  ;    ; RE   ; 3      ; LOCAL_LINE_X109_Y26_N0_I15         ; LOCAL_LINE                                                     ;
;   14.227 ;   0.000  ; RR ; IC   ; 1      ; LCCOMB_X109_Y26_N24                ; display_f|mask_uni_1~0|datac                                   ;
;   14.497 ;   0.270  ; RF ; CELL ; 1      ; LCCOMB_X109_Y26_N24                ; display_f|mask_uni_1~0|combout                                 ;
;   14.513 ;   0.016  ;    ; RE   ; 1      ; LCCOMB_X109_Y26_N24                ; CUDA_LCELL_COMB                                                ;
;   14.586 ;   0.073  ;    ; RE   ; 1      ; LE_BUFFER_X109_Y26_N0_I25          ; LE_BUFFER                                                      ;
;   14.772 ;   0.186  ;    ; RE   ; 1      ; R4_X106_Y26_N0_I27                 ; H_SEG4                                                         ;
;   15.040 ;   0.268  ;    ; RE   ; 1      ; C4_X107_Y27_N0_I8                  ; V_SEG4                                                         ;
;   15.353 ;   0.313  ;    ; RE   ; 1      ; C4_X107_Y31_N0_I8                  ; V_SEG4                                                         ;
;   15.680 ;   0.327  ;    ; RE   ; 1      ; C4_X107_Y34_N0_I8                  ; V_SEG4                                                         ;
;   16.003 ;   0.323  ;    ; RE   ; 1      ; C4_X107_Y38_N0_I8                  ; V_SEG4                                                         ;
;   16.320 ;   0.317  ;    ; RE   ; 1      ; C4_X107_Y42_N0_I8                  ; V_SEG4                                                         ;
;   16.637 ;   0.317  ;    ; RE   ; 1      ; C4_X107_Y46_N0_I8                  ; V_SEG4                                                         ;
;   16.954 ;   0.317  ;    ; RE   ; 1      ; C4_X107_Y50_N0_I8                  ; V_SEG4                                                         ;
;   17.271 ;   0.317  ;    ; RE   ; 1      ; C4_X107_Y54_N0_I8                  ; V_SEG4                                                         ;
;   17.588 ;   0.317  ;    ; RE   ; 1      ; C4_X107_Y58_N0_I8                  ; V_SEG4                                                         ;
;   17.905 ;   0.317  ;    ; RE   ; 1      ; C4_X107_Y62_N0_I8                  ; V_SEG4                                                         ;
;   18.222 ;   0.317  ;    ; RE   ; 1      ; C4_X107_Y66_N0_I8                  ; V_SEG4                                                         ;
;   18.541 ;   0.319  ;    ; RE   ; 1      ; C4_X107_Y70_N0_I8                  ; V_SEG4                                                         ;
;   18.856 ;   0.315  ;    ; RE   ; 1      ; LOCAL_INTERCONNECT_X107_Y73_N0_I5  ; LAB_LINE                                                       ;
;   18.856 ;   0.000  ;    ; RE   ; 1      ; BLOCK_INPUT_MUX_X107_Y73_N0_I13    ; LEIM                                                           ;
;   18.853 ;   -0.003 ; FF ; IC   ; 1      ; IOOBUF_X107_Y73_N23                ; HEX0[1]~output|i                                               ;
;   23.135 ;   4.282  ; FF ; CELL ; 1      ; IOOBUF_X107_Y73_N23                ; HEX0[1]~output|o                                               ;
;   23.135 ;   0.000  ; FF ; CELL ; 0      ; PIN_F22                            ; HEX0[1]                                                        ;
+----------+----------+----+------+--------+------------------------------------+----------------------------------------------------------------+


Path #14: Delay is 23.132
===============================================================================
+---------------------+
; Path Summary        ;
+-----------+---------+
; Property  ; Value   ;
+-----------+---------+
; From Node ; SW[5]   ;
; To Node   ; HEX0[1] ;
; Delay     ; 23.132  ;
+-----------+---------+

+-------------------------------------------------------------------------------------+
; Statistics                                                                          ;
+------------------------+--------+-------+-------------+------------+--------+-------+
; Property               ; Value  ; Count ; Total Delay ; % of Total ; Min    ; Max   ;
+------------------------+--------+-------+-------------+------------+--------+-------+
; Data Delay             ; 23.132 ;       ;             ;            ;        ;       ;
; Number of Logic Levels ;        ; 10    ;             ;            ;        ;       ;
; Physical Delays        ;        ;       ;             ;            ;        ;       ;
;  IC                    ;        ; 11    ; 0.004       ; 0          ; -0.001 ; 0.003 ;
;  Cell                  ;        ; 12    ; 7.912       ; 34         ; 0.000  ; 4.220 ;
;  Routing Element       ;        ; 58    ; 15.216      ; 66         ; 0.000  ; 2.663 ;
+------------------------+--------+-------+-------------+------------+--------+-------+
Note: Negative delays are omitted from totals when calculating percentages

+----------------------------------------------------------------------------------------------------------------------------------+
; Data Arrival Path                                                                                                                ;
+----------+----------+----+------+--------+------------------------------------+--------------------------------------------------+
; Total    ; Incr     ; RF ; Type ; Fanout ; Location                           ; Element                                          ;
+----------+----------+----+------+--------+------------------------------------+--------------------------------------------------+
; 23.132   ; 23.132   ;    ;      ;        ;                                    ; data path                                        ;
;   0.000  ;   0.000  ;    ;      ; 1      ; PIN_AC26                           ; SW[5]                                            ;
;   0.000  ;   0.000  ;    ; RE   ; 1      ; IOPAD_X115_Y11_N7                  ; CUDA_IO_PAD                                      ;
;   0.000  ;   0.000  ; FF ; IC   ; 1      ; IOIBUF_X115_Y11_N8                 ; SW[5]~input|i                                    ;
;   0.796  ;   0.796  ; FF ; CELL ; 19     ; IOIBUF_X115_Y11_N8                 ; SW[5]~input|o                                    ;
;   3.459  ;   2.663  ;    ; RE   ; 1      ; IOIBUF_X115_Y11_N8                 ; CUDA_IO_IBUF                                     ;
;   3.505  ;   0.046  ;    ; RE   ; 1      ; IO_DATAIN_X115_Y11_N1_I0           ; IO_DATAIN                                        ;
;   3.716  ;   0.211  ;    ; RE   ; 1      ; R24_X105_Y11_N0_I0                 ; H_SEG24                                          ;
;   4.065  ;   0.349  ;    ; RE   ; 2      ; C16_X104_Y12_N0_I0                 ; V_SEG16                                          ;
;   4.370  ;   0.305  ;    ; RE   ; 1      ; R4_X105_Y22_N0_I4                  ; H_SEG4                                           ;
;   4.588  ;   0.218  ;    ; RE   ; 4      ; R4_X108_Y22_N0_I7                  ; H_SEG4                                           ;
;   4.893  ;   0.305  ;    ; RE   ; 1      ; C4_X109_Y18_N0_I17                 ; V_SEG4                                           ;
;   5.204  ;   0.311  ;    ; RE   ; 1      ; C4_X109_Y15_N0_I17                 ; V_SEG4                                           ;
;   5.725  ;   0.521  ;    ; RE   ; 13     ; LOCAL_INTERCONNECT_X110_Y16_N0_I33 ; LAB_LINE                                         ;
;   5.727  ;   0.002  ; FF ; IC   ; 1      ; LCCOMB_X110_Y16_N26                ; ula|conv_b|fa_1|fa_and_pcin~0|datad              ;
;   5.852  ;   0.125  ; FF ; CELL ; 6      ; LCCOMB_X110_Y16_N26                ; ula|conv_b|fa_1|fa_and_pcin~0|combout            ;
;   5.868  ;   0.016  ;    ; RE   ; 1      ; LCCOMB_X110_Y16_N26                ; CUDA_LCELL_COMB                                  ;
;   5.940  ;   0.072  ;    ; RE   ; 1      ; LE_BUFFER_X110_Y16_N0_I27          ; LE_BUFFER                                        ;
;   6.120  ;   0.180  ;    ; RE   ; 2      ; R4_X107_Y16_N0_I30                 ; H_SEG4                                           ;
;   6.380  ;   0.260  ;    ; RE   ; 1      ; C4_X109_Y17_N0_I10                 ; V_SEG4                                           ;
;   6.879  ;   0.499  ;    ; RE   ; 5      ; LOCAL_INTERCONNECT_X109_Y18_N0_I2  ; LAB_LINE                                         ;
;   6.879  ;   0.000  ; FF ; IC   ; 1      ; LCCOMB_X109_Y18_N18                ; ula|conv_b|fa_3|fa_xor_pcin|dataa                ;
;   7.270  ;   0.391  ; FR ; CELL ; 4      ; LCCOMB_X109_Y18_N18                ; ula|conv_b|fa_3|fa_xor_pcin|combout              ;
;   7.294  ;   0.024  ;    ; RE   ; 1      ; LCCOMB_X109_Y18_N18                ; CUDA_LCELL_COMB                                  ;
;   7.370  ;   0.076  ;    ; RE   ; 1      ; LE_BUFFER_X109_Y18_N0_I19          ; LE_BUFFER                                        ;
;   7.597  ;   0.227  ;    ; RE   ; 2      ; R4_X106_Y18_N0_I26                 ; H_SEG4                                           ;
;   7.956  ;   0.359  ;    ; RE   ; 2      ; LOCAL_INTERCONNECT_X108_Y18_N0_I34 ; LAB_LINE                                         ;
;   7.956  ;   0.000  ; RR ; IC   ; 1      ; LCCOMB_X108_Y18_N24                ; ula|aritmetica|soma_sub|fa_3|fa_xor_pcin|dataa   ;
;   8.393  ;   0.437  ; RF ; CELL ; 2      ; LCCOMB_X108_Y18_N24                ; ula|aritmetica|soma_sub|fa_3|fa_xor_pcin|combout ;
;   8.409  ;   0.016  ;    ; RE   ; 1      ; LCCOMB_X108_Y18_N24                ; CUDA_LCELL_COMB                                  ;
;   8.489  ;   0.080  ;    ; RE   ; 1      ; LE_BUFFER_X108_Y18_N0_I25          ; LE_BUFFER                                        ;
;   8.738  ;   0.249  ;    ; RE   ; 1      ; C4_X108_Y19_N0_I10                 ; V_SEG4                                           ;
;   9.137  ;   0.399  ;    ; RE   ; 2      ; LOCAL_INTERCONNECT_X109_Y22_N0_I37 ; LAB_LINE                                         ;
;   9.137  ;   0.000  ; FF ; IC   ; 1      ; LCCOMB_X109_Y22_N16                ; ula|selecao|sum_bit_5~1|datac                    ;
;   9.398  ;   0.261  ; FR ; CELL ; 2      ; LCCOMB_X109_Y22_N16                ; ula|selecao|sum_bit_5~1|combout                  ;
;   9.422  ;   0.024  ;    ; RE   ; 1      ; LCCOMB_X109_Y22_N16                ; CUDA_LCELL_COMB                                  ;
;   9.504  ;   0.082  ;    ; RE   ; 1      ; LE_BUFFER_X109_Y22_N0_I17          ; LE_BUFFER                                        ;
;   9.719  ;   0.215  ;    ; RE   ; 1      ; R4_X106_Y22_N0_I28                 ; H_SEG4                                           ;
;   10.060 ;   0.341  ;    ; RE   ; 1      ; C4_X107_Y18_N0_I20                 ; V_SEG4                                           ;
;   10.357 ;   0.297  ;    ; RE   ; 2      ; LOCAL_INTERCONNECT_X108_Y18_N0_I36 ; LAB_LINE                                         ;
;   10.357 ;   0.000  ; RR ; IC   ; 1      ; LCCOMB_X108_Y18_N12                ; ula|selecao|sum_bit_4~1|datac                    ;
;   10.644 ;   0.287  ; RR ; CELL ; 1      ; LCCOMB_X108_Y18_N12                ; ula|selecao|sum_bit_4~1|combout                  ;
;   10.671 ;   0.027  ;    ; RE   ; 1      ; LCCOMB_X108_Y18_N12                ; CUDA_LCELL_COMB                                  ;
;   10.885 ;   0.214  ;    ; RE   ; 1      ; LOCAL_LINE_X108_Y18_N0_I6          ; LOCAL_LINE                                       ;
;   10.885 ;   0.000  ; RR ; IC   ; 1      ; LCCOMB_X108_Y18_N22                ; ula|selecao|sum_bit_4~3|dataa                    ;
;   11.302 ;   0.417  ; RR ; CELL ; 11     ; LCCOMB_X108_Y18_N22                ; ula|selecao|sum_bit_4~3|combout                  ;
;   11.326 ;   0.024  ;    ; RE   ; 1      ; LCCOMB_X108_Y18_N22                ; CUDA_LCELL_COMB                                  ;
;   11.409 ;   0.083  ;    ; RE   ; 2      ; LE_BUFFER_X108_Y18_N0_I23          ; LE_BUFFER                                        ;
;   11.722 ;   0.313  ;    ; RE   ; 2      ; C4_X108_Y19_N0_I9                  ; V_SEG4                                           ;
;   12.058 ;   0.336  ;    ; RE   ; 1      ; C4_X108_Y22_N0_I9                  ; V_SEG4                                           ;
;   12.492 ;   0.434  ;    ; RE   ; 5      ; LOCAL_INTERCONNECT_X108_Y23_N0_I14 ; LAB_LINE                                         ;
;   12.491 ;   -0.001 ; RR ; IC   ; 1      ; LCCOMB_X108_Y23_N24                ; display_f|mask_uni_6~3|dataa                     ;
;   12.928 ;   0.437  ; RF ; CELL ; 2      ; LCCOMB_X108_Y23_N24                ; display_f|mask_uni_6~3|combout                   ;
;   12.944 ;   0.016  ;    ; RE   ; 1      ; LCCOMB_X108_Y23_N24                ; CUDA_LCELL_COMB                                  ;
;   13.018 ;   0.074  ;    ; RE   ; 1      ; LE_BUFFER_X108_Y23_N0_I25          ; LE_BUFFER                                        ;
;   13.264 ;   0.246  ;    ; RE   ; 1      ; C4_X108_Y24_N0_I10                 ; V_SEG4                                           ;
;   13.659 ;   0.395  ;    ; RE   ; 2      ; LOCAL_INTERCONNECT_X109_Y26_N0_I37 ; LAB_LINE                                         ;
;   13.659 ;   0.000  ; FF ; IC   ; 1      ; LCCOMB_X109_Y26_N30                ; display_f|mask_uni_6~5|datac                     ;
;   13.939 ;   0.280  ; FF ; CELL ; 3      ; LCCOMB_X109_Y26_N30                ; display_f|mask_uni_6~5|combout                   ;
;   13.958 ;   0.019  ;    ; RE   ; 1      ; LCCOMB_X109_Y26_N30                ; CUDA_LCELL_COMB                                  ;
;   14.199 ;   0.241  ;    ; RE   ; 3      ; LOCAL_LINE_X109_Y26_N0_I15         ; LOCAL_LINE                                       ;
;   14.199 ;   0.000  ; FF ; IC   ; 1      ; LCCOMB_X109_Y26_N24                ; display_f|mask_uni_1~0|datac                     ;
;   14.460 ;   0.261  ; FR ; CELL ; 1      ; LCCOMB_X109_Y26_N24                ; display_f|mask_uni_1~0|combout                   ;
;   14.484 ;   0.024  ;    ; RE   ; 1      ; LCCOMB_X109_Y26_N24                ; CUDA_LCELL_COMB                                  ;
;   14.561 ;   0.077  ;    ; RE   ; 1      ; LE_BUFFER_X109_Y26_N0_I25          ; LE_BUFFER                                        ;
;   14.780 ;   0.219  ;    ; RE   ; 1      ; R4_X106_Y26_N0_I27                 ; H_SEG4                                           ;
;   15.091 ;   0.311  ;    ; RE   ; 1      ; C4_X107_Y27_N0_I8                  ; V_SEG4                                           ;
;   15.410 ;   0.319  ;    ; RE   ; 1      ; C4_X107_Y31_N0_I8                  ; V_SEG4                                           ;
;   15.746 ;   0.336  ;    ; RE   ; 1      ; C4_X107_Y34_N0_I8                  ; V_SEG4                                           ;
;   16.069 ;   0.323  ;    ; RE   ; 1      ; C4_X107_Y38_N0_I8                  ; V_SEG4                                           ;
;   16.391 ;   0.322  ;    ; RE   ; 1      ; C4_X107_Y42_N0_I8                  ; V_SEG4                                           ;
;   16.713 ;   0.322  ;    ; RE   ; 1      ; C4_X107_Y46_N0_I8                  ; V_SEG4                                           ;
;   17.035 ;   0.322  ;    ; RE   ; 1      ; C4_X107_Y50_N0_I8                  ; V_SEG4                                           ;
;   17.357 ;   0.322  ;    ; RE   ; 1      ; C4_X107_Y54_N0_I8                  ; V_SEG4                                           ;
;   17.679 ;   0.322  ;    ; RE   ; 1      ; C4_X107_Y58_N0_I8                  ; V_SEG4                                           ;
;   18.001 ;   0.322  ;    ; RE   ; 1      ; C4_X107_Y62_N0_I8                  ; V_SEG4                                           ;
;   18.323 ;   0.322  ;    ; RE   ; 1      ; C4_X107_Y66_N0_I8                  ; V_SEG4                                           ;
;   18.651 ;   0.328  ;    ; RE   ; 1      ; C4_X107_Y70_N0_I8                  ; V_SEG4                                           ;
;   18.909 ;   0.258  ;    ; RE   ; 1      ; LOCAL_INTERCONNECT_X107_Y73_N0_I5  ; LAB_LINE                                         ;
;   18.909 ;   0.000  ;    ; RE   ; 1      ; BLOCK_INPUT_MUX_X107_Y73_N0_I13    ; LEIM                                             ;
;   18.912 ;   0.003  ; RR ; IC   ; 1      ; IOOBUF_X107_Y73_N23                ; HEX0[1]~output|i                                 ;
;   23.132 ;   4.220  ; RR ; CELL ; 1      ; IOOBUF_X107_Y73_N23                ; HEX0[1]~output|o                                 ;
;   23.132 ;   0.000  ; RR ; CELL ; 0      ; PIN_F22                            ; HEX0[1]                                          ;
+----------+----------+----+------+--------+------------------------------------+--------------------------------------------------+


Path #15: Delay is 23.112
===============================================================================
+---------------------+
; Path Summary        ;
+-----------+---------+
; Property  ; Value   ;
+-----------+---------+
; From Node ; SW[6]   ;
; To Node   ; HEX0[1] ;
; Delay     ; 23.112  ;
+-----------+---------+

+-------------------------------------------------------------------------------------+
; Statistics                                                                          ;
+------------------------+--------+-------+-------------+------------+--------+-------+
; Property               ; Value  ; Count ; Total Delay ; % of Total ; Min    ; Max   ;
+------------------------+--------+-------+-------------+------------+--------+-------+
; Data Delay             ; 23.112 ;       ;             ;            ;        ;       ;
; Number of Logic Levels ;        ; 11    ;             ;            ;        ;       ;
; Physical Delays        ;        ;       ;             ;            ;        ;       ;
;  IC                    ;        ; 12    ; -0.004      ; 0          ; -0.003 ; 0.001 ;
;  Cell                  ;        ; 13    ; 8.615       ; 37         ; 0.000  ; 4.282 ;
;  Routing Element       ;        ; 56    ; 14.501      ; 63         ; 0.000  ; 2.663 ;
+------------------------+--------+-------+-------------+------------+--------+-------+
Note: Negative delays are omitted from totals when calculating percentages

+------------------------------------------------------------------------------------------------------------------------------------+
; Data Arrival Path                                                                                                                  ;
+----------+----------+----+------+--------+------------------------------------+----------------------------------------------------+
; Total    ; Incr     ; RF ; Type ; Fanout ; Location                           ; Element                                            ;
+----------+----------+----+------+--------+------------------------------------+----------------------------------------------------+
; 23.112   ; 23.112   ;    ;      ;        ;                                    ; data path                                          ;
;   0.000  ;   0.000  ;    ;      ; 1      ; PIN_AD26                           ; SW[6]                                              ;
;   0.000  ;   0.000  ;    ; RE   ; 1      ; IOPAD_X115_Y10_N0                  ; CUDA_IO_PAD                                        ;
;   0.000  ;   0.000  ; FF ; IC   ; 1      ; IOIBUF_X115_Y10_N1                 ; SW[6]~input|i                                      ;
;   0.806  ;   0.806  ; FF ; CELL ; 15     ; IOIBUF_X115_Y10_N1                 ; SW[6]~input|o                                      ;
;   3.469  ;   2.663  ;    ; RE   ; 1      ; IOIBUF_X115_Y10_N1                 ; CUDA_IO_IBUF                                       ;
;   3.515  ;   0.046  ;    ; RE   ; 1      ; IO_DATAIN_X115_Y10_N0_I1           ; IO_DATAIN                                          ;
;   3.782  ;   0.267  ;    ; RE   ; 2      ; R24_X96_Y10_N0_I0                  ; H_SEG24                                            ;
;   4.168  ;   0.386  ;    ; RE   ; 1      ; C16_X110_Y11_N0_I0                 ; V_SEG16                                            ;
;   4.480  ;   0.312  ;    ; RE   ; 2      ; R4_X107_Y18_N0_I31                 ; H_SEG4                                             ;
;   4.741  ;   0.261  ;    ; RE   ; 1      ; C4_X109_Y14_N0_I22                 ; V_SEG4                                             ;
;   5.205  ;   0.464  ;    ; RE   ; 10     ; LOCAL_INTERCONNECT_X110_Y16_N0_I36 ; LAB_LINE                                           ;
;   5.205  ;   0.000  ; FF ; IC   ; 1      ; LCCOMB_X110_Y16_N12                ; ula|conv_b|fa_1|fa_xor_pcin~0|datac                ;
;   5.486  ;   0.281  ; FF ; CELL ; 4      ; LCCOMB_X110_Y16_N12                ; ula|conv_b|fa_1|fa_xor_pcin~0|combout              ;
;   5.519  ;   0.033  ;    ; RE   ; 2      ; LCCOMB_X110_Y16_N12                ; CUDA_LCELL_COMB                                    ;
;   5.821  ;   0.302  ;    ; RE   ; 3      ; LOCAL_LINE_X110_Y16_N0_I6          ; LOCAL_LINE                                         ;
;   5.821  ;   0.000  ; FF ; IC   ; 1      ; LCCOMB_X110_Y16_N22                ; ula|aritmetica|soma_sub|fa_1|fa_or_carry~0|dataa   ;
;   6.245  ;   0.424  ; FF ; CELL ; 2      ; LCCOMB_X110_Y16_N22                ; ula|aritmetica|soma_sub|fa_1|fa_or_carry~0|combout ;
;   6.261  ;   0.016  ;    ; RE   ; 1      ; LCCOMB_X110_Y16_N22                ; CUDA_LCELL_COMB                                    ;
;   6.333  ;   0.072  ;    ; RE   ; 1      ; LE_BUFFER_X110_Y16_N0_I23          ; LE_BUFFER                                          ;
;   6.519  ;   0.186  ;    ; RE   ; 1      ; R4_X107_Y16_N0_I28                 ; H_SEG4                                             ;
;   6.798  ;   0.279  ;    ; RE   ; 1      ; C4_X107_Y17_N0_I8                  ; V_SEG4                                             ;
;   7.246  ;   0.448  ;    ; RE   ; 2      ; LOCAL_INTERCONNECT_X108_Y18_N0_I19 ; LAB_LINE                                           ;
;   7.245  ;   -0.001 ; FF ; IC   ; 1      ; LCCOMB_X108_Y18_N16                ; ula|aritmetica|soma_sub|fa_2|fa_or_carry~0|dataa   ;
;   7.669  ;   0.424  ; FF ; CELL ; 2      ; LCCOMB_X108_Y18_N16                ; ula|aritmetica|soma_sub|fa_2|fa_or_carry~0|combout ;
;   7.688  ;   0.019  ;    ; RE   ; 1      ; LCCOMB_X108_Y18_N16                ; CUDA_LCELL_COMB                                    ;
;   7.957  ;   0.269  ;    ; RE   ; 2      ; LOCAL_LINE_X108_Y18_N0_I8          ; LOCAL_LINE                                         ;
;   7.957  ;   0.000  ; FF ; IC   ; 1      ; LCCOMB_X108_Y18_N24                ; ula|aritmetica|soma_sub|fa_3|fa_xor_pcin|datab     ;
;   8.398  ;   0.441  ; FR ; CELL ; 2      ; LCCOMB_X108_Y18_N24                ; ula|aritmetica|soma_sub|fa_3|fa_xor_pcin|combout   ;
;   8.422  ;   0.024  ;    ; RE   ; 1      ; LCCOMB_X108_Y18_N24                ; CUDA_LCELL_COMB                                    ;
;   8.504  ;   0.082  ;    ; RE   ; 1      ; LE_BUFFER_X108_Y18_N0_I25          ; LE_BUFFER                                          ;
;   8.813  ;   0.309  ;    ; RE   ; 1      ; C4_X108_Y19_N0_I10                 ; V_SEG4                                             ;
;   9.140  ;   0.327  ;    ; RE   ; 2      ; LOCAL_INTERCONNECT_X109_Y22_N0_I37 ; LAB_LINE                                           ;
;   9.141  ;   0.001  ; RR ; IC   ; 1      ; LCCOMB_X109_Y22_N16                ; ula|selecao|sum_bit_5~1|datac                      ;
;   9.408  ;   0.267  ; RF ; CELL ; 2      ; LCCOMB_X109_Y22_N16                ; ula|selecao|sum_bit_5~1|combout                    ;
;   9.424  ;   0.016  ;    ; RE   ; 1      ; LCCOMB_X109_Y22_N16                ; CUDA_LCELL_COMB                                    ;
;   9.502  ;   0.078  ;    ; RE   ; 1      ; LE_BUFFER_X109_Y22_N0_I17          ; LE_BUFFER                                          ;
;   9.688  ;   0.186  ;    ; RE   ; 1      ; R4_X106_Y22_N0_I28                 ; H_SEG4                                             ;
;   9.974  ;   0.286  ;    ; RE   ; 1      ; C4_X107_Y18_N0_I20                 ; V_SEG4                                             ;
;   10.344 ;   0.370  ;    ; RE   ; 2      ; LOCAL_INTERCONNECT_X108_Y18_N0_I36 ; LAB_LINE                                           ;
;   10.344 ;   0.000  ; FF ; IC   ; 1      ; LCCOMB_X108_Y18_N12                ; ula|selecao|sum_bit_4~1|datac                      ;
;   10.624 ;   0.280  ; FF ; CELL ; 1      ; LCCOMB_X108_Y18_N12                ; ula|selecao|sum_bit_4~1|combout                    ;
;   10.643 ;   0.019  ;    ; RE   ; 1      ; LCCOMB_X108_Y18_N12                ; CUDA_LCELL_COMB                                    ;
;   10.907 ;   0.264  ;    ; RE   ; 1      ; LOCAL_LINE_X108_Y18_N0_I6          ; LOCAL_LINE                                         ;
;   10.907 ;   0.000  ; FF ; IC   ; 1      ; LCCOMB_X108_Y18_N22                ; ula|selecao|sum_bit_4~3|dataa                      ;
;   11.331 ;   0.424  ; FF ; CELL ; 11     ; LCCOMB_X108_Y18_N22                ; ula|selecao|sum_bit_4~3|combout                    ;
;   11.347 ;   0.016  ;    ; RE   ; 1      ; LCCOMB_X108_Y18_N22                ; CUDA_LCELL_COMB                                    ;
;   11.428 ;   0.081  ;    ; RE   ; 2      ; LE_BUFFER_X108_Y18_N0_I23          ; LE_BUFFER                                          ;
;   11.682 ;   0.254  ;    ; RE   ; 2      ; C4_X108_Y19_N0_I9                  ; V_SEG4                                             ;
;   12.014 ;   0.332  ;    ; RE   ; 1      ; C4_X108_Y22_N0_I9                  ; V_SEG4                                             ;
;   12.535 ;   0.521  ;    ; RE   ; 5      ; LOCAL_INTERCONNECT_X108_Y23_N0_I14 ; LAB_LINE                                           ;
;   12.534 ;   -0.001 ; FF ; IC   ; 1      ; LCCOMB_X108_Y23_N24                ; display_f|mask_uni_6~3|dataa                       ;
;   12.963 ;   0.429  ; FR ; CELL ; 2      ; LCCOMB_X108_Y23_N24                ; display_f|mask_uni_6~3|combout                     ;
;   12.987 ;   0.024  ;    ; RE   ; 1      ; LCCOMB_X108_Y23_N24                ; CUDA_LCELL_COMB                                    ;
;   13.064 ;   0.077  ;    ; RE   ; 1      ; LE_BUFFER_X108_Y23_N0_I25          ; LE_BUFFER                                          ;
;   13.372 ;   0.308  ;    ; RE   ; 1      ; C4_X108_Y24_N0_I10                 ; V_SEG4                                             ;
;   13.697 ;   0.325  ;    ; RE   ; 2      ; LOCAL_INTERCONNECT_X109_Y26_N0_I37 ; LAB_LINE                                           ;
;   13.697 ;   0.000  ; RR ; IC   ; 1      ; LCCOMB_X109_Y26_N30                ; display_f|mask_uni_6~5|datac                       ;
;   13.984 ;   0.287  ; RR ; CELL ; 3      ; LCCOMB_X109_Y26_N30                ; display_f|mask_uni_6~5|combout                     ;
;   14.011 ;   0.027  ;    ; RE   ; 1      ; LCCOMB_X109_Y26_N30                ; CUDA_LCELL_COMB                                    ;
;   14.204 ;   0.193  ;    ; RE   ; 3      ; LOCAL_LINE_X109_Y26_N0_I15         ; LOCAL_LINE                                         ;
;   14.204 ;   0.000  ; RR ; IC   ; 1      ; LCCOMB_X109_Y26_N24                ; display_f|mask_uni_1~0|datac                       ;
;   14.474 ;   0.270  ; RF ; CELL ; 1      ; LCCOMB_X109_Y26_N24                ; display_f|mask_uni_1~0|combout                     ;
;   14.490 ;   0.016  ;    ; RE   ; 1      ; LCCOMB_X109_Y26_N24                ; CUDA_LCELL_COMB                                    ;
;   14.563 ;   0.073  ;    ; RE   ; 1      ; LE_BUFFER_X109_Y26_N0_I25          ; LE_BUFFER                                          ;
;   14.749 ;   0.186  ;    ; RE   ; 1      ; R4_X106_Y26_N0_I27                 ; H_SEG4                                             ;
;   15.017 ;   0.268  ;    ; RE   ; 1      ; C4_X107_Y27_N0_I8                  ; V_SEG4                                             ;
;   15.330 ;   0.313  ;    ; RE   ; 1      ; C4_X107_Y31_N0_I8                  ; V_SEG4                                             ;
;   15.657 ;   0.327  ;    ; RE   ; 1      ; C4_X107_Y34_N0_I8                  ; V_SEG4                                             ;
;   15.980 ;   0.323  ;    ; RE   ; 1      ; C4_X107_Y38_N0_I8                  ; V_SEG4                                             ;
;   16.297 ;   0.317  ;    ; RE   ; 1      ; C4_X107_Y42_N0_I8                  ; V_SEG4                                             ;
;   16.614 ;   0.317  ;    ; RE   ; 1      ; C4_X107_Y46_N0_I8                  ; V_SEG4                                             ;
;   16.931 ;   0.317  ;    ; RE   ; 1      ; C4_X107_Y50_N0_I8                  ; V_SEG4                                             ;
;   17.248 ;   0.317  ;    ; RE   ; 1      ; C4_X107_Y54_N0_I8                  ; V_SEG4                                             ;
;   17.565 ;   0.317  ;    ; RE   ; 1      ; C4_X107_Y58_N0_I8                  ; V_SEG4                                             ;
;   17.882 ;   0.317  ;    ; RE   ; 1      ; C4_X107_Y62_N0_I8                  ; V_SEG4                                             ;
;   18.199 ;   0.317  ;    ; RE   ; 1      ; C4_X107_Y66_N0_I8                  ; V_SEG4                                             ;
;   18.518 ;   0.319  ;    ; RE   ; 1      ; C4_X107_Y70_N0_I8                  ; V_SEG4                                             ;
;   18.833 ;   0.315  ;    ; RE   ; 1      ; LOCAL_INTERCONNECT_X107_Y73_N0_I5  ; LAB_LINE                                           ;
;   18.833 ;   0.000  ;    ; RE   ; 1      ; BLOCK_INPUT_MUX_X107_Y73_N0_I13    ; LEIM                                               ;
;   18.830 ;   -0.003 ; FF ; IC   ; 1      ; IOOBUF_X107_Y73_N23                ; HEX0[1]~output|i                                   ;
;   23.112 ;   4.282  ; FF ; CELL ; 1      ; IOOBUF_X107_Y73_N23                ; HEX0[1]~output|o                                   ;
;   23.112 ;   0.000  ; FF ; CELL ; 0      ; PIN_F22                            ; HEX0[1]                                            ;
+----------+----------+----+------+--------+------------------------------------+----------------------------------------------------+


Path #16: Delay is 23.084
===============================================================================
+---------------------+
; Path Summary        ;
+-----------+---------+
; Property  ; Value   ;
+-----------+---------+
; From Node ; SW[10]  ;
; To Node   ; HEX0[1] ;
; Delay     ; 23.084  ;
+-----------+---------+

+-------------------------------------------------------------------------------------+
; Statistics                                                                          ;
+------------------------+--------+-------+-------------+------------+--------+-------+
; Property               ; Value  ; Count ; Total Delay ; % of Total ; Min    ; Max   ;
+------------------------+--------+-------+-------------+------------+--------+-------+
; Data Delay             ; 23.084 ;       ;             ;            ;        ;       ;
; Number of Logic Levels ;        ; 11    ;             ;            ;        ;       ;
; Physical Delays        ;        ;       ;             ;            ;        ;       ;
;  IC                    ;        ; 12    ; -0.005      ; 0          ; -0.003 ; 0.001 ;
;  Cell                  ;        ; 13    ; 8.710       ; 38         ; 0.000  ; 4.282 ;
;  Routing Element       ;        ; 57    ; 14.379      ; 62         ; 0.000  ; 2.663 ;
+------------------------+--------+-------+-------------+------------+--------+-------+
Note: Negative delays are omitted from totals when calculating percentages

+------------------------------------------------------------------------------------------------------------------------------------------------+
; Data Arrival Path                                                                                                                              ;
+----------+----------+----+------+--------+------------------------------------+----------------------------------------------------------------+
; Total    ; Incr     ; RF ; Type ; Fanout ; Location                           ; Element                                                        ;
+----------+----------+----+------+--------+------------------------------------+----------------------------------------------------------------+
; 23.084   ; 23.084   ;    ;      ;        ;                                    ; data path                                                      ;
;   0.000  ;   0.000  ;    ;      ; 1      ; PIN_AC24                           ; SW[10]                                                         ;
;   0.000  ;   0.000  ;    ; RE   ; 1      ; IOPAD_X115_Y4_N14                  ; CUDA_IO_PAD                                                    ;
;   0.000  ;   0.000  ; FF ; IC   ; 1      ; IOIBUF_X115_Y4_N15                 ; SW[10]~input|i                                                 ;
;   0.776  ;   0.776  ; FF ; CELL ; 16     ; IOIBUF_X115_Y4_N15                 ; SW[10]~input|o                                                 ;
;   3.439  ;   2.663  ;    ; RE   ; 1      ; IOIBUF_X115_Y4_N15                 ; CUDA_IO_IBUF                                                   ;
;   3.490  ;   0.051  ;    ; RE   ; 1      ; IO_DATAIN_X115_Y4_N2_I0            ; IO_DATAIN                                                      ;
;   3.704  ;   0.214  ;    ; RE   ; 2      ; R24_X105_Y4_N0_I0                  ; H_SEG24                                                        ;
;   4.060  ;   0.356  ;    ; RE   ; 1      ; C16_X111_Y5_N0_I0                  ; V_SEG16                                                        ;
;   4.377  ;   0.317  ;    ; RE   ; 3      ; R4_X108_Y18_N0_I17                 ; H_SEG4                                                         ;
;   4.664  ;   0.287  ;    ; RE   ; 1      ; C4_X110_Y14_N0_I12                 ; V_SEG4                                                         ;
;   5.090  ;   0.426  ;    ; RE   ; 3      ; LOCAL_INTERCONNECT_X110_Y16_N0_I13 ; LAB_LINE                                                       ;
;   5.090  ;   0.000  ; FF ; IC   ; 1      ; LCCOMB_X110_Y16_N6                 ; ula|aritmetica|soma_sub|fa_0|fa_or_carry~0|datab               ;
;   5.515  ;   0.425  ; FF ; CELL ; 2      ; LCCOMB_X110_Y16_N6                 ; ula|aritmetica|soma_sub|fa_0|fa_or_carry~0|combout             ;
;   5.531  ;   0.016  ;    ; RE   ; 1      ; LCCOMB_X110_Y16_N6                 ; CUDA_LCELL_COMB                                                ;
;   5.607  ;   0.076  ;    ; RE   ; 1      ; LE_BUFFER_X110_Y16_N0_I7           ; LE_BUFFER                                                      ;
;   5.913  ;   0.306  ;    ; RE   ; 2      ; LOCAL_INTERCONNECT_X110_Y16_N0_I31 ; LAB_LINE                                                       ;
;   5.913  ;   0.000  ; FF ; IC   ; 1      ; LCCOMB_X110_Y16_N22                ; ula|aritmetica|soma_sub|fa_1|fa_or_carry~0|datac               ;
;   6.194  ;   0.281  ; FF ; CELL ; 2      ; LCCOMB_X110_Y16_N22                ; ula|aritmetica|soma_sub|fa_1|fa_or_carry~0|combout             ;
;   6.210  ;   0.016  ;    ; RE   ; 1      ; LCCOMB_X110_Y16_N22                ; CUDA_LCELL_COMB                                                ;
;   6.282  ;   0.072  ;    ; RE   ; 1      ; LE_BUFFER_X110_Y16_N0_I23          ; LE_BUFFER                                                      ;
;   6.468  ;   0.186  ;    ; RE   ; 1      ; R4_X107_Y16_N0_I28                 ; H_SEG4                                                         ;
;   6.747  ;   0.279  ;    ; RE   ; 1      ; C4_X107_Y17_N0_I8                  ; V_SEG4                                                         ;
;   7.195  ;   0.448  ;    ; RE   ; 2      ; LOCAL_INTERCONNECT_X108_Y18_N0_I19 ; LAB_LINE                                                       ;
;   7.194  ;   -0.001 ; FF ; IC   ; 1      ; LCCOMB_X108_Y18_N16                ; ula|aritmetica|soma_sub|fa_2|fa_or_carry~0|dataa               ;
;   7.618  ;   0.424  ; FF ; CELL ; 2      ; LCCOMB_X108_Y18_N16                ; ula|aritmetica|soma_sub|fa_2|fa_or_carry~0|combout             ;
;   7.637  ;   0.019  ;    ; RE   ; 1      ; LCCOMB_X108_Y18_N16                ; CUDA_LCELL_COMB                                                ;
;   7.906  ;   0.269  ;    ; RE   ; 2      ; LOCAL_LINE_X108_Y18_N0_I8          ; LOCAL_LINE                                                     ;
;   7.906  ;   0.000  ; FF ; IC   ; 1      ; LCCOMB_X108_Y18_N24                ; ula|aritmetica|soma_sub|fa_3|fa_xor_pcin|datab                 ;
;   8.347  ;   0.441  ; FR ; CELL ; 2      ; LCCOMB_X108_Y18_N24                ; ula|aritmetica|soma_sub|fa_3|fa_xor_pcin|combout               ;
;   8.371  ;   0.024  ;    ; RE   ; 1      ; LCCOMB_X108_Y18_N24                ; CUDA_LCELL_COMB                                                ;
;   8.453  ;   0.082  ;    ; RE   ; 1      ; LE_BUFFER_X108_Y18_N0_I25          ; LE_BUFFER                                                      ;
;   8.762  ;   0.309  ;    ; RE   ; 1      ; C4_X108_Y19_N0_I10                 ; V_SEG4                                                         ;
;   9.089  ;   0.327  ;    ; RE   ; 2      ; LOCAL_INTERCONNECT_X109_Y22_N0_I37 ; LAB_LINE                                                       ;
;   9.090  ;   0.001  ; RR ; IC   ; 1      ; LCCOMB_X109_Y22_N16                ; ula|selecao|sum_bit_5~1|datac                                  ;
;   9.357  ;   0.267  ; RF ; CELL ; 2      ; LCCOMB_X109_Y22_N16                ; ula|selecao|sum_bit_5~1|combout                                ;
;   9.373  ;   0.016  ;    ; RE   ; 1      ; LCCOMB_X109_Y22_N16                ; CUDA_LCELL_COMB                                                ;
;   9.451  ;   0.078  ;    ; RE   ; 1      ; LE_BUFFER_X109_Y22_N0_I17          ; LE_BUFFER                                                      ;
;   9.637  ;   0.186  ;    ; RE   ; 1      ; R4_X106_Y22_N0_I28                 ; H_SEG4                                                         ;
;   9.923  ;   0.286  ;    ; RE   ; 1      ; C4_X107_Y18_N0_I20                 ; V_SEG4                                                         ;
;   10.293 ;   0.370  ;    ; RE   ; 2      ; LOCAL_INTERCONNECT_X108_Y18_N0_I36 ; LAB_LINE                                                       ;
;   10.293 ;   0.000  ; FF ; IC   ; 1      ; LCCOMB_X108_Y18_N12                ; ula|selecao|sum_bit_4~1|datac                                  ;
;   10.573 ;   0.280  ; FF ; CELL ; 1      ; LCCOMB_X108_Y18_N12                ; ula|selecao|sum_bit_4~1|combout                                ;
;   10.592 ;   0.019  ;    ; RE   ; 1      ; LCCOMB_X108_Y18_N12                ; CUDA_LCELL_COMB                                                ;
;   10.856 ;   0.264  ;    ; RE   ; 1      ; LOCAL_LINE_X108_Y18_N0_I6          ; LOCAL_LINE                                                     ;
;   10.856 ;   0.000  ; FF ; IC   ; 1      ; LCCOMB_X108_Y18_N22                ; ula|selecao|sum_bit_4~3|dataa                                  ;
;   11.280 ;   0.424  ; FF ; CELL ; 11     ; LCCOMB_X108_Y18_N22                ; ula|selecao|sum_bit_4~3|combout                                ;
;   11.296 ;   0.016  ;    ; RE   ; 1      ; LCCOMB_X108_Y18_N22                ; CUDA_LCELL_COMB                                                ;
;   11.377 ;   0.081  ;    ; RE   ; 2      ; LE_BUFFER_X108_Y18_N0_I23          ; LE_BUFFER                                                      ;
;   11.632 ;   0.255  ;    ; RE   ; 2      ; C4_X108_Y19_N0_I9                  ; V_SEG4                                                         ;
;   12.111 ;   0.479  ;    ; RE   ; 5      ; LOCAL_INTERCONNECT_X109_Y22_N0_I26 ; LAB_LINE                                                       ;
;   12.110 ;   -0.001 ; FF ; IC   ; 1      ; LCCOMB_X109_Y22_N18                ; display_f|convert_mag|subtract_tens|fa_3|fa_xor_pcin~0|datab   ;
;   12.533 ;   0.423  ; FR ; CELL ; 5      ; LCCOMB_X109_Y22_N18                ; display_f|convert_mag|subtract_tens|fa_3|fa_xor_pcin~0|combout ;
;   12.571 ;   0.038  ;    ; RE   ; 2      ; LCCOMB_X109_Y22_N18                ; CUDA_LCELL_COMB                                                ;
;   12.662 ;   0.091  ;    ; RE   ; 1      ; LE_BUFFER_X109_Y22_N0_I19          ; LE_BUFFER                                                      ;
;   12.974 ;   0.312  ;    ; RE   ; 2      ; C4_X109_Y23_N0_I7                  ; V_SEG4                                                         ;
;   13.226 ;   0.252  ;    ; RE   ; 1      ; R4_X106_Y26_N0_I28                 ; H_SEG4                                                         ;
;   13.540 ;   0.314  ;    ; RE   ; 1      ; LOCAL_INTERCONNECT_X109_Y26_N0_I36 ; LAB_LINE                                                       ;
;   13.539 ;   -0.001 ; RR ; IC   ; 1      ; LCCOMB_X109_Y26_N30                ; display_f|mask_uni_6~5|dataa                                   ;
;   13.956 ;   0.417  ; RR ; CELL ; 3      ; LCCOMB_X109_Y26_N30                ; display_f|mask_uni_6~5|combout                                 ;
;   13.983 ;   0.027  ;    ; RE   ; 1      ; LCCOMB_X109_Y26_N30                ; CUDA_LCELL_COMB                                                ;
;   14.176 ;   0.193  ;    ; RE   ; 3      ; LOCAL_LINE_X109_Y26_N0_I15         ; LOCAL_LINE                                                     ;
;   14.176 ;   0.000  ; RR ; IC   ; 1      ; LCCOMB_X109_Y26_N24                ; display_f|mask_uni_1~0|datac                                   ;
;   14.446 ;   0.270  ; RF ; CELL ; 1      ; LCCOMB_X109_Y26_N24                ; display_f|mask_uni_1~0|combout                                 ;
;   14.462 ;   0.016  ;    ; RE   ; 1      ; LCCOMB_X109_Y26_N24                ; CUDA_LCELL_COMB                                                ;
;   14.535 ;   0.073  ;    ; RE   ; 1      ; LE_BUFFER_X109_Y26_N0_I25          ; LE_BUFFER                                                      ;
;   14.721 ;   0.186  ;    ; RE   ; 1      ; R4_X106_Y26_N0_I27                 ; H_SEG4                                                         ;
;   14.989 ;   0.268  ;    ; RE   ; 1      ; C4_X107_Y27_N0_I8                  ; V_SEG4                                                         ;
;   15.302 ;   0.313  ;    ; RE   ; 1      ; C4_X107_Y31_N0_I8                  ; V_SEG4                                                         ;
;   15.629 ;   0.327  ;    ; RE   ; 1      ; C4_X107_Y34_N0_I8                  ; V_SEG4                                                         ;
;   15.952 ;   0.323  ;    ; RE   ; 1      ; C4_X107_Y38_N0_I8                  ; V_SEG4                                                         ;
;   16.269 ;   0.317  ;    ; RE   ; 1      ; C4_X107_Y42_N0_I8                  ; V_SEG4                                                         ;
;   16.586 ;   0.317  ;    ; RE   ; 1      ; C4_X107_Y46_N0_I8                  ; V_SEG4                                                         ;
;   16.903 ;   0.317  ;    ; RE   ; 1      ; C4_X107_Y50_N0_I8                  ; V_SEG4                                                         ;
;   17.220 ;   0.317  ;    ; RE   ; 1      ; C4_X107_Y54_N0_I8                  ; V_SEG4                                                         ;
;   17.537 ;   0.317  ;    ; RE   ; 1      ; C4_X107_Y58_N0_I8                  ; V_SEG4                                                         ;
;   17.854 ;   0.317  ;    ; RE   ; 1      ; C4_X107_Y62_N0_I8                  ; V_SEG4                                                         ;
;   18.171 ;   0.317  ;    ; RE   ; 1      ; C4_X107_Y66_N0_I8                  ; V_SEG4                                                         ;
;   18.490 ;   0.319  ;    ; RE   ; 1      ; C4_X107_Y70_N0_I8                  ; V_SEG4                                                         ;
;   18.805 ;   0.315  ;    ; RE   ; 1      ; LOCAL_INTERCONNECT_X107_Y73_N0_I5  ; LAB_LINE                                                       ;
;   18.805 ;   0.000  ;    ; RE   ; 1      ; BLOCK_INPUT_MUX_X107_Y73_N0_I13    ; LEIM                                                           ;
;   18.802 ;   -0.003 ; FF ; IC   ; 1      ; IOOBUF_X107_Y73_N23                ; HEX0[1]~output|i                                               ;
;   23.084 ;   4.282  ; FF ; CELL ; 1      ; IOOBUF_X107_Y73_N23                ; HEX0[1]~output|o                                               ;
;   23.084 ;   0.000  ; FF ; CELL ; 0      ; PIN_F22                            ; HEX0[1]                                                        ;
+----------+----------+----+------+--------+------------------------------------+----------------------------------------------------------------+


Path #17: Delay is 23.061
===============================================================================
+---------------------+
; Path Summary        ;
+-----------+---------+
; Property  ; Value   ;
+-----------+---------+
; From Node ; SW[10]  ;
; To Node   ; HEX0[1] ;
; Delay     ; 23.061  ;
+-----------+---------+

+-------------------------------------------------------------------------------------+
; Statistics                                                                          ;
+------------------------+--------+-------+-------------+------------+--------+-------+
; Property               ; Value  ; Count ; Total Delay ; % of Total ; Min    ; Max   ;
+------------------------+--------+-------+-------------+------------+--------+-------+
; Data Delay             ; 23.061 ;       ;             ;            ;        ;       ;
; Number of Logic Levels ;        ; 11    ;             ;            ;        ;       ;
; Physical Delays        ;        ;       ;             ;            ;        ;       ;
;  IC                    ;        ; 12    ; -0.004      ; 0          ; -0.003 ; 0.001 ;
;  Cell                  ;        ; 13    ; 8.586       ; 37         ; 0.000  ; 4.282 ;
;  Routing Element       ;        ; 57    ; 14.479      ; 63         ; 0.000  ; 2.663 ;
+------------------------+--------+-------+-------------+------------+--------+-------+
Note: Negative delays are omitted from totals when calculating percentages

+------------------------------------------------------------------------------------------------------------------------------------+
; Data Arrival Path                                                                                                                  ;
+----------+----------+----+------+--------+------------------------------------+----------------------------------------------------+
; Total    ; Incr     ; RF ; Type ; Fanout ; Location                           ; Element                                            ;
+----------+----------+----+------+--------+------------------------------------+----------------------------------------------------+
; 23.061   ; 23.061   ;    ;      ;        ;                                    ; data path                                          ;
;   0.000  ;   0.000  ;    ;      ; 1      ; PIN_AC24                           ; SW[10]                                             ;
;   0.000  ;   0.000  ;    ; RE   ; 1      ; IOPAD_X115_Y4_N14                  ; CUDA_IO_PAD                                        ;
;   0.000  ;   0.000  ; FF ; IC   ; 1      ; IOIBUF_X115_Y4_N15                 ; SW[10]~input|i                                     ;
;   0.776  ;   0.776  ; FF ; CELL ; 16     ; IOIBUF_X115_Y4_N15                 ; SW[10]~input|o                                     ;
;   3.439  ;   2.663  ;    ; RE   ; 1      ; IOIBUF_X115_Y4_N15                 ; CUDA_IO_IBUF                                       ;
;   3.490  ;   0.051  ;    ; RE   ; 1      ; IO_DATAIN_X115_Y4_N2_I0            ; IO_DATAIN                                          ;
;   3.704  ;   0.214  ;    ; RE   ; 2      ; R24_X105_Y4_N0_I0                  ; H_SEG24                                            ;
;   4.060  ;   0.356  ;    ; RE   ; 1      ; C16_X111_Y5_N0_I0                  ; V_SEG16                                            ;
;   4.377  ;   0.317  ;    ; RE   ; 3      ; R4_X108_Y18_N0_I17                 ; H_SEG4                                             ;
;   4.664  ;   0.287  ;    ; RE   ; 1      ; C4_X110_Y14_N0_I12                 ; V_SEG4                                             ;
;   5.090  ;   0.426  ;    ; RE   ; 3      ; LOCAL_INTERCONNECT_X110_Y16_N0_I13 ; LAB_LINE                                           ;
;   5.090  ;   0.000  ; FF ; IC   ; 1      ; LCCOMB_X110_Y16_N6                 ; ula|aritmetica|soma_sub|fa_0|fa_or_carry~0|datab   ;
;   5.515  ;   0.425  ; FF ; CELL ; 2      ; LCCOMB_X110_Y16_N6                 ; ula|aritmetica|soma_sub|fa_0|fa_or_carry~0|combout ;
;   5.531  ;   0.016  ;    ; RE   ; 1      ; LCCOMB_X110_Y16_N6                 ; CUDA_LCELL_COMB                                    ;
;   5.607  ;   0.076  ;    ; RE   ; 1      ; LE_BUFFER_X110_Y16_N0_I7           ; LE_BUFFER                                          ;
;   5.913  ;   0.306  ;    ; RE   ; 2      ; LOCAL_INTERCONNECT_X110_Y16_N0_I31 ; LAB_LINE                                           ;
;   5.913  ;   0.000  ; FF ; IC   ; 1      ; LCCOMB_X110_Y16_N22                ; ula|aritmetica|soma_sub|fa_1|fa_or_carry~0|datac   ;
;   6.194  ;   0.281  ; FF ; CELL ; 2      ; LCCOMB_X110_Y16_N22                ; ula|aritmetica|soma_sub|fa_1|fa_or_carry~0|combout ;
;   6.210  ;   0.016  ;    ; RE   ; 1      ; LCCOMB_X110_Y16_N22                ; CUDA_LCELL_COMB                                    ;
;   6.282  ;   0.072  ;    ; RE   ; 1      ; LE_BUFFER_X110_Y16_N0_I23          ; LE_BUFFER                                          ;
;   6.468  ;   0.186  ;    ; RE   ; 1      ; R4_X107_Y16_N0_I28                 ; H_SEG4                                             ;
;   6.747  ;   0.279  ;    ; RE   ; 1      ; C4_X107_Y17_N0_I8                  ; V_SEG4                                             ;
;   7.195  ;   0.448  ;    ; RE   ; 2      ; LOCAL_INTERCONNECT_X108_Y18_N0_I19 ; LAB_LINE                                           ;
;   7.194  ;   -0.001 ; FF ; IC   ; 1      ; LCCOMB_X108_Y18_N16                ; ula|aritmetica|soma_sub|fa_2|fa_or_carry~0|dataa   ;
;   7.618  ;   0.424  ; FF ; CELL ; 2      ; LCCOMB_X108_Y18_N16                ; ula|aritmetica|soma_sub|fa_2|fa_or_carry~0|combout ;
;   7.637  ;   0.019  ;    ; RE   ; 1      ; LCCOMB_X108_Y18_N16                ; CUDA_LCELL_COMB                                    ;
;   7.906  ;   0.269  ;    ; RE   ; 2      ; LOCAL_LINE_X108_Y18_N0_I8          ; LOCAL_LINE                                         ;
;   7.906  ;   0.000  ; FF ; IC   ; 1      ; LCCOMB_X108_Y18_N24                ; ula|aritmetica|soma_sub|fa_3|fa_xor_pcin|datab     ;
;   8.347  ;   0.441  ; FR ; CELL ; 2      ; LCCOMB_X108_Y18_N24                ; ula|aritmetica|soma_sub|fa_3|fa_xor_pcin|combout   ;
;   8.371  ;   0.024  ;    ; RE   ; 1      ; LCCOMB_X108_Y18_N24                ; CUDA_LCELL_COMB                                    ;
;   8.453  ;   0.082  ;    ; RE   ; 1      ; LE_BUFFER_X108_Y18_N0_I25          ; LE_BUFFER                                          ;
;   8.762  ;   0.309  ;    ; RE   ; 1      ; C4_X108_Y19_N0_I10                 ; V_SEG4                                             ;
;   9.089  ;   0.327  ;    ; RE   ; 2      ; LOCAL_INTERCONNECT_X109_Y22_N0_I37 ; LAB_LINE                                           ;
;   9.090  ;   0.001  ; RR ; IC   ; 1      ; LCCOMB_X109_Y22_N16                ; ula|selecao|sum_bit_5~1|datac                      ;
;   9.357  ;   0.267  ; RF ; CELL ; 2      ; LCCOMB_X109_Y22_N16                ; ula|selecao|sum_bit_5~1|combout                    ;
;   9.373  ;   0.016  ;    ; RE   ; 1      ; LCCOMB_X109_Y22_N16                ; CUDA_LCELL_COMB                                    ;
;   9.451  ;   0.078  ;    ; RE   ; 1      ; LE_BUFFER_X109_Y22_N0_I17          ; LE_BUFFER                                          ;
;   9.637  ;   0.186  ;    ; RE   ; 1      ; R4_X106_Y22_N0_I28                 ; H_SEG4                                             ;
;   9.923  ;   0.286  ;    ; RE   ; 1      ; C4_X107_Y18_N0_I20                 ; V_SEG4                                             ;
;   10.293 ;   0.370  ;    ; RE   ; 2      ; LOCAL_INTERCONNECT_X108_Y18_N0_I36 ; LAB_LINE                                           ;
;   10.293 ;   0.000  ; FF ; IC   ; 1      ; LCCOMB_X108_Y18_N12                ; ula|selecao|sum_bit_4~1|datac                      ;
;   10.573 ;   0.280  ; FF ; CELL ; 1      ; LCCOMB_X108_Y18_N12                ; ula|selecao|sum_bit_4~1|combout                    ;
;   10.592 ;   0.019  ;    ; RE   ; 1      ; LCCOMB_X108_Y18_N12                ; CUDA_LCELL_COMB                                    ;
;   10.856 ;   0.264  ;    ; RE   ; 1      ; LOCAL_LINE_X108_Y18_N0_I6          ; LOCAL_LINE                                         ;
;   10.856 ;   0.000  ; FF ; IC   ; 1      ; LCCOMB_X108_Y18_N22                ; ula|selecao|sum_bit_4~3|dataa                      ;
;   11.280 ;   0.424  ; FF ; CELL ; 11     ; LCCOMB_X108_Y18_N22                ; ula|selecao|sum_bit_4~3|combout                    ;
;   11.296 ;   0.016  ;    ; RE   ; 1      ; LCCOMB_X108_Y18_N22                ; CUDA_LCELL_COMB                                    ;
;   11.377 ;   0.081  ;    ; RE   ; 2      ; LE_BUFFER_X108_Y18_N0_I23          ; LE_BUFFER                                          ;
;   11.631 ;   0.254  ;    ; RE   ; 2      ; C4_X108_Y19_N0_I9                  ; V_SEG4                                             ;
;   11.963 ;   0.332  ;    ; RE   ; 1      ; C4_X108_Y22_N0_I9                  ; V_SEG4                                             ;
;   12.484 ;   0.521  ;    ; RE   ; 5      ; LOCAL_INTERCONNECT_X108_Y23_N0_I14 ; LAB_LINE                                           ;
;   12.483 ;   -0.001 ; FF ; IC   ; 1      ; LCCOMB_X108_Y23_N24                ; display_f|mask_uni_6~3|dataa                       ;
;   12.912 ;   0.429  ; FR ; CELL ; 2      ; LCCOMB_X108_Y23_N24                ; display_f|mask_uni_6~3|combout                     ;
;   12.936 ;   0.024  ;    ; RE   ; 1      ; LCCOMB_X108_Y23_N24                ; CUDA_LCELL_COMB                                    ;
;   13.013 ;   0.077  ;    ; RE   ; 1      ; LE_BUFFER_X108_Y23_N0_I25          ; LE_BUFFER                                          ;
;   13.321 ;   0.308  ;    ; RE   ; 1      ; C4_X108_Y24_N0_I10                 ; V_SEG4                                             ;
;   13.646 ;   0.325  ;    ; RE   ; 2      ; LOCAL_INTERCONNECT_X109_Y26_N0_I37 ; LAB_LINE                                           ;
;   13.646 ;   0.000  ; RR ; IC   ; 1      ; LCCOMB_X109_Y26_N30                ; display_f|mask_uni_6~5|datac                       ;
;   13.933 ;   0.287  ; RR ; CELL ; 3      ; LCCOMB_X109_Y26_N30                ; display_f|mask_uni_6~5|combout                     ;
;   13.960 ;   0.027  ;    ; RE   ; 1      ; LCCOMB_X109_Y26_N30                ; CUDA_LCELL_COMB                                    ;
;   14.153 ;   0.193  ;    ; RE   ; 3      ; LOCAL_LINE_X109_Y26_N0_I15         ; LOCAL_LINE                                         ;
;   14.153 ;   0.000  ; RR ; IC   ; 1      ; LCCOMB_X109_Y26_N24                ; display_f|mask_uni_1~0|datac                       ;
;   14.423 ;   0.270  ; RF ; CELL ; 1      ; LCCOMB_X109_Y26_N24                ; display_f|mask_uni_1~0|combout                     ;
;   14.439 ;   0.016  ;    ; RE   ; 1      ; LCCOMB_X109_Y26_N24                ; CUDA_LCELL_COMB                                    ;
;   14.512 ;   0.073  ;    ; RE   ; 1      ; LE_BUFFER_X109_Y26_N0_I25          ; LE_BUFFER                                          ;
;   14.698 ;   0.186  ;    ; RE   ; 1      ; R4_X106_Y26_N0_I27                 ; H_SEG4                                             ;
;   14.966 ;   0.268  ;    ; RE   ; 1      ; C4_X107_Y27_N0_I8                  ; V_SEG4                                             ;
;   15.279 ;   0.313  ;    ; RE   ; 1      ; C4_X107_Y31_N0_I8                  ; V_SEG4                                             ;
;   15.606 ;   0.327  ;    ; RE   ; 1      ; C4_X107_Y34_N0_I8                  ; V_SEG4                                             ;
;   15.929 ;   0.323  ;    ; RE   ; 1      ; C4_X107_Y38_N0_I8                  ; V_SEG4                                             ;
;   16.246 ;   0.317  ;    ; RE   ; 1      ; C4_X107_Y42_N0_I8                  ; V_SEG4                                             ;
;   16.563 ;   0.317  ;    ; RE   ; 1      ; C4_X107_Y46_N0_I8                  ; V_SEG4                                             ;
;   16.880 ;   0.317  ;    ; RE   ; 1      ; C4_X107_Y50_N0_I8                  ; V_SEG4                                             ;
;   17.197 ;   0.317  ;    ; RE   ; 1      ; C4_X107_Y54_N0_I8                  ; V_SEG4                                             ;
;   17.514 ;   0.317  ;    ; RE   ; 1      ; C4_X107_Y58_N0_I8                  ; V_SEG4                                             ;
;   17.831 ;   0.317  ;    ; RE   ; 1      ; C4_X107_Y62_N0_I8                  ; V_SEG4                                             ;
;   18.148 ;   0.317  ;    ; RE   ; 1      ; C4_X107_Y66_N0_I8                  ; V_SEG4                                             ;
;   18.467 ;   0.319  ;    ; RE   ; 1      ; C4_X107_Y70_N0_I8                  ; V_SEG4                                             ;
;   18.782 ;   0.315  ;    ; RE   ; 1      ; LOCAL_INTERCONNECT_X107_Y73_N0_I5  ; LAB_LINE                                           ;
;   18.782 ;   0.000  ;    ; RE   ; 1      ; BLOCK_INPUT_MUX_X107_Y73_N0_I13    ; LEIM                                               ;
;   18.779 ;   -0.003 ; FF ; IC   ; 1      ; IOOBUF_X107_Y73_N23                ; HEX0[1]~output|i                                   ;
;   23.061 ;   4.282  ; FF ; CELL ; 1      ; IOOBUF_X107_Y73_N23                ; HEX0[1]~output|o                                   ;
;   23.061 ;   0.000  ; FF ; CELL ; 0      ; PIN_F22                            ; HEX0[1]                                            ;
+----------+----------+----+------+--------+------------------------------------+----------------------------------------------------+


Path #18: Delay is 23.034
===============================================================================
+---------------------+
; Path Summary        ;
+-----------+---------+
; Property  ; Value   ;
+-----------+---------+
; From Node ; SW[0]   ;
; To Node   ; HEX0[1] ;
; Delay     ; 23.034  ;
+-----------+---------+

+-------------------------------------------------------------------------------------+
; Statistics                                                                          ;
+------------------------+--------+-------+-------------+------------+--------+-------+
; Property               ; Value  ; Count ; Total Delay ; % of Total ; Min    ; Max   ;
+------------------------+--------+-------+-------------+------------+--------+-------+
; Data Delay             ; 23.034 ;       ;             ;            ;        ;       ;
; Number of Logic Levels ;        ; 11    ;             ;            ;        ;       ;
; Physical Delays        ;        ;       ;             ;            ;        ;       ;
;  IC                    ;        ; 12    ; -0.004      ; 0          ; -0.003 ; 0.001 ;
;  Cell                  ;        ; 13    ; 8.813       ; 38         ; 0.000  ; 4.282 ;
;  Routing Element       ;        ; 56    ; 14.225      ; 62         ; 0.000  ; 2.663 ;
+------------------------+--------+-------+-------------+------------+--------+-------+
Note: Negative delays are omitted from totals when calculating percentages

+------------------------------------------------------------------------------------------------------------------------------------------------+
; Data Arrival Path                                                                                                                              ;
+----------+----------+----+------+--------+------------------------------------+----------------------------------------------------------------+
; Total    ; Incr     ; RF ; Type ; Fanout ; Location                           ; Element                                                        ;
+----------+----------+----+------+--------+------------------------------------+----------------------------------------------------------------+
; 23.034   ; 23.034   ;    ;      ;        ;                                    ; data path                                                      ;
;   0.000  ;   0.000  ;    ;      ; 1      ; PIN_AB28                           ; SW[0]                                                          ;
;   0.000  ;   0.000  ;    ; RE   ; 1      ; IOPAD_X115_Y17_N0                  ; CUDA_IO_PAD                                                    ;
;   0.000  ;   0.000  ; FF ; IC   ; 1      ; IOIBUF_X115_Y17_N1                 ; SW[0]~input|i                                                  ;
;   0.806  ;   0.806  ; FF ; CELL ; 17     ; IOIBUF_X115_Y17_N1                 ; SW[0]~input|o                                                  ;
;   3.469  ;   2.663  ;    ; RE   ; 1      ; IOIBUF_X115_Y17_N1                 ; CUDA_IO_IBUF                                                   ;
;   3.519  ;   0.050  ;    ; RE   ; 1      ; IO_DATAIN_X115_Y17_N0_I0           ; IO_DATAIN                                                      ;
;   3.789  ;   0.270  ;    ; RE   ; 3      ; R24_X94_Y17_N0_I0                  ; H_SEG24                                                        ;
;   4.115  ;   0.326  ;    ; RE   ; 2      ; C4_X108_Y13_N0_I20                 ; V_SEG4                                                         ;
;   4.671  ;   0.556  ;    ; RE   ; 10     ; LOCAL_INTERCONNECT_X108_Y16_N0_I3  ; LAB_LINE                                                       ;
;   4.672  ;   0.001  ; FF ; IC   ; 1      ; LCCOMB_X108_Y16_N24                ; ula|conv_a|fa_1|fa_xor_pcin~0|dataa                            ;
;   5.026  ;   0.354  ; FF ; CELL ; 4      ; LCCOMB_X108_Y16_N24                ; ula|conv_a|fa_1|fa_xor_pcin~0|combout                          ;
;   5.042  ;   0.016  ;    ; RE   ; 1      ; LCCOMB_X108_Y16_N24                ; CUDA_LCELL_COMB                                                ;
;   5.121  ;   0.079  ;    ; RE   ; 2      ; LE_BUFFER_X108_Y16_N0_I25          ; LE_BUFFER                                                      ;
;   5.293  ;   0.172  ;    ; RE   ; 1      ; R4_X109_Y16_N0_I12                 ; H_SEG4                                                         ;
;   5.719  ;   0.426  ;    ; RE   ; 3      ; LOCAL_INTERCONNECT_X110_Y16_N0_I26 ; LAB_LINE                                                       ;
;   5.719  ;   0.000  ; FF ; IC   ; 1      ; LCCOMB_X110_Y16_N22                ; ula|aritmetica|soma_sub|fa_1|fa_or_carry~0|datab               ;
;   6.144  ;   0.425  ; FF ; CELL ; 2      ; LCCOMB_X110_Y16_N22                ; ula|aritmetica|soma_sub|fa_1|fa_or_carry~0|combout             ;
;   6.160  ;   0.016  ;    ; RE   ; 1      ; LCCOMB_X110_Y16_N22                ; CUDA_LCELL_COMB                                                ;
;   6.232  ;   0.072  ;    ; RE   ; 1      ; LE_BUFFER_X110_Y16_N0_I23          ; LE_BUFFER                                                      ;
;   6.418  ;   0.186  ;    ; RE   ; 1      ; R4_X107_Y16_N0_I28                 ; H_SEG4                                                         ;
;   6.697  ;   0.279  ;    ; RE   ; 1      ; C4_X107_Y17_N0_I8                  ; V_SEG4                                                         ;
;   7.145  ;   0.448  ;    ; RE   ; 2      ; LOCAL_INTERCONNECT_X108_Y18_N0_I19 ; LAB_LINE                                                       ;
;   7.144  ;   -0.001 ; FF ; IC   ; 1      ; LCCOMB_X108_Y18_N16                ; ula|aritmetica|soma_sub|fa_2|fa_or_carry~0|dataa               ;
;   7.568  ;   0.424  ; FF ; CELL ; 2      ; LCCOMB_X108_Y18_N16                ; ula|aritmetica|soma_sub|fa_2|fa_or_carry~0|combout             ;
;   7.587  ;   0.019  ;    ; RE   ; 1      ; LCCOMB_X108_Y18_N16                ; CUDA_LCELL_COMB                                                ;
;   7.856  ;   0.269  ;    ; RE   ; 2      ; LOCAL_LINE_X108_Y18_N0_I8          ; LOCAL_LINE                                                     ;
;   7.856  ;   0.000  ; FF ; IC   ; 1      ; LCCOMB_X108_Y18_N24                ; ula|aritmetica|soma_sub|fa_3|fa_xor_pcin|datab                 ;
;   8.297  ;   0.441  ; FR ; CELL ; 2      ; LCCOMB_X108_Y18_N24                ; ula|aritmetica|soma_sub|fa_3|fa_xor_pcin|combout               ;
;   8.321  ;   0.024  ;    ; RE   ; 1      ; LCCOMB_X108_Y18_N24                ; CUDA_LCELL_COMB                                                ;
;   8.403  ;   0.082  ;    ; RE   ; 1      ; LE_BUFFER_X108_Y18_N0_I25          ; LE_BUFFER                                                      ;
;   8.712  ;   0.309  ;    ; RE   ; 1      ; C4_X108_Y19_N0_I10                 ; V_SEG4                                                         ;
;   9.039  ;   0.327  ;    ; RE   ; 2      ; LOCAL_INTERCONNECT_X109_Y22_N0_I37 ; LAB_LINE                                                       ;
;   9.040  ;   0.001  ; RR ; IC   ; 1      ; LCCOMB_X109_Y22_N16                ; ula|selecao|sum_bit_5~1|datac                                  ;
;   9.307  ;   0.267  ; RF ; CELL ; 2      ; LCCOMB_X109_Y22_N16                ; ula|selecao|sum_bit_5~1|combout                                ;
;   9.323  ;   0.016  ;    ; RE   ; 1      ; LCCOMB_X109_Y22_N16                ; CUDA_LCELL_COMB                                                ;
;   9.401  ;   0.078  ;    ; RE   ; 1      ; LE_BUFFER_X109_Y22_N0_I17          ; LE_BUFFER                                                      ;
;   9.587  ;   0.186  ;    ; RE   ; 1      ; R4_X106_Y22_N0_I28                 ; H_SEG4                                                         ;
;   9.873  ;   0.286  ;    ; RE   ; 1      ; C4_X107_Y18_N0_I20                 ; V_SEG4                                                         ;
;   10.243 ;   0.370  ;    ; RE   ; 2      ; LOCAL_INTERCONNECT_X108_Y18_N0_I36 ; LAB_LINE                                                       ;
;   10.243 ;   0.000  ; FF ; IC   ; 1      ; LCCOMB_X108_Y18_N12                ; ula|selecao|sum_bit_4~1|datac                                  ;
;   10.523 ;   0.280  ; FF ; CELL ; 1      ; LCCOMB_X108_Y18_N12                ; ula|selecao|sum_bit_4~1|combout                                ;
;   10.542 ;   0.019  ;    ; RE   ; 1      ; LCCOMB_X108_Y18_N12                ; CUDA_LCELL_COMB                                                ;
;   10.806 ;   0.264  ;    ; RE   ; 1      ; LOCAL_LINE_X108_Y18_N0_I6          ; LOCAL_LINE                                                     ;
;   10.806 ;   0.000  ; FF ; IC   ; 1      ; LCCOMB_X108_Y18_N22                ; ula|selecao|sum_bit_4~3|dataa                                  ;
;   11.230 ;   0.424  ; FF ; CELL ; 11     ; LCCOMB_X108_Y18_N22                ; ula|selecao|sum_bit_4~3|combout                                ;
;   11.246 ;   0.016  ;    ; RE   ; 1      ; LCCOMB_X108_Y18_N22                ; CUDA_LCELL_COMB                                                ;
;   11.327 ;   0.081  ;    ; RE   ; 2      ; LE_BUFFER_X108_Y18_N0_I23          ; LE_BUFFER                                                      ;
;   11.582 ;   0.255  ;    ; RE   ; 2      ; C4_X108_Y19_N0_I9                  ; V_SEG4                                                         ;
;   12.061 ;   0.479  ;    ; RE   ; 5      ; LOCAL_INTERCONNECT_X109_Y22_N0_I26 ; LAB_LINE                                                       ;
;   12.060 ;   -0.001 ; FF ; IC   ; 1      ; LCCOMB_X109_Y22_N18                ; display_f|convert_mag|subtract_tens|fa_3|fa_xor_pcin~0|datab   ;
;   12.483 ;   0.423  ; FR ; CELL ; 5      ; LCCOMB_X109_Y22_N18                ; display_f|convert_mag|subtract_tens|fa_3|fa_xor_pcin~0|combout ;
;   12.521 ;   0.038  ;    ; RE   ; 2      ; LCCOMB_X109_Y22_N18                ; CUDA_LCELL_COMB                                                ;
;   12.612 ;   0.091  ;    ; RE   ; 1      ; LE_BUFFER_X109_Y22_N0_I19          ; LE_BUFFER                                                      ;
;   12.924 ;   0.312  ;    ; RE   ; 2      ; C4_X109_Y23_N0_I7                  ; V_SEG4                                                         ;
;   13.176 ;   0.252  ;    ; RE   ; 1      ; R4_X106_Y26_N0_I28                 ; H_SEG4                                                         ;
;   13.490 ;   0.314  ;    ; RE   ; 1      ; LOCAL_INTERCONNECT_X109_Y26_N0_I36 ; LAB_LINE                                                       ;
;   13.489 ;   -0.001 ; RR ; IC   ; 1      ; LCCOMB_X109_Y26_N30                ; display_f|mask_uni_6~5|dataa                                   ;
;   13.906 ;   0.417  ; RR ; CELL ; 3      ; LCCOMB_X109_Y26_N30                ; display_f|mask_uni_6~5|combout                                 ;
;   13.933 ;   0.027  ;    ; RE   ; 1      ; LCCOMB_X109_Y26_N30                ; CUDA_LCELL_COMB                                                ;
;   14.126 ;   0.193  ;    ; RE   ; 3      ; LOCAL_LINE_X109_Y26_N0_I15         ; LOCAL_LINE                                                     ;
;   14.126 ;   0.000  ; RR ; IC   ; 1      ; LCCOMB_X109_Y26_N24                ; display_f|mask_uni_1~0|datac                                   ;
;   14.396 ;   0.270  ; RF ; CELL ; 1      ; LCCOMB_X109_Y26_N24                ; display_f|mask_uni_1~0|combout                                 ;
;   14.412 ;   0.016  ;    ; RE   ; 1      ; LCCOMB_X109_Y26_N24                ; CUDA_LCELL_COMB                                                ;
;   14.485 ;   0.073  ;    ; RE   ; 1      ; LE_BUFFER_X109_Y26_N0_I25          ; LE_BUFFER                                                      ;
;   14.671 ;   0.186  ;    ; RE   ; 1      ; R4_X106_Y26_N0_I27                 ; H_SEG4                                                         ;
;   14.939 ;   0.268  ;    ; RE   ; 1      ; C4_X107_Y27_N0_I8                  ; V_SEG4                                                         ;
;   15.252 ;   0.313  ;    ; RE   ; 1      ; C4_X107_Y31_N0_I8                  ; V_SEG4                                                         ;
;   15.579 ;   0.327  ;    ; RE   ; 1      ; C4_X107_Y34_N0_I8                  ; V_SEG4                                                         ;
;   15.902 ;   0.323  ;    ; RE   ; 1      ; C4_X107_Y38_N0_I8                  ; V_SEG4                                                         ;
;   16.219 ;   0.317  ;    ; RE   ; 1      ; C4_X107_Y42_N0_I8                  ; V_SEG4                                                         ;
;   16.536 ;   0.317  ;    ; RE   ; 1      ; C4_X107_Y46_N0_I8                  ; V_SEG4                                                         ;
;   16.853 ;   0.317  ;    ; RE   ; 1      ; C4_X107_Y50_N0_I8                  ; V_SEG4                                                         ;
;   17.170 ;   0.317  ;    ; RE   ; 1      ; C4_X107_Y54_N0_I8                  ; V_SEG4                                                         ;
;   17.487 ;   0.317  ;    ; RE   ; 1      ; C4_X107_Y58_N0_I8                  ; V_SEG4                                                         ;
;   17.804 ;   0.317  ;    ; RE   ; 1      ; C4_X107_Y62_N0_I8                  ; V_SEG4                                                         ;
;   18.121 ;   0.317  ;    ; RE   ; 1      ; C4_X107_Y66_N0_I8                  ; V_SEG4                                                         ;
;   18.440 ;   0.319  ;    ; RE   ; 1      ; C4_X107_Y70_N0_I8                  ; V_SEG4                                                         ;
;   18.755 ;   0.315  ;    ; RE   ; 1      ; LOCAL_INTERCONNECT_X107_Y73_N0_I5  ; LAB_LINE                                                       ;
;   18.755 ;   0.000  ;    ; RE   ; 1      ; BLOCK_INPUT_MUX_X107_Y73_N0_I13    ; LEIM                                                           ;
;   18.752 ;   -0.003 ; FF ; IC   ; 1      ; IOOBUF_X107_Y73_N23                ; HEX0[1]~output|i                                               ;
;   23.034 ;   4.282  ; FF ; CELL ; 1      ; IOOBUF_X107_Y73_N23                ; HEX0[1]~output|o                                               ;
;   23.034 ;   0.000  ; FF ; CELL ; 0      ; PIN_F22                            ; HEX0[1]                                                        ;
+----------+----------+----+------+--------+------------------------------------+----------------------------------------------------------------+


Path #19: Delay is 23.032
===============================================================================
+---------------------+
; Path Summary        ;
+-----------+---------+
; Property  ; Value   ;
+-----------+---------+
; From Node ; SW[5]   ;
; To Node   ; HEX0[5] ;
; Delay     ; 23.032  ;
+-----------+---------+

+-------------------------------------------------------------------------------------+
; Statistics                                                                          ;
+------------------------+--------+-------+-------------+------------+--------+-------+
; Property               ; Value  ; Count ; Total Delay ; % of Total ; Min    ; Max   ;
+------------------------+--------+-------+-------------+------------+--------+-------+
; Data Delay             ; 23.032 ;       ;             ;            ;        ;       ;
; Number of Logic Levels ;        ; 11    ;             ;            ;        ;       ;
; Physical Delays        ;        ;       ;             ;            ;        ;       ;
;  IC                    ;        ; 12    ; 0.002       ; 0          ; -0.001 ; 0.002 ;
;  Cell                  ;        ; 13    ; 8.526       ; 37         ; 0.000  ; 4.130 ;
;  Routing Element       ;        ; 56    ; 14.504      ; 63         ; 0.000  ; 2.663 ;
+------------------------+--------+-------+-------------+------------+--------+-------+
Note: Negative delays are omitted from totals when calculating percentages

+----------------------------------------------------------------------------------------------------------------------------------------------+
; Data Arrival Path                                                                                                                            ;
+----------+----------+----+------+--------+------------------------------------+--------------------------------------------------------------+
; Total    ; Incr     ; RF ; Type ; Fanout ; Location                           ; Element                                                      ;
+----------+----------+----+------+--------+------------------------------------+--------------------------------------------------------------+
; 23.032   ; 23.032   ;    ;      ;        ;                                    ; data path                                                    ;
;   0.000  ;   0.000  ;    ;      ; 1      ; PIN_AC26                           ; SW[5]                                                        ;
;   0.000  ;   0.000  ;    ; RE   ; 1      ; IOPAD_X115_Y11_N7                  ; CUDA_IO_PAD                                                  ;
;   0.000  ;   0.000  ; FF ; IC   ; 1      ; IOIBUF_X115_Y11_N8                 ; SW[5]~input|i                                                ;
;   0.796  ;   0.796  ; FF ; CELL ; 19     ; IOIBUF_X115_Y11_N8                 ; SW[5]~input|o                                                ;
;   3.459  ;   2.663  ;    ; RE   ; 1      ; IOIBUF_X115_Y11_N8                 ; CUDA_IO_IBUF                                                 ;
;   3.505  ;   0.046  ;    ; RE   ; 1      ; IO_DATAIN_X115_Y11_N1_I0           ; IO_DATAIN                                                    ;
;   3.716  ;   0.211  ;    ; RE   ; 1      ; R24_X105_Y11_N0_I0                 ; H_SEG24                                                      ;
;   4.065  ;   0.349  ;    ; RE   ; 2      ; C16_X104_Y12_N0_I0                 ; V_SEG16                                                      ;
;   4.370  ;   0.305  ;    ; RE   ; 1      ; R4_X105_Y22_N0_I4                  ; H_SEG4                                                       ;
;   4.588  ;   0.218  ;    ; RE   ; 4      ; R4_X108_Y22_N0_I7                  ; H_SEG4                                                       ;
;   4.893  ;   0.305  ;    ; RE   ; 1      ; C4_X109_Y18_N0_I17                 ; V_SEG4                                                       ;
;   5.204  ;   0.311  ;    ; RE   ; 1      ; C4_X109_Y15_N0_I17                 ; V_SEG4                                                       ;
;   5.783  ;   0.579  ;    ; RE   ; 13     ; LOCAL_INTERCONNECT_X110_Y16_N0_I33 ; LAB_LINE                                                     ;
;   5.785  ;   0.002  ; FF ; IC   ; 1      ; LCCOMB_X110_Y16_N12                ; ula|conv_b|fa_1|fa_xor_pcin~0|dataa                          ;
;   6.139  ;   0.354  ; FF ; CELL ; 4      ; LCCOMB_X110_Y16_N12                ; ula|conv_b|fa_1|fa_xor_pcin~0|combout                        ;
;   6.172  ;   0.033  ;    ; RE   ; 2      ; LCCOMB_X110_Y16_N12                ; CUDA_LCELL_COMB                                              ;
;   6.474  ;   0.302  ;    ; RE   ; 3      ; LOCAL_LINE_X110_Y16_N0_I6          ; LOCAL_LINE                                                   ;
;   6.474  ;   0.000  ; FF ; IC   ; 1      ; LCCOMB_X110_Y16_N22                ; ula|aritmetica|soma_sub|fa_1|fa_or_carry~0|dataa             ;
;   6.898  ;   0.424  ; FF ; CELL ; 2      ; LCCOMB_X110_Y16_N22                ; ula|aritmetica|soma_sub|fa_1|fa_or_carry~0|combout           ;
;   6.914  ;   0.016  ;    ; RE   ; 1      ; LCCOMB_X110_Y16_N22                ; CUDA_LCELL_COMB                                              ;
;   6.986  ;   0.072  ;    ; RE   ; 1      ; LE_BUFFER_X110_Y16_N0_I23          ; LE_BUFFER                                                    ;
;   7.172  ;   0.186  ;    ; RE   ; 1      ; R4_X107_Y16_N0_I28                 ; H_SEG4                                                       ;
;   7.451  ;   0.279  ;    ; RE   ; 1      ; C4_X107_Y17_N0_I8                  ; V_SEG4                                                       ;
;   7.899  ;   0.448  ;    ; RE   ; 2      ; LOCAL_INTERCONNECT_X108_Y18_N0_I19 ; LAB_LINE                                                     ;
;   7.898  ;   -0.001 ; FF ; IC   ; 1      ; LCCOMB_X108_Y18_N16                ; ula|aritmetica|soma_sub|fa_2|fa_or_carry~0|dataa             ;
;   8.322  ;   0.424  ; FF ; CELL ; 2      ; LCCOMB_X108_Y18_N16                ; ula|aritmetica|soma_sub|fa_2|fa_or_carry~0|combout           ;
;   8.341  ;   0.019  ;    ; RE   ; 1      ; LCCOMB_X108_Y18_N16                ; CUDA_LCELL_COMB                                              ;
;   8.610  ;   0.269  ;    ; RE   ; 2      ; LOCAL_LINE_X108_Y18_N0_I8          ; LOCAL_LINE                                                   ;
;   8.610  ;   0.000  ; FF ; IC   ; 1      ; LCCOMB_X108_Y18_N24                ; ula|aritmetica|soma_sub|fa_3|fa_xor_pcin|datab               ;
;   9.051  ;   0.441  ; FR ; CELL ; 2      ; LCCOMB_X108_Y18_N24                ; ula|aritmetica|soma_sub|fa_3|fa_xor_pcin|combout             ;
;   9.075  ;   0.024  ;    ; RE   ; 1      ; LCCOMB_X108_Y18_N24                ; CUDA_LCELL_COMB                                              ;
;   9.157  ;   0.082  ;    ; RE   ; 1      ; LE_BUFFER_X108_Y18_N0_I25          ; LE_BUFFER                                                    ;
;   9.466  ;   0.309  ;    ; RE   ; 1      ; C4_X108_Y19_N0_I10                 ; V_SEG4                                                       ;
;   9.793  ;   0.327  ;    ; RE   ; 2      ; LOCAL_INTERCONNECT_X109_Y22_N0_I37 ; LAB_LINE                                                     ;
;   9.794  ;   0.001  ; RR ; IC   ; 1      ; LCCOMB_X109_Y22_N16                ; ula|selecao|sum_bit_5~1|datac                                ;
;   10.061 ;   0.267  ; RF ; CELL ; 2      ; LCCOMB_X109_Y22_N16                ; ula|selecao|sum_bit_5~1|combout                              ;
;   10.077 ;   0.016  ;    ; RE   ; 1      ; LCCOMB_X109_Y22_N16                ; CUDA_LCELL_COMB                                              ;
;   10.155 ;   0.078  ;    ; RE   ; 1      ; LE_BUFFER_X109_Y22_N0_I17          ; LE_BUFFER                                                    ;
;   10.341 ;   0.186  ;    ; RE   ; 1      ; R4_X106_Y22_N0_I28                 ; H_SEG4                                                       ;
;   10.627 ;   0.286  ;    ; RE   ; 1      ; C4_X107_Y18_N0_I20                 ; V_SEG4                                                       ;
;   10.997 ;   0.370  ;    ; RE   ; 2      ; LOCAL_INTERCONNECT_X108_Y18_N0_I36 ; LAB_LINE                                                     ;
;   10.997 ;   0.000  ; FF ; IC   ; 1      ; LCCOMB_X108_Y18_N12                ; ula|selecao|sum_bit_4~1|datac                                ;
;   11.277 ;   0.280  ; FF ; CELL ; 1      ; LCCOMB_X108_Y18_N12                ; ula|selecao|sum_bit_4~1|combout                              ;
;   11.296 ;   0.019  ;    ; RE   ; 1      ; LCCOMB_X108_Y18_N12                ; CUDA_LCELL_COMB                                              ;
;   11.560 ;   0.264  ;    ; RE   ; 1      ; LOCAL_LINE_X108_Y18_N0_I6          ; LOCAL_LINE                                                   ;
;   11.560 ;   0.000  ; FF ; IC   ; 1      ; LCCOMB_X108_Y18_N22                ; ula|selecao|sum_bit_4~3|dataa                                ;
;   11.984 ;   0.424  ; FF ; CELL ; 11     ; LCCOMB_X108_Y18_N22                ; ula|selecao|sum_bit_4~3|combout                              ;
;   12.000 ;   0.016  ;    ; RE   ; 1      ; LCCOMB_X108_Y18_N22                ; CUDA_LCELL_COMB                                              ;
;   12.081 ;   0.081  ;    ; RE   ; 2      ; LE_BUFFER_X108_Y18_N0_I23          ; LE_BUFFER                                                    ;
;   12.336 ;   0.255  ;    ; RE   ; 2      ; C4_X108_Y19_N0_I9                  ; V_SEG4                                                       ;
;   12.819 ;   0.483  ;    ; RE   ; 5      ; LOCAL_INTERCONNECT_X109_Y22_N0_I26 ; LAB_LINE                                                     ;
;   12.818 ;   -0.001 ; FF ; IC   ; 1      ; LCCOMB_X109_Y22_N4                 ; display_f|convert_mag|subtract_tens|fa_2|fa_xor_pcin|datab   ;
;   13.243 ;   0.425  ; FF ; CELL ; 7      ; LCCOMB_X109_Y22_N4                 ; display_f|convert_mag|subtract_tens|fa_2|fa_xor_pcin|combout ;
;   13.271 ;   0.028  ;    ; RE   ; 2      ; LCCOMB_X109_Y22_N4                 ; CUDA_LCELL_COMB                                              ;
;   13.350 ;   0.079  ;    ; RE   ; 1      ; LE_BUFFER_X109_Y22_N0_I4           ; LE_BUFFER                                                    ;
;   13.598 ;   0.248  ;    ; RE   ; 1      ; C4_X109_Y23_N0_I1                  ; V_SEG4                                                       ;
;   14.070 ;   0.472  ;    ; RE   ; 6      ; LOCAL_INTERCONNECT_X109_Y26_N0_I1  ; LAB_LINE                                                     ;
;   14.070 ;   0.000  ; FF ; IC   ; 1      ; LCCOMB_X109_Y26_N6                 ; display_f|mask_uni_5~0|dataa                                 ;
;   14.476 ;   0.406  ; FR ; CELL ; 1      ; LCCOMB_X109_Y26_N6                 ; display_f|mask_uni_5~0|combout                               ;
;   14.503 ;   0.027  ;    ; RE   ; 1      ; LCCOMB_X109_Y26_N6                 ; CUDA_LCELL_COMB                                              ;
;   14.682 ;   0.179  ;    ; RE   ; 1      ; LOCAL_LINE_X109_Y26_N0_I3          ; LOCAL_LINE                                                   ;
;   14.682 ;   0.000  ; RR ; IC   ; 1      ; LCCOMB_X109_Y26_N0                 ; display_f|mask_uni_5~1|datad                                 ;
;   14.837 ;   0.155  ; RR ; CELL ; 1      ; LCCOMB_X109_Y26_N0                 ; display_f|mask_uni_5~1|combout                               ;
;   14.861 ;   0.024  ;    ; RE   ; 1      ; LCCOMB_X109_Y26_N0                 ; CUDA_LCELL_COMB                                              ;
;   14.943 ;   0.082  ;    ; RE   ; 1      ; LE_BUFFER_X109_Y26_N0_I1           ; LE_BUFFER                                                    ;
;   15.153 ;   0.210  ;    ; RE   ; 1      ; R4_X109_Y27_N0_I15                 ; H_SEG4                                                       ;
;   15.349 ;   0.196  ;    ; RE   ; 1      ; R4_X113_Y27_N0_I15                 ; H_SEG4                                                       ;
;   15.688 ;   0.339  ;    ; RE   ; 1      ; C4_X114_Y28_N0_I11                 ; V_SEG4                                                       ;
;   16.009 ;   0.321  ;    ; RE   ; 1      ; C4_X114_Y32_N0_I11                 ; V_SEG4                                                       ;
;   16.345 ;   0.336  ;    ; RE   ; 1      ; C4_X114_Y36_N0_I11                 ; V_SEG4                                                       ;
;   16.667 ;   0.322  ;    ; RE   ; 1      ; C4_X114_Y40_N0_I11                 ; V_SEG4                                                       ;
;   16.988 ;   0.321  ;    ; RE   ; 1      ; C4_X114_Y44_N0_I11                 ; V_SEG4                                                       ;
;   17.309 ;   0.321  ;    ; RE   ; 1      ; C4_X114_Y48_N0_I11                 ; V_SEG4                                                       ;
;   17.630 ;   0.321  ;    ; RE   ; 1      ; C4_X114_Y52_N0_I11                 ; V_SEG4                                                       ;
;   17.951 ;   0.321  ;    ; RE   ; 1      ; C4_X114_Y56_N0_I11                 ; V_SEG4                                                       ;
;   18.272 ;   0.321  ;    ; RE   ; 1      ; C4_X114_Y60_N0_I11                 ; V_SEG4                                                       ;
;   18.594 ;   0.322  ;    ; RE   ; 1      ; C4_X114_Y64_N0_I11                 ; V_SEG4                                                       ;
;   18.901 ;   0.307  ;    ; RE   ; 1      ; LOCAL_INTERCONNECT_X115_Y67_N0_I40 ; LAB_LINE                                                     ;
;   18.901 ;   0.000  ;    ; RE   ; 1      ; BLOCK_INPUT_MUX_X115_Y67_N0_I21    ; LEIM                                                         ;
;   18.902 ;   0.001  ; RR ; IC   ; 1      ; IOOBUF_X115_Y67_N16                ; HEX0[5]~output|i                                             ;
;   23.032 ;   4.130  ; RR ; CELL ; 1      ; IOOBUF_X115_Y67_N16                ; HEX0[5]~output|o                                             ;
;   23.032 ;   0.000  ; RR ; CELL ; 0      ; PIN_J22                            ; HEX0[5]                                                      ;
+----------+----------+----+------+--------+------------------------------------+--------------------------------------------------------------+


Path #20: Delay is 23.014
===============================================================================
+---------------------+
; Path Summary        ;
+-----------+---------+
; Property  ; Value   ;
+-----------+---------+
; From Node ; SW[0]   ;
; To Node   ; HEX0[1] ;
; Delay     ; 23.014  ;
+-----------+---------+

+-------------------------------------------------------------------------------------+
; Statistics                                                                          ;
+------------------------+--------+-------+-------------+------------+--------+-------+
; Property               ; Value  ; Count ; Total Delay ; % of Total ; Min    ; Max   ;
+------------------------+--------+-------+-------------+------------+--------+-------+
; Data Delay             ; 23.014 ;       ;             ;            ;        ;       ;
; Number of Logic Levels ;        ; 11    ;             ;            ;        ;       ;
; Physical Delays        ;        ;       ;             ;            ;        ;       ;
;  IC                    ;        ; 12    ; 0.004       ; 0          ; -0.001 ; 0.003 ;
;  Cell                  ;        ; 13    ; 8.589       ; 37         ; 0.000  ; 4.220 ;
;  Routing Element       ;        ; 56    ; 14.421      ; 63         ; 0.000  ; 2.663 ;
+------------------------+--------+-------+-------------+------------+--------+-------+
Note: Negative delays are omitted from totals when calculating percentages

+------------------------------------------------------------------------------------------------------------------------------------+
; Data Arrival Path                                                                                                                  ;
+----------+----------+----+------+--------+------------------------------------+----------------------------------------------------+
; Total    ; Incr     ; RF ; Type ; Fanout ; Location                           ; Element                                            ;
+----------+----------+----+------+--------+------------------------------------+----------------------------------------------------+
; 23.014   ; 23.014   ;    ;      ;        ;                                    ; data path                                          ;
;   0.000  ;   0.000  ;    ;      ; 1      ; PIN_AB28                           ; SW[0]                                              ;
;   0.000  ;   0.000  ;    ; RE   ; 1      ; IOPAD_X115_Y17_N0                  ; CUDA_IO_PAD                                        ;
;   0.000  ;   0.000  ; FF ; IC   ; 1      ; IOIBUF_X115_Y17_N1                 ; SW[0]~input|i                                      ;
;   0.806  ;   0.806  ; FF ; CELL ; 17     ; IOIBUF_X115_Y17_N1                 ; SW[0]~input|o                                      ;
;   3.469  ;   2.663  ;    ; RE   ; 1      ; IOIBUF_X115_Y17_N1                 ; CUDA_IO_IBUF                                       ;
;   3.519  ;   0.050  ;    ; RE   ; 1      ; IO_DATAIN_X115_Y17_N0_I0           ; IO_DATAIN                                          ;
;   3.789  ;   0.270  ;    ; RE   ; 3      ; R24_X94_Y17_N0_I0                  ; H_SEG24                                            ;
;   4.115  ;   0.326  ;    ; RE   ; 2      ; C4_X108_Y13_N0_I20                 ; V_SEG4                                             ;
;   4.671  ;   0.556  ;    ; RE   ; 10     ; LOCAL_INTERCONNECT_X108_Y16_N0_I3  ; LAB_LINE                                           ;
;   4.672  ;   0.001  ; FF ; IC   ; 1      ; LCCOMB_X108_Y16_N24                ; ula|conv_a|fa_1|fa_xor_pcin~0|dataa                ;
;   5.047  ;   0.375  ; FR ; CELL ; 4      ; LCCOMB_X108_Y16_N24                ; ula|conv_a|fa_1|fa_xor_pcin~0|combout              ;
;   5.071  ;   0.024  ;    ; RE   ; 1      ; LCCOMB_X108_Y16_N24                ; CUDA_LCELL_COMB                                    ;
;   5.153  ;   0.082  ;    ; RE   ; 2      ; LE_BUFFER_X108_Y16_N0_I25          ; LE_BUFFER                                          ;
;   5.360  ;   0.207  ;    ; RE   ; 1      ; R4_X109_Y16_N0_I12                 ; H_SEG4                                             ;
;   5.759  ;   0.399  ;    ; RE   ; 3      ; LOCAL_INTERCONNECT_X110_Y16_N0_I26 ; LAB_LINE                                           ;
;   5.759  ;   0.000  ; RR ; IC   ; 1      ; LCCOMB_X110_Y16_N22                ; ula|aritmetica|soma_sub|fa_1|fa_or_carry~0|datab   ;
;   6.161  ;   0.402  ; RR ; CELL ; 2      ; LCCOMB_X110_Y16_N22                ; ula|aritmetica|soma_sub|fa_1|fa_or_carry~0|combout ;
;   6.185  ;   0.024  ;    ; RE   ; 1      ; LCCOMB_X110_Y16_N22                ; CUDA_LCELL_COMB                                    ;
;   6.261  ;   0.076  ;    ; RE   ; 1      ; LE_BUFFER_X110_Y16_N0_I23          ; LE_BUFFER                                          ;
;   6.477  ;   0.216  ;    ; RE   ; 1      ; R4_X107_Y16_N0_I28                 ; H_SEG4                                             ;
;   6.810  ;   0.333  ;    ; RE   ; 1      ; C4_X107_Y17_N0_I8                  ; V_SEG4                                             ;
;   7.183  ;   0.373  ;    ; RE   ; 2      ; LOCAL_INTERCONNECT_X108_Y18_N0_I19 ; LAB_LINE                                           ;
;   7.184  ;   0.001  ; RR ; IC   ; 1      ; LCCOMB_X108_Y18_N16                ; ula|aritmetica|soma_sub|fa_2|fa_or_carry~0|dataa   ;
;   7.584  ;   0.400  ; RR ; CELL ; 2      ; LCCOMB_X108_Y18_N16                ; ula|aritmetica|soma_sub|fa_2|fa_or_carry~0|combout ;
;   7.611  ;   0.027  ;    ; RE   ; 1      ; LCCOMB_X108_Y18_N16                ; CUDA_LCELL_COMB                                    ;
;   7.832  ;   0.221  ;    ; RE   ; 2      ; LOCAL_LINE_X108_Y18_N0_I8          ; LOCAL_LINE                                         ;
;   7.832  ;   0.000  ; RR ; IC   ; 1      ; LCCOMB_X108_Y18_N24                ; ula|aritmetica|soma_sub|fa_3|fa_xor_pcin|datab     ;
;   8.275  ;   0.443  ; RF ; CELL ; 2      ; LCCOMB_X108_Y18_N24                ; ula|aritmetica|soma_sub|fa_3|fa_xor_pcin|combout   ;
;   8.291  ;   0.016  ;    ; RE   ; 1      ; LCCOMB_X108_Y18_N24                ; CUDA_LCELL_COMB                                    ;
;   8.371  ;   0.080  ;    ; RE   ; 1      ; LE_BUFFER_X108_Y18_N0_I25          ; LE_BUFFER                                          ;
;   8.620  ;   0.249  ;    ; RE   ; 1      ; C4_X108_Y19_N0_I10                 ; V_SEG4                                             ;
;   9.019  ;   0.399  ;    ; RE   ; 2      ; LOCAL_INTERCONNECT_X109_Y22_N0_I37 ; LAB_LINE                                           ;
;   9.019  ;   0.000  ; FF ; IC   ; 1      ; LCCOMB_X109_Y22_N16                ; ula|selecao|sum_bit_5~1|datac                      ;
;   9.280  ;   0.261  ; FR ; CELL ; 2      ; LCCOMB_X109_Y22_N16                ; ula|selecao|sum_bit_5~1|combout                    ;
;   9.304  ;   0.024  ;    ; RE   ; 1      ; LCCOMB_X109_Y22_N16                ; CUDA_LCELL_COMB                                    ;
;   9.386  ;   0.082  ;    ; RE   ; 1      ; LE_BUFFER_X109_Y22_N0_I17          ; LE_BUFFER                                          ;
;   9.601  ;   0.215  ;    ; RE   ; 1      ; R4_X106_Y22_N0_I28                 ; H_SEG4                                             ;
;   9.942  ;   0.341  ;    ; RE   ; 1      ; C4_X107_Y18_N0_I20                 ; V_SEG4                                             ;
;   10.239 ;   0.297  ;    ; RE   ; 2      ; LOCAL_INTERCONNECT_X108_Y18_N0_I36 ; LAB_LINE                                           ;
;   10.239 ;   0.000  ; RR ; IC   ; 1      ; LCCOMB_X108_Y18_N12                ; ula|selecao|sum_bit_4~1|datac                      ;
;   10.526 ;   0.287  ; RR ; CELL ; 1      ; LCCOMB_X108_Y18_N12                ; ula|selecao|sum_bit_4~1|combout                    ;
;   10.553 ;   0.027  ;    ; RE   ; 1      ; LCCOMB_X108_Y18_N12                ; CUDA_LCELL_COMB                                    ;
;   10.767 ;   0.214  ;    ; RE   ; 1      ; LOCAL_LINE_X108_Y18_N0_I6          ; LOCAL_LINE                                         ;
;   10.767 ;   0.000  ; RR ; IC   ; 1      ; LCCOMB_X108_Y18_N22                ; ula|selecao|sum_bit_4~3|dataa                      ;
;   11.184 ;   0.417  ; RR ; CELL ; 11     ; LCCOMB_X108_Y18_N22                ; ula|selecao|sum_bit_4~3|combout                    ;
;   11.208 ;   0.024  ;    ; RE   ; 1      ; LCCOMB_X108_Y18_N22                ; CUDA_LCELL_COMB                                    ;
;   11.291 ;   0.083  ;    ; RE   ; 2      ; LE_BUFFER_X108_Y18_N0_I23          ; LE_BUFFER                                          ;
;   11.604 ;   0.313  ;    ; RE   ; 2      ; C4_X108_Y19_N0_I9                  ; V_SEG4                                             ;
;   11.940 ;   0.336  ;    ; RE   ; 1      ; C4_X108_Y22_N0_I9                  ; V_SEG4                                             ;
;   12.374 ;   0.434  ;    ; RE   ; 5      ; LOCAL_INTERCONNECT_X108_Y23_N0_I14 ; LAB_LINE                                           ;
;   12.373 ;   -0.001 ; RR ; IC   ; 1      ; LCCOMB_X108_Y23_N24                ; display_f|mask_uni_6~3|dataa                       ;
;   12.810 ;   0.437  ; RF ; CELL ; 2      ; LCCOMB_X108_Y23_N24                ; display_f|mask_uni_6~3|combout                     ;
;   12.826 ;   0.016  ;    ; RE   ; 1      ; LCCOMB_X108_Y23_N24                ; CUDA_LCELL_COMB                                    ;
;   12.900 ;   0.074  ;    ; RE   ; 1      ; LE_BUFFER_X108_Y23_N0_I25          ; LE_BUFFER                                          ;
;   13.146 ;   0.246  ;    ; RE   ; 1      ; C4_X108_Y24_N0_I10                 ; V_SEG4                                             ;
;   13.541 ;   0.395  ;    ; RE   ; 2      ; LOCAL_INTERCONNECT_X109_Y26_N0_I37 ; LAB_LINE                                           ;
;   13.541 ;   0.000  ; FF ; IC   ; 1      ; LCCOMB_X109_Y26_N30                ; display_f|mask_uni_6~5|datac                       ;
;   13.821 ;   0.280  ; FF ; CELL ; 3      ; LCCOMB_X109_Y26_N30                ; display_f|mask_uni_6~5|combout                     ;
;   13.840 ;   0.019  ;    ; RE   ; 1      ; LCCOMB_X109_Y26_N30                ; CUDA_LCELL_COMB                                    ;
;   14.081 ;   0.241  ;    ; RE   ; 3      ; LOCAL_LINE_X109_Y26_N0_I15         ; LOCAL_LINE                                         ;
;   14.081 ;   0.000  ; FF ; IC   ; 1      ; LCCOMB_X109_Y26_N24                ; display_f|mask_uni_1~0|datac                       ;
;   14.342 ;   0.261  ; FR ; CELL ; 1      ; LCCOMB_X109_Y26_N24                ; display_f|mask_uni_1~0|combout                     ;
;   14.366 ;   0.024  ;    ; RE   ; 1      ; LCCOMB_X109_Y26_N24                ; CUDA_LCELL_COMB                                    ;
;   14.443 ;   0.077  ;    ; RE   ; 1      ; LE_BUFFER_X109_Y26_N0_I25          ; LE_BUFFER                                          ;
;   14.662 ;   0.219  ;    ; RE   ; 1      ; R4_X106_Y26_N0_I27                 ; H_SEG4                                             ;
;   14.973 ;   0.311  ;    ; RE   ; 1      ; C4_X107_Y27_N0_I8                  ; V_SEG4                                             ;
;   15.292 ;   0.319  ;    ; RE   ; 1      ; C4_X107_Y31_N0_I8                  ; V_SEG4                                             ;
;   15.628 ;   0.336  ;    ; RE   ; 1      ; C4_X107_Y34_N0_I8                  ; V_SEG4                                             ;
;   15.951 ;   0.323  ;    ; RE   ; 1      ; C4_X107_Y38_N0_I8                  ; V_SEG4                                             ;
;   16.273 ;   0.322  ;    ; RE   ; 1      ; C4_X107_Y42_N0_I8                  ; V_SEG4                                             ;
;   16.595 ;   0.322  ;    ; RE   ; 1      ; C4_X107_Y46_N0_I8                  ; V_SEG4                                             ;
;   16.917 ;   0.322  ;    ; RE   ; 1      ; C4_X107_Y50_N0_I8                  ; V_SEG4                                             ;
;   17.239 ;   0.322  ;    ; RE   ; 1      ; C4_X107_Y54_N0_I8                  ; V_SEG4                                             ;
;   17.561 ;   0.322  ;    ; RE   ; 1      ; C4_X107_Y58_N0_I8                  ; V_SEG4                                             ;
;   17.883 ;   0.322  ;    ; RE   ; 1      ; C4_X107_Y62_N0_I8                  ; V_SEG4                                             ;
;   18.205 ;   0.322  ;    ; RE   ; 1      ; C4_X107_Y66_N0_I8                  ; V_SEG4                                             ;
;   18.533 ;   0.328  ;    ; RE   ; 1      ; C4_X107_Y70_N0_I8                  ; V_SEG4                                             ;
;   18.791 ;   0.258  ;    ; RE   ; 1      ; LOCAL_INTERCONNECT_X107_Y73_N0_I5  ; LAB_LINE                                           ;
;   18.791 ;   0.000  ;    ; RE   ; 1      ; BLOCK_INPUT_MUX_X107_Y73_N0_I13    ; LEIM                                               ;
;   18.794 ;   0.003  ; RR ; IC   ; 1      ; IOOBUF_X107_Y73_N23                ; HEX0[1]~output|i                                   ;
;   23.014 ;   4.220  ; RR ; CELL ; 1      ; IOOBUF_X107_Y73_N23                ; HEX0[1]~output|o                                   ;
;   23.014 ;   0.000  ; RR ; CELL ; 0      ; PIN_F22                            ; HEX0[1]                                            ;
+----------+----------+----+------+--------+------------------------------------+----------------------------------------------------+


